Mã sản phẩm,Mã biến thể,Phương pháp bổ sung
DPTCC,DPTCC050-6B3HN,Sản xuất
DPTCC,DPTCC050-5B3HN,Sản xuất
DPTCC,DPTCC050-4B3HN,Sản xuất
DPTCC,DPTCC050-3B3HN,Sản xuất
DPTCC,DPTCC050-6B3HT,Sản xuất
DPTCC,DPTCC050-5B3HT,Sản xuất
DPTCC,DPTCC050-4B3HT,Sản xuất
DPTCC,DPTCC050-3B3HT,Sản xuất
DPTCC,DPTCC050-6B3HD,Sản xuất
DPTCC,DPTCC050-5B3HD,Sản xuất
DPTCC,DPTCC050-4B3HD,Sản xuất
DPTCC,DPTCC050-3B3HD,Sản xuất
DPTCC,DPTCC050-6B3DN,Sản xuất
DPTCC,DPTCC050-5B3DN,Sản xuất
DPTCC,DPTCC050-4B3DN,Sản xuất
DPTCC,DPTCC050-3B3DN,Sản xuất
DPTCC,DPTCC050-6B3DT,Sản xuất
DPTCC,DPTCC050-5B3DT,Sản xuất
DPTCC,DPTCC050-4B3DT,Sản xuất
DPTCC,DPTCC050-3B3DT,Sản xuất
DPTCC,DPTCC050-6B3PT,Sản xuất
DPTCC,DPTCC050-5B3PT,Sản xuất
DPTCC,DPTCC050-4B3PT,Sản xuất
DPTCC,DPTCC050-3B3PT,Sản xuất
DPTCC,DPTCC050-6B3PD,Sản xuất
DPTCC,DPTCC050-5B3PD,Sản xuất
DPTCC,DPTCC050-4B3PD,Sản xuất
DPTCC,DPTCC050-3B3PD,Sản xuất
DPTCC,DPTCC050-6B3MT,Sản xuất
DPTCC,DPTCC050-5B3MT,Sản xuất
DPTCC,DPTCC050-4B3MT,Sản xuất
DPTCC,DPTCC050-3B3MT,Sản xuất
DPTCC,DPTCC050-6B3ID,Sản xuất
DPTCC,DPTCC050-5B3ID,Sản xuất
DPTCC,DPTCC050-4B3ID,Sản xuất
DPTCC,DPTCC050-3B3ID,Sản xuất
DPTCC,DPTCC050-6B3SL,Sản xuất
DPTCC,DPTCC050-5B3SL,Sản xuất
DPTCC,DPTCC050-4B3SL,Sản xuất
DPTCC,DPTCC050-3B3SL,Sản xuất
DPTCC,DPTCC050-6P3HN,Sản xuất
DPTCC,DPTCC050-5P3HN,Sản xuất
DPTCC,DPTCC050-4P3HN,Sản xuất
DPTCC,DPTCC050-3P3HN,Sản xuất
DPTCC,DPTCC050-6P3HT,Sản xuất
DPTCC,DPTCC050-5P3HT,Sản xuất
DPTCC,DPTCC050-4P3HT,Sản xuất
DPTCC,DPTCC050-3P3HT,Sản xuất
DPTCC,DPTCC050-6P3HD,Sản xuất
DPTCC,DPTCC050-5P3HD,Sản xuất
DPTCC,DPTCC050-4P3HD,Sản xuất
DPTCC,DPTCC050-3P3HD,Sản xuất
DPTCC,DPTCC050-6P3DN,Sản xuất
DPTCC,DPTCC050-5P3DN,Sản xuất
DPTCC,DPTCC050-4P3DN,Sản xuất
DPTCC,DPTCC050-3P3DN,Sản xuất
DPTCC,DPTCC050-6P3DT,Sản xuất
DPTCC,DPTCC050-5P3DT,Sản xuất
DPTCC,DPTCC050-4P3DT,Sản xuất
DPTCC,DPTCC050-3P3DT,Sản xuất
DPTCC,DPTCC050-6P3PT,Sản xuất
DPTCC,DPTCC050-5P3PT,Sản xuất
DPTCC,DPTCC050-4P3PT,Sản xuất
DPTCC,DPTCC050-3P3PT,Sản xuất
DPTCC,DPTCC050-6P3PD,Sản xuất
DPTCC,DPTCC050-5P3PD,Sản xuất
DPTCC,DPTCC050-4P3PD,Sản xuất
DPTCC,DPTCC050-3P3PD,Sản xuất
DPTCC,DPTCC050-6P3MT,Sản xuất
DPTCC,DPTCC050-5P3MT,Sản xuất
DPTCC,DPTCC050-4P3MT,Sản xuất
DPTCC,DPTCC050-3P3MT,Sản xuất
DPTCC,DPTCC050-6P3ID,Sản xuất
DPTCC,DPTCC050-5P3ID,Sản xuất
DPTCC,DPTCC050-4P3ID,Sản xuất
DPTCC,DPTCC050-3P3ID,Sản xuất
DPTCC,DPTCC050-6P3SL,Sản xuất
DPTCC,DPTCC050-5P3SL,Sản xuất
DPTCC,DPTCC050-4P3SL,Sản xuất
DPTCC,DPTCC050-3P3SL,Sản xuất
DPTCC,DPTCC050-6B5HN,Sản xuất
DPTCC,DPTCC050-5B5HN,Sản xuất
DPTCC,DPTCC050-4B5HN,Sản xuất
DPTCC,DPTCC050-3B5HN,Sản xuất
DPTCC,DPTCC050-6B5HT,Sản xuất
DPTCC,DPTCC050-5B5HT,Sản xuất
DPTCC,DPTCC050-4B5HT,Sản xuất
DPTCC,DPTCC050-3B5HT,Sản xuất
DPTCC,DPTCC050-6B5HD,Sản xuất
DPTCC,DPTCC050-5B5HD,Sản xuất
DPTCC,DPTCC050-4B5HD,Sản xuất
DPTCC,DPTCC050-3B5HD,Sản xuất
DPTCC,DPTCC050-6B5DN,Sản xuất
DPTCC,DPTCC050-5B5DN,Sản xuất
DPTCC,DPTCC050-4B5DN,Sản xuất
DPTCC,DPTCC050-3B5DN,Sản xuất
DPTCC,DPTCC050-6B5DT,Sản xuất
DPTCC,DPTCC050-5B5DT,Sản xuất
DPTCC,DPTCC050-4B5DT,Sản xuất
DPTCC,DPTCC050-3B5DT,Sản xuất
DPTCC,DPTCC050-6B5PT,Sản xuất
DPTCC,DPTCC050-5B5PT,Sản xuất
DPTCC,DPTCC050-4B5PT,Sản xuất
DPTCC,DPTCC050-3B5PT,Sản xuất
DPTCC,DPTCC050-6B5PD,Sản xuất
DPTCC,DPTCC050-5B5PD,Sản xuất
DPTCC,DPTCC050-4B5PD,Sản xuất
DPTCC,DPTCC050-3B5PD,Sản xuất
DPTCC,DPTCC050-6B5MT,Sản xuất
DPTCC,DPTCC050-5B5MT,Sản xuất
DPTCC,DPTCC050-4B5MT,Sản xuất
DPTCC,DPTCC050-3B5MT,Sản xuất
DPTCC,DPTCC050-6B5ID,Sản xuất
DPTCC,DPTCC050-5B5ID,Sản xuất
DPTCC,DPTCC050-4B5ID,Sản xuất
DPTCC,DPTCC050-3B5ID,Sản xuất
DPTCC,DPTCC050-6B5SL,Sản xuất
DPTCC,DPTCC050-5B5SL,Sản xuất
DPTCC,DPTCC050-4B5SL,Sản xuất
DPTCC,DPTCC050-3B5SL,Sản xuất
DPTCC,DPTCC050-6P5HN,Sản xuất
DPTCC,DPTCC050-5P5HN,Sản xuất
DPTCC,DPTCC050-4P5HN,Sản xuất
DPTCC,DPTCC050-3P5HN,Sản xuất
DPTCC,DPTCC050-6P5HT,Sản xuất
DPTCC,DPTCC050-5P5HT,Sản xuất
DPTCC,DPTCC050-4P5HT,Sản xuất
DPTCC,DPTCC050-3P5HT,Sản xuất
DPTCC,DPTCC050-6P5HD,Sản xuất
DPTCC,DPTCC050-5P5HD,Sản xuất
DPTCC,DPTCC050-4P5HD,Sản xuất
DPTCC,DPTCC050-3P5HD,Sản xuất
DPTCC,DPTCC050-6P5DN,Sản xuất
DPTCC,DPTCC050-5P5DN,Sản xuất
DPTCC,DPTCC050-4P5DN,Sản xuất
DPTCC,DPTCC050-3P5DN,Sản xuất
DPTCC,DPTCC050-6P5DT,Sản xuất
DPTCC,DPTCC050-5P5DT,Sản xuất
DPTCC,DPTCC050-4P5DT,Sản xuất
DPTCC,DPTCC050-3P5DT,Sản xuất
DPTCC,DPTCC050-6P5PT,Sản xuất
DPTCC,DPTCC050-5P5PT,Sản xuất
DPTCC,DPTCC050-4P5PT,Sản xuất
DPTCC,DPTCC050-3P5PT,Sản xuất
DPTCC,DPTCC050-6P5PD,Sản xuất
DPTCC,DPTCC050-5P5PD,Sản xuất
DPTCC,DPTCC050-4P5PD,Sản xuất
DPTCC,DPTCC050-3P5PD,Sản xuất
DPTCC,DPTCC050-6P5MT,Sản xuất
DPTCC,DPTCC050-5P5MT,Sản xuất
DPTCC,DPTCC050-4P5MT,Sản xuất
DPTCC,DPTCC050-3P5MT,Sản xuất
DPTCC,DPTCC050-6P5ID,Sản xuất
DPTCC,DPTCC050-5P5ID,Sản xuất
DPTCC,DPTCC050-4P5ID,Sản xuất
DPTCC,DPTCC050-3P5ID,Sản xuất
DPTCC,DPTCC050-6P5SL,Sản xuất
DPTCC,DPTCC050-5P5SL,Sản xuất
DPTCC,DPTCC050-4P5SL,Sản xuất
DPTCC,DPTCC050-3P5SL,Sản xuất
DPTCC,DPTCC050-RTFHN,Sản xuất
DPTCC,DPTCC050-GTFHN,Sản xuất
DPTCC,DPTCC050-BTFHN,Sản xuất
DPTCC,DPTCC050-RTFHT,Sản xuất
DPTCC,DPTCC050-GTFHT,Sản xuất
DPTCC,DPTCC050-BTFHT,Sản xuất
DPTCC,DPTCC050-RTFHD,Sản xuất
DPTCC,DPTCC050-GTFHD,Sản xuất
DPTCC,DPTCC050-BTFHD,Sản xuất
DPTCC,DPTCC050-RTFDN,Sản xuất
DPTCC,DPTCC050-GTFDN,Sản xuất
DPTCC,DPTCC050-BTFDN,Sản xuất
DPTCC,DPTCC050-RTFDT,Sản xuất
DPTCC,DPTCC050-GTFDT,Sản xuất
DPTCC,DPTCC050-BTFDT,Sản xuất
DPTCC,DPTCC050-RTFPT,Sản xuất
DPTCC,DPTCC050-GTFPT,Sản xuất
DPTCC,DPTCC050-BTFPT,Sản xuất
DPTCC,DPTCC050-RTFPD,Sản xuất
DPTCC,DPTCC050-GTFPD,Sản xuất
DPTCC,DPTCC050-BTFPD,Sản xuất
DPTCC,DPTCC050-RTFMT,Sản xuất
DPTCC,DPTCC050-GTFMT,Sản xuất
DPTCC,DPTCC050-BTFMT,Sản xuất
DPTCC,DPTCC050-RTFID,Sản xuất
DPTCC,DPTCC050-GTFID,Sản xuất
DPTCC,DPTCC050-BTFID,Sản xuất
DPTCC,DPTCC050-RTFSL,Sản xuất
DPTCC,DPTCC050-GTFSL,Sản xuất
DPTCC,DPTCC050-BTFSL,Sản xuất
DPTCC,DPTCC050-CBCHC,Sản xuất
DPTCC,DPTCC100-6B3HN,Sản xuất
DPTCC,DPTCC100-5B3HN,Sản xuất
DPTCC,DPTCC100-4B3HN,Sản xuất
DPTCC,DPTCC100-3B3HN,Sản xuất
DPTCC,DPTCC100-6B3HT,Sản xuất
DPTCC,DPTCC100-5B3HT,Sản xuất
DPTCC,DPTCC100-4B3HT,Sản xuất
DPTCC,DPTCC100-3B3HT,Sản xuất
DPTCC,DPTCC100-6B3HD,Sản xuất
DPTCC,DPTCC100-5B3HD,Sản xuất
DPTCC,DPTCC100-4B3HD,Sản xuất
DPTCC,DPTCC100-3B3HD,Sản xuất
DPTCC,DPTCC100-6B3DN,Sản xuất
DPTCC,DPTCC100-5B3DN,Sản xuất
DPTCC,DPTCC100-4B3DN,Sản xuất
DPTCC,DPTCC100-3B3DN,Sản xuất
DPTCC,DPTCC100-6B3DT,Sản xuất
DPTCC,DPTCC100-5B3DT,Sản xuất
DPTCC,DPTCC100-4B3DT,Sản xuất
DPTCC,DPTCC100-3B3DT,Sản xuất
DPTCC,DPTCC100-6B3PT,Sản xuất
DPTCC,DPTCC100-5B3PT,Sản xuất
DPTCC,DPTCC100-4B3PT,Sản xuất
DPTCC,DPTCC100-3B3PT,Sản xuất
DPTCC,DPTCC100-6B3PD,Sản xuất
DPTCC,DPTCC100-5B3PD,Sản xuất
DPTCC,DPTCC100-4B3PD,Sản xuất
DPTCC,DPTCC100-3B3PD,Sản xuất
DPTCC,DPTCC100-6B3MT,Sản xuất
DPTCC,DPTCC100-5B3MT,Sản xuất
DPTCC,DPTCC100-4B3MT,Sản xuất
DPTCC,DPTCC100-3B3MT,Sản xuất
DPTCC,DPTCC100-6B3ID,Sản xuất
DPTCC,DPTCC100-5B3ID,Sản xuất
DPTCC,DPTCC100-4B3ID,Sản xuất
DPTCC,DPTCC100-3B3ID,Sản xuất
DPTCC,DPTCC100-6B3SL,Sản xuất
DPTCC,DPTCC100-5B3SL,Sản xuất
DPTCC,DPTCC100-4B3SL,Sản xuất
DPTCC,DPTCC100-3B3SL,Sản xuất
DPTCC,DPTCC100-6P3HN,Sản xuất
DPTCC,DPTCC100-5P3HN,Sản xuất
DPTCC,DPTCC100-4P3HN,Sản xuất
DPTCC,DPTCC100-3P3HN,Sản xuất
DPTCC,DPTCC100-6P3HT,Sản xuất
DPTCC,DPTCC100-5P3HT,Sản xuất
DPTCC,DPTCC100-4P3HT,Sản xuất
DPTCC,DPTCC100-3P3HT,Sản xuất
DPTCC,DPTCC100-6P3HD,Sản xuất
DPTCC,DPTCC100-5P3HD,Sản xuất
DPTCC,DPTCC100-4P3HD,Sản xuất
DPTCC,DPTCC100-3P3HD,Sản xuất
DPTCC,DPTCC100-6P3DN,Sản xuất
DPTCC,DPTCC100-5P3DN,Sản xuất
DPTCC,DPTCC100-4P3DN,Sản xuất
DPTCC,DPTCC100-3P3DN,Sản xuất
DPTCC,DPTCC100-6P3DT,Sản xuất
DPTCC,DPTCC100-5P3DT,Sản xuất
DPTCC,DPTCC100-4P3DT,Sản xuất
DPTCC,DPTCC100-3P3DT,Sản xuất
DPTCC,DPTCC100-6P3PT,Sản xuất
DPTCC,DPTCC100-5P3PT,Sản xuất
DPTCC,DPTCC100-4P3PT,Sản xuất
DPTCC,DPTCC100-3P3PT,Sản xuất
DPTCC,DPTCC100-6P3PD,Sản xuất
DPTCC,DPTCC100-5P3PD,Sản xuất
DPTCC,DPTCC100-4P3PD,Sản xuất
DPTCC,DPTCC100-3P3PD,Sản xuất
DPTCC,DPTCC100-6P3MT,Sản xuất
DPTCC,DPTCC100-5P3MT,Sản xuất
DPTCC,DPTCC100-4P3MT,Sản xuất
DPTCC,DPTCC100-3P3MT,Sản xuất
DPTCC,DPTCC100-6P3ID,Sản xuất
DPTCC,DPTCC100-5P3ID,Sản xuất
DPTCC,DPTCC100-4P3ID,Sản xuất
DPTCC,DPTCC100-3P3ID,Sản xuất
DPTCC,DPTCC100-6P3SL,Sản xuất
DPTCC,DPTCC100-5P3SL,Sản xuất
DPTCC,DPTCC100-4P3SL,Sản xuất
DPTCC,DPTCC100-3P3SL,Sản xuất
DPTCC,DPTCC100-6B5HN,Sản xuất
DPTCC,DPTCC100-5B5HN,Sản xuất
DPTCC,DPTCC100-4B5HN,Sản xuất
DPTCC,DPTCC100-3B5HN,Sản xuất
DPTCC,DPTCC100-6B5HT,Sản xuất
DPTCC,DPTCC100-5B5HT,Sản xuất
DPTCC,DPTCC100-4B5HT,Sản xuất
DPTCC,DPTCC100-3B5HT,Sản xuất
DPTCC,DPTCC100-6B5HD,Sản xuất
DPTCC,DPTCC100-5B5HD,Sản xuất
DPTCC,DPTCC100-4B5HD,Sản xuất
DPTCC,DPTCC100-3B5HD,Sản xuất
DPTCC,DPTCC100-6B5DN,Sản xuất
DPTCC,DPTCC100-5B5DN,Sản xuất
DPTCC,DPTCC100-4B5DN,Sản xuất
DPTCC,DPTCC100-3B5DN,Sản xuất
DPTCC,DPTCC100-6B5DT,Sản xuất
DPTCC,DPTCC100-5B5DT,Sản xuất
DPTCC,DPTCC100-4B5DT,Sản xuất
DPTCC,DPTCC100-3B5DT,Sản xuất
DPTCC,DPTCC100-6B5PT,Sản xuất
DPTCC,DPTCC100-5B5PT,Sản xuất
DPTCC,DPTCC100-4B5PT,Sản xuất
DPTCC,DPTCC100-3B5PT,Sản xuất
DPTCC,DPTCC100-6B5PD,Sản xuất
DPTCC,DPTCC100-5B5PD,Sản xuất
DPTCC,DPTCC100-4B5PD,Sản xuất
DPTCC,DPTCC100-3B5PD,Sản xuất
DPTCC,DPTCC100-6B5MT,Sản xuất
DPTCC,DPTCC100-5B5MT,Sản xuất
DPTCC,DPTCC100-4B5MT,Sản xuất
DPTCC,DPTCC100-3B5MT,Sản xuất
DPTCC,DPTCC100-6B5ID,Sản xuất
DPTCC,DPTCC100-5B5ID,Sản xuất
DPTCC,DPTCC100-4B5ID,Sản xuất
DPTCC,DPTCC100-3B5ID,Sản xuất
DPTCC,DPTCC100-6B5SL,Sản xuất
DPTCC,DPTCC100-5B5SL,Sản xuất
DPTCC,DPTCC100-4B5SL,Sản xuất
DPTCC,DPTCC100-3B5SL,Sản xuất
DPTCC,DPTCC100-6P5HN,Sản xuất
DPTCC,DPTCC100-5P5HN,Sản xuất
DPTCC,DPTCC100-4P5HN,Sản xuất
DPTCC,DPTCC100-3P5HN,Sản xuất
DPTCC,DPTCC100-6P5HT,Sản xuất
DPTCC,DPTCC100-5P5HT,Sản xuất
DPTCC,DPTCC100-4P5HT,Sản xuất
DPTCC,DPTCC100-3P5HT,Sản xuất
DPTCC,DPTCC100-6P5HD,Sản xuất
DPTCC,DPTCC100-5P5HD,Sản xuất
DPTCC,DPTCC100-4P5HD,Sản xuất
DPTCC,DPTCC100-3P5HD,Sản xuất
DPTCC,DPTCC100-6P5DN,Sản xuất
DPTCC,DPTCC100-5P5DN,Sản xuất
DPTCC,DPTCC100-4P5DN,Sản xuất
DPTCC,DPTCC100-3P5DN,Sản xuất
DPTCC,DPTCC100-6P5DT,Sản xuất
DPTCC,DPTCC100-5P5DT,Sản xuất
DPTCC,DPTCC100-4P5DT,Sản xuất
DPTCC,DPTCC100-3P5DT,Sản xuất
DPTCC,DPTCC100-6P5PT,Sản xuất
DPTCC,DPTCC100-5P5PT,Sản xuất
DPTCC,DPTCC100-4P5PT,Sản xuất
DPTCC,DPTCC100-3P5PT,Sản xuất
DPTCC,DPTCC100-6P5PD,Sản xuất
DPTCC,DPTCC100-5P5PD,Sản xuất
DPTCC,DPTCC100-4P5PD,Sản xuất
DPTCC,DPTCC100-3P5PD,Sản xuất
DPTCC,DPTCC100-6P5MT,Sản xuất
DPTCC,DPTCC100-5P5MT,Sản xuất
DPTCC,DPTCC100-4P5MT,Sản xuất
DPTCC,DPTCC100-3P5MT,Sản xuất
DPTCC,DPTCC100-6P5ID,Sản xuất
DPTCC,DPTCC100-5P5ID,Sản xuất
DPTCC,DPTCC100-4P5ID,Sản xuất
DPTCC,DPTCC100-3P5ID,Sản xuất
DPTCC,DPTCC100-6P5SL,Sản xuất
DPTCC,DPTCC100-5P5SL,Sản xuất
DPTCC,DPTCC100-4P5SL,Sản xuất
DPTCC,DPTCC100-3P5SL,Sản xuất
DPTCC,DPTCC100-RTFHN,Sản xuất
DPTCC,DPTCC100-GTFHN,Sản xuất
DPTCC,DPTCC100-BTFHN,Sản xuất
DPTCC,DPTCC100-RTFHT,Sản xuất
DPTCC,DPTCC100-GTFHT,Sản xuất
DPTCC,DPTCC100-BTFHT,Sản xuất
DPTCC,DPTCC100-RTFHD,Sản xuất
DPTCC,DPTCC100-GTFHD,Sản xuất
DPTCC,DPTCC100-BTFHD,Sản xuất
DPTCC,DPTCC100-RTFDN,Sản xuất
DPTCC,DPTCC100-GTFDN,Sản xuất
DPTCC,DPTCC100-BTFDN,Sản xuất
DPTCC,DPTCC100-RTFDT,Sản xuất
DPTCC,DPTCC100-GTFDT,Sản xuất
DPTCC,DPTCC100-BTFDT,Sản xuất
DPTCC,DPTCC100-RTFPT,Sản xuất
DPTCC,DPTCC100-GTFPT,Sản xuất
DPTCC,DPTCC100-BTFPT,Sản xuất
DPTCC,DPTCC100-RTFPD,Sản xuất
DPTCC,DPTCC100-GTFPD,Sản xuất
DPTCC,DPTCC100-BTFPD,Sản xuất
DPTCC,DPTCC100-RTFMT,Sản xuất
DPTCC,DPTCC100-GTFMT,Sản xuất
DPTCC,DPTCC100-BTFMT,Sản xuất
DPTCC,DPTCC100-RTFID,Sản xuất
DPTCC,DPTCC100-GTFID,Sản xuất
DPTCC,DPTCC100-BTFID,Sản xuất
DPTCC,DPTCC100-RTFSL,Sản xuất
DPTCC,DPTCC100-GTFSL,Sản xuất
DPTCC,DPTCC100-BTFSL,Sản xuất
DPTCC,DPTCC100-CBCHC,Sản xuất
DPTCC,DPTCC150-6B3HN,Sản xuất
DPTCC,DPTCC150-5B3HN,Sản xuất
DPTCC,DPTCC150-4B3HN,Sản xuất
DPTCC,DPTCC150-3B3HN,Sản xuất
DPTCC,DPTCC150-6B3HT,Sản xuất
DPTCC,DPTCC150-5B3HT,Sản xuất
DPTCC,DPTCC150-4B3HT,Sản xuất
DPTCC,DPTCC150-3B3HT,Sản xuất
DPTCC,DPTCC150-6B3HD,Sản xuất
DPTCC,DPTCC150-5B3HD,Sản xuất
DPTCC,DPTCC150-4B3HD,Sản xuất
DPTCC,DPTCC150-3B3HD,Sản xuất
DPTCC,DPTCC150-6B3DN,Sản xuất
DPTCC,DPTCC150-5B3DN,Sản xuất
DPTCC,DPTCC150-4B3DN,Sản xuất
DPTCC,DPTCC150-3B3DN,Sản xuất
DPTCC,DPTCC150-6B3DT,Sản xuất
DPTCC,DPTCC150-5B3DT,Sản xuất
DPTCC,DPTCC150-4B3DT,Sản xuất
DPTCC,DPTCC150-3B3DT,Sản xuất
DPTCC,DPTCC150-6B3PT,Sản xuất
DPTCC,DPTCC150-5B3PT,Sản xuất
DPTCC,DPTCC150-4B3PT,Sản xuất
DPTCC,DPTCC150-3B3PT,Sản xuất
DPTCC,DPTCC150-6B3PD,Sản xuất
DPTCC,DPTCC150-5B3PD,Sản xuất
DPTCC,DPTCC150-4B3PD,Sản xuất
DPTCC,DPTCC150-3B3PD,Sản xuất
DPTCC,DPTCC150-6B3MT,Sản xuất
DPTCC,DPTCC150-5B3MT,Sản xuất
DPTCC,DPTCC150-4B3MT,Sản xuất
DPTCC,DPTCC150-3B3MT,Sản xuất
DPTCC,DPTCC150-6B3ID,Sản xuất
DPTCC,DPTCC150-5B3ID,Sản xuất
DPTCC,DPTCC150-4B3ID,Sản xuất
DPTCC,DPTCC150-3B3ID,Sản xuất
DPTCC,DPTCC150-6B3SL,Sản xuất
DPTCC,DPTCC150-5B3SL,Sản xuất
DPTCC,DPTCC150-4B3SL,Sản xuất
DPTCC,DPTCC150-3B3SL,Sản xuất
DPTCC,DPTCC150-6P3HN,Sản xuất
DPTCC,DPTCC150-5P3HN,Sản xuất
DPTCC,DPTCC150-4P3HN,Sản xuất
DPTCC,DPTCC150-3P3HN,Sản xuất
DPTCC,DPTCC150-6P3HT,Sản xuất
DPTCC,DPTCC150-5P3HT,Sản xuất
DPTCC,DPTCC150-4P3HT,Sản xuất
DPTCC,DPTCC150-3P3HT,Sản xuất
DPTCC,DPTCC150-6P3HD,Sản xuất
DPTCC,DPTCC150-5P3HD,Sản xuất
DPTCC,DPTCC150-4P3HD,Sản xuất
DPTCC,DPTCC150-3P3HD,Sản xuất
DPTCC,DPTCC150-6P3DN,Sản xuất
DPTCC,DPTCC150-5P3DN,Sản xuất
DPTCC,DPTCC150-4P3DN,Sản xuất
DPTCC,DPTCC150-3P3DN,Sản xuất
DPTCC,DPTCC150-6P3DT,Sản xuất
DPTCC,DPTCC150-5P3DT,Sản xuất
DPTCC,DPTCC150-4P3DT,Sản xuất
DPTCC,DPTCC150-3P3DT,Sản xuất
DPTCC,DPTCC150-6P3PT,Sản xuất
DPTCC,DPTCC150-5P3PT,Sản xuất
DPTCC,DPTCC150-4P3PT,Sản xuất
DPTCC,DPTCC150-3P3PT,Sản xuất
DPTCC,DPTCC150-6P3PD,Sản xuất
DPTCC,DPTCC150-5P3PD,Sản xuất
DPTCC,DPTCC150-4P3PD,Sản xuất
DPTCC,DPTCC150-3P3PD,Sản xuất
DPTCC,DPTCC150-6P3MT,Sản xuất
DPTCC,DPTCC150-5P3MT,Sản xuất
DPTCC,DPTCC150-4P3MT,Sản xuất
DPTCC,DPTCC150-3P3MT,Sản xuất
DPTCC,DPTCC150-6P3ID,Sản xuất
DPTCC,DPTCC150-5P3ID,Sản xuất
DPTCC,DPTCC150-4P3ID,Sản xuất
DPTCC,DPTCC150-3P3ID,Sản xuất
DPTCC,DPTCC150-6P3SL,Sản xuất
DPTCC,DPTCC150-5P3SL,Sản xuất
DPTCC,DPTCC150-4P3SL,Sản xuất
DPTCC,DPTCC150-3P3SL,Sản xuất
DPTCC,DPTCC150-6B5HN,Sản xuất
DPTCC,DPTCC150-5B5HN,Sản xuất
DPTCC,DPTCC150-4B5HN,Sản xuất
DPTCC,DPTCC150-3B5HN,Sản xuất
DPTCC,DPTCC150-6B5HT,Sản xuất
DPTCC,DPTCC150-5B5HT,Sản xuất
DPTCC,DPTCC150-4B5HT,Sản xuất
DPTCC,DPTCC150-3B5HT,Sản xuất
DPTCC,DPTCC150-6B5HD,Sản xuất
DPTCC,DPTCC150-5B5HD,Sản xuất
DPTCC,DPTCC150-4B5HD,Sản xuất
DPTCC,DPTCC150-3B5HD,Sản xuất
DPTCC,DPTCC150-6B5DN,Sản xuất
DPTCC,DPTCC150-5B5DN,Sản xuất
DPTCC,DPTCC150-4B5DN,Sản xuất
DPTCC,DPTCC150-3B5DN,Sản xuất
DPTCC,DPTCC150-6B5DT,Sản xuất
DPTCC,DPTCC150-5B5DT,Sản xuất
DPTCC,DPTCC150-4B5DT,Sản xuất
DPTCC,DPTCC150-3B5DT,Sản xuất
DPTCC,DPTCC150-6B5PT,Sản xuất
DPTCC,DPTCC150-5B5PT,Sản xuất
DPTCC,DPTCC150-4B5PT,Sản xuất
DPTCC,DPTCC150-3B5PT,Sản xuất
DPTCC,DPTCC150-6B5PD,Sản xuất
DPTCC,DPTCC150-5B5PD,Sản xuất
DPTCC,DPTCC150-4B5PD,Sản xuất
DPTCC,DPTCC150-3B5PD,Sản xuất
DPTCC,DPTCC150-6B5MT,Sản xuất
DPTCC,DPTCC150-5B5MT,Sản xuất
DPTCC,DPTCC150-4B5MT,Sản xuất
DPTCC,DPTCC150-3B5MT,Sản xuất
DPTCC,DPTCC150-6B5ID,Sản xuất
DPTCC,DPTCC150-5B5ID,Sản xuất
DPTCC,DPTCC150-4B5ID,Sản xuất
DPTCC,DPTCC150-3B5ID,Sản xuất
DPTCC,DPTCC150-6B5SL,Sản xuất
DPTCC,DPTCC150-5B5SL,Sản xuất
DPTCC,DPTCC150-4B5SL,Sản xuất
DPTCC,DPTCC150-3B5SL,Sản xuất
DPTCC,DPTCC150-6P5HN,Sản xuất
DPTCC,DPTCC150-5P5HN,Sản xuất
DPTCC,DPTCC150-4P5HN,Sản xuất
DPTCC,DPTCC150-3P5HN,Sản xuất
DPTCC,DPTCC150-6P5HT,Sản xuất
DPTCC,DPTCC150-5P5HT,Sản xuất
DPTCC,DPTCC150-4P5HT,Sản xuất
DPTCC,DPTCC150-3P5HT,Sản xuất
DPTCC,DPTCC150-6P5HD,Sản xuất
DPTCC,DPTCC150-5P5HD,Sản xuất
DPTCC,DPTCC150-4P5HD,Sản xuất
DPTCC,DPTCC150-3P5HD,Sản xuất
DPTCC,DPTCC150-6P5DN,Sản xuất
DPTCC,DPTCC150-5P5DN,Sản xuất
DPTCC,DPTCC150-4P5DN,Sản xuất
DPTCC,DPTCC150-3P5DN,Sản xuất
DPTCC,DPTCC150-6P5DT,Sản xuất
DPTCC,DPTCC150-5P5DT,Sản xuất
DPTCC,DPTCC150-4P5DT,Sản xuất
DPTCC,DPTCC150-3P5DT,Sản xuất
DPTCC,DPTCC150-6P5PT,Sản xuất
DPTCC,DPTCC150-5P5PT,Sản xuất
DPTCC,DPTCC150-4P5PT,Sản xuất
DPTCC,DPTCC150-3P5PT,Sản xuất
DPTCC,DPTCC150-6P5PD,Sản xuất
DPTCC,DPTCC150-5P5PD,Sản xuất
DPTCC,DPTCC150-4P5PD,Sản xuất
DPTCC,DPTCC150-3P5PD,Sản xuất
DPTCC,DPTCC150-6P5MT,Sản xuất
DPTCC,DPTCC150-5P5MT,Sản xuất
DPTCC,DPTCC150-4P5MT,Sản xuất
DPTCC,DPTCC150-3P5MT,Sản xuất
DPTCC,DPTCC150-6P5ID,Sản xuất
DPTCC,DPTCC150-5P5ID,Sản xuất
DPTCC,DPTCC150-4P5ID,Sản xuất
DPTCC,DPTCC150-3P5ID,Sản xuất
DPTCC,DPTCC150-6P5SL,Sản xuất
DPTCC,DPTCC150-5P5SL,Sản xuất
DPTCC,DPTCC150-4P5SL,Sản xuất
DPTCC,DPTCC150-3P5SL,Sản xuất
DPTCC,DPTCC150-RTFHN,Sản xuất
DPTCC,DPTCC150-GTFHN,Sản xuất
DPTCC,DPTCC150-BTFHN,Sản xuất
DPTCC,DPTCC150-RTFHT,Sản xuất
DPTCC,DPTCC150-GTFHT,Sản xuất
DPTCC,DPTCC150-BTFHT,Sản xuất
DPTCC,DPTCC150-RTFHD,Sản xuất
DPTCC,DPTCC150-GTFHD,Sản xuất
DPTCC,DPTCC150-BTFHD,Sản xuất
DPTCC,DPTCC150-RTFDN,Sản xuất
DPTCC,DPTCC150-GTFDN,Sản xuất
DPTCC,DPTCC150-BTFDN,Sản xuất
DPTCC,DPTCC150-RTFDT,Sản xuất
DPTCC,DPTCC150-GTFDT,Sản xuất
DPTCC,DPTCC150-BTFDT,Sản xuất
DPTCC,DPTCC150-RTFPT,Sản xuất
DPTCC,DPTCC150-GTFPT,Sản xuất
DPTCC,DPTCC150-BTFPT,Sản xuất
DPTCC,DPTCC150-RTFPD,Sản xuất
DPTCC,DPTCC150-GTFPD,Sản xuất
DPTCC,DPTCC150-BTFPD,Sản xuất
DPTCC,DPTCC150-RTFMT,Sản xuất
DPTCC,DPTCC150-GTFMT,Sản xuất
DPTCC,DPTCC150-BTFMT,Sản xuất
DPTCC,DPTCC150-RTFID,Sản xuất
DPTCC,DPTCC150-GTFID,Sản xuất
DPTCC,DPTCC150-BTFID,Sản xuất
DPTCC,DPTCC150-RTFSL,Sản xuất
DPTCC,DPTCC150-GTFSL,Sản xuất
DPTCC,DPTCC150-BTFSL,Sản xuất
DPTCC,DPTCC150-CBCHC,Sản xuất
DPTCC,DPTCC200-6B3HN,Sản xuất
DPTCC,DPTCC200-5B3HN,Sản xuất
DPTCC,DPTCC200-4B3HN,Sản xuất
DPTCC,DPTCC200-3B3HN,Sản xuất
DPTCC,DPTCC200-6B3HT,Sản xuất
DPTCC,DPTCC200-5B3HT,Sản xuất
DPTCC,DPTCC200-4B3HT,Sản xuất
DPTCC,DPTCC200-3B3HT,Sản xuất
DPTCC,DPTCC200-6B3HD,Sản xuất
DPTCC,DPTCC200-5B3HD,Sản xuất
DPTCC,DPTCC200-4B3HD,Sản xuất
DPTCC,DPTCC200-3B3HD,Sản xuất
DPTCC,DPTCC200-6B3DN,Sản xuất
DPTCC,DPTCC200-5B3DN,Sản xuất
DPTCC,DPTCC200-4B3DN,Sản xuất
DPTCC,DPTCC200-3B3DN,Sản xuất
DPTCC,DPTCC200-6B3DT,Sản xuất
DPTCC,DPTCC200-5B3DT,Sản xuất
DPTCC,DPTCC200-4B3DT,Sản xuất
DPTCC,DPTCC200-3B3DT,Sản xuất
DPTCC,DPTCC200-6B3PT,Sản xuất
DPTCC,DPTCC200-5B3PT,Sản xuất
DPTCC,DPTCC200-4B3PT,Sản xuất
DPTCC,DPTCC200-3B3PT,Sản xuất
DPTCC,DPTCC200-6B3PD,Sản xuất
DPTCC,DPTCC200-5B3PD,Sản xuất
DPTCC,DPTCC200-4B3PD,Sản xuất
DPTCC,DPTCC200-3B3PD,Sản xuất
DPTCC,DPTCC200-6B3MT,Sản xuất
DPTCC,DPTCC200-5B3MT,Sản xuất
DPTCC,DPTCC200-4B3MT,Sản xuất
DPTCC,DPTCC200-3B3MT,Sản xuất
DPTCC,DPTCC200-6B3ID,Sản xuất
DPTCC,DPTCC200-5B3ID,Sản xuất
DPTCC,DPTCC200-4B3ID,Sản xuất
DPTCC,DPTCC200-3B3ID,Sản xuất
DPTCC,DPTCC200-6B3SL,Sản xuất
DPTCC,DPTCC200-5B3SL,Sản xuất
DPTCC,DPTCC200-4B3SL,Sản xuất
DPTCC,DPTCC200-3B3SL,Sản xuất
DPTCC,DPTCC200-6P3HN,Sản xuất
DPTCC,DPTCC200-5P3HN,Sản xuất
DPTCC,DPTCC200-4P3HN,Sản xuất
DPTCC,DPTCC200-3P3HN,Sản xuất
DPTCC,DPTCC200-6P3HT,Sản xuất
DPTCC,DPTCC200-5P3HT,Sản xuất
DPTCC,DPTCC200-4P3HT,Sản xuất
DPTCC,DPTCC200-3P3HT,Sản xuất
DPTCC,DPTCC200-6P3HD,Sản xuất
DPTCC,DPTCC200-5P3HD,Sản xuất
DPTCC,DPTCC200-4P3HD,Sản xuất
DPTCC,DPTCC200-3P3HD,Sản xuất
DPTCC,DPTCC200-6P3DN,Sản xuất
DPTCC,DPTCC200-5P3DN,Sản xuất
DPTCC,DPTCC200-4P3DN,Sản xuất
DPTCC,DPTCC200-3P3DN,Sản xuất
DPTCC,DPTCC200-6P3DT,Sản xuất
DPTCC,DPTCC200-5P3DT,Sản xuất
DPTCC,DPTCC200-4P3DT,Sản xuất
DPTCC,DPTCC200-3P3DT,Sản xuất
DPTCC,DPTCC200-6P3PT,Sản xuất
DPTCC,DPTCC200-5P3PT,Sản xuất
DPTCC,DPTCC200-4P3PT,Sản xuất
DPTCC,DPTCC200-3P3PT,Sản xuất
DPTCC,DPTCC200-6P3PD,Sản xuất
DPTCC,DPTCC200-5P3PD,Sản xuất
DPTCC,DPTCC200-4P3PD,Sản xuất
DPTCC,DPTCC200-3P3PD,Sản xuất
DPTCC,DPTCC200-6P3MT,Sản xuất
DPTCC,DPTCC200-5P3MT,Sản xuất
DPTCC,DPTCC200-4P3MT,Sản xuất
DPTCC,DPTCC200-3P3MT,Sản xuất
DPTCC,DPTCC200-6P3ID,Sản xuất
DPTCC,DPTCC200-5P3ID,Sản xuất
DPTCC,DPTCC200-4P3ID,Sản xuất
DPTCC,DPTCC200-3P3ID,Sản xuất
DPTCC,DPTCC200-6P3SL,Sản xuất
DPTCC,DPTCC200-5P3SL,Sản xuất
DPTCC,DPTCC200-4P3SL,Sản xuất
DPTCC,DPTCC200-3P3SL,Sản xuất
DPTCC,DPTCC200-6B5HN,Sản xuất
DPTCC,DPTCC200-5B5HN,Sản xuất
DPTCC,DPTCC200-4B5HN,Sản xuất
DPTCC,DPTCC200-3B5HN,Sản xuất
DPTCC,DPTCC200-6B5HT,Sản xuất
DPTCC,DPTCC200-5B5HT,Sản xuất
DPTCC,DPTCC200-4B5HT,Sản xuất
DPTCC,DPTCC200-3B5HT,Sản xuất
DPTCC,DPTCC200-6B5HD,Sản xuất
DPTCC,DPTCC200-5B5HD,Sản xuất
DPTCC,DPTCC200-4B5HD,Sản xuất
DPTCC,DPTCC200-3B5HD,Sản xuất
DPTCC,DPTCC200-6B5DN,Sản xuất
DPTCC,DPTCC200-5B5DN,Sản xuất
DPTCC,DPTCC200-4B5DN,Sản xuất
DPTCC,DPTCC200-3B5DN,Sản xuất
DPTCC,DPTCC200-6B5DT,Sản xuất
DPTCC,DPTCC200-5B5DT,Sản xuất
DPTCC,DPTCC200-4B5DT,Sản xuất
DPTCC,DPTCC200-3B5DT,Sản xuất
DPTCC,DPTCC200-6B5PT,Sản xuất
DPTCC,DPTCC200-5B5PT,Sản xuất
DPTCC,DPTCC200-4B5PT,Sản xuất
DPTCC,DPTCC200-3B5PT,Sản xuất
DPTCC,DPTCC200-6B5PD,Sản xuất
DPTCC,DPTCC200-5B5PD,Sản xuất
DPTCC,DPTCC200-4B5PD,Sản xuất
DPTCC,DPTCC200-3B5PD,Sản xuất
DPTCC,DPTCC200-6B5MT,Sản xuất
DPTCC,DPTCC200-5B5MT,Sản xuất
DPTCC,DPTCC200-4B5MT,Sản xuất
DPTCC,DPTCC200-3B5MT,Sản xuất
DPTCC,DPTCC200-6B5ID,Sản xuất
DPTCC,DPTCC200-5B5ID,Sản xuất
DPTCC,DPTCC200-4B5ID,Sản xuất
DPTCC,DPTCC200-3B5ID,Sản xuất
DPTCC,DPTCC200-6B5SL,Sản xuất
DPTCC,DPTCC200-5B5SL,Sản xuất
DPTCC,DPTCC200-4B5SL,Sản xuất
DPTCC,DPTCC200-3B5SL,Sản xuất
DPTCC,DPTCC200-6P5HN,Sản xuất
DPTCC,DPTCC200-5P5HN,Sản xuất
DPTCC,DPTCC200-4P5HN,Sản xuất
DPTCC,DPTCC200-3P5HN,Sản xuất
DPTCC,DPTCC200-6P5HT,Sản xuất
DPTCC,DPTCC200-5P5HT,Sản xuất
DPTCC,DPTCC200-4P5HT,Sản xuất
DPTCC,DPTCC200-3P5HT,Sản xuất
DPTCC,DPTCC200-6P5HD,Sản xuất
DPTCC,DPTCC200-5P5HD,Sản xuất
DPTCC,DPTCC200-4P5HD,Sản xuất
DPTCC,DPTCC200-3P5HD,Sản xuất
DPTCC,DPTCC200-6P5DN,Sản xuất
DPTCC,DPTCC200-5P5DN,Sản xuất
DPTCC,DPTCC200-4P5DN,Sản xuất
DPTCC,DPTCC200-3P5DN,Sản xuất
DPTCC,DPTCC200-6P5DT,Sản xuất
DPTCC,DPTCC200-5P5DT,Sản xuất
DPTCC,DPTCC200-4P5DT,Sản xuất
DPTCC,DPTCC200-3P5DT,Sản xuất
DPTCC,DPTCC200-6P5PT,Sản xuất
DPTCC,DPTCC200-5P5PT,Sản xuất
DPTCC,DPTCC200-4P5PT,Sản xuất
DPTCC,DPTCC200-3P5PT,Sản xuất
DPTCC,DPTCC200-6P5PD,Sản xuất
DPTCC,DPTCC200-5P5PD,Sản xuất
DPTCC,DPTCC200-4P5PD,Sản xuất
DPTCC,DPTCC200-3P5PD,Sản xuất
DPTCC,DPTCC200-6P5MT,Sản xuất
DPTCC,DPTCC200-5P5MT,Sản xuất
DPTCC,DPTCC200-4P5MT,Sản xuất
DPTCC,DPTCC200-3P5MT,Sản xuất
DPTCC,DPTCC200-6P5ID,Sản xuất
DPTCC,DPTCC200-5P5ID,Sản xuất
DPTCC,DPTCC200-4P5ID,Sản xuất
DPTCC,DPTCC200-3P5ID,Sản xuất
DPTCC,DPTCC200-6P5SL,Sản xuất
DPTCC,DPTCC200-5P5SL,Sản xuất
DPTCC,DPTCC200-4P5SL,Sản xuất
DPTCC,DPTCC200-3P5SL,Sản xuất
DPTCC,DPTCC200-RTFHN,Sản xuất
DPTCC,DPTCC200-GTFHN,Sản xuất
DPTCC,DPTCC200-BTFHN,Sản xuất
DPTCC,DPTCC200-RTFHT,Sản xuất
DPTCC,DPTCC200-GTFHT,Sản xuất
DPTCC,DPTCC200-BTFHT,Sản xuất
DPTCC,DPTCC200-RTFHD,Sản xuất
DPTCC,DPTCC200-GTFHD,Sản xuất
DPTCC,DPTCC200-BTFHD,Sản xuất
DPTCC,DPTCC200-RTFDN,Sản xuất
DPTCC,DPTCC200-GTFDN,Sản xuất
DPTCC,DPTCC200-BTFDN,Sản xuất
DPTCC,DPTCC200-RTFDT,Sản xuất
DPTCC,DPTCC200-GTFDT,Sản xuất
DPTCC,DPTCC200-BTFDT,Sản xuất
DPTCC,DPTCC200-RTFPT,Sản xuất
DPTCC,DPTCC200-GTFPT,Sản xuất
DPTCC,DPTCC200-BTFPT,Sản xuất
DPTCC,DPTCC200-RTFPD,Sản xuất
DPTCC,DPTCC200-GTFPD,Sản xuất
DPTCC,DPTCC200-BTFPD,Sản xuất
DPTCC,DPTCC200-RTFMT,Sản xuất
DPTCC,DPTCC200-GTFMT,Sản xuất
DPTCC,DPTCC200-BTFMT,Sản xuất
DPTCC,DPTCC200-RTFID,Sản xuất
DPTCC,DPTCC200-GTFID,Sản xuất
DPTCC,DPTCC200-BTFID,Sản xuất
DPTCC,DPTCC200-RTFSL,Sản xuất
DPTCC,DPTCC200-GTFSL,Sản xuất
DPTCC,DPTCC200-BTFSL,Sản xuất
DPTCC,DPTCC200-CBCHC,Sản xuất
DPTCC,DPTCC250-6B3HN,Sản xuất
DPTCC,DPTCC250-5B3HN,Sản xuất
DPTCC,DPTCC250-4B3HN,Sản xuất
DPTCC,DPTCC250-3B3HN,Sản xuất
DPTCC,DPTCC250-6B3HT,Sản xuất
DPTCC,DPTCC250-5B3HT,Sản xuất
DPTCC,DPTCC250-4B3HT,Sản xuất
DPTCC,DPTCC250-3B3HT,Sản xuất
DPTCC,DPTCC250-6B3HD,Sản xuất
DPTCC,DPTCC250-5B3HD,Sản xuất
DPTCC,DPTCC250-4B3HD,Sản xuất
DPTCC,DPTCC250-3B3HD,Sản xuất
DPTCC,DPTCC250-6B3DN,Sản xuất
DPTCC,DPTCC250-5B3DN,Sản xuất
DPTCC,DPTCC250-4B3DN,Sản xuất
DPTCC,DPTCC250-3B3DN,Sản xuất
DPTCC,DPTCC250-6B3DT,Sản xuất
DPTCC,DPTCC250-5B3DT,Sản xuất
DPTCC,DPTCC250-4B3DT,Sản xuất
DPTCC,DPTCC250-3B3DT,Sản xuất
DPTCC,DPTCC250-6B3PT,Sản xuất
DPTCC,DPTCC250-5B3PT,Sản xuất
DPTCC,DPTCC250-4B3PT,Sản xuất
DPTCC,DPTCC250-3B3PT,Sản xuất
DPTCC,DPTCC250-6B3PD,Sản xuất
DPTCC,DPTCC250-5B3PD,Sản xuất
DPTCC,DPTCC250-4B3PD,Sản xuất
DPTCC,DPTCC250-3B3PD,Sản xuất
DPTCC,DPTCC250-6B3MT,Sản xuất
DPTCC,DPTCC250-5B3MT,Sản xuất
DPTCC,DPTCC250-4B3MT,Sản xuất
DPTCC,DPTCC250-3B3MT,Sản xuất
DPTCC,DPTCC250-6B3ID,Sản xuất
DPTCC,DPTCC250-5B3ID,Sản xuất
DPTCC,DPTCC250-4B3ID,Sản xuất
DPTCC,DPTCC250-3B3ID,Sản xuất
DPTCC,DPTCC250-6B3SL,Sản xuất
DPTCC,DPTCC250-5B3SL,Sản xuất
DPTCC,DPTCC250-4B3SL,Sản xuất
DPTCC,DPTCC250-3B3SL,Sản xuất
DPTCC,DPTCC250-6P3HN,Sản xuất
DPTCC,DPTCC250-5P3HN,Sản xuất
DPTCC,DPTCC250-4P3HN,Sản xuất
DPTCC,DPTCC250-3P3HN,Sản xuất
DPTCC,DPTCC250-6P3HT,Sản xuất
DPTCC,DPTCC250-5P3HT,Sản xuất
DPTCC,DPTCC250-4P3HT,Sản xuất
DPTCC,DPTCC250-3P3HT,Sản xuất
DPTCC,DPTCC250-6P3HD,Sản xuất
DPTCC,DPTCC250-5P3HD,Sản xuất
DPTCC,DPTCC250-4P3HD,Sản xuất
DPTCC,DPTCC250-3P3HD,Sản xuất
DPTCC,DPTCC250-6P3DN,Sản xuất
DPTCC,DPTCC250-5P3DN,Sản xuất
DPTCC,DPTCC250-4P3DN,Sản xuất
DPTCC,DPTCC250-3P3DN,Sản xuất
DPTCC,DPTCC250-6P3DT,Sản xuất
DPTCC,DPTCC250-5P3DT,Sản xuất
DPTCC,DPTCC250-4P3DT,Sản xuất
DPTCC,DPTCC250-3P3DT,Sản xuất
DPTCC,DPTCC250-6P3PT,Sản xuất
DPTCC,DPTCC250-5P3PT,Sản xuất
DPTCC,DPTCC250-4P3PT,Sản xuất
DPTCC,DPTCC250-3P3PT,Sản xuất
DPTCC,DPTCC250-6P3PD,Sản xuất
DPTCC,DPTCC250-5P3PD,Sản xuất
DPTCC,DPTCC250-4P3PD,Sản xuất
DPTCC,DPTCC250-3P3PD,Sản xuất
DPTCC,DPTCC250-6P3MT,Sản xuất
DPTCC,DPTCC250-5P3MT,Sản xuất
DPTCC,DPTCC250-4P3MT,Sản xuất
DPTCC,DPTCC250-3P3MT,Sản xuất
DPTCC,DPTCC250-6P3ID,Sản xuất
DPTCC,DPTCC250-5P3ID,Sản xuất
DPTCC,DPTCC250-4P3ID,Sản xuất
DPTCC,DPTCC250-3P3ID,Sản xuất
DPTCC,DPTCC250-6P3SL,Sản xuất
DPTCC,DPTCC250-5P3SL,Sản xuất
DPTCC,DPTCC250-4P3SL,Sản xuất
DPTCC,DPTCC250-3P3SL,Sản xuất
DPTCC,DPTCC250-6B5HN,Sản xuất
DPTCC,DPTCC250-5B5HN,Sản xuất
DPTCC,DPTCC250-4B5HN,Sản xuất
DPTCC,DPTCC250-3B5HN,Sản xuất
DPTCC,DPTCC250-6B5HT,Sản xuất
DPTCC,DPTCC250-5B5HT,Sản xuất
DPTCC,DPTCC250-4B5HT,Sản xuất
DPTCC,DPTCC250-3B5HT,Sản xuất
DPTCC,DPTCC250-6B5HD,Sản xuất
DPTCC,DPTCC250-5B5HD,Sản xuất
DPTCC,DPTCC250-4B5HD,Sản xuất
DPTCC,DPTCC250-3B5HD,Sản xuất
DPTCC,DPTCC250-6B5DN,Sản xuất
DPTCC,DPTCC250-5B5DN,Sản xuất
DPTCC,DPTCC250-4B5DN,Sản xuất
DPTCC,DPTCC250-3B5DN,Sản xuất
DPTCC,DPTCC250-6B5DT,Sản xuất
DPTCC,DPTCC250-5B5DT,Sản xuất
DPTCC,DPTCC250-4B5DT,Sản xuất
DPTCC,DPTCC250-3B5DT,Sản xuất
DPTCC,DPTCC250-6B5PT,Sản xuất
DPTCC,DPTCC250-5B5PT,Sản xuất
DPTCC,DPTCC250-4B5PT,Sản xuất
DPTCC,DPTCC250-3B5PT,Sản xuất
DPTCC,DPTCC250-6B5PD,Sản xuất
DPTCC,DPTCC250-5B5PD,Sản xuất
DPTCC,DPTCC250-4B5PD,Sản xuất
DPTCC,DPTCC250-3B5PD,Sản xuất
DPTCC,DPTCC250-6B5MT,Sản xuất
DPTCC,DPTCC250-5B5MT,Sản xuất
DPTCC,DPTCC250-4B5MT,Sản xuất
DPTCC,DPTCC250-3B5MT,Sản xuất
DPTCC,DPTCC250-6B5ID,Sản xuất
DPTCC,DPTCC250-5B5ID,Sản xuất
DPTCC,DPTCC250-4B5ID,Sản xuất
DPTCC,DPTCC250-3B5ID,Sản xuất
DPTCC,DPTCC250-6B5SL,Sản xuất
DPTCC,DPTCC250-5B5SL,Sản xuất
DPTCC,DPTCC250-4B5SL,Sản xuất
DPTCC,DPTCC250-3B5SL,Sản xuất
DPTCC,DPTCC250-6P5HN,Sản xuất
DPTCC,DPTCC250-5P5HN,Sản xuất
DPTCC,DPTCC250-4P5HN,Sản xuất
DPTCC,DPTCC250-3P5HN,Sản xuất
DPTCC,DPTCC250-6P5HT,Sản xuất
DPTCC,DPTCC250-5P5HT,Sản xuất
DPTCC,DPTCC250-4P5HT,Sản xuất
DPTCC,DPTCC250-3P5HT,Sản xuất
DPTCC,DPTCC250-6P5HD,Sản xuất
DPTCC,DPTCC250-5P5HD,Sản xuất
DPTCC,DPTCC250-4P5HD,Sản xuất
DPTCC,DPTCC250-3P5HD,Sản xuất
DPTCC,DPTCC250-6P5DN,Sản xuất
DPTCC,DPTCC250-5P5DN,Sản xuất
DPTCC,DPTCC250-4P5DN,Sản xuất
DPTCC,DPTCC250-3P5DN,Sản xuất
DPTCC,DPTCC250-6P5DT,Sản xuất
DPTCC,DPTCC250-5P5DT,Sản xuất
DPTCC,DPTCC250-4P5DT,Sản xuất
DPTCC,DPTCC250-3P5DT,Sản xuất
DPTCC,DPTCC250-6P5PT,Sản xuất
DPTCC,DPTCC250-5P5PT,Sản xuất
DPTCC,DPTCC250-4P5PT,Sản xuất
DPTCC,DPTCC250-3P5PT,Sản xuất
DPTCC,DPTCC250-6P5PD,Sản xuất
DPTCC,DPTCC250-5P5PD,Sản xuất
DPTCC,DPTCC250-4P5PD,Sản xuất
DPTCC,DPTCC250-3P5PD,Sản xuất
DPTCC,DPTCC250-6P5MT,Sản xuất
DPTCC,DPTCC250-5P5MT,Sản xuất
DPTCC,DPTCC250-4P5MT,Sản xuất
DPTCC,DPTCC250-3P5MT,Sản xuất
DPTCC,DPTCC250-6P5ID,Sản xuất
DPTCC,DPTCC250-5P5ID,Sản xuất
DPTCC,DPTCC250-4P5ID,Sản xuất
DPTCC,DPTCC250-3P5ID,Sản xuất
DPTCC,DPTCC250-6P5SL,Sản xuất
DPTCC,DPTCC250-5P5SL,Sản xuất
DPTCC,DPTCC250-4P5SL,Sản xuất
DPTCC,DPTCC250-3P5SL,Sản xuất
DPTCC,DPTCC250-RTFHN,Sản xuất
DPTCC,DPTCC250-GTFHN,Sản xuất
DPTCC,DPTCC250-BTFHN,Sản xuất
DPTCC,DPTCC250-RTFHT,Sản xuất
DPTCC,DPTCC250-GTFHT,Sản xuất
DPTCC,DPTCC250-BTFHT,Sản xuất
DPTCC,DPTCC250-RTFHD,Sản xuất
DPTCC,DPTCC250-GTFHD,Sản xuất
DPTCC,DPTCC250-BTFHD,Sản xuất
DPTCC,DPTCC250-RTFDN,Sản xuất
DPTCC,DPTCC250-GTFDN,Sản xuất
DPTCC,DPTCC250-BTFDN,Sản xuất
DPTCC,DPTCC250-RTFDT,Sản xuất
DPTCC,DPTCC250-GTFDT,Sản xuất
DPTCC,DPTCC250-BTFDT,Sản xuất
DPTCC,DPTCC250-RTFPT,Sản xuất
DPTCC,DPTCC250-GTFPT,Sản xuất
DPTCC,DPTCC250-BTFPT,Sản xuất
DPTCC,DPTCC250-RTFPD,Sản xuất
DPTCC,DPTCC250-GTFPD,Sản xuất
DPTCC,DPTCC250-BTFPD,Sản xuất
DPTCC,DPTCC250-RTFMT,Sản xuất
DPTCC,DPTCC250-GTFMT,Sản xuất
DPTCC,DPTCC250-BTFMT,Sản xuất
DPTCC,DPTCC250-RTFID,Sản xuất
DPTCC,DPTCC250-GTFID,Sản xuất
DPTCC,DPTCC250-BTFID,Sản xuất
DPTCC,DPTCC250-RTFSL,Sản xuất
DPTCC,DPTCC250-GTFSL,Sản xuất
DPTCC,DPTCC250-BTFSL,Sản xuất
DPTCC,DPTCC250-CBCHC,Sản xuất
DPTCC,DPTCC300-6B3HN,Sản xuất
DPTCC,DPTCC300-5B3HN,Sản xuất
DPTCC,DPTCC300-4B3HN,Sản xuất
DPTCC,DPTCC300-3B3HN,Sản xuất
DPTCC,DPTCC300-6B3HT,Sản xuất
DPTCC,DPTCC300-5B3HT,Sản xuất
DPTCC,DPTCC300-4B3HT,Sản xuất
DPTCC,DPTCC300-3B3HT,Sản xuất
DPTCC,DPTCC300-6B3HD,Sản xuất
DPTCC,DPTCC300-5B3HD,Sản xuất
DPTCC,DPTCC300-4B3HD,Sản xuất
DPTCC,DPTCC300-3B3HD,Sản xuất
DPTCC,DPTCC300-6B3DN,Sản xuất
DPTCC,DPTCC300-5B3DN,Sản xuất
DPTCC,DPTCC300-4B3DN,Sản xuất
DPTCC,DPTCC300-3B3DN,Sản xuất
DPTCC,DPTCC300-6B3DT,Sản xuất
DPTCC,DPTCC300-5B3DT,Sản xuất
DPTCC,DPTCC300-4B3DT,Sản xuất
DPTCC,DPTCC300-3B3DT,Sản xuất
DPTCC,DPTCC300-6B3PT,Sản xuất
DPTCC,DPTCC300-5B3PT,Sản xuất
DPTCC,DPTCC300-4B3PT,Sản xuất
DPTCC,DPTCC300-3B3PT,Sản xuất
DPTCC,DPTCC300-6B3PD,Sản xuất
DPTCC,DPTCC300-5B3PD,Sản xuất
DPTCC,DPTCC300-4B3PD,Sản xuất
DPTCC,DPTCC300-3B3PD,Sản xuất
DPTCC,DPTCC300-6B3MT,Sản xuất
DPTCC,DPTCC300-5B3MT,Sản xuất
DPTCC,DPTCC300-4B3MT,Sản xuất
DPTCC,DPTCC300-3B3MT,Sản xuất
DPTCC,DPTCC300-6B3ID,Sản xuất
DPTCC,DPTCC300-5B3ID,Sản xuất
DPTCC,DPTCC300-4B3ID,Sản xuất
DPTCC,DPTCC300-3B3ID,Sản xuất
DPTCC,DPTCC300-6B3SL,Sản xuất
DPTCC,DPTCC300-5B3SL,Sản xuất
DPTCC,DPTCC300-4B3SL,Sản xuất
DPTCC,DPTCC300-3B3SL,Sản xuất
DPTCC,DPTCC300-6P3HN,Sản xuất
DPTCC,DPTCC300-5P3HN,Sản xuất
DPTCC,DPTCC300-4P3HN,Sản xuất
DPTCC,DPTCC300-3P3HN,Sản xuất
DPTCC,DPTCC300-6P3HT,Sản xuất
DPTCC,DPTCC300-5P3HT,Sản xuất
DPTCC,DPTCC300-4P3HT,Sản xuất
DPTCC,DPTCC300-3P3HT,Sản xuất
DPTCC,DPTCC300-6P3HD,Sản xuất
DPTCC,DPTCC300-5P3HD,Sản xuất
DPTCC,DPTCC300-4P3HD,Sản xuất
DPTCC,DPTCC300-3P3HD,Sản xuất
DPTCC,DPTCC300-6P3DN,Sản xuất
DPTCC,DPTCC300-5P3DN,Sản xuất
DPTCC,DPTCC300-4P3DN,Sản xuất
DPTCC,DPTCC300-3P3DN,Sản xuất
DPTCC,DPTCC300-6P3DT,Sản xuất
DPTCC,DPTCC300-5P3DT,Sản xuất
DPTCC,DPTCC300-4P3DT,Sản xuất
DPTCC,DPTCC300-3P3DT,Sản xuất
DPTCC,DPTCC300-6P3PT,Sản xuất
DPTCC,DPTCC300-5P3PT,Sản xuất
DPTCC,DPTCC300-4P3PT,Sản xuất
DPTCC,DPTCC300-3P3PT,Sản xuất
DPTCC,DPTCC300-6P3PD,Sản xuất
DPTCC,DPTCC300-5P3PD,Sản xuất
DPTCC,DPTCC300-4P3PD,Sản xuất
DPTCC,DPTCC300-3P3PD,Sản xuất
DPTCC,DPTCC300-6P3MT,Sản xuất
DPTCC,DPTCC300-5P3MT,Sản xuất
DPTCC,DPTCC300-4P3MT,Sản xuất
DPTCC,DPTCC300-3P3MT,Sản xuất
DPTCC,DPTCC300-6P3ID,Sản xuất
DPTCC,DPTCC300-5P3ID,Sản xuất
DPTCC,DPTCC300-4P3ID,Sản xuất
DPTCC,DPTCC300-3P3ID,Sản xuất
DPTCC,DPTCC300-6P3SL,Sản xuất
DPTCC,DPTCC300-5P3SL,Sản xuất
DPTCC,DPTCC300-4P3SL,Sản xuất
DPTCC,DPTCC300-3P3SL,Sản xuất
DPTCC,DPTCC300-6B5HN,Sản xuất
DPTCC,DPTCC300-5B5HN,Sản xuất
DPTCC,DPTCC300-4B5HN,Sản xuất
DPTCC,DPTCC300-3B5HN,Sản xuất
DPTCC,DPTCC300-6B5HT,Sản xuất
DPTCC,DPTCC300-5B5HT,Sản xuất
DPTCC,DPTCC300-4B5HT,Sản xuất
DPTCC,DPTCC300-3B5HT,Sản xuất
DPTCC,DPTCC300-6B5HD,Sản xuất
DPTCC,DPTCC300-5B5HD,Sản xuất
DPTCC,DPTCC300-4B5HD,Sản xuất
DPTCC,DPTCC300-3B5HD,Sản xuất
DPTCC,DPTCC300-6B5DN,Sản xuất
DPTCC,DPTCC300-5B5DN,Sản xuất
DPTCC,DPTCC300-4B5DN,Sản xuất
DPTCC,DPTCC300-3B5DN,Sản xuất
DPTCC,DPTCC300-6B5DT,Sản xuất
DPTCC,DPTCC300-5B5DT,Sản xuất
DPTCC,DPTCC300-4B5DT,Sản xuất
DPTCC,DPTCC300-3B5DT,Sản xuất
DPTCC,DPTCC300-6B5PT,Sản xuất
DPTCC,DPTCC300-5B5PT,Sản xuất
DPTCC,DPTCC300-4B5PT,Sản xuất
DPTCC,DPTCC300-3B5PT,Sản xuất
DPTCC,DPTCC300-6B5PD,Sản xuất
DPTCC,DPTCC300-5B5PD,Sản xuất
DPTCC,DPTCC300-4B5PD,Sản xuất
DPTCC,DPTCC300-3B5PD,Sản xuất
DPTCC,DPTCC300-6B5MT,Sản xuất
DPTCC,DPTCC300-5B5MT,Sản xuất
DPTCC,DPTCC300-4B5MT,Sản xuất
DPTCC,DPTCC300-3B5MT,Sản xuất
DPTCC,DPTCC300-6B5ID,Sản xuất
DPTCC,DPTCC300-5B5ID,Sản xuất
DPTCC,DPTCC300-4B5ID,Sản xuất
DPTCC,DPTCC300-3B5ID,Sản xuất
DPTCC,DPTCC300-6B5SL,Sản xuất
DPTCC,DPTCC300-5B5SL,Sản xuất
DPTCC,DPTCC300-4B5SL,Sản xuất
DPTCC,DPTCC300-3B5SL,Sản xuất
DPTCC,DPTCC300-6P5HN,Sản xuất
DPTCC,DPTCC300-5P5HN,Sản xuất
DPTCC,DPTCC300-4P5HN,Sản xuất
DPTCC,DPTCC300-3P5HN,Sản xuất
DPTCC,DPTCC300-6P5HT,Sản xuất
DPTCC,DPTCC300-5P5HT,Sản xuất
DPTCC,DPTCC300-4P5HT,Sản xuất
DPTCC,DPTCC300-3P5HT,Sản xuất
DPTCC,DPTCC300-6P5HD,Sản xuất
DPTCC,DPTCC300-5P5HD,Sản xuất
DPTCC,DPTCC300-4P5HD,Sản xuất
DPTCC,DPTCC300-3P5HD,Sản xuất
DPTCC,DPTCC300-6P5DN,Sản xuất
DPTCC,DPTCC300-5P5DN,Sản xuất
DPTCC,DPTCC300-4P5DN,Sản xuất
DPTCC,DPTCC300-3P5DN,Sản xuất
DPTCC,DPTCC300-6P5DT,Sản xuất
DPTCC,DPTCC300-5P5DT,Sản xuất
DPTCC,DPTCC300-4P5DT,Sản xuất
DPTCC,DPTCC300-3P5DT,Sản xuất
DPTCC,DPTCC300-6P5PT,Sản xuất
DPTCC,DPTCC300-5P5PT,Sản xuất
DPTCC,DPTCC300-4P5PT,Sản xuất
DPTCC,DPTCC300-3P5PT,Sản xuất
DPTCC,DPTCC300-6P5PD,Sản xuất
DPTCC,DPTCC300-5P5PD,Sản xuất
DPTCC,DPTCC300-4P5PD,Sản xuất
DPTCC,DPTCC300-3P5PD,Sản xuất
DPTCC,DPTCC300-6P5MT,Sản xuất
DPTCC,DPTCC300-5P5MT,Sản xuất
DPTCC,DPTCC300-4P5MT,Sản xuất
DPTCC,DPTCC300-3P5MT,Sản xuất
DPTCC,DPTCC300-6P5ID,Sản xuất
DPTCC,DPTCC300-5P5ID,Sản xuất
DPTCC,DPTCC300-4P5ID,Sản xuất
DPTCC,DPTCC300-3P5ID,Sản xuất
DPTCC,DPTCC300-6P5SL,Sản xuất
DPTCC,DPTCC300-5P5SL,Sản xuất
DPTCC,DPTCC300-4P5SL,Sản xuất
DPTCC,DPTCC300-3P5SL,Sản xuất
DPTCC,DPTCC300-RTFHN,Sản xuất
DPTCC,DPTCC300-GTFHN,Sản xuất
DPTCC,DPTCC300-BTFHN,Sản xuất
DPTCC,DPTCC300-RTFHT,Sản xuất
DPTCC,DPTCC300-GTFHT,Sản xuất
DPTCC,DPTCC300-BTFHT,Sản xuất
DPTCC,DPTCC300-RTFHD,Sản xuất
DPTCC,DPTCC300-GTFHD,Sản xuất
DPTCC,DPTCC300-BTFHD,Sản xuất
DPTCC,DPTCC300-RTFDN,Sản xuất
DPTCC,DPTCC300-GTFDN,Sản xuất
DPTCC,DPTCC300-BTFDN,Sản xuất
DPTCC,DPTCC300-RTFDT,Sản xuất
DPTCC,DPTCC300-GTFDT,Sản xuất
DPTCC,DPTCC300-BTFDT,Sản xuất
DPTCC,DPTCC300-RTFPT,Sản xuất
DPTCC,DPTCC300-GTFPT,Sản xuất
DPTCC,DPTCC300-BTFPT,Sản xuất
DPTCC,DPTCC300-RTFPD,Sản xuất
DPTCC,DPTCC300-GTFPD,Sản xuất
DPTCC,DPTCC300-BTFPD,Sản xuất
DPTCC,DPTCC300-RTFMT,Sản xuất
DPTCC,DPTCC300-GTFMT,Sản xuất
DPTCC,DPTCC300-BTFMT,Sản xuất
DPTCC,DPTCC300-RTFID,Sản xuất
DPTCC,DPTCC300-GTFID,Sản xuất
DPTCC,DPTCC300-BTFID,Sản xuất
DPTCC,DPTCC300-RTFSL,Sản xuất
DPTCC,DPTCC300-GTFSL,Sản xuất
DPTCC,DPTCC300-BTFSL,Sản xuất
DPTCC,DPTCC300-CBCHC,Sản xuất
DPTCC,DPTCC400-6B3HN,Sản xuất
DPTCC,DPTCC400-5B3HN,Sản xuất
DPTCC,DPTCC400-4B3HN,Sản xuất
DPTCC,DPTCC400-3B3HN,Sản xuất
DPTCC,DPTCC400-6B3HT,Sản xuất
DPTCC,DPTCC400-5B3HT,Sản xuất
DPTCC,DPTCC400-4B3HT,Sản xuất
DPTCC,DPTCC400-3B3HT,Sản xuất
DPTCC,DPTCC400-6B3HD,Sản xuất
DPTCC,DPTCC400-5B3HD,Sản xuất
DPTCC,DPTCC400-4B3HD,Sản xuất
DPTCC,DPTCC400-3B3HD,Sản xuất
DPTCC,DPTCC400-6B3DN,Sản xuất
DPTCC,DPTCC400-5B3DN,Sản xuất
DPTCC,DPTCC400-4B3DN,Sản xuất
DPTCC,DPTCC400-3B3DN,Sản xuất
DPTCC,DPTCC400-6B3DT,Sản xuất
DPTCC,DPTCC400-5B3DT,Sản xuất
DPTCC,DPTCC400-4B3DT,Sản xuất
DPTCC,DPTCC400-3B3DT,Sản xuất
DPTCC,DPTCC400-6B3PT,Sản xuất
DPTCC,DPTCC400-5B3PT,Sản xuất
DPTCC,DPTCC400-4B3PT,Sản xuất
DPTCC,DPTCC400-3B3PT,Sản xuất
DPTCC,DPTCC400-6B3PD,Sản xuất
DPTCC,DPTCC400-5B3PD,Sản xuất
DPTCC,DPTCC400-4B3PD,Sản xuất
DPTCC,DPTCC400-3B3PD,Sản xuất
DPTCC,DPTCC400-6B3MT,Sản xuất
DPTCC,DPTCC400-5B3MT,Sản xuất
DPTCC,DPTCC400-4B3MT,Sản xuất
DPTCC,DPTCC400-3B3MT,Sản xuất
DPTCC,DPTCC400-6B3ID,Sản xuất
DPTCC,DPTCC400-5B3ID,Sản xuất
DPTCC,DPTCC400-4B3ID,Sản xuất
DPTCC,DPTCC400-3B3ID,Sản xuất
DPTCC,DPTCC400-6B3SL,Sản xuất
DPTCC,DPTCC400-5B3SL,Sản xuất
DPTCC,DPTCC400-4B3SL,Sản xuất
DPTCC,DPTCC400-3B3SL,Sản xuất
DPTCC,DPTCC400-6P3HN,Sản xuất
DPTCC,DPTCC400-5P3HN,Sản xuất
DPTCC,DPTCC400-4P3HN,Sản xuất
DPTCC,DPTCC400-3P3HN,Sản xuất
DPTCC,DPTCC400-6P3HT,Sản xuất
DPTCC,DPTCC400-5P3HT,Sản xuất
DPTCC,DPTCC400-4P3HT,Sản xuất
DPTCC,DPTCC400-3P3HT,Sản xuất
DPTCC,DPTCC400-6P3HD,Sản xuất
DPTCC,DPTCC400-5P3HD,Sản xuất
DPTCC,DPTCC400-4P3HD,Sản xuất
DPTCC,DPTCC400-3P3HD,Sản xuất
DPTCC,DPTCC400-6P3DN,Sản xuất
DPTCC,DPTCC400-5P3DN,Sản xuất
DPTCC,DPTCC400-4P3DN,Sản xuất
DPTCC,DPTCC400-3P3DN,Sản xuất
DPTCC,DPTCC400-6P3DT,Sản xuất
DPTCC,DPTCC400-5P3DT,Sản xuất
DPTCC,DPTCC400-4P3DT,Sản xuất
DPTCC,DPTCC400-3P3DT,Sản xuất
DPTCC,DPTCC400-6P3PT,Sản xuất
DPTCC,DPTCC400-5P3PT,Sản xuất
DPTCC,DPTCC400-4P3PT,Sản xuất
DPTCC,DPTCC400-3P3PT,Sản xuất
DPTCC,DPTCC400-6P3PD,Sản xuất
DPTCC,DPTCC400-5P3PD,Sản xuất
DPTCC,DPTCC400-4P3PD,Sản xuất
DPTCC,DPTCC400-3P3PD,Sản xuất
DPTCC,DPTCC400-6P3MT,Sản xuất
DPTCC,DPTCC400-5P3MT,Sản xuất
DPTCC,DPTCC400-4P3MT,Sản xuất
DPTCC,DPTCC400-3P3MT,Sản xuất
DPTCC,DPTCC400-6P3ID,Sản xuất
DPTCC,DPTCC400-5P3ID,Sản xuất
DPTCC,DPTCC400-4P3ID,Sản xuất
DPTCC,DPTCC400-3P3ID,Sản xuất
DPTCC,DPTCC400-6P3SL,Sản xuất
DPTCC,DPTCC400-5P3SL,Sản xuất
DPTCC,DPTCC400-4P3SL,Sản xuất
DPTCC,DPTCC400-3P3SL,Sản xuất
DPTCC,DPTCC400-6B5HN,Sản xuất
DPTCC,DPTCC400-5B5HN,Sản xuất
DPTCC,DPTCC400-4B5HN,Sản xuất
DPTCC,DPTCC400-3B5HN,Sản xuất
DPTCC,DPTCC400-6B5HT,Sản xuất
DPTCC,DPTCC400-5B5HT,Sản xuất
DPTCC,DPTCC400-4B5HT,Sản xuất
DPTCC,DPTCC400-3B5HT,Sản xuất
DPTCC,DPTCC400-6B5HD,Sản xuất
DPTCC,DPTCC400-5B5HD,Sản xuất
DPTCC,DPTCC400-4B5HD,Sản xuất
DPTCC,DPTCC400-3B5HD,Sản xuất
DPTCC,DPTCC400-6B5DN,Sản xuất
DPTCC,DPTCC400-5B5DN,Sản xuất
DPTCC,DPTCC400-4B5DN,Sản xuất
DPTCC,DPTCC400-3B5DN,Sản xuất
DPTCC,DPTCC400-6B5DT,Sản xuất
DPTCC,DPTCC400-5B5DT,Sản xuất
DPTCC,DPTCC400-4B5DT,Sản xuất
DPTCC,DPTCC400-3B5DT,Sản xuất
DPTCC,DPTCC400-6B5PT,Sản xuất
DPTCC,DPTCC400-5B5PT,Sản xuất
DPTCC,DPTCC400-4B5PT,Sản xuất
DPTCC,DPTCC400-3B5PT,Sản xuất
DPTCC,DPTCC400-6B5PD,Sản xuất
DPTCC,DPTCC400-5B5PD,Sản xuất
DPTCC,DPTCC400-4B5PD,Sản xuất
DPTCC,DPTCC400-3B5PD,Sản xuất
DPTCC,DPTCC400-6B5MT,Sản xuất
DPTCC,DPTCC400-5B5MT,Sản xuất
DPTCC,DPTCC400-4B5MT,Sản xuất
DPTCC,DPTCC400-3B5MT,Sản xuất
DPTCC,DPTCC400-6B5ID,Sản xuất
DPTCC,DPTCC400-5B5ID,Sản xuất
DPTCC,DPTCC400-4B5ID,Sản xuất
DPTCC,DPTCC400-3B5ID,Sản xuất
DPTCC,DPTCC400-6B5SL,Sản xuất
DPTCC,DPTCC400-5B5SL,Sản xuất
DPTCC,DPTCC400-4B5SL,Sản xuất
DPTCC,DPTCC400-3B5SL,Sản xuất
DPTCC,DPTCC400-6P5HN,Sản xuất
DPTCC,DPTCC400-5P5HN,Sản xuất
DPTCC,DPTCC400-4P5HN,Sản xuất
DPTCC,DPTCC400-3P5HN,Sản xuất
DPTCC,DPTCC400-6P5HT,Sản xuất
DPTCC,DPTCC400-5P5HT,Sản xuất
DPTCC,DPTCC400-4P5HT,Sản xuất
DPTCC,DPTCC400-3P5HT,Sản xuất
DPTCC,DPTCC400-6P5HD,Sản xuất
DPTCC,DPTCC400-5P5HD,Sản xuất
DPTCC,DPTCC400-4P5HD,Sản xuất
DPTCC,DPTCC400-3P5HD,Sản xuất
DPTCC,DPTCC400-6P5DN,Sản xuất
DPTCC,DPTCC400-5P5DN,Sản xuất
DPTCC,DPTCC400-4P5DN,Sản xuất
DPTCC,DPTCC400-3P5DN,Sản xuất
DPTCC,DPTCC400-6P5DT,Sản xuất
DPTCC,DPTCC400-5P5DT,Sản xuất
DPTCC,DPTCC400-4P5DT,Sản xuất
DPTCC,DPTCC400-3P5DT,Sản xuất
DPTCC,DPTCC400-6P5PT,Sản xuất
DPTCC,DPTCC400-5P5PT,Sản xuất
DPTCC,DPTCC400-4P5PT,Sản xuất
DPTCC,DPTCC400-3P5PT,Sản xuất
DPTCC,DPTCC400-6P5PD,Sản xuất
DPTCC,DPTCC400-5P5PD,Sản xuất
DPTCC,DPTCC400-4P5PD,Sản xuất
DPTCC,DPTCC400-3P5PD,Sản xuất
DPTCC,DPTCC400-6P5MT,Sản xuất
DPTCC,DPTCC400-5P5MT,Sản xuất
DPTCC,DPTCC400-4P5MT,Sản xuất
DPTCC,DPTCC400-3P5MT,Sản xuất
DPTCC,DPTCC400-6P5ID,Sản xuất
DPTCC,DPTCC400-5P5ID,Sản xuất
DPTCC,DPTCC400-4P5ID,Sản xuất
DPTCC,DPTCC400-3P5ID,Sản xuất
DPTCC,DPTCC400-6P5SL,Sản xuất
DPTCC,DPTCC400-5P5SL,Sản xuất
DPTCC,DPTCC400-4P5SL,Sản xuất
DPTCC,DPTCC400-3P5SL,Sản xuất
DPTCC,DPTCC400-RTFHN,Sản xuất
DPTCC,DPTCC400-GTFHN,Sản xuất
DPTCC,DPTCC400-BTFHN,Sản xuất
DPTCC,DPTCC400-RTFHT,Sản xuất
DPTCC,DPTCC400-GTFHT,Sản xuất
DPTCC,DPTCC400-BTFHT,Sản xuất
DPTCC,DPTCC400-RTFHD,Sản xuất
DPTCC,DPTCC400-GTFHD,Sản xuất
DPTCC,DPTCC400-BTFHD,Sản xuất
DPTCC,DPTCC400-RTFDN,Sản xuất
DPTCC,DPTCC400-GTFDN,Sản xuất
DPTCC,DPTCC400-BTFDN,Sản xuất
DPTCC,DPTCC400-RTFDT,Sản xuất
DPTCC,DPTCC400-GTFDT,Sản xuất
DPTCC,DPTCC400-BTFDT,Sản xuất
DPTCC,DPTCC400-RTFPT,Sản xuất
DPTCC,DPTCC400-GTFPT,Sản xuất
DPTCC,DPTCC400-BTFPT,Sản xuất
DPTCC,DPTCC400-RTFPD,Sản xuất
DPTCC,DPTCC400-GTFPD,Sản xuất
DPTCC,DPTCC400-BTFPD,Sản xuất
DPTCC,DPTCC400-RTFMT,Sản xuất
DPTCC,DPTCC400-GTFMT,Sản xuất
DPTCC,DPTCC400-BTFMT,Sản xuất
DPTCC,DPTCC400-RTFID,Sản xuất
DPTCC,DPTCC400-GTFID,Sản xuất
DPTCC,DPTCC400-BTFID,Sản xuất
DPTCC,DPTCC400-RTFSL,Sản xuất
DPTCC,DPTCC400-GTFSL,Sản xuất
DPTCC,DPTCC400-BTFSL,Sản xuất
DPTCC,DPTCC400-CBCHC,Sản xuất
DPTCC,DPTCC500-6B3HN,Sản xuất
DPTCC,DPTCC500-5B3HN,Sản xuất
DPTCC,DPTCC500-4B3HN,Sản xuất
DPTCC,DPTCC500-3B3HN,Sản xuất
DPTCC,DPTCC500-6B3DN,Sản xuất
DPTCC,DPTCC500-5B3DN,Sản xuất
DPTCC,DPTCC500-4B3DN,Sản xuất
DPTCC,DPTCC500-3B3DN,Sản xuất
DPTCC,DPTCC500-6B3SL,Sản xuất
DPTCC,DPTCC500-5B3SL,Sản xuất
DPTCC,DPTCC500-4B3SL,Sản xuất
DPTCC,DPTCC500-3B3SL,Sản xuất
DPTCC,DPTCC500-6P3HN,Sản xuất
DPTCC,DPTCC500-5P3HN,Sản xuất
DPTCC,DPTCC500-4P3HN,Sản xuất
DPTCC,DPTCC500-3P3HN,Sản xuất
DPTCC,DPTCC500-6P3DN,Sản xuất
DPTCC,DPTCC500-5P3DN,Sản xuất
DPTCC,DPTCC500-4P3DN,Sản xuất
DPTCC,DPTCC500-3P3DN,Sản xuất
DPTCC,DPTCC500-6P3SL,Sản xuất
DPTCC,DPTCC500-5P3SL,Sản xuất
DPTCC,DPTCC500-4P3SL,Sản xuất
DPTCC,DPTCC500-3P3SL,Sản xuất
DPTCC,DPTCC500-6B5HN,Sản xuất
DPTCC,DPTCC500-5B5HN,Sản xuất
DPTCC,DPTCC500-4B5HN,Sản xuất
DPTCC,DPTCC500-3B5HN,Sản xuất
DPTCC,DPTCC500-6B5DN,Sản xuất
DPTCC,DPTCC500-5B5DN,Sản xuất
DPTCC,DPTCC500-4B5DN,Sản xuất
DPTCC,DPTCC500-3B5DN,Sản xuất
DPTCC,DPTCC500-6B5SL,Sản xuất
DPTCC,DPTCC500-5B5SL,Sản xuất
DPTCC,DPTCC500-4B5SL,Sản xuất
DPTCC,DPTCC500-3B5SL,Sản xuất
DPTCC,DPTCC500-6P5HN,Sản xuất
DPTCC,DPTCC500-5P5HN,Sản xuất
DPTCC,DPTCC500-4P5HN,Sản xuất
DPTCC,DPTCC500-3P5HN,Sản xuất
DPTCC,DPTCC500-6P5DN,Sản xuất
DPTCC,DPTCC500-5P5DN,Sản xuất
DPTCC,DPTCC500-4P5DN,Sản xuất
DPTCC,DPTCC500-3P5DN,Sản xuất
DPTCC,DPTCC500-6P5SL,Sản xuất
DPTCC,DPTCC500-5P5SL,Sản xuất
DPTCC,DPTCC500-4P5SL,Sản xuất
DPTCC,DPTCC500-3P5SL,Sản xuất
DPTCC,DPTCC500-RTFHN,Sản xuất
DPTCC,DPTCC500-GTFHN,Sản xuất
DPTCC,DPTCC500-BTFHN,Sản xuất
DPTCC,DPTCC500-RTFDN,Sản xuất
DPTCC,DPTCC500-GTFDN,Sản xuất
DPTCC,DPTCC500-BTFDN,Sản xuất
DPTCC,DPTCC500-RTFSL,Sản xuất
DPTCC,DPTCC500-GTFSL,Sản xuất
DPTCC,DPTCC500-BTFSL,Sản xuất
DPTCC,DPTCC500-CBCHC,Sản xuất
DPTCC,DPTCC600-6B3HN,Sản xuất
DPTCC,DPTCC600-5B3HN,Sản xuất
DPTCC,DPTCC600-4B3HN,Sản xuất
DPTCC,DPTCC600-3B3HN,Sản xuất
DPTCC,DPTCC600-6B3DN,Sản xuất
DPTCC,DPTCC600-5B3DN,Sản xuất
DPTCC,DPTCC600-4B3DN,Sản xuất
DPTCC,DPTCC600-3B3DN,Sản xuất
DPTCC,DPTCC600-6B3SL,Sản xuất
DPTCC,DPTCC600-5B3SL,Sản xuất
DPTCC,DPTCC600-4B3SL,Sản xuất
DPTCC,DPTCC600-3B3SL,Sản xuất
DPTCC,DPTCC600-6P3HN,Sản xuất
DPTCC,DPTCC600-5P3HN,Sản xuất
DPTCC,DPTCC600-4P3HN,Sản xuất
DPTCC,DPTCC600-3P3HN,Sản xuất
DPTCC,DPTCC600-6P3DN,Sản xuất
DPTCC,DPTCC600-5P3DN,Sản xuất
DPTCC,DPTCC600-4P3DN,Sản xuất
DPTCC,DPTCC600-3P3DN,Sản xuất
DPTCC,DPTCC600-6P3SL,Sản xuất
DPTCC,DPTCC600-5P3SL,Sản xuất
DPTCC,DPTCC600-4P3SL,Sản xuất
DPTCC,DPTCC600-3P3SL,Sản xuất
DPTCC,DPTCC600-6B5HN,Sản xuất
DPTCC,DPTCC600-5B5HN,Sản xuất
DPTCC,DPTCC600-4B5HN,Sản xuất
DPTCC,DPTCC600-3B5HN,Sản xuất
DPTCC,DPTCC600-6B5DN,Sản xuất
DPTCC,DPTCC600-5B5DN,Sản xuất
DPTCC,DPTCC600-4B5DN,Sản xuất
DPTCC,DPTCC600-3B5DN,Sản xuất
DPTCC,DPTCC600-6B5SL,Sản xuất
DPTCC,DPTCC600-5B5SL,Sản xuất
DPTCC,DPTCC600-4B5SL,Sản xuất
DPTCC,DPTCC600-3B5SL,Sản xuất
DPTCC,DPTCC600-6P5HN,Sản xuất
DPTCC,DPTCC600-5P5HN,Sản xuất
DPTCC,DPTCC600-4P5HN,Sản xuất
DPTCC,DPTCC600-3P5HN,Sản xuất
DPTCC,DPTCC600-6P5DN,Sản xuất
DPTCC,DPTCC600-5P5DN,Sản xuất
DPTCC,DPTCC600-4P5DN,Sản xuất
DPTCC,DPTCC600-3P5DN,Sản xuất
DPTCC,DPTCC600-6P5SL,Sản xuất
DPTCC,DPTCC600-5P5SL,Sản xuất
DPTCC,DPTCC600-4P5SL,Sản xuất
DPTCC,DPTCC600-3P5SL,Sản xuất
DPTCC,DPTCC600-RTFHN,Sản xuất
DPTCC,DPTCC600-GTFHN,Sản xuất
DPTCC,DPTCC600-BTFHN,Sản xuất
DPTCC,DPTCC600-RTFDN,Sản xuất
DPTCC,DPTCC600-GTFDN,Sản xuất
DPTCC,DPTCC600-BTFDN,Sản xuất
DPTCC,DPTCC600-RTFSL,Sản xuất
DPTCC,DPTCC600-GTFSL,Sản xuất
DPTCC,DPTCC600-BTFSL,Sản xuất
DPTCC,DPTCC600-CBCHC,Sản xuất
DPTRC,DPTRC010-6B3HN,Sản xuất
DPTRC,DPTRC010-5B3HN,Sản xuất
DPTRC,DPTRC010-4B3HN,Sản xuất
DPTRC,DPTRC010-3B3HN,Sản xuất
DPTRC,DPTRC010-6B3DN,Sản xuất
DPTRC,DPTRC010-5B3DN,Sản xuất
DPTRC,DPTRC010-4B3DN,Sản xuất
DPTRC,DPTRC010-3B3DN,Sản xuất
DPTRC,DPTRC010-6B3SL,Sản xuất
DPTRC,DPTRC010-5B3SL,Sản xuất
DPTRC,DPTRC010-4B3SL,Sản xuất
DPTRC,DPTRC010-3B3SL,Sản xuất
DPTRC,DPTRC010-6P3HN,Sản xuất
DPTRC,DPTRC010-5P3HN,Sản xuất
DPTRC,DPTRC010-4P3HN,Sản xuất
DPTRC,DPTRC010-3P3HN,Sản xuất
DPTRC,DPTRC010-6P3DN,Sản xuất
DPTRC,DPTRC010-5P3DN,Sản xuất
DPTRC,DPTRC010-4P3DN,Sản xuất
DPTRC,DPTRC010-3P3DN,Sản xuất
DPTRC,DPTRC010-6P3SL,Sản xuất
DPTRC,DPTRC010-5P3SL,Sản xuất
DPTRC,DPTRC010-4P3SL,Sản xuất
DPTRC,DPTRC010-3P3SL,Sản xuất
DPTRC,DPTRC010-RTFHN,Sản xuất
DPTRC,DPTRC010-GTFHN,Sản xuất
DPTRC,DPTRC010-BTFHN,Sản xuất
DPTRC,DPTRC010-RTFDN,Sản xuất
DPTRC,DPTRC010-GTFDN,Sản xuất
DPTRC,DPTRC010-BTFDN,Sản xuất
DPTRC,DPTRC010-RTFSL,Sản xuất
DPTRC,DPTRC010-GTFSL,Sản xuất
DPTRC,DPTRC010-BTFSL,Sản xuất
DPTRC,DPTRC010-CBCHC,Sản xuất
DPTRC,DPTRC020-6B3HN,Sản xuất
DPTRC,DPTRC020-5B3HN,Sản xuất
DPTRC,DPTRC020-4B3HN,Sản xuất
DPTRC,DPTRC020-3B3HN,Sản xuất
DPTRC,DPTRC020-6B3DN,Sản xuất
DPTRC,DPTRC020-5B3DN,Sản xuất
DPTRC,DPTRC020-4B3DN,Sản xuất
DPTRC,DPTRC020-3B3DN,Sản xuất
DPTRC,DPTRC020-6B3SL,Sản xuất
DPTRC,DPTRC020-5B3SL,Sản xuất
DPTRC,DPTRC020-4B3SL,Sản xuất
DPTRC,DPTRC020-3B3SL,Sản xuất
DPTRC,DPTRC020-6P3HN,Sản xuất
DPTRC,DPTRC020-5P3HN,Sản xuất
DPTRC,DPTRC020-4P3HN,Sản xuất
DPTRC,DPTRC020-3P3HN,Sản xuất
DPTRC,DPTRC020-6P3DN,Sản xuất
DPTRC,DPTRC020-5P3DN,Sản xuất
DPTRC,DPTRC020-4P3DN,Sản xuất
DPTRC,DPTRC020-3P3DN,Sản xuất
DPTRC,DPTRC020-6P3SL,Sản xuất
DPTRC,DPTRC020-5P3SL,Sản xuất
DPTRC,DPTRC020-4P3SL,Sản xuất
DPTRC,DPTRC020-3P3SL,Sản xuất
DPTRC,DPTRC020-RTFHN,Sản xuất
DPTRC,DPTRC020-GTFHN,Sản xuất
DPTRC,DPTRC020-BTFHN,Sản xuất
DPTRC,DPTRC020-RTFDN,Sản xuất
DPTRC,DPTRC020-GTFDN,Sản xuất
DPTRC,DPTRC020-BTFDN,Sản xuất
DPTRC,DPTRC020-RTFSL,Sản xuất
DPTRC,DPTRC020-GTFSL,Sản xuất
DPTRC,DPTRC020-BTFSL,Sản xuất
DPTRC,DPTRC020-CBCHC,Sản xuất
DPTRC,DPTRC030-6B3HN,Sản xuất
DPTRC,DPTRC030-5B3HN,Sản xuất
DPTRC,DPTRC030-4B3HN,Sản xuất
DPTRC,DPTRC030-3B3HN,Sản xuất
DPTRC,DPTRC030-6B3DN,Sản xuất
DPTRC,DPTRC030-5B3DN,Sản xuất
DPTRC,DPTRC030-4B3DN,Sản xuất
DPTRC,DPTRC030-3B3DN,Sản xuất
DPTRC,DPTRC030-6B3SL,Sản xuất
DPTRC,DPTRC030-5B3SL,Sản xuất
DPTRC,DPTRC030-4B3SL,Sản xuất
DPTRC,DPTRC030-3B3SL,Sản xuất
DPTRC,DPTRC030-6P3HN,Sản xuất
DPTRC,DPTRC030-5P3HN,Sản xuất
DPTRC,DPTRC030-4P3HN,Sản xuất
DPTRC,DPTRC030-3P3HN,Sản xuất
DPTRC,DPTRC030-6P3DN,Sản xuất
DPTRC,DPTRC030-5P3DN,Sản xuất
DPTRC,DPTRC030-4P3DN,Sản xuất
DPTRC,DPTRC030-3P3DN,Sản xuất
DPTRC,DPTRC030-6P3SL,Sản xuất
DPTRC,DPTRC030-5P3SL,Sản xuất
DPTRC,DPTRC030-4P3SL,Sản xuất
DPTRC,DPTRC030-3P3SL,Sản xuất
DPTRC,DPTRC030-RTFHN,Sản xuất
DPTRC,DPTRC030-GTFHN,Sản xuất
DPTRC,DPTRC030-BTFHN,Sản xuất
DPTRC,DPTRC030-RTFDN,Sản xuất
DPTRC,DPTRC030-GTFDN,Sản xuất
DPTRC,DPTRC030-BTFDN,Sản xuất
DPTRC,DPTRC030-RTFSL,Sản xuất
DPTRC,DPTRC030-GTFSL,Sản xuất
DPTRC,DPTRC030-BTFSL,Sản xuất
DPTRC,DPTRC030-CBCHC,Sản xuất
DPTRC,DPTRC050-6B3HN,Sản xuất
DPTRC,DPTRC050-5B3HN,Sản xuất
DPTRC,DPTRC050-4B3HN,Sản xuất
DPTRC,DPTRC050-3B3HN,Sản xuất
DPTRC,DPTRC050-6B3HT,Sản xuất
DPTRC,DPTRC050-5B3HT,Sản xuất
DPTRC,DPTRC050-4B3HT,Sản xuất
DPTRC,DPTRC050-3B3HT,Sản xuất
DPTRC,DPTRC050-6B3HD,Sản xuất
DPTRC,DPTRC050-5B3HD,Sản xuất
DPTRC,DPTRC050-4B3HD,Sản xuất
DPTRC,DPTRC050-3B3HD,Sản xuất
DPTRC,DPTRC050-6B3DN,Sản xuất
DPTRC,DPTRC050-5B3DN,Sản xuất
DPTRC,DPTRC050-4B3DN,Sản xuất
DPTRC,DPTRC050-3B3DN,Sản xuất
DPTRC,DPTRC050-6B3DT,Sản xuất
DPTRC,DPTRC050-5B3DT,Sản xuất
DPTRC,DPTRC050-4B3DT,Sản xuất
DPTRC,DPTRC050-3B3DT,Sản xuất
DPTRC,DPTRC050-6B3PT,Sản xuất
DPTRC,DPTRC050-5B3PT,Sản xuất
DPTRC,DPTRC050-4B3PT,Sản xuất
DPTRC,DPTRC050-3B3PT,Sản xuất
DPTRC,DPTRC050-6B3PD,Sản xuất
DPTRC,DPTRC050-5B3PD,Sản xuất
DPTRC,DPTRC050-4B3PD,Sản xuất
DPTRC,DPTRC050-3B3PD,Sản xuất
DPTRC,DPTRC050-6B3MT,Sản xuất
DPTRC,DPTRC050-5B3MT,Sản xuất
DPTRC,DPTRC050-4B3MT,Sản xuất
DPTRC,DPTRC050-3B3MT,Sản xuất
DPTRC,DPTRC050-6B3ID,Sản xuất
DPTRC,DPTRC050-5B3ID,Sản xuất
DPTRC,DPTRC050-4B3ID,Sản xuất
DPTRC,DPTRC050-3B3ID,Sản xuất
DPTRC,DPTRC050-6B3SL,Sản xuất
DPTRC,DPTRC050-5B3SL,Sản xuất
DPTRC,DPTRC050-4B3SL,Sản xuất
DPTRC,DPTRC050-3B3SL,Sản xuất
DPTRC,DPTRC050-6P3HN,Sản xuất
DPTRC,DPTRC050-5P3HN,Sản xuất
DPTRC,DPTRC050-4P3HN,Sản xuất
DPTRC,DPTRC050-3P3HN,Sản xuất
DPTRC,DPTRC050-6P3HT,Sản xuất
DPTRC,DPTRC050-5P3HT,Sản xuất
DPTRC,DPTRC050-4P3HT,Sản xuất
DPTRC,DPTRC050-3P3HT,Sản xuất
DPTRC,DPTRC050-6P3HD,Sản xuất
DPTRC,DPTRC050-5P3HD,Sản xuất
DPTRC,DPTRC050-4P3HD,Sản xuất
DPTRC,DPTRC050-3P3HD,Sản xuất
DPTRC,DPTRC050-6P3DN,Sản xuất
DPTRC,DPTRC050-5P3DN,Sản xuất
DPTRC,DPTRC050-4P3DN,Sản xuất
DPTRC,DPTRC050-3P3DN,Sản xuất
DPTRC,DPTRC050-6P3DT,Sản xuất
DPTRC,DPTRC050-5P3DT,Sản xuất
DPTRC,DPTRC050-4P3DT,Sản xuất
DPTRC,DPTRC050-3P3DT,Sản xuất
DPTRC,DPTRC050-6P3PT,Sản xuất
DPTRC,DPTRC050-5P3PT,Sản xuất
DPTRC,DPTRC050-4P3PT,Sản xuất
DPTRC,DPTRC050-3P3PT,Sản xuất
DPTRC,DPTRC050-6P3PD,Sản xuất
DPTRC,DPTRC050-5P3PD,Sản xuất
DPTRC,DPTRC050-4P3PD,Sản xuất
DPTRC,DPTRC050-3P3PD,Sản xuất
DPTRC,DPTRC050-6P3MT,Sản xuất
DPTRC,DPTRC050-5P3MT,Sản xuất
DPTRC,DPTRC050-4P3MT,Sản xuất
DPTRC,DPTRC050-3P3MT,Sản xuất
DPTRC,DPTRC050-6P3ID,Sản xuất
DPTRC,DPTRC050-5P3ID,Sản xuất
DPTRC,DPTRC050-4P3ID,Sản xuất
DPTRC,DPTRC050-3P3ID,Sản xuất
DPTRC,DPTRC050-6P3SL,Sản xuất
DPTRC,DPTRC050-5P3SL,Sản xuất
DPTRC,DPTRC050-4P3SL,Sản xuất
DPTRC,DPTRC050-3P3SL,Sản xuất
DPTRC,DPTRC050-6B5HN,Sản xuất
DPTRC,DPTRC050-5B5HN,Sản xuất
DPTRC,DPTRC050-4B5HN,Sản xuất
DPTRC,DPTRC050-3B5HN,Sản xuất
DPTRC,DPTRC050-6B5HT,Sản xuất
DPTRC,DPTRC050-5B5HT,Sản xuất
DPTRC,DPTRC050-4B5HT,Sản xuất
DPTRC,DPTRC050-3B5HT,Sản xuất
DPTRC,DPTRC050-6B5HD,Sản xuất
DPTRC,DPTRC050-5B5HD,Sản xuất
DPTRC,DPTRC050-4B5HD,Sản xuất
DPTRC,DPTRC050-3B5HD,Sản xuất
DPTRC,DPTRC050-6B5DN,Sản xuất
DPTRC,DPTRC050-5B5DN,Sản xuất
DPTRC,DPTRC050-4B5DN,Sản xuất
DPTRC,DPTRC050-3B5DN,Sản xuất
DPTRC,DPTRC050-6B5DT,Sản xuất
DPTRC,DPTRC050-5B5DT,Sản xuất
DPTRC,DPTRC050-4B5DT,Sản xuất
DPTRC,DPTRC050-3B5DT,Sản xuất
DPTRC,DPTRC050-6B5PT,Sản xuất
DPTRC,DPTRC050-5B5PT,Sản xuất
DPTRC,DPTRC050-4B5PT,Sản xuất
DPTRC,DPTRC050-3B5PT,Sản xuất
DPTRC,DPTRC050-6B5PD,Sản xuất
DPTRC,DPTRC050-5B5PD,Sản xuất
DPTRC,DPTRC050-4B5PD,Sản xuất
DPTRC,DPTRC050-3B5PD,Sản xuất
DPTRC,DPTRC050-6B5MT,Sản xuất
DPTRC,DPTRC050-5B5MT,Sản xuất
DPTRC,DPTRC050-4B5MT,Sản xuất
DPTRC,DPTRC050-3B5MT,Sản xuất
DPTRC,DPTRC050-6B5ID,Sản xuất
DPTRC,DPTRC050-5B5ID,Sản xuất
DPTRC,DPTRC050-4B5ID,Sản xuất
DPTRC,DPTRC050-3B5ID,Sản xuất
DPTRC,DPTRC050-6B5SL,Sản xuất
DPTRC,DPTRC050-5B5SL,Sản xuất
DPTRC,DPTRC050-4B5SL,Sản xuất
DPTRC,DPTRC050-3B5SL,Sản xuất
DPTRC,DPTRC050-6P5HN,Sản xuất
DPTRC,DPTRC050-5P5HN,Sản xuất
DPTRC,DPTRC050-4P5HN,Sản xuất
DPTRC,DPTRC050-3P5HN,Sản xuất
DPTRC,DPTRC050-6P5HT,Sản xuất
DPTRC,DPTRC050-5P5HT,Sản xuất
DPTRC,DPTRC050-4P5HT,Sản xuất
DPTRC,DPTRC050-3P5HT,Sản xuất
DPTRC,DPTRC050-6P5HD,Sản xuất
DPTRC,DPTRC050-5P5HD,Sản xuất
DPTRC,DPTRC050-4P5HD,Sản xuất
DPTRC,DPTRC050-3P5HD,Sản xuất
DPTRC,DPTRC050-6P5DN,Sản xuất
DPTRC,DPTRC050-5P5DN,Sản xuất
DPTRC,DPTRC050-4P5DN,Sản xuất
DPTRC,DPTRC050-3P5DN,Sản xuất
DPTRC,DPTRC050-6P5DT,Sản xuất
DPTRC,DPTRC050-5P5DT,Sản xuất
DPTRC,DPTRC050-4P5DT,Sản xuất
DPTRC,DPTRC050-3P5DT,Sản xuất
DPTRC,DPTRC050-6P5PT,Sản xuất
DPTRC,DPTRC050-5P5PT,Sản xuất
DPTRC,DPTRC050-4P5PT,Sản xuất
DPTRC,DPTRC050-3P5PT,Sản xuất
DPTRC,DPTRC050-6P5PD,Sản xuất
DPTRC,DPTRC050-5P5PD,Sản xuất
DPTRC,DPTRC050-4P5PD,Sản xuất
DPTRC,DPTRC050-3P5PD,Sản xuất
DPTRC,DPTRC050-6P5MT,Sản xuất
DPTRC,DPTRC050-5P5MT,Sản xuất
DPTRC,DPTRC050-4P5MT,Sản xuất
DPTRC,DPTRC050-3P5MT,Sản xuất
DPTRC,DPTRC050-6P5ID,Sản xuất
DPTRC,DPTRC050-5P5ID,Sản xuất
DPTRC,DPTRC050-4P5ID,Sản xuất
DPTRC,DPTRC050-3P5ID,Sản xuất
DPTRC,DPTRC050-6P5SL,Sản xuất
DPTRC,DPTRC050-5P5SL,Sản xuất
DPTRC,DPTRC050-4P5SL,Sản xuất
DPTRC,DPTRC050-3P5SL,Sản xuất
DPTRC,DPTRC050-RTFHN,Sản xuất
DPTRC,DPTRC050-GTFHN,Sản xuất
DPTRC,DPTRC050-BTFHN,Sản xuất
DPTRC,DPTRC050-RTFHT,Sản xuất
DPTRC,DPTRC050-GTFHT,Sản xuất
DPTRC,DPTRC050-BTFHT,Sản xuất
DPTRC,DPTRC050-RTFHD,Sản xuất
DPTRC,DPTRC050-GTFHD,Sản xuất
DPTRC,DPTRC050-BTFHD,Sản xuất
DPTRC,DPTRC050-RTFDN,Sản xuất
DPTRC,DPTRC050-GTFDN,Sản xuất
DPTRC,DPTRC050-BTFDN,Sản xuất
DPTRC,DPTRC050-RTFDT,Sản xuất
DPTRC,DPTRC050-GTFDT,Sản xuất
DPTRC,DPTRC050-BTFDT,Sản xuất
DPTRC,DPTRC050-RTFPT,Sản xuất
DPTRC,DPTRC050-GTFPT,Sản xuất
DPTRC,DPTRC050-BTFPT,Sản xuất
DPTRC,DPTRC050-RTFPD,Sản xuất
DPTRC,DPTRC050-GTFPD,Sản xuất
DPTRC,DPTRC050-BTFPD,Sản xuất
DPTRC,DPTRC050-RTFMT,Sản xuất
DPTRC,DPTRC050-GTFMT,Sản xuất
DPTRC,DPTRC050-BTFMT,Sản xuất
DPTRC,DPTRC050-RTFID,Sản xuất
DPTRC,DPTRC050-GTFID,Sản xuất
DPTRC,DPTRC050-BTFID,Sản xuất
DPTRC,DPTRC050-RTFSL,Sản xuất
DPTRC,DPTRC050-GTFSL,Sản xuất
DPTRC,DPTRC050-BTFSL,Sản xuất
DPTRC,DPTRC050-CBCHC,Sản xuất
DPTRC,DPTRC100-6B3HN,Sản xuất
DPTRC,DPTRC100-5B3HN,Sản xuất
DPTRC,DPTRC100-4B3HN,Sản xuất
DPTRC,DPTRC100-3B3HN,Sản xuất
DPTRC,DPTRC100-6B3HT,Sản xuất
DPTRC,DPTRC100-5B3HT,Sản xuất
DPTRC,DPTRC100-4B3HT,Sản xuất
DPTRC,DPTRC100-3B3HT,Sản xuất
DPTRC,DPTRC100-6B3HD,Sản xuất
DPTRC,DPTRC100-5B3HD,Sản xuất
DPTRC,DPTRC100-4B3HD,Sản xuất
DPTRC,DPTRC100-3B3HD,Sản xuất
DPTRC,DPTRC100-6B3DN,Sản xuất
DPTRC,DPTRC100-5B3DN,Sản xuất
DPTRC,DPTRC100-4B3DN,Sản xuất
DPTRC,DPTRC100-3B3DN,Sản xuất
DPTRC,DPTRC100-6B3DT,Sản xuất
DPTRC,DPTRC100-5B3DT,Sản xuất
DPTRC,DPTRC100-4B3DT,Sản xuất
DPTRC,DPTRC100-3B3DT,Sản xuất
DPTRC,DPTRC100-6B3PT,Sản xuất
DPTRC,DPTRC100-5B3PT,Sản xuất
DPTRC,DPTRC100-4B3PT,Sản xuất
DPTRC,DPTRC100-3B3PT,Sản xuất
DPTRC,DPTRC100-6B3PD,Sản xuất
DPTRC,DPTRC100-5B3PD,Sản xuất
DPTRC,DPTRC100-4B3PD,Sản xuất
DPTRC,DPTRC100-3B3PD,Sản xuất
DPTRC,DPTRC100-6B3MT,Sản xuất
DPTRC,DPTRC100-5B3MT,Sản xuất
DPTRC,DPTRC100-4B3MT,Sản xuất
DPTRC,DPTRC100-3B3MT,Sản xuất
DPTRC,DPTRC100-6B3ID,Sản xuất
DPTRC,DPTRC100-5B3ID,Sản xuất
DPTRC,DPTRC100-4B3ID,Sản xuất
DPTRC,DPTRC100-3B3ID,Sản xuất
DPTRC,DPTRC100-6B3SL,Sản xuất
DPTRC,DPTRC100-5B3SL,Sản xuất
DPTRC,DPTRC100-4B3SL,Sản xuất
DPTRC,DPTRC100-3B3SL,Sản xuất
DPTRC,DPTRC100-6P3HN,Sản xuất
DPTRC,DPTRC100-5P3HN,Sản xuất
DPTRC,DPTRC100-4P3HN,Sản xuất
DPTRC,DPTRC100-3P3HN,Sản xuất
DPTRC,DPTRC100-6P3HT,Sản xuất
DPTRC,DPTRC100-5P3HT,Sản xuất
DPTRC,DPTRC100-4P3HT,Sản xuất
DPTRC,DPTRC100-3P3HT,Sản xuất
DPTRC,DPTRC100-6P3HD,Sản xuất
DPTRC,DPTRC100-5P3HD,Sản xuất
DPTRC,DPTRC100-4P3HD,Sản xuất
DPTRC,DPTRC100-3P3HD,Sản xuất
DPTRC,DPTRC100-6P3DN,Sản xuất
DPTRC,DPTRC100-5P3DN,Sản xuất
DPTRC,DPTRC100-4P3DN,Sản xuất
DPTRC,DPTRC100-3P3DN,Sản xuất
DPTRC,DPTRC100-6P3DT,Sản xuất
DPTRC,DPTRC100-5P3DT,Sản xuất
DPTRC,DPTRC100-4P3DT,Sản xuất
DPTRC,DPTRC100-3P3DT,Sản xuất
DPTRC,DPTRC100-6P3PT,Sản xuất
DPTRC,DPTRC100-5P3PT,Sản xuất
DPTRC,DPTRC100-4P3PT,Sản xuất
DPTRC,DPTRC100-3P3PT,Sản xuất
DPTRC,DPTRC100-6P3PD,Sản xuất
DPTRC,DPTRC100-5P3PD,Sản xuất
DPTRC,DPTRC100-4P3PD,Sản xuất
DPTRC,DPTRC100-3P3PD,Sản xuất
DPTRC,DPTRC100-6P3MT,Sản xuất
DPTRC,DPTRC100-5P3MT,Sản xuất
DPTRC,DPTRC100-4P3MT,Sản xuất
DPTRC,DPTRC100-3P3MT,Sản xuất
DPTRC,DPTRC100-6P3ID,Sản xuất
DPTRC,DPTRC100-5P3ID,Sản xuất
DPTRC,DPTRC100-4P3ID,Sản xuất
DPTRC,DPTRC100-3P3ID,Sản xuất
DPTRC,DPTRC100-6P3SL,Sản xuất
DPTRC,DPTRC100-5P3SL,Sản xuất
DPTRC,DPTRC100-4P3SL,Sản xuất
DPTRC,DPTRC100-3P3SL,Sản xuất
DPTRC,DPTRC100-6B5HN,Sản xuất
DPTRC,DPTRC100-5B5HN,Sản xuất
DPTRC,DPTRC100-4B5HN,Sản xuất
DPTRC,DPTRC100-3B5HN,Sản xuất
DPTRC,DPTRC100-6B5HT,Sản xuất
DPTRC,DPTRC100-5B5HT,Sản xuất
DPTRC,DPTRC100-4B5HT,Sản xuất
DPTRC,DPTRC100-3B5HT,Sản xuất
DPTRC,DPTRC100-6B5HD,Sản xuất
DPTRC,DPTRC100-5B5HD,Sản xuất
DPTRC,DPTRC100-4B5HD,Sản xuất
DPTRC,DPTRC100-3B5HD,Sản xuất
DPTRC,DPTRC100-6B5DN,Sản xuất
DPTRC,DPTRC100-5B5DN,Sản xuất
DPTRC,DPTRC100-4B5DN,Sản xuất
DPTRC,DPTRC100-3B5DN,Sản xuất
DPTRC,DPTRC100-6B5DT,Sản xuất
DPTRC,DPTRC100-5B5DT,Sản xuất
DPTRC,DPTRC100-4B5DT,Sản xuất
DPTRC,DPTRC100-3B5DT,Sản xuất
DPTRC,DPTRC100-6B5PT,Sản xuất
DPTRC,DPTRC100-5B5PT,Sản xuất
DPTRC,DPTRC100-4B5PT,Sản xuất
DPTRC,DPTRC100-3B5PT,Sản xuất
DPTRC,DPTRC100-6B5PD,Sản xuất
DPTRC,DPTRC100-5B5PD,Sản xuất
DPTRC,DPTRC100-4B5PD,Sản xuất
DPTRC,DPTRC100-3B5PD,Sản xuất
DPTRC,DPTRC100-6B5MT,Sản xuất
DPTRC,DPTRC100-5B5MT,Sản xuất
DPTRC,DPTRC100-4B5MT,Sản xuất
DPTRC,DPTRC100-3B5MT,Sản xuất
DPTRC,DPTRC100-6B5ID,Sản xuất
DPTRC,DPTRC100-5B5ID,Sản xuất
DPTRC,DPTRC100-4B5ID,Sản xuất
DPTRC,DPTRC100-3B5ID,Sản xuất
DPTRC,DPTRC100-6B5SL,Sản xuất
DPTRC,DPTRC100-5B5SL,Sản xuất
DPTRC,DPTRC100-4B5SL,Sản xuất
DPTRC,DPTRC100-3B5SL,Sản xuất
DPTRC,DPTRC100-6P5HN,Sản xuất
DPTRC,DPTRC100-5P5HN,Sản xuất
DPTRC,DPTRC100-4P5HN,Sản xuất
DPTRC,DPTRC100-3P5HN,Sản xuất
DPTRC,DPTRC100-6P5HT,Sản xuất
DPTRC,DPTRC100-5P5HT,Sản xuất
DPTRC,DPTRC100-4P5HT,Sản xuất
DPTRC,DPTRC100-3P5HT,Sản xuất
DPTRC,DPTRC100-6P5HD,Sản xuất
DPTRC,DPTRC100-5P5HD,Sản xuất
DPTRC,DPTRC100-4P5HD,Sản xuất
DPTRC,DPTRC100-3P5HD,Sản xuất
DPTRC,DPTRC100-6P5DN,Sản xuất
DPTRC,DPTRC100-5P5DN,Sản xuất
DPTRC,DPTRC100-4P5DN,Sản xuất
DPTRC,DPTRC100-3P5DN,Sản xuất
DPTRC,DPTRC100-6P5DT,Sản xuất
DPTRC,DPTRC100-5P5DT,Sản xuất
DPTRC,DPTRC100-4P5DT,Sản xuất
DPTRC,DPTRC100-3P5DT,Sản xuất
DPTRC,DPTRC100-6P5PT,Sản xuất
DPTRC,DPTRC100-5P5PT,Sản xuất
DPTRC,DPTRC100-4P5PT,Sản xuất
DPTRC,DPTRC100-3P5PT,Sản xuất
DPTRC,DPTRC100-6P5PD,Sản xuất
DPTRC,DPTRC100-5P5PD,Sản xuất
DPTRC,DPTRC100-4P5PD,Sản xuất
DPTRC,DPTRC100-3P5PD,Sản xuất
DPTRC,DPTRC100-6P5MT,Sản xuất
DPTRC,DPTRC100-5P5MT,Sản xuất
DPTRC,DPTRC100-4P5MT,Sản xuất
DPTRC,DPTRC100-3P5MT,Sản xuất
DPTRC,DPTRC100-6P5ID,Sản xuất
DPTRC,DPTRC100-5P5ID,Sản xuất
DPTRC,DPTRC100-4P5ID,Sản xuất
DPTRC,DPTRC100-3P5ID,Sản xuất
DPTRC,DPTRC100-6P5SL,Sản xuất
DPTRC,DPTRC100-5P5SL,Sản xuất
DPTRC,DPTRC100-4P5SL,Sản xuất
DPTRC,DPTRC100-3P5SL,Sản xuất
DPTRC,DPTRC100-RTFHN,Sản xuất
DPTRC,DPTRC100-GTFHN,Sản xuất
DPTRC,DPTRC100-BTFHN,Sản xuất
DPTRC,DPTRC100-RTFHT,Sản xuất
DPTRC,DPTRC100-GTFHT,Sản xuất
DPTRC,DPTRC100-BTFHT,Sản xuất
DPTRC,DPTRC100-RTFHD,Sản xuất
DPTRC,DPTRC100-GTFHD,Sản xuất
DPTRC,DPTRC100-BTFHD,Sản xuất
DPTRC,DPTRC100-RTFDN,Sản xuất
DPTRC,DPTRC100-GTFDN,Sản xuất
DPTRC,DPTRC100-BTFDN,Sản xuất
DPTRC,DPTRC100-RTFDT,Sản xuất
DPTRC,DPTRC100-GTFDT,Sản xuất
DPTRC,DPTRC100-BTFDT,Sản xuất
DPTRC,DPTRC100-RTFPT,Sản xuất
DPTRC,DPTRC100-GTFPT,Sản xuất
DPTRC,DPTRC100-BTFPT,Sản xuất
DPTRC,DPTRC100-RTFPD,Sản xuất
DPTRC,DPTRC100-GTFPD,Sản xuất
DPTRC,DPTRC100-BTFPD,Sản xuất
DPTRC,DPTRC100-RTFMT,Sản xuất
DPTRC,DPTRC100-GTFMT,Sản xuất
DPTRC,DPTRC100-BTFMT,Sản xuất
DPTRC,DPTRC100-RTFID,Sản xuất
DPTRC,DPTRC100-GTFID,Sản xuất
DPTRC,DPTRC100-BTFID,Sản xuất
DPTRC,DPTRC100-RTFSL,Sản xuất
DPTRC,DPTRC100-GTFSL,Sản xuất
DPTRC,DPTRC100-BTFSL,Sản xuất
DPTRC,DPTRC100-CBCHC,Sản xuất
DPTRC,DPTRC150-6B3HN,Sản xuất
DPTRC,DPTRC150-5B3HN,Sản xuất
DPTRC,DPTRC150-4B3HN,Sản xuất
DPTRC,DPTRC150-3B3HN,Sản xuất
DPTRC,DPTRC150-6B3HT,Sản xuất
DPTRC,DPTRC150-5B3HT,Sản xuất
DPTRC,DPTRC150-4B3HT,Sản xuất
DPTRC,DPTRC150-3B3HT,Sản xuất
DPTRC,DPTRC150-6B3HD,Sản xuất
DPTRC,DPTRC150-5B3HD,Sản xuất
DPTRC,DPTRC150-4B3HD,Sản xuất
DPTRC,DPTRC150-3B3HD,Sản xuất
DPTRC,DPTRC150-6B3DN,Sản xuất
DPTRC,DPTRC150-5B3DN,Sản xuất
DPTRC,DPTRC150-4B3DN,Sản xuất
DPTRC,DPTRC150-3B3DN,Sản xuất
DPTRC,DPTRC150-6B3DT,Sản xuất
DPTRC,DPTRC150-5B3DT,Sản xuất
DPTRC,DPTRC150-4B3DT,Sản xuất
DPTRC,DPTRC150-3B3DT,Sản xuất
DPTRC,DPTRC150-6B3PT,Sản xuất
DPTRC,DPTRC150-5B3PT,Sản xuất
DPTRC,DPTRC150-4B3PT,Sản xuất
DPTRC,DPTRC150-3B3PT,Sản xuất
DPTRC,DPTRC150-6B3PD,Sản xuất
DPTRC,DPTRC150-5B3PD,Sản xuất
DPTRC,DPTRC150-4B3PD,Sản xuất
DPTRC,DPTRC150-3B3PD,Sản xuất
DPTRC,DPTRC150-6B3MT,Sản xuất
DPTRC,DPTRC150-5B3MT,Sản xuất
DPTRC,DPTRC150-4B3MT,Sản xuất
DPTRC,DPTRC150-3B3MT,Sản xuất
DPTRC,DPTRC150-6B3ID,Sản xuất
DPTRC,DPTRC150-5B3ID,Sản xuất
DPTRC,DPTRC150-4B3ID,Sản xuất
DPTRC,DPTRC150-3B3ID,Sản xuất
DPTRC,DPTRC150-6B3SL,Sản xuất
DPTRC,DPTRC150-5B3SL,Sản xuất
DPTRC,DPTRC150-4B3SL,Sản xuất
DPTRC,DPTRC150-3B3SL,Sản xuất
DPTRC,DPTRC150-6P3HN,Sản xuất
DPTRC,DPTRC150-5P3HN,Sản xuất
DPTRC,DPTRC150-4P3HN,Sản xuất
DPTRC,DPTRC150-3P3HN,Sản xuất
DPTRC,DPTRC150-6P3HT,Sản xuất
DPTRC,DPTRC150-5P3HT,Sản xuất
DPTRC,DPTRC150-4P3HT,Sản xuất
DPTRC,DPTRC150-3P3HT,Sản xuất
DPTRC,DPTRC150-6P3HD,Sản xuất
DPTRC,DPTRC150-5P3HD,Sản xuất
DPTRC,DPTRC150-4P3HD,Sản xuất
DPTRC,DPTRC150-3P3HD,Sản xuất
DPTRC,DPTRC150-6P3DN,Sản xuất
DPTRC,DPTRC150-5P3DN,Sản xuất
DPTRC,DPTRC150-4P3DN,Sản xuất
DPTRC,DPTRC150-3P3DN,Sản xuất
DPTRC,DPTRC150-6P3DT,Sản xuất
DPTRC,DPTRC150-5P3DT,Sản xuất
DPTRC,DPTRC150-4P3DT,Sản xuất
DPTRC,DPTRC150-3P3DT,Sản xuất
DPTRC,DPTRC150-6P3PT,Sản xuất
DPTRC,DPTRC150-5P3PT,Sản xuất
DPTRC,DPTRC150-4P3PT,Sản xuất
DPTRC,DPTRC150-3P3PT,Sản xuất
DPTRC,DPTRC150-6P3PD,Sản xuất
DPTRC,DPTRC150-5P3PD,Sản xuất
DPTRC,DPTRC150-4P3PD,Sản xuất
DPTRC,DPTRC150-3P3PD,Sản xuất
DPTRC,DPTRC150-6P3MT,Sản xuất
DPTRC,DPTRC150-5P3MT,Sản xuất
DPTRC,DPTRC150-4P3MT,Sản xuất
DPTRC,DPTRC150-3P3MT,Sản xuất
DPTRC,DPTRC150-6P3ID,Sản xuất
DPTRC,DPTRC150-5P3ID,Sản xuất
DPTRC,DPTRC150-4P3ID,Sản xuất
DPTRC,DPTRC150-3P3ID,Sản xuất
DPTRC,DPTRC150-6P3SL,Sản xuất
DPTRC,DPTRC150-5P3SL,Sản xuất
DPTRC,DPTRC150-4P3SL,Sản xuất
DPTRC,DPTRC150-3P3SL,Sản xuất
DPTRC,DPTRC150-6B5HN,Sản xuất
DPTRC,DPTRC150-5B5HN,Sản xuất
DPTRC,DPTRC150-4B5HN,Sản xuất
DPTRC,DPTRC150-3B5HN,Sản xuất
DPTRC,DPTRC150-6B5HT,Sản xuất
DPTRC,DPTRC150-5B5HT,Sản xuất
DPTRC,DPTRC150-4B5HT,Sản xuất
DPTRC,DPTRC150-3B5HT,Sản xuất
DPTRC,DPTRC150-6B5HD,Sản xuất
DPTRC,DPTRC150-5B5HD,Sản xuất
DPTRC,DPTRC150-4B5HD,Sản xuất
DPTRC,DPTRC150-3B5HD,Sản xuất
DPTRC,DPTRC150-6B5DN,Sản xuất
DPTRC,DPTRC150-5B5DN,Sản xuất
DPTRC,DPTRC150-4B5DN,Sản xuất
DPTRC,DPTRC150-3B5DN,Sản xuất
DPTRC,DPTRC150-6B5DT,Sản xuất
DPTRC,DPTRC150-5B5DT,Sản xuất
DPTRC,DPTRC150-4B5DT,Sản xuất
DPTRC,DPTRC150-3B5DT,Sản xuất
DPTRC,DPTRC150-6B5PT,Sản xuất
DPTRC,DPTRC150-5B5PT,Sản xuất
DPTRC,DPTRC150-4B5PT,Sản xuất
DPTRC,DPTRC150-3B5PT,Sản xuất
DPTRC,DPTRC150-6B5PD,Sản xuất
DPTRC,DPTRC150-5B5PD,Sản xuất
DPTRC,DPTRC150-4B5PD,Sản xuất
DPTRC,DPTRC150-3B5PD,Sản xuất
DPTRC,DPTRC150-6B5MT,Sản xuất
DPTRC,DPTRC150-5B5MT,Sản xuất
DPTRC,DPTRC150-4B5MT,Sản xuất
DPTRC,DPTRC150-3B5MT,Sản xuất
DPTRC,DPTRC150-6B5ID,Sản xuất
DPTRC,DPTRC150-5B5ID,Sản xuất
DPTRC,DPTRC150-4B5ID,Sản xuất
DPTRC,DPTRC150-3B5ID,Sản xuất
DPTRC,DPTRC150-6B5SL,Sản xuất
DPTRC,DPTRC150-5B5SL,Sản xuất
DPTRC,DPTRC150-4B5SL,Sản xuất
DPTRC,DPTRC150-3B5SL,Sản xuất
DPTRC,DPTRC150-6P5HN,Sản xuất
DPTRC,DPTRC150-5P5HN,Sản xuất
DPTRC,DPTRC150-4P5HN,Sản xuất
DPTRC,DPTRC150-3P5HN,Sản xuất
DPTRC,DPTRC150-6P5HT,Sản xuất
DPTRC,DPTRC150-5P5HT,Sản xuất
DPTRC,DPTRC150-4P5HT,Sản xuất
DPTRC,DPTRC150-3P5HT,Sản xuất
DPTRC,DPTRC150-6P5HD,Sản xuất
DPTRC,DPTRC150-5P5HD,Sản xuất
DPTRC,DPTRC150-4P5HD,Sản xuất
DPTRC,DPTRC150-3P5HD,Sản xuất
DPTRC,DPTRC150-6P5DN,Sản xuất
DPTRC,DPTRC150-5P5DN,Sản xuất
DPTRC,DPTRC150-4P5DN,Sản xuất
DPTRC,DPTRC150-3P5DN,Sản xuất
DPTRC,DPTRC150-6P5DT,Sản xuất
DPTRC,DPTRC150-5P5DT,Sản xuất
DPTRC,DPTRC150-4P5DT,Sản xuất
DPTRC,DPTRC150-3P5DT,Sản xuất
DPTRC,DPTRC150-6P5PT,Sản xuất
DPTRC,DPTRC150-5P5PT,Sản xuất
DPTRC,DPTRC150-4P5PT,Sản xuất
DPTRC,DPTRC150-3P5PT,Sản xuất
DPTRC,DPTRC150-6P5PD,Sản xuất
DPTRC,DPTRC150-5P5PD,Sản xuất
DPTRC,DPTRC150-4P5PD,Sản xuất
DPTRC,DPTRC150-3P5PD,Sản xuất
DPTRC,DPTRC150-6P5MT,Sản xuất
DPTRC,DPTRC150-5P5MT,Sản xuất
DPTRC,DPTRC150-4P5MT,Sản xuất
DPTRC,DPTRC150-3P5MT,Sản xuất
DPTRC,DPTRC150-6P5ID,Sản xuất
DPTRC,DPTRC150-5P5ID,Sản xuất
DPTRC,DPTRC150-4P5ID,Sản xuất
DPTRC,DPTRC150-3P5ID,Sản xuất
DPTRC,DPTRC150-6P5SL,Sản xuất
DPTRC,DPTRC150-5P5SL,Sản xuất
DPTRC,DPTRC150-4P5SL,Sản xuất
DPTRC,DPTRC150-3P5SL,Sản xuất
DPTRC,DPTRC150-RTFHN,Sản xuất
DPTRC,DPTRC150-GTFHN,Sản xuất
DPTRC,DPTRC150-BTFHN,Sản xuất
DPTRC,DPTRC150-RTFHT,Sản xuất
DPTRC,DPTRC150-GTFHT,Sản xuất
DPTRC,DPTRC150-BTFHT,Sản xuất
DPTRC,DPTRC150-RTFHD,Sản xuất
DPTRC,DPTRC150-GTFHD,Sản xuất
DPTRC,DPTRC150-BTFHD,Sản xuất
DPTRC,DPTRC150-RTFDN,Sản xuất
DPTRC,DPTRC150-GTFDN,Sản xuất
DPTRC,DPTRC150-BTFDN,Sản xuất
DPTRC,DPTRC150-RTFDT,Sản xuất
DPTRC,DPTRC150-GTFDT,Sản xuất
DPTRC,DPTRC150-BTFDT,Sản xuất
DPTRC,DPTRC150-RTFPT,Sản xuất
DPTRC,DPTRC150-GTFPT,Sản xuất
DPTRC,DPTRC150-BTFPT,Sản xuất
DPTRC,DPTRC150-RTFPD,Sản xuất
DPTRC,DPTRC150-GTFPD,Sản xuất
DPTRC,DPTRC150-BTFPD,Sản xuất
DPTRC,DPTRC150-RTFMT,Sản xuất
DPTRC,DPTRC150-GTFMT,Sản xuất
DPTRC,DPTRC150-BTFMT,Sản xuất
DPTRC,DPTRC150-RTFID,Sản xuất
DPTRC,DPTRC150-GTFID,Sản xuất
DPTRC,DPTRC150-BTFID,Sản xuất
DPTRC,DPTRC150-RTFSL,Sản xuất
DPTRC,DPTRC150-GTFSL,Sản xuất
DPTRC,DPTRC150-BTFSL,Sản xuất
DPTRC,DPTRC150-CBCHC,Sản xuất
DPTRC,DPTRC200-6B3HN,Sản xuất
DPTRC,DPTRC200-5B3HN,Sản xuất
DPTRC,DPTRC200-4B3HN,Sản xuất
DPTRC,DPTRC200-3B3HN,Sản xuất
DPTRC,DPTRC200-6B3HT,Sản xuất
DPTRC,DPTRC200-5B3HT,Sản xuất
DPTRC,DPTRC200-4B3HT,Sản xuất
DPTRC,DPTRC200-3B3HT,Sản xuất
DPTRC,DPTRC200-6B3HD,Sản xuất
DPTRC,DPTRC200-5B3HD,Sản xuất
DPTRC,DPTRC200-4B3HD,Sản xuất
DPTRC,DPTRC200-3B3HD,Sản xuất
DPTRC,DPTRC200-6B3DN,Sản xuất
DPTRC,DPTRC200-5B3DN,Sản xuất
DPTRC,DPTRC200-4B3DN,Sản xuất
DPTRC,DPTRC200-3B3DN,Sản xuất
DPTRC,DPTRC200-6B3DT,Sản xuất
DPTRC,DPTRC200-5B3DT,Sản xuất
DPTRC,DPTRC200-4B3DT,Sản xuất
DPTRC,DPTRC200-3B3DT,Sản xuất
DPTRC,DPTRC200-6B3PT,Sản xuất
DPTRC,DPTRC200-5B3PT,Sản xuất
DPTRC,DPTRC200-4B3PT,Sản xuất
DPTRC,DPTRC200-3B3PT,Sản xuất
DPTRC,DPTRC200-6B3PD,Sản xuất
DPTRC,DPTRC200-5B3PD,Sản xuất
DPTRC,DPTRC200-4B3PD,Sản xuất
DPTRC,DPTRC200-3B3PD,Sản xuất
DPTRC,DPTRC200-6B3MT,Sản xuất
DPTRC,DPTRC200-5B3MT,Sản xuất
DPTRC,DPTRC200-4B3MT,Sản xuất
DPTRC,DPTRC200-3B3MT,Sản xuất
DPTRC,DPTRC200-6B3ID,Sản xuất
DPTRC,DPTRC200-5B3ID,Sản xuất
DPTRC,DPTRC200-4B3ID,Sản xuất
DPTRC,DPTRC200-3B3ID,Sản xuất
DPTRC,DPTRC200-6B3SL,Sản xuất
DPTRC,DPTRC200-5B3SL,Sản xuất
DPTRC,DPTRC200-4B3SL,Sản xuất
DPTRC,DPTRC200-3B3SL,Sản xuất
DPTRC,DPTRC200-6P3HN,Sản xuất
DPTRC,DPTRC200-5P3HN,Sản xuất
DPTRC,DPTRC200-4P3HN,Sản xuất
DPTRC,DPTRC200-3P3HN,Sản xuất
DPTRC,DPTRC200-6P3HT,Sản xuất
DPTRC,DPTRC200-5P3HT,Sản xuất
DPTRC,DPTRC200-4P3HT,Sản xuất
DPTRC,DPTRC200-3P3HT,Sản xuất
DPTRC,DPTRC200-6P3HD,Sản xuất
DPTRC,DPTRC200-5P3HD,Sản xuất
DPTRC,DPTRC200-4P3HD,Sản xuất
DPTRC,DPTRC200-3P3HD,Sản xuất
DPTRC,DPTRC200-6P3DN,Sản xuất
DPTRC,DPTRC200-5P3DN,Sản xuất
DPTRC,DPTRC200-4P3DN,Sản xuất
DPTRC,DPTRC200-3P3DN,Sản xuất
DPTRC,DPTRC200-6P3DT,Sản xuất
DPTRC,DPTRC200-5P3DT,Sản xuất
DPTRC,DPTRC200-4P3DT,Sản xuất
DPTRC,DPTRC200-3P3DT,Sản xuất
DPTRC,DPTRC200-6P3PT,Sản xuất
DPTRC,DPTRC200-5P3PT,Sản xuất
DPTRC,DPTRC200-4P3PT,Sản xuất
DPTRC,DPTRC200-3P3PT,Sản xuất
DPTRC,DPTRC200-6P3PD,Sản xuất
DPTRC,DPTRC200-5P3PD,Sản xuất
DPTRC,DPTRC200-4P3PD,Sản xuất
DPTRC,DPTRC200-3P3PD,Sản xuất
DPTRC,DPTRC200-6P3MT,Sản xuất
DPTRC,DPTRC200-5P3MT,Sản xuất
DPTRC,DPTRC200-4P3MT,Sản xuất
DPTRC,DPTRC200-3P3MT,Sản xuất
DPTRC,DPTRC200-6P3ID,Sản xuất
DPTRC,DPTRC200-5P3ID,Sản xuất
DPTRC,DPTRC200-4P3ID,Sản xuất
DPTRC,DPTRC200-3P3ID,Sản xuất
DPTRC,DPTRC200-6P3SL,Sản xuất
DPTRC,DPTRC200-5P3SL,Sản xuất
DPTRC,DPTRC200-4P3SL,Sản xuất
DPTRC,DPTRC200-3P3SL,Sản xuất
DPTRC,DPTRC200-6B5HN,Sản xuất
DPTRC,DPTRC200-5B5HN,Sản xuất
DPTRC,DPTRC200-4B5HN,Sản xuất
DPTRC,DPTRC200-3B5HN,Sản xuất
DPTRC,DPTRC200-6B5HT,Sản xuất
DPTRC,DPTRC200-5B5HT,Sản xuất
DPTRC,DPTRC200-4B5HT,Sản xuất
DPTRC,DPTRC200-3B5HT,Sản xuất
DPTRC,DPTRC200-6B5HD,Sản xuất
DPTRC,DPTRC200-5B5HD,Sản xuất
DPTRC,DPTRC200-4B5HD,Sản xuất
DPTRC,DPTRC200-3B5HD,Sản xuất
DPTRC,DPTRC200-6B5DN,Sản xuất
DPTRC,DPTRC200-5B5DN,Sản xuất
DPTRC,DPTRC200-4B5DN,Sản xuất
DPTRC,DPTRC200-3B5DN,Sản xuất
DPTRC,DPTRC200-6B5DT,Sản xuất
DPTRC,DPTRC200-5B5DT,Sản xuất
DPTRC,DPTRC200-4B5DT,Sản xuất
DPTRC,DPTRC200-3B5DT,Sản xuất
DPTRC,DPTRC200-6B5PT,Sản xuất
DPTRC,DPTRC200-5B5PT,Sản xuất
DPTRC,DPTRC200-4B5PT,Sản xuất
DPTRC,DPTRC200-3B5PT,Sản xuất
DPTRC,DPTRC200-6B5PD,Sản xuất
DPTRC,DPTRC200-5B5PD,Sản xuất
DPTRC,DPTRC200-4B5PD,Sản xuất
DPTRC,DPTRC200-3B5PD,Sản xuất
DPTRC,DPTRC200-6B5MT,Sản xuất
DPTRC,DPTRC200-5B5MT,Sản xuất
DPTRC,DPTRC200-4B5MT,Sản xuất
DPTRC,DPTRC200-3B5MT,Sản xuất
DPTRC,DPTRC200-6B5ID,Sản xuất
DPTRC,DPTRC200-5B5ID,Sản xuất
DPTRC,DPTRC200-4B5ID,Sản xuất
DPTRC,DPTRC200-3B5ID,Sản xuất
DPTRC,DPTRC200-6B5SL,Sản xuất
DPTRC,DPTRC200-5B5SL,Sản xuất
DPTRC,DPTRC200-4B5SL,Sản xuất
DPTRC,DPTRC200-3B5SL,Sản xuất
DPTRC,DPTRC200-6P5HN,Sản xuất
DPTRC,DPTRC200-5P5HN,Sản xuất
DPTRC,DPTRC200-4P5HN,Sản xuất
DPTRC,DPTRC200-3P5HN,Sản xuất
DPTRC,DPTRC200-6P5HT,Sản xuất
DPTRC,DPTRC200-5P5HT,Sản xuất
DPTRC,DPTRC200-4P5HT,Sản xuất
DPTRC,DPTRC200-3P5HT,Sản xuất
DPTRC,DPTRC200-6P5HD,Sản xuất
DPTRC,DPTRC200-5P5HD,Sản xuất
DPTRC,DPTRC200-4P5HD,Sản xuất
DPTRC,DPTRC200-3P5HD,Sản xuất
DPTRC,DPTRC200-6P5DN,Sản xuất
DPTRC,DPTRC200-5P5DN,Sản xuất
DPTRC,DPTRC200-4P5DN,Sản xuất
DPTRC,DPTRC200-3P5DN,Sản xuất
DPTRC,DPTRC200-6P5DT,Sản xuất
DPTRC,DPTRC200-5P5DT,Sản xuất
DPTRC,DPTRC200-4P5DT,Sản xuất
DPTRC,DPTRC200-3P5DT,Sản xuất
DPTRC,DPTRC200-6P5PT,Sản xuất
DPTRC,DPTRC200-5P5PT,Sản xuất
DPTRC,DPTRC200-4P5PT,Sản xuất
DPTRC,DPTRC200-3P5PT,Sản xuất
DPTRC,DPTRC200-6P5PD,Sản xuất
DPTRC,DPTRC200-5P5PD,Sản xuất
DPTRC,DPTRC200-4P5PD,Sản xuất
DPTRC,DPTRC200-3P5PD,Sản xuất
DPTRC,DPTRC200-6P5MT,Sản xuất
DPTRC,DPTRC200-5P5MT,Sản xuất
DPTRC,DPTRC200-4P5MT,Sản xuất
DPTRC,DPTRC200-3P5MT,Sản xuất
DPTRC,DPTRC200-6P5ID,Sản xuất
DPTRC,DPTRC200-5P5ID,Sản xuất
DPTRC,DPTRC200-4P5ID,Sản xuất
DPTRC,DPTRC200-3P5ID,Sản xuất
DPTRC,DPTRC200-6P5SL,Sản xuất
DPTRC,DPTRC200-5P5SL,Sản xuất
DPTRC,DPTRC200-4P5SL,Sản xuất
DPTRC,DPTRC200-3P5SL,Sản xuất
DPTRC,DPTRC200-RTFHN,Sản xuất
DPTRC,DPTRC200-GTFHN,Sản xuất
DPTRC,DPTRC200-BTFHN,Sản xuất
DPTRC,DPTRC200-RTFHT,Sản xuất
DPTRC,DPTRC200-GTFHT,Sản xuất
DPTRC,DPTRC200-BTFHT,Sản xuất
DPTRC,DPTRC200-RTFHD,Sản xuất
DPTRC,DPTRC200-GTFHD,Sản xuất
DPTRC,DPTRC200-BTFHD,Sản xuất
DPTRC,DPTRC200-RTFDN,Sản xuất
DPTRC,DPTRC200-GTFDN,Sản xuất
DPTRC,DPTRC200-BTFDN,Sản xuất
DPTRC,DPTRC200-RTFDT,Sản xuất
DPTRC,DPTRC200-GTFDT,Sản xuất
DPTRC,DPTRC200-BTFDT,Sản xuất
DPTRC,DPTRC200-RTFPT,Sản xuất
DPTRC,DPTRC200-GTFPT,Sản xuất
DPTRC,DPTRC200-BTFPT,Sản xuất
DPTRC,DPTRC200-RTFPD,Sản xuất
DPTRC,DPTRC200-GTFPD,Sản xuất
DPTRC,DPTRC200-BTFPD,Sản xuất
DPTRC,DPTRC200-RTFMT,Sản xuất
DPTRC,DPTRC200-GTFMT,Sản xuất
DPTRC,DPTRC200-BTFMT,Sản xuất
DPTRC,DPTRC200-RTFID,Sản xuất
DPTRC,DPTRC200-GTFID,Sản xuất
DPTRC,DPTRC200-BTFID,Sản xuất
DPTRC,DPTRC200-RTFSL,Sản xuất
DPTRC,DPTRC200-GTFSL,Sản xuất
DPTRC,DPTRC200-BTFSL,Sản xuất
DPTRC,DPTRC200-CBCHC,Sản xuất
DPTRC,DPTRC300-6B3HN,Sản xuất
DPTRC,DPTRC300-5B3HN,Sản xuất
DPTRC,DPTRC300-4B3HN,Sản xuất
DPTRC,DPTRC300-3B3HN,Sản xuất
DPTRC,DPTRC300-6B3HT,Sản xuất
DPTRC,DPTRC300-5B3HT,Sản xuất
DPTRC,DPTRC300-4B3HT,Sản xuất
DPTRC,DPTRC300-3B3HT,Sản xuất
DPTRC,DPTRC300-6B3HD,Sản xuất
DPTRC,DPTRC300-5B3HD,Sản xuất
DPTRC,DPTRC300-4B3HD,Sản xuất
DPTRC,DPTRC300-3B3HD,Sản xuất
DPTRC,DPTRC300-6B3DN,Sản xuất
DPTRC,DPTRC300-5B3DN,Sản xuất
DPTRC,DPTRC300-4B3DN,Sản xuất
DPTRC,DPTRC300-3B3DN,Sản xuất
DPTRC,DPTRC300-6B3DT,Sản xuất
DPTRC,DPTRC300-5B3DT,Sản xuất
DPTRC,DPTRC300-4B3DT,Sản xuất
DPTRC,DPTRC300-3B3DT,Sản xuất
DPTRC,DPTRC300-6B3PT,Sản xuất
DPTRC,DPTRC300-5B3PT,Sản xuất
DPTRC,DPTRC300-4B3PT,Sản xuất
DPTRC,DPTRC300-3B3PT,Sản xuất
DPTRC,DPTRC300-6B3PD,Sản xuất
DPTRC,DPTRC300-5B3PD,Sản xuất
DPTRC,DPTRC300-4B3PD,Sản xuất
DPTRC,DPTRC300-3B3PD,Sản xuất
DPTRC,DPTRC300-6B3MT,Sản xuất
DPTRC,DPTRC300-5B3MT,Sản xuất
DPTRC,DPTRC300-4B3MT,Sản xuất
DPTRC,DPTRC300-3B3MT,Sản xuất
DPTRC,DPTRC300-6B3ID,Sản xuất
DPTRC,DPTRC300-5B3ID,Sản xuất
DPTRC,DPTRC300-4B3ID,Sản xuất
DPTRC,DPTRC300-3B3ID,Sản xuất
DPTRC,DPTRC300-6B3SL,Sản xuất
DPTRC,DPTRC300-5B3SL,Sản xuất
DPTRC,DPTRC300-4B3SL,Sản xuất
DPTRC,DPTRC300-3B3SL,Sản xuất
DPTRC,DPTRC300-6P3HN,Sản xuất
DPTRC,DPTRC300-5P3HN,Sản xuất
DPTRC,DPTRC300-4P3HN,Sản xuất
DPTRC,DPTRC300-3P3HN,Sản xuất
DPTRC,DPTRC300-6P3HT,Sản xuất
DPTRC,DPTRC300-5P3HT,Sản xuất
DPTRC,DPTRC300-4P3HT,Sản xuất
DPTRC,DPTRC300-3P3HT,Sản xuất
DPTRC,DPTRC300-6P3HD,Sản xuất
DPTRC,DPTRC300-5P3HD,Sản xuất
DPTRC,DPTRC300-4P3HD,Sản xuất
DPTRC,DPTRC300-3P3HD,Sản xuất
DPTRC,DPTRC300-6P3DN,Sản xuất
DPTRC,DPTRC300-5P3DN,Sản xuất
DPTRC,DPTRC300-4P3DN,Sản xuất
DPTRC,DPTRC300-3P3DN,Sản xuất
DPTRC,DPTRC300-6P3DT,Sản xuất
DPTRC,DPTRC300-5P3DT,Sản xuất
DPTRC,DPTRC300-4P3DT,Sản xuất
DPTRC,DPTRC300-3P3DT,Sản xuất
DPTRC,DPTRC300-6P3PT,Sản xuất
DPTRC,DPTRC300-5P3PT,Sản xuất
DPTRC,DPTRC300-4P3PT,Sản xuất
DPTRC,DPTRC300-3P3PT,Sản xuất
DPTRC,DPTRC300-6P3PD,Sản xuất
DPTRC,DPTRC300-5P3PD,Sản xuất
DPTRC,DPTRC300-4P3PD,Sản xuất
DPTRC,DPTRC300-3P3PD,Sản xuất
DPTRC,DPTRC300-6P3MT,Sản xuất
DPTRC,DPTRC300-5P3MT,Sản xuất
DPTRC,DPTRC300-4P3MT,Sản xuất
DPTRC,DPTRC300-3P3MT,Sản xuất
DPTRC,DPTRC300-6P3ID,Sản xuất
DPTRC,DPTRC300-5P3ID,Sản xuất
DPTRC,DPTRC300-4P3ID,Sản xuất
DPTRC,DPTRC300-3P3ID,Sản xuất
DPTRC,DPTRC300-6P3SL,Sản xuất
DPTRC,DPTRC300-5P3SL,Sản xuất
DPTRC,DPTRC300-4P3SL,Sản xuất
DPTRC,DPTRC300-3P3SL,Sản xuất
DPTRC,DPTRC300-6B5HN,Sản xuất
DPTRC,DPTRC300-5B5HN,Sản xuất
DPTRC,DPTRC300-4B5HN,Sản xuất
DPTRC,DPTRC300-3B5HN,Sản xuất
DPTRC,DPTRC300-6B5HT,Sản xuất
DPTRC,DPTRC300-5B5HT,Sản xuất
DPTRC,DPTRC300-4B5HT,Sản xuất
DPTRC,DPTRC300-3B5HT,Sản xuất
DPTRC,DPTRC300-6B5HD,Sản xuất
DPTRC,DPTRC300-5B5HD,Sản xuất
DPTRC,DPTRC300-4B5HD,Sản xuất
DPTRC,DPTRC300-3B5HD,Sản xuất
DPTRC,DPTRC300-6B5DN,Sản xuất
DPTRC,DPTRC300-5B5DN,Sản xuất
DPTRC,DPTRC300-4B5DN,Sản xuất
DPTRC,DPTRC300-3B5DN,Sản xuất
DPTRC,DPTRC300-6B5DT,Sản xuất
DPTRC,DPTRC300-5B5DT,Sản xuất
DPTRC,DPTRC300-4B5DT,Sản xuất
DPTRC,DPTRC300-3B5DT,Sản xuất
DPTRC,DPTRC300-6B5PT,Sản xuất
DPTRC,DPTRC300-5B5PT,Sản xuất
DPTRC,DPTRC300-4B5PT,Sản xuất
DPTRC,DPTRC300-3B5PT,Sản xuất
DPTRC,DPTRC300-6B5PD,Sản xuất
DPTRC,DPTRC300-5B5PD,Sản xuất
DPTRC,DPTRC300-4B5PD,Sản xuất
DPTRC,DPTRC300-3B5PD,Sản xuất
DPTRC,DPTRC300-6B5MT,Sản xuất
DPTRC,DPTRC300-5B5MT,Sản xuất
DPTRC,DPTRC300-4B5MT,Sản xuất
DPTRC,DPTRC300-3B5MT,Sản xuất
DPTRC,DPTRC300-6B5ID,Sản xuất
DPTRC,DPTRC300-5B5ID,Sản xuất
DPTRC,DPTRC300-4B5ID,Sản xuất
DPTRC,DPTRC300-3B5ID,Sản xuất
DPTRC,DPTRC300-6B5SL,Sản xuất
DPTRC,DPTRC300-5B5SL,Sản xuất
DPTRC,DPTRC300-4B5SL,Sản xuất
DPTRC,DPTRC300-3B5SL,Sản xuất
DPTRC,DPTRC300-6P5HN,Sản xuất
DPTRC,DPTRC300-5P5HN,Sản xuất
DPTRC,DPTRC300-4P5HN,Sản xuất
DPTRC,DPTRC300-3P5HN,Sản xuất
DPTRC,DPTRC300-6P5HT,Sản xuất
DPTRC,DPTRC300-5P5HT,Sản xuất
DPTRC,DPTRC300-4P5HT,Sản xuất
DPTRC,DPTRC300-3P5HT,Sản xuất
DPTRC,DPTRC300-6P5HD,Sản xuất
DPTRC,DPTRC300-5P5HD,Sản xuất
DPTRC,DPTRC300-4P5HD,Sản xuất
DPTRC,DPTRC300-3P5HD,Sản xuất
DPTRC,DPTRC300-6P5DN,Sản xuất
DPTRC,DPTRC300-5P5DN,Sản xuất
DPTRC,DPTRC300-4P5DN,Sản xuất
DPTRC,DPTRC300-3P5DN,Sản xuất
DPTRC,DPTRC300-6P5DT,Sản xuất
DPTRC,DPTRC300-5P5DT,Sản xuất
DPTRC,DPTRC300-4P5DT,Sản xuất
DPTRC,DPTRC300-3P5DT,Sản xuất
DPTRC,DPTRC300-6P5PT,Sản xuất
DPTRC,DPTRC300-5P5PT,Sản xuất
DPTRC,DPTRC300-4P5PT,Sản xuất
DPTRC,DPTRC300-3P5PT,Sản xuất
DPTRC,DPTRC300-6P5PD,Sản xuất
DPTRC,DPTRC300-5P5PD,Sản xuất
DPTRC,DPTRC300-4P5PD,Sản xuất
DPTRC,DPTRC300-3P5PD,Sản xuất
DPTRC,DPTRC300-6P5MT,Sản xuất
DPTRC,DPTRC300-5P5MT,Sản xuất
DPTRC,DPTRC300-4P5MT,Sản xuất
DPTRC,DPTRC300-3P5MT,Sản xuất
DPTRC,DPTRC300-6P5ID,Sản xuất
DPTRC,DPTRC300-5P5ID,Sản xuất
DPTRC,DPTRC300-4P5ID,Sản xuất
DPTRC,DPTRC300-3P5ID,Sản xuất
DPTRC,DPTRC300-6P5SL,Sản xuất
DPTRC,DPTRC300-5P5SL,Sản xuất
DPTRC,DPTRC300-4P5SL,Sản xuất
DPTRC,DPTRC300-3P5SL,Sản xuất
DPTRC,DPTRC300-RTFHN,Sản xuất
DPTRC,DPTRC300-GTFHN,Sản xuất
DPTRC,DPTRC300-BTFHN,Sản xuất
DPTRC,DPTRC300-RTFHT,Sản xuất
DPTRC,DPTRC300-GTFHT,Sản xuất
DPTRC,DPTRC300-BTFHT,Sản xuất
DPTRC,DPTRC300-RTFHD,Sản xuất
DPTRC,DPTRC300-GTFHD,Sản xuất
DPTRC,DPTRC300-BTFHD,Sản xuất
DPTRC,DPTRC300-RTFDN,Sản xuất
DPTRC,DPTRC300-GTFDN,Sản xuất
DPTRC,DPTRC300-BTFDN,Sản xuất
DPTRC,DPTRC300-RTFDT,Sản xuất
DPTRC,DPTRC300-GTFDT,Sản xuất
DPTRC,DPTRC300-BTFDT,Sản xuất
DPTRC,DPTRC300-RTFPT,Sản xuất
DPTRC,DPTRC300-GTFPT,Sản xuất
DPTRC,DPTRC300-BTFPT,Sản xuất
DPTRC,DPTRC300-RTFPD,Sản xuất
DPTRC,DPTRC300-GTFPD,Sản xuất
DPTRC,DPTRC300-BTFPD,Sản xuất
DPTRC,DPTRC300-RTFMT,Sản xuất
DPTRC,DPTRC300-GTFMT,Sản xuất
DPTRC,DPTRC300-BTFMT,Sản xuất
DPTRC,DPTRC300-RTFID,Sản xuất
DPTRC,DPTRC300-GTFID,Sản xuất
DPTRC,DPTRC300-BTFID,Sản xuất
DPTRC,DPTRC300-RTFSL,Sản xuất
DPTRC,DPTRC300-GTFSL,Sản xuất
DPTRC,DPTRC300-BTFSL,Sản xuất
DPTRC,DPTRC300-CBCHC,Sản xuất
DPTRC,DPTRC400-6B3HN,Sản xuất
DPTRC,DPTRC400-5B3HN,Sản xuất
DPTRC,DPTRC400-4B3HN,Sản xuất
DPTRC,DPTRC400-3B3HN,Sản xuất
DPTRC,DPTRC400-6B3HT,Sản xuất
DPTRC,DPTRC400-5B3HT,Sản xuất
DPTRC,DPTRC400-4B3HT,Sản xuất
DPTRC,DPTRC400-3B3HT,Sản xuất
DPTRC,DPTRC400-6B3HD,Sản xuất
DPTRC,DPTRC400-5B3HD,Sản xuất
DPTRC,DPTRC400-4B3HD,Sản xuất
DPTRC,DPTRC400-3B3HD,Sản xuất
DPTRC,DPTRC400-6B3DN,Sản xuất
DPTRC,DPTRC400-5B3DN,Sản xuất
DPTRC,DPTRC400-4B3DN,Sản xuất
DPTRC,DPTRC400-3B3DN,Sản xuất
DPTRC,DPTRC400-6B3DT,Sản xuất
DPTRC,DPTRC400-5B3DT,Sản xuất
DPTRC,DPTRC400-4B3DT,Sản xuất
DPTRC,DPTRC400-3B3DT,Sản xuất
DPTRC,DPTRC400-6B3PT,Sản xuất
DPTRC,DPTRC400-5B3PT,Sản xuất
DPTRC,DPTRC400-4B3PT,Sản xuất
DPTRC,DPTRC400-3B3PT,Sản xuất
DPTRC,DPTRC400-6B3PD,Sản xuất
DPTRC,DPTRC400-5B3PD,Sản xuất
DPTRC,DPTRC400-4B3PD,Sản xuất
DPTRC,DPTRC400-3B3PD,Sản xuất
DPTRC,DPTRC400-6B3MT,Sản xuất
DPTRC,DPTRC400-5B3MT,Sản xuất
DPTRC,DPTRC400-4B3MT,Sản xuất
DPTRC,DPTRC400-3B3MT,Sản xuất
DPTRC,DPTRC400-6B3ID,Sản xuất
DPTRC,DPTRC400-5B3ID,Sản xuất
DPTRC,DPTRC400-4B3ID,Sản xuất
DPTRC,DPTRC400-3B3ID,Sản xuất
DPTRC,DPTRC400-6B3SL,Sản xuất
DPTRC,DPTRC400-5B3SL,Sản xuất
DPTRC,DPTRC400-4B3SL,Sản xuất
DPTRC,DPTRC400-3B3SL,Sản xuất
DPTRC,DPTRC400-6P3HN,Sản xuất
DPTRC,DPTRC400-5P3HN,Sản xuất
DPTRC,DPTRC400-4P3HN,Sản xuất
DPTRC,DPTRC400-3P3HN,Sản xuất
DPTRC,DPTRC400-6P3HT,Sản xuất
DPTRC,DPTRC400-5P3HT,Sản xuất
DPTRC,DPTRC400-4P3HT,Sản xuất
DPTRC,DPTRC400-3P3HT,Sản xuất
DPTRC,DPTRC400-6P3HD,Sản xuất
DPTRC,DPTRC400-5P3HD,Sản xuất
DPTRC,DPTRC400-4P3HD,Sản xuất
DPTRC,DPTRC400-3P3HD,Sản xuất
DPTRC,DPTRC400-6P3DN,Sản xuất
DPTRC,DPTRC400-5P3DN,Sản xuất
DPTRC,DPTRC400-4P3DN,Sản xuất
DPTRC,DPTRC400-3P3DN,Sản xuất
DPTRC,DPTRC400-6P3DT,Sản xuất
DPTRC,DPTRC400-5P3DT,Sản xuất
DPTRC,DPTRC400-4P3DT,Sản xuất
DPTRC,DPTRC400-3P3DT,Sản xuất
DPTRC,DPTRC400-6P3PT,Sản xuất
DPTRC,DPTRC400-5P3PT,Sản xuất
DPTRC,DPTRC400-4P3PT,Sản xuất
DPTRC,DPTRC400-3P3PT,Sản xuất
DPTRC,DPTRC400-6P3PD,Sản xuất
DPTRC,DPTRC400-5P3PD,Sản xuất
DPTRC,DPTRC400-4P3PD,Sản xuất
DPTRC,DPTRC400-3P3PD,Sản xuất
DPTRC,DPTRC400-6P3MT,Sản xuất
DPTRC,DPTRC400-5P3MT,Sản xuất
DPTRC,DPTRC400-4P3MT,Sản xuất
DPTRC,DPTRC400-3P3MT,Sản xuất
DPTRC,DPTRC400-6P3ID,Sản xuất
DPTRC,DPTRC400-5P3ID,Sản xuất
DPTRC,DPTRC400-4P3ID,Sản xuất
DPTRC,DPTRC400-3P3ID,Sản xuất
DPTRC,DPTRC400-6P3SL,Sản xuất
DPTRC,DPTRC400-5P3SL,Sản xuất
DPTRC,DPTRC400-4P3SL,Sản xuất
DPTRC,DPTRC400-3P3SL,Sản xuất
DPTRC,DPTRC400-6B5HN,Sản xuất
DPTRC,DPTRC400-5B5HN,Sản xuất
DPTRC,DPTRC400-4B5HN,Sản xuất
DPTRC,DPTRC400-3B5HN,Sản xuất
DPTRC,DPTRC400-6B5HT,Sản xuất
DPTRC,DPTRC400-5B5HT,Sản xuất
DPTRC,DPTRC400-4B5HT,Sản xuất
DPTRC,DPTRC400-3B5HT,Sản xuất
DPTRC,DPTRC400-6B5HD,Sản xuất
DPTRC,DPTRC400-5B5HD,Sản xuất
DPTRC,DPTRC400-4B5HD,Sản xuất
DPTRC,DPTRC400-3B5HD,Sản xuất
DPTRC,DPTRC400-6B5DN,Sản xuất
DPTRC,DPTRC400-5B5DN,Sản xuất
DPTRC,DPTRC400-4B5DN,Sản xuất
DPTRC,DPTRC400-3B5DN,Sản xuất
DPTRC,DPTRC400-6B5DT,Sản xuất
DPTRC,DPTRC400-5B5DT,Sản xuất
DPTRC,DPTRC400-4B5DT,Sản xuất
DPTRC,DPTRC400-3B5DT,Sản xuất
DPTRC,DPTRC400-6B5PT,Sản xuất
DPTRC,DPTRC400-5B5PT,Sản xuất
DPTRC,DPTRC400-4B5PT,Sản xuất
DPTRC,DPTRC400-3B5PT,Sản xuất
DPTRC,DPTRC400-6B5PD,Sản xuất
DPTRC,DPTRC400-5B5PD,Sản xuất
DPTRC,DPTRC400-4B5PD,Sản xuất
DPTRC,DPTRC400-3B5PD,Sản xuất
DPTRC,DPTRC400-6B5MT,Sản xuất
DPTRC,DPTRC400-5B5MT,Sản xuất
DPTRC,DPTRC400-4B5MT,Sản xuất
DPTRC,DPTRC400-3B5MT,Sản xuất
DPTRC,DPTRC400-6B5ID,Sản xuất
DPTRC,DPTRC400-5B5ID,Sản xuất
DPTRC,DPTRC400-4B5ID,Sản xuất
DPTRC,DPTRC400-3B5ID,Sản xuất
DPTRC,DPTRC400-6B5SL,Sản xuất
DPTRC,DPTRC400-5B5SL,Sản xuất
DPTRC,DPTRC400-4B5SL,Sản xuất
DPTRC,DPTRC400-3B5SL,Sản xuất
DPTRC,DPTRC400-6P5HN,Sản xuất
DPTRC,DPTRC400-5P5HN,Sản xuất
DPTRC,DPTRC400-4P5HN,Sản xuất
DPTRC,DPTRC400-3P5HN,Sản xuất
DPTRC,DPTRC400-6P5HT,Sản xuất
DPTRC,DPTRC400-5P5HT,Sản xuất
DPTRC,DPTRC400-4P5HT,Sản xuất
DPTRC,DPTRC400-3P5HT,Sản xuất
DPTRC,DPTRC400-6P5HD,Sản xuất
DPTRC,DPTRC400-5P5HD,Sản xuất
DPTRC,DPTRC400-4P5HD,Sản xuất
DPTRC,DPTRC400-3P5HD,Sản xuất
DPTRC,DPTRC400-6P5DN,Sản xuất
DPTRC,DPTRC400-5P5DN,Sản xuất
DPTRC,DPTRC400-4P5DN,Sản xuất
DPTRC,DPTRC400-3P5DN,Sản xuất
DPTRC,DPTRC400-6P5DT,Sản xuất
DPTRC,DPTRC400-5P5DT,Sản xuất
DPTRC,DPTRC400-4P5DT,Sản xuất
DPTRC,DPTRC400-3P5DT,Sản xuất
DPTRC,DPTRC400-6P5PT,Sản xuất
DPTRC,DPTRC400-5P5PT,Sản xuất
DPTRC,DPTRC400-4P5PT,Sản xuất
DPTRC,DPTRC400-3P5PT,Sản xuất
DPTRC,DPTRC400-6P5PD,Sản xuất
DPTRC,DPTRC400-5P5PD,Sản xuất
DPTRC,DPTRC400-4P5PD,Sản xuất
DPTRC,DPTRC400-3P5PD,Sản xuất
DPTRC,DPTRC400-6P5MT,Sản xuất
DPTRC,DPTRC400-5P5MT,Sản xuất
DPTRC,DPTRC400-4P5MT,Sản xuất
DPTRC,DPTRC400-3P5MT,Sản xuất
DPTRC,DPTRC400-6P5ID,Sản xuất
DPTRC,DPTRC400-5P5ID,Sản xuất
DPTRC,DPTRC400-4P5ID,Sản xuất
DPTRC,DPTRC400-3P5ID,Sản xuất
DPTRC,DPTRC400-6P5SL,Sản xuất
DPTRC,DPTRC400-5P5SL,Sản xuất
DPTRC,DPTRC400-4P5SL,Sản xuất
DPTRC,DPTRC400-3P5SL,Sản xuất
DPTRC,DPTRC400-RTFHN,Sản xuất
DPTRC,DPTRC400-GTFHN,Sản xuất
DPTRC,DPTRC400-BTFHN,Sản xuất
DPTRC,DPTRC400-RTFHT,Sản xuất
DPTRC,DPTRC400-GTFHT,Sản xuất
DPTRC,DPTRC400-BTFHT,Sản xuất
DPTRC,DPTRC400-RTFHD,Sản xuất
DPTRC,DPTRC400-GTFHD,Sản xuất
DPTRC,DPTRC400-BTFHD,Sản xuất
DPTRC,DPTRC400-RTFDN,Sản xuất
DPTRC,DPTRC400-GTFDN,Sản xuất
DPTRC,DPTRC400-BTFDN,Sản xuất
DPTRC,DPTRC400-RTFDT,Sản xuất
DPTRC,DPTRC400-GTFDT,Sản xuất
DPTRC,DPTRC400-BTFDT,Sản xuất
DPTRC,DPTRC400-RTFPT,Sản xuất
DPTRC,DPTRC400-GTFPT,Sản xuất
DPTRC,DPTRC400-BTFPT,Sản xuất
DPTRC,DPTRC400-RTFPD,Sản xuất
DPTRC,DPTRC400-GTFPD,Sản xuất
DPTRC,DPTRC400-BTFPD,Sản xuất
DPTRC,DPTRC400-RTFMT,Sản xuất
DPTRC,DPTRC400-GTFMT,Sản xuất
DPTRC,DPTRC400-BTFMT,Sản xuất
DPTRC,DPTRC400-RTFID,Sản xuất
DPTRC,DPTRC400-GTFID,Sản xuất
DPTRC,DPTRC400-BTFID,Sản xuất
DPTRC,DPTRC400-RTFSL,Sản xuất
DPTRC,DPTRC400-GTFSL,Sản xuất
DPTRC,DPTRC400-BTFSL,Sản xuất
DPTRC,DPTRC400-CBCHC,Sản xuất
DPTVC,DPTVC100-6B3HN,Sản xuất
DPTVC,DPTVC100-5B3HN,Sản xuất
DPTVC,DPTVC100-4B3HN,Sản xuất
DPTVC,DPTVC100-3B3HN,Sản xuất
DPTVC,DPTVC100-6B3HT,Sản xuất
DPTVC,DPTVC100-5B3HT,Sản xuất
DPTVC,DPTVC100-4B3HT,Sản xuất
DPTVC,DPTVC100-3B3HT,Sản xuất
DPTVC,DPTVC100-6B3HD,Sản xuất
DPTVC,DPTVC100-5B3HD,Sản xuất
DPTVC,DPTVC100-4B3HD,Sản xuất
DPTVC,DPTVC100-3B3HD,Sản xuất
DPTVC,DPTVC100-6B3DN,Sản xuất
DPTVC,DPTVC100-5B3DN,Sản xuất
DPTVC,DPTVC100-4B3DN,Sản xuất
DPTVC,DPTVC100-3B3DN,Sản xuất
DPTVC,DPTVC100-6B3DT,Sản xuất
DPTVC,DPTVC100-5B3DT,Sản xuất
DPTVC,DPTVC100-4B3DT,Sản xuất
DPTVC,DPTVC100-3B3DT,Sản xuất
DPTVC,DPTVC100-6B3PT,Sản xuất
DPTVC,DPTVC100-5B3PT,Sản xuất
DPTVC,DPTVC100-4B3PT,Sản xuất
DPTVC,DPTVC100-3B3PT,Sản xuất
DPTVC,DPTVC100-6B3PD,Sản xuất
DPTVC,DPTVC100-5B3PD,Sản xuất
DPTVC,DPTVC100-4B3PD,Sản xuất
DPTVC,DPTVC100-3B3PD,Sản xuất
DPTVC,DPTVC100-6B3MT,Sản xuất
DPTVC,DPTVC100-5B3MT,Sản xuất
DPTVC,DPTVC100-4B3MT,Sản xuất
DPTVC,DPTVC100-3B3MT,Sản xuất
DPTVC,DPTVC100-6B3ID,Sản xuất
DPTVC,DPTVC100-5B3ID,Sản xuất
DPTVC,DPTVC100-4B3ID,Sản xuất
DPTVC,DPTVC100-3B3ID,Sản xuất
DPTVC,DPTVC100-6B3SL,Sản xuất
DPTVC,DPTVC100-5B3SL,Sản xuất
DPTVC,DPTVC100-4B3SL,Sản xuất
DPTVC,DPTVC100-3B3SL,Sản xuất
DPTVC,DPTVC100-6P3HN,Sản xuất
DPTVC,DPTVC100-5P3HN,Sản xuất
DPTVC,DPTVC100-4P3HN,Sản xuất
DPTVC,DPTVC100-3P3HN,Sản xuất
DPTVC,DPTVC100-6P3HT,Sản xuất
DPTVC,DPTVC100-5P3HT,Sản xuất
DPTVC,DPTVC100-4P3HT,Sản xuất
DPTVC,DPTVC100-3P3HT,Sản xuất
DPTVC,DPTVC100-6P3HD,Sản xuất
DPTVC,DPTVC100-5P3HD,Sản xuất
DPTVC,DPTVC100-4P3HD,Sản xuất
DPTVC,DPTVC100-3P3HD,Sản xuất
DPTVC,DPTVC100-6P3DN,Sản xuất
DPTVC,DPTVC100-5P3DN,Sản xuất
DPTVC,DPTVC100-4P3DN,Sản xuất
DPTVC,DPTVC100-3P3DN,Sản xuất
DPTVC,DPTVC100-6P3DT,Sản xuất
DPTVC,DPTVC100-5P3DT,Sản xuất
DPTVC,DPTVC100-4P3DT,Sản xuất
DPTVC,DPTVC100-3P3DT,Sản xuất
DPTVC,DPTVC100-6P3PT,Sản xuất
DPTVC,DPTVC100-5P3PT,Sản xuất
DPTVC,DPTVC100-4P3PT,Sản xuất
DPTVC,DPTVC100-3P3PT,Sản xuất
DPTVC,DPTVC100-6P3PD,Sản xuất
DPTVC,DPTVC100-5P3PD,Sản xuất
DPTVC,DPTVC100-4P3PD,Sản xuất
DPTVC,DPTVC100-3P3PD,Sản xuất
DPTVC,DPTVC100-6P3MT,Sản xuất
DPTVC,DPTVC100-5P3MT,Sản xuất
DPTVC,DPTVC100-4P3MT,Sản xuất
DPTVC,DPTVC100-3P3MT,Sản xuất
DPTVC,DPTVC100-6P3ID,Sản xuất
DPTVC,DPTVC100-5P3ID,Sản xuất
DPTVC,DPTVC100-4P3ID,Sản xuất
DPTVC,DPTVC100-3P3ID,Sản xuất
DPTVC,DPTVC100-6P3SL,Sản xuất
DPTVC,DPTVC100-5P3SL,Sản xuất
DPTVC,DPTVC100-4P3SL,Sản xuất
DPTVC,DPTVC100-3P3SL,Sản xuất
DPTVC,DPTVC100-6B5HN,Sản xuất
DPTVC,DPTVC100-5B5HN,Sản xuất
DPTVC,DPTVC100-4B5HN,Sản xuất
DPTVC,DPTVC100-3B5HN,Sản xuất
DPTVC,DPTVC100-6B5HT,Sản xuất
DPTVC,DPTVC100-5B5HT,Sản xuất
DPTVC,DPTVC100-4B5HT,Sản xuất
DPTVC,DPTVC100-3B5HT,Sản xuất
DPTVC,DPTVC100-6B5HD,Sản xuất
DPTVC,DPTVC100-5B5HD,Sản xuất
DPTVC,DPTVC100-4B5HD,Sản xuất
DPTVC,DPTVC100-3B5HD,Sản xuất
DPTVC,DPTVC100-6B5DN,Sản xuất
DPTVC,DPTVC100-5B5DN,Sản xuất
DPTVC,DPTVC100-4B5DN,Sản xuất
DPTVC,DPTVC100-3B5DN,Sản xuất
DPTVC,DPTVC100-6B5DT,Sản xuất
DPTVC,DPTVC100-5B5DT,Sản xuất
DPTVC,DPTVC100-4B5DT,Sản xuất
DPTVC,DPTVC100-3B5DT,Sản xuất
DPTVC,DPTVC100-6B5PT,Sản xuất
DPTVC,DPTVC100-5B5PT,Sản xuất
DPTVC,DPTVC100-4B5PT,Sản xuất
DPTVC,DPTVC100-3B5PT,Sản xuất
DPTVC,DPTVC100-6B5PD,Sản xuất
DPTVC,DPTVC100-5B5PD,Sản xuất
DPTVC,DPTVC100-4B5PD,Sản xuất
DPTVC,DPTVC100-3B5PD,Sản xuất
DPTVC,DPTVC100-6B5MT,Sản xuất
DPTVC,DPTVC100-5B5MT,Sản xuất
DPTVC,DPTVC100-4B5MT,Sản xuất
DPTVC,DPTVC100-3B5MT,Sản xuất
DPTVC,DPTVC100-6B5ID,Sản xuất
DPTVC,DPTVC100-5B5ID,Sản xuất
DPTVC,DPTVC100-4B5ID,Sản xuất
DPTVC,DPTVC100-3B5ID,Sản xuất
DPTVC,DPTVC100-6B5SL,Sản xuất
DPTVC,DPTVC100-5B5SL,Sản xuất
DPTVC,DPTVC100-4B5SL,Sản xuất
DPTVC,DPTVC100-3B5SL,Sản xuất
DPTVC,DPTVC100-6P5HN,Sản xuất
DPTVC,DPTVC100-5P5HN,Sản xuất
DPTVC,DPTVC100-4P5HN,Sản xuất
DPTVC,DPTVC100-3P5HN,Sản xuất
DPTVC,DPTVC100-6P5HT,Sản xuất
DPTVC,DPTVC100-5P5HT,Sản xuất
DPTVC,DPTVC100-4P5HT,Sản xuất
DPTVC,DPTVC100-3P5HT,Sản xuất
DPTVC,DPTVC100-6P5HD,Sản xuất
DPTVC,DPTVC100-5P5HD,Sản xuất
DPTVC,DPTVC100-4P5HD,Sản xuất
DPTVC,DPTVC100-3P5HD,Sản xuất
DPTVC,DPTVC100-6P5DN,Sản xuất
DPTVC,DPTVC100-5P5DN,Sản xuất
DPTVC,DPTVC100-4P5DN,Sản xuất
DPTVC,DPTVC100-3P5DN,Sản xuất
DPTVC,DPTVC100-6P5DT,Sản xuất
DPTVC,DPTVC100-5P5DT,Sản xuất
DPTVC,DPTVC100-4P5DT,Sản xuất
DPTVC,DPTVC100-3P5DT,Sản xuất
DPTVC,DPTVC100-6P5PT,Sản xuất
DPTVC,DPTVC100-5P5PT,Sản xuất
DPTVC,DPTVC100-4P5PT,Sản xuất
DPTVC,DPTVC100-3P5PT,Sản xuất
DPTVC,DPTVC100-6P5PD,Sản xuất
DPTVC,DPTVC100-5P5PD,Sản xuất
DPTVC,DPTVC100-4P5PD,Sản xuất
DPTVC,DPTVC100-3P5PD,Sản xuất
DPTVC,DPTVC100-6P5MT,Sản xuất
DPTVC,DPTVC100-5P5MT,Sản xuất
DPTVC,DPTVC100-4P5MT,Sản xuất
DPTVC,DPTVC100-3P5MT,Sản xuất
DPTVC,DPTVC100-6P5ID,Sản xuất
DPTVC,DPTVC100-5P5ID,Sản xuất
DPTVC,DPTVC100-4P5ID,Sản xuất
DPTVC,DPTVC100-3P5ID,Sản xuất
DPTVC,DPTVC100-6P5SL,Sản xuất
DPTVC,DPTVC100-5P5SL,Sản xuất
DPTVC,DPTVC100-4P5SL,Sản xuất
DPTVC,DPTVC100-3P5SL,Sản xuất
DPTVC,DPTVC100-RTFHN,Sản xuất
DPTVC,DPTVC100-GTFHN,Sản xuất
DPTVC,DPTVC100-BTFHN,Sản xuất
DPTVC,DPTVC100-RTFHT,Sản xuất
DPTVC,DPTVC100-GTFHT,Sản xuất
DPTVC,DPTVC100-BTFHT,Sản xuất
DPTVC,DPTVC100-RTFHD,Sản xuất
DPTVC,DPTVC100-GTFHD,Sản xuất
DPTVC,DPTVC100-BTFHD,Sản xuất
DPTVC,DPTVC100-RTFDN,Sản xuất
DPTVC,DPTVC100-GTFDN,Sản xuất
DPTVC,DPTVC100-BTFDN,Sản xuất
DPTVC,DPTVC100-RTFDT,Sản xuất
DPTVC,DPTVC100-GTFDT,Sản xuất
DPTVC,DPTVC100-BTFDT,Sản xuất
DPTVC,DPTVC100-RTFPT,Sản xuất
DPTVC,DPTVC100-GTFPT,Sản xuất
DPTVC,DPTVC100-BTFPT,Sản xuất
DPTVC,DPTVC100-RTFPD,Sản xuất
DPTVC,DPTVC100-GTFPD,Sản xuất
DPTVC,DPTVC100-BTFPD,Sản xuất
DPTVC,DPTVC100-RTFMT,Sản xuất
DPTVC,DPTVC100-GTFMT,Sản xuất
DPTVC,DPTVC100-BTFMT,Sản xuất
DPTVC,DPTVC100-RTFID,Sản xuất
DPTVC,DPTVC100-GTFID,Sản xuất
DPTVC,DPTVC100-BTFID,Sản xuất
DPTVC,DPTVC100-RTFSL,Sản xuất
DPTVC,DPTVC100-GTFSL,Sản xuất
DPTVC,DPTVC100-BTFSL,Sản xuất
DPTVC,DPTVC100-CBCHC,Sản xuất
DPTVC,DPTVC150-6B3HN,Sản xuất
DPTVC,DPTVC150-5B3HN,Sản xuất
DPTVC,DPTVC150-4B3HN,Sản xuất
DPTVC,DPTVC150-3B3HN,Sản xuất
DPTVC,DPTVC150-6B3HT,Sản xuất
DPTVC,DPTVC150-5B3HT,Sản xuất
DPTVC,DPTVC150-4B3HT,Sản xuất
DPTVC,DPTVC150-3B3HT,Sản xuất
DPTVC,DPTVC150-6B3HD,Sản xuất
DPTVC,DPTVC150-5B3HD,Sản xuất
DPTVC,DPTVC150-4B3HD,Sản xuất
DPTVC,DPTVC150-3B3HD,Sản xuất
DPTVC,DPTVC150-6B3DN,Sản xuất
DPTVC,DPTVC150-5B3DN,Sản xuất
DPTVC,DPTVC150-4B3DN,Sản xuất
DPTVC,DPTVC150-3B3DN,Sản xuất
DPTVC,DPTVC150-6B3DT,Sản xuất
DPTVC,DPTVC150-5B3DT,Sản xuất
DPTVC,DPTVC150-4B3DT,Sản xuất
DPTVC,DPTVC150-3B3DT,Sản xuất
DPTVC,DPTVC150-6B3PT,Sản xuất
DPTVC,DPTVC150-5B3PT,Sản xuất
DPTVC,DPTVC150-4B3PT,Sản xuất
DPTVC,DPTVC150-3B3PT,Sản xuất
DPTVC,DPTVC150-6B3PD,Sản xuất
DPTVC,DPTVC150-5B3PD,Sản xuất
DPTVC,DPTVC150-4B3PD,Sản xuất
DPTVC,DPTVC150-3B3PD,Sản xuất
DPTVC,DPTVC150-6B3MT,Sản xuất
DPTVC,DPTVC150-5B3MT,Sản xuất
DPTVC,DPTVC150-4B3MT,Sản xuất
DPTVC,DPTVC150-3B3MT,Sản xuất
DPTVC,DPTVC150-6B3ID,Sản xuất
DPTVC,DPTVC150-5B3ID,Sản xuất
DPTVC,DPTVC150-4B3ID,Sản xuất
DPTVC,DPTVC150-3B3ID,Sản xuất
DPTVC,DPTVC150-6B3SL,Sản xuất
DPTVC,DPTVC150-5B3SL,Sản xuất
DPTVC,DPTVC150-4B3SL,Sản xuất
DPTVC,DPTVC150-3B3SL,Sản xuất
DPTVC,DPTVC150-6P3HN,Sản xuất
DPTVC,DPTVC150-5P3HN,Sản xuất
DPTVC,DPTVC150-4P3HN,Sản xuất
DPTVC,DPTVC150-3P3HN,Sản xuất
DPTVC,DPTVC150-6P3HT,Sản xuất
DPTVC,DPTVC150-5P3HT,Sản xuất
DPTVC,DPTVC150-4P3HT,Sản xuất
DPTVC,DPTVC150-3P3HT,Sản xuất
DPTVC,DPTVC150-6P3HD,Sản xuất
DPTVC,DPTVC150-5P3HD,Sản xuất
DPTVC,DPTVC150-4P3HD,Sản xuất
DPTVC,DPTVC150-3P3HD,Sản xuất
DPTVC,DPTVC150-6P3DN,Sản xuất
DPTVC,DPTVC150-5P3DN,Sản xuất
DPTVC,DPTVC150-4P3DN,Sản xuất
DPTVC,DPTVC150-3P3DN,Sản xuất
DPTVC,DPTVC150-6P3DT,Sản xuất
DPTVC,DPTVC150-5P3DT,Sản xuất
DPTVC,DPTVC150-4P3DT,Sản xuất
DPTVC,DPTVC150-3P3DT,Sản xuất
DPTVC,DPTVC150-6P3PT,Sản xuất
DPTVC,DPTVC150-5P3PT,Sản xuất
DPTVC,DPTVC150-4P3PT,Sản xuất
DPTVC,DPTVC150-3P3PT,Sản xuất
DPTVC,DPTVC150-6P3PD,Sản xuất
DPTVC,DPTVC150-5P3PD,Sản xuất
DPTVC,DPTVC150-4P3PD,Sản xuất
DPTVC,DPTVC150-3P3PD,Sản xuất
DPTVC,DPTVC150-6P3MT,Sản xuất
DPTVC,DPTVC150-5P3MT,Sản xuất
DPTVC,DPTVC150-4P3MT,Sản xuất
DPTVC,DPTVC150-3P3MT,Sản xuất
DPTVC,DPTVC150-6P3ID,Sản xuất
DPTVC,DPTVC150-5P3ID,Sản xuất
DPTVC,DPTVC150-4P3ID,Sản xuất
DPTVC,DPTVC150-3P3ID,Sản xuất
DPTVC,DPTVC150-6P3SL,Sản xuất
DPTVC,DPTVC150-5P3SL,Sản xuất
DPTVC,DPTVC150-4P3SL,Sản xuất
DPTVC,DPTVC150-3P3SL,Sản xuất
DPTVC,DPTVC150-6B5HN,Sản xuất
DPTVC,DPTVC150-5B5HN,Sản xuất
DPTVC,DPTVC150-4B5HN,Sản xuất
DPTVC,DPTVC150-3B5HN,Sản xuất
DPTVC,DPTVC150-6B5HT,Sản xuất
DPTVC,DPTVC150-5B5HT,Sản xuất
DPTVC,DPTVC150-4B5HT,Sản xuất
DPTVC,DPTVC150-3B5HT,Sản xuất
DPTVC,DPTVC150-6B5HD,Sản xuất
DPTVC,DPTVC150-5B5HD,Sản xuất
DPTVC,DPTVC150-4B5HD,Sản xuất
DPTVC,DPTVC150-3B5HD,Sản xuất
DPTVC,DPTVC150-6B5DN,Sản xuất
DPTVC,DPTVC150-5B5DN,Sản xuất
DPTVC,DPTVC150-4B5DN,Sản xuất
DPTVC,DPTVC150-3B5DN,Sản xuất
DPTVC,DPTVC150-6B5DT,Sản xuất
DPTVC,DPTVC150-5B5DT,Sản xuất
DPTVC,DPTVC150-4B5DT,Sản xuất
DPTVC,DPTVC150-3B5DT,Sản xuất
DPTVC,DPTVC150-6B5PT,Sản xuất
DPTVC,DPTVC150-5B5PT,Sản xuất
DPTVC,DPTVC150-4B5PT,Sản xuất
DPTVC,DPTVC150-3B5PT,Sản xuất
DPTVC,DPTVC150-6B5PD,Sản xuất
DPTVC,DPTVC150-5B5PD,Sản xuất
DPTVC,DPTVC150-4B5PD,Sản xuất
DPTVC,DPTVC150-3B5PD,Sản xuất
DPTVC,DPTVC150-6B5MT,Sản xuất
DPTVC,DPTVC150-5B5MT,Sản xuất
DPTVC,DPTVC150-4B5MT,Sản xuất
DPTVC,DPTVC150-3B5MT,Sản xuất
DPTVC,DPTVC150-6B5ID,Sản xuất
DPTVC,DPTVC150-5B5ID,Sản xuất
DPTVC,DPTVC150-4B5ID,Sản xuất
DPTVC,DPTVC150-3B5ID,Sản xuất
DPTVC,DPTVC150-6B5SL,Sản xuất
DPTVC,DPTVC150-5B5SL,Sản xuất
DPTVC,DPTVC150-4B5SL,Sản xuất
DPTVC,DPTVC150-3B5SL,Sản xuất
DPTVC,DPTVC150-6P5HN,Sản xuất
DPTVC,DPTVC150-5P5HN,Sản xuất
DPTVC,DPTVC150-4P5HN,Sản xuất
DPTVC,DPTVC150-3P5HN,Sản xuất
DPTVC,DPTVC150-6P5HT,Sản xuất
DPTVC,DPTVC150-5P5HT,Sản xuất
DPTVC,DPTVC150-4P5HT,Sản xuất
DPTVC,DPTVC150-3P5HT,Sản xuất
DPTVC,DPTVC150-6P5HD,Sản xuất
DPTVC,DPTVC150-5P5HD,Sản xuất
DPTVC,DPTVC150-4P5HD,Sản xuất
DPTVC,DPTVC150-3P5HD,Sản xuất
DPTVC,DPTVC150-6P5DN,Sản xuất
DPTVC,DPTVC150-5P5DN,Sản xuất
DPTVC,DPTVC150-4P5DN,Sản xuất
DPTVC,DPTVC150-3P5DN,Sản xuất
DPTVC,DPTVC150-6P5DT,Sản xuất
DPTVC,DPTVC150-5P5DT,Sản xuất
DPTVC,DPTVC150-4P5DT,Sản xuất
DPTVC,DPTVC150-3P5DT,Sản xuất
DPTVC,DPTVC150-6P5PT,Sản xuất
DPTVC,DPTVC150-5P5PT,Sản xuất
DPTVC,DPTVC150-4P5PT,Sản xuất
DPTVC,DPTVC150-3P5PT,Sản xuất
DPTVC,DPTVC150-6P5PD,Sản xuất
DPTVC,DPTVC150-5P5PD,Sản xuất
DPTVC,DPTVC150-4P5PD,Sản xuất
DPTVC,DPTVC150-3P5PD,Sản xuất
DPTVC,DPTVC150-6P5MT,Sản xuất
DPTVC,DPTVC150-5P5MT,Sản xuất
DPTVC,DPTVC150-4P5MT,Sản xuất
DPTVC,DPTVC150-3P5MT,Sản xuất
DPTVC,DPTVC150-6P5ID,Sản xuất
DPTVC,DPTVC150-5P5ID,Sản xuất
DPTVC,DPTVC150-4P5ID,Sản xuất
DPTVC,DPTVC150-3P5ID,Sản xuất
DPTVC,DPTVC150-6P5SL,Sản xuất
DPTVC,DPTVC150-5P5SL,Sản xuất
DPTVC,DPTVC150-4P5SL,Sản xuất
DPTVC,DPTVC150-3P5SL,Sản xuất
DPTVC,DPTVC150-RTFHN,Sản xuất
DPTVC,DPTVC150-GTFHN,Sản xuất
DPTVC,DPTVC150-BTFHN,Sản xuất
DPTVC,DPTVC150-RTFHT,Sản xuất
DPTVC,DPTVC150-GTFHT,Sản xuất
DPTVC,DPTVC150-BTFHT,Sản xuất
DPTVC,DPTVC150-RTFHD,Sản xuất
DPTVC,DPTVC150-GTFHD,Sản xuất
DPTVC,DPTVC150-BTFHD,Sản xuất
DPTVC,DPTVC150-RTFDN,Sản xuất
DPTVC,DPTVC150-GTFDN,Sản xuất
DPTVC,DPTVC150-BTFDN,Sản xuất
DPTVC,DPTVC150-RTFDT,Sản xuất
DPTVC,DPTVC150-GTFDT,Sản xuất
DPTVC,DPTVC150-BTFDT,Sản xuất
DPTVC,DPTVC150-RTFPT,Sản xuất
DPTVC,DPTVC150-GTFPT,Sản xuất
DPTVC,DPTVC150-BTFPT,Sản xuất
DPTVC,DPTVC150-RTFPD,Sản xuất
DPTVC,DPTVC150-GTFPD,Sản xuất
DPTVC,DPTVC150-BTFPD,Sản xuất
DPTVC,DPTVC150-RTFMT,Sản xuất
DPTVC,DPTVC150-GTFMT,Sản xuất
DPTVC,DPTVC150-BTFMT,Sản xuất
DPTVC,DPTVC150-RTFID,Sản xuất
DPTVC,DPTVC150-GTFID,Sản xuất
DPTVC,DPTVC150-BTFID,Sản xuất
DPTVC,DPTVC150-RTFSL,Sản xuất
DPTVC,DPTVC150-GTFSL,Sản xuất
DPTVC,DPTVC150-BTFSL,Sản xuất
DPTVC,DPTVC150-CBCHC,Sản xuất
DPTVC,DPTVC200-6B3HN,Sản xuất
DPTVC,DPTVC200-5B3HN,Sản xuất
DPTVC,DPTVC200-4B3HN,Sản xuất
DPTVC,DPTVC200-3B3HN,Sản xuất
DPTVC,DPTVC200-6B3HT,Sản xuất
DPTVC,DPTVC200-5B3HT,Sản xuất
DPTVC,DPTVC200-4B3HT,Sản xuất
DPTVC,DPTVC200-3B3HT,Sản xuất
DPTVC,DPTVC200-6B3HD,Sản xuất
DPTVC,DPTVC200-5B3HD,Sản xuất
DPTVC,DPTVC200-4B3HD,Sản xuất
DPTVC,DPTVC200-3B3HD,Sản xuất
DPTVC,DPTVC200-6B3DN,Sản xuất
DPTVC,DPTVC200-5B3DN,Sản xuất
DPTVC,DPTVC200-4B3DN,Sản xuất
DPTVC,DPTVC200-3B3DN,Sản xuất
DPTVC,DPTVC200-6B3DT,Sản xuất
DPTVC,DPTVC200-5B3DT,Sản xuất
DPTVC,DPTVC200-4B3DT,Sản xuất
DPTVC,DPTVC200-3B3DT,Sản xuất
DPTVC,DPTVC200-6B3PT,Sản xuất
DPTVC,DPTVC200-5B3PT,Sản xuất
DPTVC,DPTVC200-4B3PT,Sản xuất
DPTVC,DPTVC200-3B3PT,Sản xuất
DPTVC,DPTVC200-6B3PD,Sản xuất
DPTVC,DPTVC200-5B3PD,Sản xuất
DPTVC,DPTVC200-4B3PD,Sản xuất
DPTVC,DPTVC200-3B3PD,Sản xuất
DPTVC,DPTVC200-6B3MT,Sản xuất
DPTVC,DPTVC200-5B3MT,Sản xuất
DPTVC,DPTVC200-4B3MT,Sản xuất
DPTVC,DPTVC200-3B3MT,Sản xuất
DPTVC,DPTVC200-6B3ID,Sản xuất
DPTVC,DPTVC200-5B3ID,Sản xuất
DPTVC,DPTVC200-4B3ID,Sản xuất
DPTVC,DPTVC200-3B3ID,Sản xuất
DPTVC,DPTVC200-6B3SL,Sản xuất
DPTVC,DPTVC200-5B3SL,Sản xuất
DPTVC,DPTVC200-4B3SL,Sản xuất
DPTVC,DPTVC200-3B3SL,Sản xuất
DPTVC,DPTVC200-6P3HN,Sản xuất
DPTVC,DPTVC200-5P3HN,Sản xuất
DPTVC,DPTVC200-4P3HN,Sản xuất
DPTVC,DPTVC200-3P3HN,Sản xuất
DPTVC,DPTVC200-6P3HT,Sản xuất
DPTVC,DPTVC200-5P3HT,Sản xuất
DPTVC,DPTVC200-4P3HT,Sản xuất
DPTVC,DPTVC200-3P3HT,Sản xuất
DPTVC,DPTVC200-6P3HD,Sản xuất
DPTVC,DPTVC200-5P3HD,Sản xuất
DPTVC,DPTVC200-4P3HD,Sản xuất
DPTVC,DPTVC200-3P3HD,Sản xuất
DPTVC,DPTVC200-6P3DN,Sản xuất
DPTVC,DPTVC200-5P3DN,Sản xuất
DPTVC,DPTVC200-4P3DN,Sản xuất
DPTVC,DPTVC200-3P3DN,Sản xuất
DPTVC,DPTVC200-6P3DT,Sản xuất
DPTVC,DPTVC200-5P3DT,Sản xuất
DPTVC,DPTVC200-4P3DT,Sản xuất
DPTVC,DPTVC200-3P3DT,Sản xuất
DPTVC,DPTVC200-6P3PT,Sản xuất
DPTVC,DPTVC200-5P3PT,Sản xuất
DPTVC,DPTVC200-4P3PT,Sản xuất
DPTVC,DPTVC200-3P3PT,Sản xuất
DPTVC,DPTVC200-6P3PD,Sản xuất
DPTVC,DPTVC200-5P3PD,Sản xuất
DPTVC,DPTVC200-4P3PD,Sản xuất
DPTVC,DPTVC200-3P3PD,Sản xuất
DPTVC,DPTVC200-6P3MT,Sản xuất
DPTVC,DPTVC200-5P3MT,Sản xuất
DPTVC,DPTVC200-4P3MT,Sản xuất
DPTVC,DPTVC200-3P3MT,Sản xuất
DPTVC,DPTVC200-6P3ID,Sản xuất
DPTVC,DPTVC200-5P3ID,Sản xuất
DPTVC,DPTVC200-4P3ID,Sản xuất
DPTVC,DPTVC200-3P3ID,Sản xuất
DPTVC,DPTVC200-6P3SL,Sản xuất
DPTVC,DPTVC200-5P3SL,Sản xuất
DPTVC,DPTVC200-4P3SL,Sản xuất
DPTVC,DPTVC200-3P3SL,Sản xuất
DPTVC,DPTVC200-6B5HN,Sản xuất
DPTVC,DPTVC200-5B5HN,Sản xuất
DPTVC,DPTVC200-4B5HN,Sản xuất
DPTVC,DPTVC200-3B5HN,Sản xuất
DPTVC,DPTVC200-6B5HT,Sản xuất
DPTVC,DPTVC200-5B5HT,Sản xuất
DPTVC,DPTVC200-4B5HT,Sản xuất
DPTVC,DPTVC200-3B5HT,Sản xuất
DPTVC,DPTVC200-6B5HD,Sản xuất
DPTVC,DPTVC200-5B5HD,Sản xuất
DPTVC,DPTVC200-4B5HD,Sản xuất
DPTVC,DPTVC200-3B5HD,Sản xuất
DPTVC,DPTVC200-6B5DN,Sản xuất
DPTVC,DPTVC200-5B5DN,Sản xuất
DPTVC,DPTVC200-4B5DN,Sản xuất
DPTVC,DPTVC200-3B5DN,Sản xuất
DPTVC,DPTVC200-6B5DT,Sản xuất
DPTVC,DPTVC200-5B5DT,Sản xuất
DPTVC,DPTVC200-4B5DT,Sản xuất
DPTVC,DPTVC200-3B5DT,Sản xuất
DPTVC,DPTVC200-6B5PT,Sản xuất
DPTVC,DPTVC200-5B5PT,Sản xuất
DPTVC,DPTVC200-4B5PT,Sản xuất
DPTVC,DPTVC200-3B5PT,Sản xuất
DPTVC,DPTVC200-6B5PD,Sản xuất
DPTVC,DPTVC200-5B5PD,Sản xuất
DPTVC,DPTVC200-4B5PD,Sản xuất
DPTVC,DPTVC200-3B5PD,Sản xuất
DPTVC,DPTVC200-6B5MT,Sản xuất
DPTVC,DPTVC200-5B5MT,Sản xuất
DPTVC,DPTVC200-4B5MT,Sản xuất
DPTVC,DPTVC200-3B5MT,Sản xuất
DPTVC,DPTVC200-6B5ID,Sản xuất
DPTVC,DPTVC200-5B5ID,Sản xuất
DPTVC,DPTVC200-4B5ID,Sản xuất
DPTVC,DPTVC200-3B5ID,Sản xuất
DPTVC,DPTVC200-6B5SL,Sản xuất
DPTVC,DPTVC200-5B5SL,Sản xuất
DPTVC,DPTVC200-4B5SL,Sản xuất
DPTVC,DPTVC200-3B5SL,Sản xuất
DPTVC,DPTVC200-6P5HN,Sản xuất
DPTVC,DPTVC200-5P5HN,Sản xuất
DPTVC,DPTVC200-4P5HN,Sản xuất
DPTVC,DPTVC200-3P5HN,Sản xuất
DPTVC,DPTVC200-6P5HT,Sản xuất
DPTVC,DPTVC200-5P5HT,Sản xuất
DPTVC,DPTVC200-4P5HT,Sản xuất
DPTVC,DPTVC200-3P5HT,Sản xuất
DPTVC,DPTVC200-6P5HD,Sản xuất
DPTVC,DPTVC200-5P5HD,Sản xuất
DPTVC,DPTVC200-4P5HD,Sản xuất
DPTVC,DPTVC200-3P5HD,Sản xuất
DPTVC,DPTVC200-6P5DN,Sản xuất
DPTVC,DPTVC200-5P5DN,Sản xuất
DPTVC,DPTVC200-4P5DN,Sản xuất
DPTVC,DPTVC200-3P5DN,Sản xuất
DPTVC,DPTVC200-6P5DT,Sản xuất
DPTVC,DPTVC200-5P5DT,Sản xuất
DPTVC,DPTVC200-4P5DT,Sản xuất
DPTVC,DPTVC200-3P5DT,Sản xuất
DPTVC,DPTVC200-6P5PT,Sản xuất
DPTVC,DPTVC200-5P5PT,Sản xuất
DPTVC,DPTVC200-4P5PT,Sản xuất
DPTVC,DPTVC200-3P5PT,Sản xuất
DPTVC,DPTVC200-6P5PD,Sản xuất
DPTVC,DPTVC200-5P5PD,Sản xuất
DPTVC,DPTVC200-4P5PD,Sản xuất
DPTVC,DPTVC200-3P5PD,Sản xuất
DPTVC,DPTVC200-6P5MT,Sản xuất
DPTVC,DPTVC200-5P5MT,Sản xuất
DPTVC,DPTVC200-4P5MT,Sản xuất
DPTVC,DPTVC200-3P5MT,Sản xuất
DPTVC,DPTVC200-6P5ID,Sản xuất
DPTVC,DPTVC200-5P5ID,Sản xuất
DPTVC,DPTVC200-4P5ID,Sản xuất
DPTVC,DPTVC200-3P5ID,Sản xuất
DPTVC,DPTVC200-6P5SL,Sản xuất
DPTVC,DPTVC200-5P5SL,Sản xuất
DPTVC,DPTVC200-4P5SL,Sản xuất
DPTVC,DPTVC200-3P5SL,Sản xuất
DPTVC,DPTVC200-RTFHN,Sản xuất
DPTVC,DPTVC200-GTFHN,Sản xuất
DPTVC,DPTVC200-BTFHN,Sản xuất
DPTVC,DPTVC200-RTFHT,Sản xuất
DPTVC,DPTVC200-GTFHT,Sản xuất
DPTVC,DPTVC200-BTFHT,Sản xuất
DPTVC,DPTVC200-RTFHD,Sản xuất
DPTVC,DPTVC200-GTFHD,Sản xuất
DPTVC,DPTVC200-BTFHD,Sản xuất
DPTVC,DPTVC200-RTFDN,Sản xuất
DPTVC,DPTVC200-GTFDN,Sản xuất
DPTVC,DPTVC200-BTFDN,Sản xuất
DPTVC,DPTVC200-RTFDT,Sản xuất
DPTVC,DPTVC200-GTFDT,Sản xuất
DPTVC,DPTVC200-BTFDT,Sản xuất
DPTVC,DPTVC200-RTFPT,Sản xuất
DPTVC,DPTVC200-GTFPT,Sản xuất
DPTVC,DPTVC200-BTFPT,Sản xuất
DPTVC,DPTVC200-RTFPD,Sản xuất
DPTVC,DPTVC200-GTFPD,Sản xuất
DPTVC,DPTVC200-BTFPD,Sản xuất
DPTVC,DPTVC200-RTFMT,Sản xuất
DPTVC,DPTVC200-GTFMT,Sản xuất
DPTVC,DPTVC200-BTFMT,Sản xuất
DPTVC,DPTVC200-RTFID,Sản xuất
DPTVC,DPTVC200-GTFID,Sản xuất
DPTVC,DPTVC200-BTFID,Sản xuất
DPTVC,DPTVC200-RTFSL,Sản xuất
DPTVC,DPTVC200-GTFSL,Sản xuất
DPTVC,DPTVC200-BTFSL,Sản xuất
DPTVC,DPTVC200-CBCHC,Sản xuất
DPTVC,DPTVC300-6B3HN,Sản xuất
DPTVC,DPTVC300-5B3HN,Sản xuất
DPTVC,DPTVC300-4B3HN,Sản xuất
DPTVC,DPTVC300-3B3HN,Sản xuất
DPTVC,DPTVC300-6B3HT,Sản xuất
DPTVC,DPTVC300-5B3HT,Sản xuất
DPTVC,DPTVC300-4B3HT,Sản xuất
DPTVC,DPTVC300-3B3HT,Sản xuất
DPTVC,DPTVC300-6B3HD,Sản xuất
DPTVC,DPTVC300-5B3HD,Sản xuất
DPTVC,DPTVC300-4B3HD,Sản xuất
DPTVC,DPTVC300-3B3HD,Sản xuất
DPTVC,DPTVC300-6B3DN,Sản xuất
DPTVC,DPTVC300-5B3DN,Sản xuất
DPTVC,DPTVC300-4B3DN,Sản xuất
DPTVC,DPTVC300-3B3DN,Sản xuất
DPTVC,DPTVC300-6B3DT,Sản xuất
DPTVC,DPTVC300-5B3DT,Sản xuất
DPTVC,DPTVC300-4B3DT,Sản xuất
DPTVC,DPTVC300-3B3DT,Sản xuất
DPTVC,DPTVC300-6B3PT,Sản xuất
DPTVC,DPTVC300-5B3PT,Sản xuất
DPTVC,DPTVC300-4B3PT,Sản xuất
DPTVC,DPTVC300-3B3PT,Sản xuất
DPTVC,DPTVC300-6B3PD,Sản xuất
DPTVC,DPTVC300-5B3PD,Sản xuất
DPTVC,DPTVC300-4B3PD,Sản xuất
DPTVC,DPTVC300-3B3PD,Sản xuất
DPTVC,DPTVC300-6B3MT,Sản xuất
DPTVC,DPTVC300-5B3MT,Sản xuất
DPTVC,DPTVC300-4B3MT,Sản xuất
DPTVC,DPTVC300-3B3MT,Sản xuất
DPTVC,DPTVC300-6B3ID,Sản xuất
DPTVC,DPTVC300-5B3ID,Sản xuất
DPTVC,DPTVC300-4B3ID,Sản xuất
DPTVC,DPTVC300-3B3ID,Sản xuất
DPTVC,DPTVC300-6B3SL,Sản xuất
DPTVC,DPTVC300-5B3SL,Sản xuất
DPTVC,DPTVC300-4B3SL,Sản xuất
DPTVC,DPTVC300-3B3SL,Sản xuất
DPTVC,DPTVC300-6P3HN,Sản xuất
DPTVC,DPTVC300-5P3HN,Sản xuất
DPTVC,DPTVC300-4P3HN,Sản xuất
DPTVC,DPTVC300-3P3HN,Sản xuất
DPTVC,DPTVC300-6P3HT,Sản xuất
DPTVC,DPTVC300-5P3HT,Sản xuất
DPTVC,DPTVC300-4P3HT,Sản xuất
DPTVC,DPTVC300-3P3HT,Sản xuất
DPTVC,DPTVC300-6P3HD,Sản xuất
DPTVC,DPTVC300-5P3HD,Sản xuất
DPTVC,DPTVC300-4P3HD,Sản xuất
DPTVC,DPTVC300-3P3HD,Sản xuất
DPTVC,DPTVC300-6P3DN,Sản xuất
DPTVC,DPTVC300-5P3DN,Sản xuất
DPTVC,DPTVC300-4P3DN,Sản xuất
DPTVC,DPTVC300-3P3DN,Sản xuất
DPTVC,DPTVC300-6P3DT,Sản xuất
DPTVC,DPTVC300-5P3DT,Sản xuất
DPTVC,DPTVC300-4P3DT,Sản xuất
DPTVC,DPTVC300-3P3DT,Sản xuất
DPTVC,DPTVC300-6P3PT,Sản xuất
DPTVC,DPTVC300-5P3PT,Sản xuất
DPTVC,DPTVC300-4P3PT,Sản xuất
DPTVC,DPTVC300-3P3PT,Sản xuất
DPTVC,DPTVC300-6P3PD,Sản xuất
DPTVC,DPTVC300-5P3PD,Sản xuất
DPTVC,DPTVC300-4P3PD,Sản xuất
DPTVC,DPTVC300-3P3PD,Sản xuất
DPTVC,DPTVC300-6P3MT,Sản xuất
DPTVC,DPTVC300-5P3MT,Sản xuất
DPTVC,DPTVC300-4P3MT,Sản xuất
DPTVC,DPTVC300-3P3MT,Sản xuất
DPTVC,DPTVC300-6P3ID,Sản xuất
DPTVC,DPTVC300-5P3ID,Sản xuất
DPTVC,DPTVC300-4P3ID,Sản xuất
DPTVC,DPTVC300-3P3ID,Sản xuất
DPTVC,DPTVC300-6P3SL,Sản xuất
DPTVC,DPTVC300-5P3SL,Sản xuất
DPTVC,DPTVC300-4P3SL,Sản xuất
DPTVC,DPTVC300-3P3SL,Sản xuất
DPTVC,DPTVC300-6B5HN,Sản xuất
DPTVC,DPTVC300-5B5HN,Sản xuất
DPTVC,DPTVC300-4B5HN,Sản xuất
DPTVC,DPTVC300-3B5HN,Sản xuất
DPTVC,DPTVC300-6B5HT,Sản xuất
DPTVC,DPTVC300-5B5HT,Sản xuất
DPTVC,DPTVC300-4B5HT,Sản xuất
DPTVC,DPTVC300-3B5HT,Sản xuất
DPTVC,DPTVC300-6B5HD,Sản xuất
DPTVC,DPTVC300-5B5HD,Sản xuất
DPTVC,DPTVC300-4B5HD,Sản xuất
DPTVC,DPTVC300-3B5HD,Sản xuất
DPTVC,DPTVC300-6B5DN,Sản xuất
DPTVC,DPTVC300-5B5DN,Sản xuất
DPTVC,DPTVC300-4B5DN,Sản xuất
DPTVC,DPTVC300-3B5DN,Sản xuất
DPTVC,DPTVC300-6B5DT,Sản xuất
DPTVC,DPTVC300-5B5DT,Sản xuất
DPTVC,DPTVC300-4B5DT,Sản xuất
DPTVC,DPTVC300-3B5DT,Sản xuất
DPTVC,DPTVC300-6B5PT,Sản xuất
DPTVC,DPTVC300-5B5PT,Sản xuất
DPTVC,DPTVC300-4B5PT,Sản xuất
DPTVC,DPTVC300-3B5PT,Sản xuất
DPTVC,DPTVC300-6B5PD,Sản xuất
DPTVC,DPTVC300-5B5PD,Sản xuất
DPTVC,DPTVC300-4B5PD,Sản xuất
DPTVC,DPTVC300-3B5PD,Sản xuất
DPTVC,DPTVC300-6B5MT,Sản xuất
DPTVC,DPTVC300-5B5MT,Sản xuất
DPTVC,DPTVC300-4B5MT,Sản xuất
DPTVC,DPTVC300-3B5MT,Sản xuất
DPTVC,DPTVC300-6B5ID,Sản xuất
DPTVC,DPTVC300-5B5ID,Sản xuất
DPTVC,DPTVC300-4B5ID,Sản xuất
DPTVC,DPTVC300-3B5ID,Sản xuất
DPTVC,DPTVC300-6B5SL,Sản xuất
DPTVC,DPTVC300-5B5SL,Sản xuất
DPTVC,DPTVC300-4B5SL,Sản xuất
DPTVC,DPTVC300-3B5SL,Sản xuất
DPTVC,DPTVC300-6P5HN,Sản xuất
DPTVC,DPTVC300-5P5HN,Sản xuất
DPTVC,DPTVC300-4P5HN,Sản xuất
DPTVC,DPTVC300-3P5HN,Sản xuất
DPTVC,DPTVC300-6P5HT,Sản xuất
DPTVC,DPTVC300-5P5HT,Sản xuất
DPTVC,DPTVC300-4P5HT,Sản xuất
DPTVC,DPTVC300-3P5HT,Sản xuất
DPTVC,DPTVC300-6P5HD,Sản xuất
DPTVC,DPTVC300-5P5HD,Sản xuất
DPTVC,DPTVC300-4P5HD,Sản xuất
DPTVC,DPTVC300-3P5HD,Sản xuất
DPTVC,DPTVC300-6P5DN,Sản xuất
DPTVC,DPTVC300-5P5DN,Sản xuất
DPTVC,DPTVC300-4P5DN,Sản xuất
DPTVC,DPTVC300-3P5DN,Sản xuất
DPTVC,DPTVC300-6P5DT,Sản xuất
DPTVC,DPTVC300-5P5DT,Sản xuất
DPTVC,DPTVC300-4P5DT,Sản xuất
DPTVC,DPTVC300-3P5DT,Sản xuất
DPTVC,DPTVC300-6P5PT,Sản xuất
DPTVC,DPTVC300-5P5PT,Sản xuất
DPTVC,DPTVC300-4P5PT,Sản xuất
DPTVC,DPTVC300-3P5PT,Sản xuất
DPTVC,DPTVC300-6P5PD,Sản xuất
DPTVC,DPTVC300-5P5PD,Sản xuất
DPTVC,DPTVC300-4P5PD,Sản xuất
DPTVC,DPTVC300-3P5PD,Sản xuất
DPTVC,DPTVC300-6P5MT,Sản xuất
DPTVC,DPTVC300-5P5MT,Sản xuất
DPTVC,DPTVC300-4P5MT,Sản xuất
DPTVC,DPTVC300-3P5MT,Sản xuất
DPTVC,DPTVC300-6P5ID,Sản xuất
DPTVC,DPTVC300-5P5ID,Sản xuất
DPTVC,DPTVC300-4P5ID,Sản xuất
DPTVC,DPTVC300-3P5ID,Sản xuất
DPTVC,DPTVC300-6P5SL,Sản xuất
DPTVC,DPTVC300-5P5SL,Sản xuất
DPTVC,DPTVC300-4P5SL,Sản xuất
DPTVC,DPTVC300-3P5SL,Sản xuất
DPTVC,DPTVC300-RTFHN,Sản xuất
DPTVC,DPTVC300-GTFHN,Sản xuất
DPTVC,DPTVC300-BTFHN,Sản xuất
DPTVC,DPTVC300-RTFHT,Sản xuất
DPTVC,DPTVC300-GTFHT,Sản xuất
DPTVC,DPTVC300-BTFHT,Sản xuất
DPTVC,DPTVC300-RTFHD,Sản xuất
DPTVC,DPTVC300-GTFHD,Sản xuất
DPTVC,DPTVC300-BTFHD,Sản xuất
DPTVC,DPTVC300-RTFDN,Sản xuất
DPTVC,DPTVC300-GTFDN,Sản xuất
DPTVC,DPTVC300-BTFDN,Sản xuất
DPTVC,DPTVC300-RTFDT,Sản xuất
DPTVC,DPTVC300-GTFDT,Sản xuất
DPTVC,DPTVC300-BTFDT,Sản xuất
DPTVC,DPTVC300-RTFPT,Sản xuất
DPTVC,DPTVC300-GTFPT,Sản xuất
DPTVC,DPTVC300-BTFPT,Sản xuất
DPTVC,DPTVC300-RTFPD,Sản xuất
DPTVC,DPTVC300-GTFPD,Sản xuất
DPTVC,DPTVC300-BTFPD,Sản xuất
DPTVC,DPTVC300-RTFMT,Sản xuất
DPTVC,DPTVC300-GTFMT,Sản xuất
DPTVC,DPTVC300-BTFMT,Sản xuất
DPTVC,DPTVC300-RTFID,Sản xuất
DPTVC,DPTVC300-GTFID,Sản xuất
DPTVC,DPTVC300-BTFID,Sản xuất
DPTVC,DPTVC300-RTFSL,Sản xuất
DPTVC,DPTVC300-GTFSL,Sản xuất
DPTVC,DPTVC300-BTFSL,Sản xuất
DPTVC,DPTVC300-CBCHC,Sản xuất
DPTVC,DPTVC400-6B3HN,Sản xuất
DPTVC,DPTVC400-5B3HN,Sản xuất
DPTVC,DPTVC400-4B3HN,Sản xuất
DPTVC,DPTVC400-3B3HN,Sản xuất
DPTVC,DPTVC400-6B3HT,Sản xuất
DPTVC,DPTVC400-5B3HT,Sản xuất
DPTVC,DPTVC400-4B3HT,Sản xuất
DPTVC,DPTVC400-3B3HT,Sản xuất
DPTVC,DPTVC400-6B3HD,Sản xuất
DPTVC,DPTVC400-5B3HD,Sản xuất
DPTVC,DPTVC400-4B3HD,Sản xuất
DPTVC,DPTVC400-3B3HD,Sản xuất
DPTVC,DPTVC400-6B3DN,Sản xuất
DPTVC,DPTVC400-5B3DN,Sản xuất
DPTVC,DPTVC400-4B3DN,Sản xuất
DPTVC,DPTVC400-3B3DN,Sản xuất
DPTVC,DPTVC400-6B3DT,Sản xuất
DPTVC,DPTVC400-5B3DT,Sản xuất
DPTVC,DPTVC400-4B3DT,Sản xuất
DPTVC,DPTVC400-3B3DT,Sản xuất
DPTVC,DPTVC400-6B3PT,Sản xuất
DPTVC,DPTVC400-5B3PT,Sản xuất
DPTVC,DPTVC400-4B3PT,Sản xuất
DPTVC,DPTVC400-3B3PT,Sản xuất
DPTVC,DPTVC400-6B3PD,Sản xuất
DPTVC,DPTVC400-5B3PD,Sản xuất
DPTVC,DPTVC400-4B3PD,Sản xuất
DPTVC,DPTVC400-3B3PD,Sản xuất
DPTVC,DPTVC400-6B3MT,Sản xuất
DPTVC,DPTVC400-5B3MT,Sản xuất
DPTVC,DPTVC400-4B3MT,Sản xuất
DPTVC,DPTVC400-3B3MT,Sản xuất
DPTVC,DPTVC400-6B3ID,Sản xuất
DPTVC,DPTVC400-5B3ID,Sản xuất
DPTVC,DPTVC400-4B3ID,Sản xuất
DPTVC,DPTVC400-3B3ID,Sản xuất
DPTVC,DPTVC400-6B3SL,Sản xuất
DPTVC,DPTVC400-5B3SL,Sản xuất
DPTVC,DPTVC400-4B3SL,Sản xuất
DPTVC,DPTVC400-3B3SL,Sản xuất
DPTVC,DPTVC400-6P3HN,Sản xuất
DPTVC,DPTVC400-5P3HN,Sản xuất
DPTVC,DPTVC400-4P3HN,Sản xuất
DPTVC,DPTVC400-3P3HN,Sản xuất
DPTVC,DPTVC400-6P3HT,Sản xuất
DPTVC,DPTVC400-5P3HT,Sản xuất
DPTVC,DPTVC400-4P3HT,Sản xuất
DPTVC,DPTVC400-3P3HT,Sản xuất
DPTVC,DPTVC400-6P3HD,Sản xuất
DPTVC,DPTVC400-5P3HD,Sản xuất
DPTVC,DPTVC400-4P3HD,Sản xuất
DPTVC,DPTVC400-3P3HD,Sản xuất
DPTVC,DPTVC400-6P3DN,Sản xuất
DPTVC,DPTVC400-5P3DN,Sản xuất
DPTVC,DPTVC400-4P3DN,Sản xuất
DPTVC,DPTVC400-3P3DN,Sản xuất
DPTVC,DPTVC400-6P3DT,Sản xuất
DPTVC,DPTVC400-5P3DT,Sản xuất
DPTVC,DPTVC400-4P3DT,Sản xuất
DPTVC,DPTVC400-3P3DT,Sản xuất
DPTVC,DPTVC400-6P3PT,Sản xuất
DPTVC,DPTVC400-5P3PT,Sản xuất
DPTVC,DPTVC400-4P3PT,Sản xuất
DPTVC,DPTVC400-3P3PT,Sản xuất
DPTVC,DPTVC400-6P3PD,Sản xuất
DPTVC,DPTVC400-5P3PD,Sản xuất
DPTVC,DPTVC400-4P3PD,Sản xuất
DPTVC,DPTVC400-3P3PD,Sản xuất
DPTVC,DPTVC400-6P3MT,Sản xuất
DPTVC,DPTVC400-5P3MT,Sản xuất
DPTVC,DPTVC400-4P3MT,Sản xuất
DPTVC,DPTVC400-3P3MT,Sản xuất
DPTVC,DPTVC400-6P3ID,Sản xuất
DPTVC,DPTVC400-5P3ID,Sản xuất
DPTVC,DPTVC400-4P3ID,Sản xuất
DPTVC,DPTVC400-3P3ID,Sản xuất
DPTVC,DPTVC400-6P3SL,Sản xuất
DPTVC,DPTVC400-5P3SL,Sản xuất
DPTVC,DPTVC400-4P3SL,Sản xuất
DPTVC,DPTVC400-3P3SL,Sản xuất
DPTVC,DPTVC400-6B5HN,Sản xuất
DPTVC,DPTVC400-5B5HN,Sản xuất
DPTVC,DPTVC400-4B5HN,Sản xuất
DPTVC,DPTVC400-3B5HN,Sản xuất
DPTVC,DPTVC400-6B5HT,Sản xuất
DPTVC,DPTVC400-5B5HT,Sản xuất
DPTVC,DPTVC400-4B5HT,Sản xuất
DPTVC,DPTVC400-3B5HT,Sản xuất
DPTVC,DPTVC400-6B5HD,Sản xuất
DPTVC,DPTVC400-5B5HD,Sản xuất
DPTVC,DPTVC400-4B5HD,Sản xuất
DPTVC,DPTVC400-3B5HD,Sản xuất
DPTVC,DPTVC400-6B5DN,Sản xuất
DPTVC,DPTVC400-5B5DN,Sản xuất
DPTVC,DPTVC400-4B5DN,Sản xuất
DPTVC,DPTVC400-3B5DN,Sản xuất
DPTVC,DPTVC400-6B5DT,Sản xuất
DPTVC,DPTVC400-5B5DT,Sản xuất
DPTVC,DPTVC400-4B5DT,Sản xuất
DPTVC,DPTVC400-3B5DT,Sản xuất
DPTVC,DPTVC400-6B5PT,Sản xuất
DPTVC,DPTVC400-5B5PT,Sản xuất
DPTVC,DPTVC400-4B5PT,Sản xuất
DPTVC,DPTVC400-3B5PT,Sản xuất
DPTVC,DPTVC400-6B5PD,Sản xuất
DPTVC,DPTVC400-5B5PD,Sản xuất
DPTVC,DPTVC400-4B5PD,Sản xuất
DPTVC,DPTVC400-3B5PD,Sản xuất
DPTVC,DPTVC400-6B5MT,Sản xuất
DPTVC,DPTVC400-5B5MT,Sản xuất
DPTVC,DPTVC400-4B5MT,Sản xuất
DPTVC,DPTVC400-3B5MT,Sản xuất
DPTVC,DPTVC400-6B5ID,Sản xuất
DPTVC,DPTVC400-5B5ID,Sản xuất
DPTVC,DPTVC400-4B5ID,Sản xuất
DPTVC,DPTVC400-3B5ID,Sản xuất
DPTVC,DPTVC400-6B5SL,Sản xuất
DPTVC,DPTVC400-5B5SL,Sản xuất
DPTVC,DPTVC400-4B5SL,Sản xuất
DPTVC,DPTVC400-3B5SL,Sản xuất
DPTVC,DPTVC400-6P5HN,Sản xuất
DPTVC,DPTVC400-5P5HN,Sản xuất
DPTVC,DPTVC400-4P5HN,Sản xuất
DPTVC,DPTVC400-3P5HN,Sản xuất
DPTVC,DPTVC400-6P5HT,Sản xuất
DPTVC,DPTVC400-5P5HT,Sản xuất
DPTVC,DPTVC400-4P5HT,Sản xuất
DPTVC,DPTVC400-3P5HT,Sản xuất
DPTVC,DPTVC400-6P5HD,Sản xuất
DPTVC,DPTVC400-5P5HD,Sản xuất
DPTVC,DPTVC400-4P5HD,Sản xuất
DPTVC,DPTVC400-3P5HD,Sản xuất
DPTVC,DPTVC400-6P5DN,Sản xuất
DPTVC,DPTVC400-5P5DN,Sản xuất
DPTVC,DPTVC400-4P5DN,Sản xuất
DPTVC,DPTVC400-3P5DN,Sản xuất
DPTVC,DPTVC400-6P5DT,Sản xuất
DPTVC,DPTVC400-5P5DT,Sản xuất
DPTVC,DPTVC400-4P5DT,Sản xuất
DPTVC,DPTVC400-3P5DT,Sản xuất
DPTVC,DPTVC400-6P5PT,Sản xuất
DPTVC,DPTVC400-5P5PT,Sản xuất
DPTVC,DPTVC400-4P5PT,Sản xuất
DPTVC,DPTVC400-3P5PT,Sản xuất
DPTVC,DPTVC400-6P5PD,Sản xuất
DPTVC,DPTVC400-5P5PD,Sản xuất
DPTVC,DPTVC400-4P5PD,Sản xuất
DPTVC,DPTVC400-3P5PD,Sản xuất
DPTVC,DPTVC400-6P5MT,Sản xuất
DPTVC,DPTVC400-5P5MT,Sản xuất
DPTVC,DPTVC400-4P5MT,Sản xuất
DPTVC,DPTVC400-3P5MT,Sản xuất
DPTVC,DPTVC400-6P5ID,Sản xuất
DPTVC,DPTVC400-5P5ID,Sản xuất
DPTVC,DPTVC400-4P5ID,Sản xuất
DPTVC,DPTVC400-3P5ID,Sản xuất
DPTVC,DPTVC400-6P5SL,Sản xuất
DPTVC,DPTVC400-5P5SL,Sản xuất
DPTVC,DPTVC400-4P5SL,Sản xuất
DPTVC,DPTVC400-3P5SL,Sản xuất
DPTVC,DPTVC400-RTFHN,Sản xuất
DPTVC,DPTVC400-GTFHN,Sản xuất
DPTVC,DPTVC400-BTFHN,Sản xuất
DPTVC,DPTVC400-RTFHT,Sản xuất
DPTVC,DPTVC400-GTFHT,Sản xuất
DPTVC,DPTVC400-BTFHT,Sản xuất
DPTVC,DPTVC400-RTFHD,Sản xuất
DPTVC,DPTVC400-GTFHD,Sản xuất
DPTVC,DPTVC400-BTFHD,Sản xuất
DPTVC,DPTVC400-RTFDN,Sản xuất
DPTVC,DPTVC400-GTFDN,Sản xuất
DPTVC,DPTVC400-BTFDN,Sản xuất
DPTVC,DPTVC400-RTFDT,Sản xuất
DPTVC,DPTVC400-GTFDT,Sản xuất
DPTVC,DPTVC400-BTFDT,Sản xuất
DPTVC,DPTVC400-RTFPT,Sản xuất
DPTVC,DPTVC400-GTFPT,Sản xuất
DPTVC,DPTVC400-BTFPT,Sản xuất
DPTVC,DPTVC400-RTFPD,Sản xuất
DPTVC,DPTVC400-GTFPD,Sản xuất
DPTVC,DPTVC400-BTFPD,Sản xuất
DPTVC,DPTVC400-RTFMT,Sản xuất
DPTVC,DPTVC400-GTFMT,Sản xuất
DPTVC,DPTVC400-BTFMT,Sản xuất
DPTVC,DPTVC400-RTFID,Sản xuất
DPTVC,DPTVC400-GTFID,Sản xuất
DPTVC,DPTVC400-BTFID,Sản xuất
DPTVC,DPTVC400-RTFSL,Sản xuất
DPTVC,DPTVC400-GTFSL,Sản xuất
DPTVC,DPTVC400-BTFSL,Sản xuất
DPTVC,DPTVC400-CBCHC,Sản xuất
DPTVC,DPTVC500-6B3HN,Sản xuất
DPTVC,DPTVC500-5B3HN,Sản xuất
DPTVC,DPTVC500-4B3HN,Sản xuất
DPTVC,DPTVC500-3B3HN,Sản xuất
DPTVC,DPTVC500-6B3HT,Sản xuất
DPTVC,DPTVC500-5B3HT,Sản xuất
DPTVC,DPTVC500-4B3HT,Sản xuất
DPTVC,DPTVC500-3B3HT,Sản xuất
DPTVC,DPTVC500-6B3HD,Sản xuất
DPTVC,DPTVC500-5B3HD,Sản xuất
DPTVC,DPTVC500-4B3HD,Sản xuất
DPTVC,DPTVC500-3B3HD,Sản xuất
DPTVC,DPTVC500-6B3DN,Sản xuất
DPTVC,DPTVC500-5B3DN,Sản xuất
DPTVC,DPTVC500-4B3DN,Sản xuất
DPTVC,DPTVC500-3B3DN,Sản xuất
DPTVC,DPTVC500-6B3DT,Sản xuất
DPTVC,DPTVC500-5B3DT,Sản xuất
DPTVC,DPTVC500-4B3DT,Sản xuất
DPTVC,DPTVC500-3B3DT,Sản xuất
DPTVC,DPTVC500-6B3PT,Sản xuất
DPTVC,DPTVC500-5B3PT,Sản xuất
DPTVC,DPTVC500-4B3PT,Sản xuất
DPTVC,DPTVC500-3B3PT,Sản xuất
DPTVC,DPTVC500-6B3PD,Sản xuất
DPTVC,DPTVC500-5B3PD,Sản xuất
DPTVC,DPTVC500-4B3PD,Sản xuất
DPTVC,DPTVC500-3B3PD,Sản xuất
DPTVC,DPTVC500-6B3MT,Sản xuất
DPTVC,DPTVC500-5B3MT,Sản xuất
DPTVC,DPTVC500-4B3MT,Sản xuất
DPTVC,DPTVC500-3B3MT,Sản xuất
DPTVC,DPTVC500-6B3ID,Sản xuất
DPTVC,DPTVC500-5B3ID,Sản xuất
DPTVC,DPTVC500-4B3ID,Sản xuất
DPTVC,DPTVC500-3B3ID,Sản xuất
DPTVC,DPTVC500-6B3SL,Sản xuất
DPTVC,DPTVC500-5B3SL,Sản xuất
DPTVC,DPTVC500-4B3SL,Sản xuất
DPTVC,DPTVC500-3B3SL,Sản xuất
DPTVC,DPTVC500-6P3HN,Sản xuất
DPTVC,DPTVC500-5P3HN,Sản xuất
DPTVC,DPTVC500-4P3HN,Sản xuất
DPTVC,DPTVC500-3P3HN,Sản xuất
DPTVC,DPTVC500-6P3HT,Sản xuất
DPTVC,DPTVC500-5P3HT,Sản xuất
DPTVC,DPTVC500-4P3HT,Sản xuất
DPTVC,DPTVC500-3P3HT,Sản xuất
DPTVC,DPTVC500-6P3HD,Sản xuất
DPTVC,DPTVC500-5P3HD,Sản xuất
DPTVC,DPTVC500-4P3HD,Sản xuất
DPTVC,DPTVC500-3P3HD,Sản xuất
DPTVC,DPTVC500-6P3DN,Sản xuất
DPTVC,DPTVC500-5P3DN,Sản xuất
DPTVC,DPTVC500-4P3DN,Sản xuất
DPTVC,DPTVC500-3P3DN,Sản xuất
DPTVC,DPTVC500-6P3DT,Sản xuất
DPTVC,DPTVC500-5P3DT,Sản xuất
DPTVC,DPTVC500-4P3DT,Sản xuất
DPTVC,DPTVC500-3P3DT,Sản xuất
DPTVC,DPTVC500-6P3PT,Sản xuất
DPTVC,DPTVC500-5P3PT,Sản xuất
DPTVC,DPTVC500-4P3PT,Sản xuất
DPTVC,DPTVC500-3P3PT,Sản xuất
DPTVC,DPTVC500-6P3PD,Sản xuất
DPTVC,DPTVC500-5P3PD,Sản xuất
DPTVC,DPTVC500-4P3PD,Sản xuất
DPTVC,DPTVC500-3P3PD,Sản xuất
DPTVC,DPTVC500-6P3MT,Sản xuất
DPTVC,DPTVC500-5P3MT,Sản xuất
DPTVC,DPTVC500-4P3MT,Sản xuất
DPTVC,DPTVC500-3P3MT,Sản xuất
DPTVC,DPTVC500-6P3ID,Sản xuất
DPTVC,DPTVC500-5P3ID,Sản xuất
DPTVC,DPTVC500-4P3ID,Sản xuất
DPTVC,DPTVC500-3P3ID,Sản xuất
DPTVC,DPTVC500-6P3SL,Sản xuất
DPTVC,DPTVC500-5P3SL,Sản xuất
DPTVC,DPTVC500-4P3SL,Sản xuất
DPTVC,DPTVC500-3P3SL,Sản xuất
DPTVC,DPTVC500-6B5HN,Sản xuất
DPTVC,DPTVC500-5B5HN,Sản xuất
DPTVC,DPTVC500-4B5HN,Sản xuất
DPTVC,DPTVC500-3B5HN,Sản xuất
DPTVC,DPTVC500-6B5HT,Sản xuất
DPTVC,DPTVC500-5B5HT,Sản xuất
DPTVC,DPTVC500-4B5HT,Sản xuất
DPTVC,DPTVC500-3B5HT,Sản xuất
DPTVC,DPTVC500-6B5HD,Sản xuất
DPTVC,DPTVC500-5B5HD,Sản xuất
DPTVC,DPTVC500-4B5HD,Sản xuất
DPTVC,DPTVC500-3B5HD,Sản xuất
DPTVC,DPTVC500-6B5DN,Sản xuất
DPTVC,DPTVC500-5B5DN,Sản xuất
DPTVC,DPTVC500-4B5DN,Sản xuất
DPTVC,DPTVC500-3B5DN,Sản xuất
DPTVC,DPTVC500-6B5DT,Sản xuất
DPTVC,DPTVC500-5B5DT,Sản xuất
DPTVC,DPTVC500-4B5DT,Sản xuất
DPTVC,DPTVC500-3B5DT,Sản xuất
DPTVC,DPTVC500-6B5PT,Sản xuất
DPTVC,DPTVC500-5B5PT,Sản xuất
DPTVC,DPTVC500-4B5PT,Sản xuất
DPTVC,DPTVC500-3B5PT,Sản xuất
DPTVC,DPTVC500-6B5PD,Sản xuất
DPTVC,DPTVC500-5B5PD,Sản xuất
DPTVC,DPTVC500-4B5PD,Sản xuất
DPTVC,DPTVC500-3B5PD,Sản xuất
DPTVC,DPTVC500-6B5MT,Sản xuất
DPTVC,DPTVC500-5B5MT,Sản xuất
DPTVC,DPTVC500-4B5MT,Sản xuất
DPTVC,DPTVC500-3B5MT,Sản xuất
DPTVC,DPTVC500-6B5ID,Sản xuất
DPTVC,DPTVC500-5B5ID,Sản xuất
DPTVC,DPTVC500-4B5ID,Sản xuất
DPTVC,DPTVC500-3B5ID,Sản xuất
DPTVC,DPTVC500-6B5SL,Sản xuất
DPTVC,DPTVC500-5B5SL,Sản xuất
DPTVC,DPTVC500-4B5SL,Sản xuất
DPTVC,DPTVC500-3B5SL,Sản xuất
DPTVC,DPTVC500-6P5HN,Sản xuất
DPTVC,DPTVC500-5P5HN,Sản xuất
DPTVC,DPTVC500-4P5HN,Sản xuất
DPTVC,DPTVC500-3P5HN,Sản xuất
DPTVC,DPTVC500-6P5HT,Sản xuất
DPTVC,DPTVC500-5P5HT,Sản xuất
DPTVC,DPTVC500-4P5HT,Sản xuất
DPTVC,DPTVC500-3P5HT,Sản xuất
DPTVC,DPTVC500-6P5HD,Sản xuất
DPTVC,DPTVC500-5P5HD,Sản xuất
DPTVC,DPTVC500-4P5HD,Sản xuất
DPTVC,DPTVC500-3P5HD,Sản xuất
DPTVC,DPTVC500-6P5DN,Sản xuất
DPTVC,DPTVC500-5P5DN,Sản xuất
DPTVC,DPTVC500-4P5DN,Sản xuất
DPTVC,DPTVC500-3P5DN,Sản xuất
DPTVC,DPTVC500-6P5DT,Sản xuất
DPTVC,DPTVC500-5P5DT,Sản xuất
DPTVC,DPTVC500-4P5DT,Sản xuất
DPTVC,DPTVC500-3P5DT,Sản xuất
DPTVC,DPTVC500-6P5PT,Sản xuất
DPTVC,DPTVC500-5P5PT,Sản xuất
DPTVC,DPTVC500-4P5PT,Sản xuất
DPTVC,DPTVC500-3P5PT,Sản xuất
DPTVC,DPTVC500-6P5PD,Sản xuất
DPTVC,DPTVC500-5P5PD,Sản xuất
DPTVC,DPTVC500-4P5PD,Sản xuất
DPTVC,DPTVC500-3P5PD,Sản xuất
DPTVC,DPTVC500-6P5MT,Sản xuất
DPTVC,DPTVC500-5P5MT,Sản xuất
DPTVC,DPTVC500-4P5MT,Sản xuất
DPTVC,DPTVC500-3P5MT,Sản xuất
DPTVC,DPTVC500-6P5ID,Sản xuất
DPTVC,DPTVC500-5P5ID,Sản xuất
DPTVC,DPTVC500-4P5ID,Sản xuất
DPTVC,DPTVC500-3P5ID,Sản xuất
DPTVC,DPTVC500-6P5SL,Sản xuất
DPTVC,DPTVC500-5P5SL,Sản xuất
DPTVC,DPTVC500-4P5SL,Sản xuất
DPTVC,DPTVC500-3P5SL,Sản xuất
DPTVC,DPTVC500-RTFHN,Sản xuất
DPTVC,DPTVC500-GTFHN,Sản xuất
DPTVC,DPTVC500-BTFHN,Sản xuất
DPTVC,DPTVC500-RTFHT,Sản xuất
DPTVC,DPTVC500-GTFHT,Sản xuất
DPTVC,DPTVC500-BTFHT,Sản xuất
DPTVC,DPTVC500-RTFHD,Sản xuất
DPTVC,DPTVC500-GTFHD,Sản xuất
DPTVC,DPTVC500-BTFHD,Sản xuất
DPTVC,DPTVC500-RTFDN,Sản xuất
DPTVC,DPTVC500-GTFDN,Sản xuất
DPTVC,DPTVC500-BTFDN,Sản xuất
DPTVC,DPTVC500-RTFDT,Sản xuất
DPTVC,DPTVC500-GTFDT,Sản xuất
DPTVC,DPTVC500-BTFDT,Sản xuất
DPTVC,DPTVC500-RTFPT,Sản xuất
DPTVC,DPTVC500-GTFPT,Sản xuất
DPTVC,DPTVC500-BTFPT,Sản xuất
DPTVC,DPTVC500-RTFPD,Sản xuất
DPTVC,DPTVC500-GTFPD,Sản xuất
DPTVC,DPTVC500-BTFPD,Sản xuất
DPTVC,DPTVC500-RTFMT,Sản xuất
DPTVC,DPTVC500-GTFMT,Sản xuất
DPTVC,DPTVC500-BTFMT,Sản xuất
DPTVC,DPTVC500-RTFID,Sản xuất
DPTVC,DPTVC500-GTFID,Sản xuất
DPTVC,DPTVC500-BTFID,Sản xuất
DPTVC,DPTVC500-RTFSL,Sản xuất
DPTVC,DPTVC500-GTFSL,Sản xuất
DPTVC,DPTVC500-BTFSL,Sản xuất
DPTVC,DPTVC500-CBCHC,Sản xuất
DPXHC,DPXHC010-6B3HN,Sản xuất
DPXHC,DPXHC010-5B3HN,Sản xuất
DPXHC,DPXHC010-4B3HN,Sản xuất
DPXHC,DPXHC010-3B3HN,Sản xuất
DPXHC,DPXHC010-6B3DN,Sản xuất
DPXHC,DPXHC010-5B3DN,Sản xuất
DPXHC,DPXHC010-4B3DN,Sản xuất
DPXHC,DPXHC010-3B3DN,Sản xuất
DPXHC,DPXHC010-6B3SL,Sản xuất
DPXHC,DPXHC010-5B3SL,Sản xuất
DPXHC,DPXHC010-4B3SL,Sản xuất
DPXHC,DPXHC010-3B3SL,Sản xuất
DPXHC,DPXHC010-6P3HN,Sản xuất
DPXHC,DPXHC010-5P3HN,Sản xuất
DPXHC,DPXHC010-4P3HN,Sản xuất
DPXHC,DPXHC010-3P3HN,Sản xuất
DPXHC,DPXHC010-6P3DN,Sản xuất
DPXHC,DPXHC010-5P3DN,Sản xuất
DPXHC,DPXHC010-4P3DN,Sản xuất
DPXHC,DPXHC010-3P3DN,Sản xuất
DPXHC,DPXHC010-6P3SL,Sản xuất
DPXHC,DPXHC010-5P3SL,Sản xuất
DPXHC,DPXHC010-4P3SL,Sản xuất
DPXHC,DPXHC010-3P3SL,Sản xuất
DPXHC,DPXHC010-RTFHN,Sản xuất
DPXHC,DPXHC010-GTFHN,Sản xuất
DPXHC,DPXHC010-BTFHN,Sản xuất
DPXHC,DPXHC010-RTFDN,Sản xuất
DPXHC,DPXHC010-GTFDN,Sản xuất
DPXHC,DPXHC010-BTFDN,Sản xuất
DPXHC,DPXHC010-RTFSL,Sản xuất
DPXHC,DPXHC010-GTFSL,Sản xuất
DPXHC,DPXHC010-BTFSL,Sản xuất
DPXHC,DPXHC010-CBCHC,Sản xuất
DPXHC,DPXHC020-6B3HN,Sản xuất
DPXHC,DPXHC020-5B3HN,Sản xuất
DPXHC,DPXHC020-4B3HN,Sản xuất
DPXHC,DPXHC020-3B3HN,Sản xuất
DPXHC,DPXHC020-6B3DN,Sản xuất
DPXHC,DPXHC020-5B3DN,Sản xuất
DPXHC,DPXHC020-4B3DN,Sản xuất
DPXHC,DPXHC020-3B3DN,Sản xuất
DPXHC,DPXHC020-6B3SL,Sản xuất
DPXHC,DPXHC020-5B3SL,Sản xuất
DPXHC,DPXHC020-4B3SL,Sản xuất
DPXHC,DPXHC020-3B3SL,Sản xuất
DPXHC,DPXHC020-6P3HN,Sản xuất
DPXHC,DPXHC020-5P3HN,Sản xuất
DPXHC,DPXHC020-4P3HN,Sản xuất
DPXHC,DPXHC020-3P3HN,Sản xuất
DPXHC,DPXHC020-6P3DN,Sản xuất
DPXHC,DPXHC020-5P3DN,Sản xuất
DPXHC,DPXHC020-4P3DN,Sản xuất
DPXHC,DPXHC020-3P3DN,Sản xuất
DPXHC,DPXHC020-6P3SL,Sản xuất
DPXHC,DPXHC020-5P3SL,Sản xuất
DPXHC,DPXHC020-4P3SL,Sản xuất
DPXHC,DPXHC020-3P3SL,Sản xuất
DPXHC,DPXHC020-RTFHN,Sản xuất
DPXHC,DPXHC020-GTFHN,Sản xuất
DPXHC,DPXHC020-BTFHN,Sản xuất
DPXHC,DPXHC020-RTFDN,Sản xuất
DPXHC,DPXHC020-GTFDN,Sản xuất
DPXHC,DPXHC020-BTFDN,Sản xuất
DPXHC,DPXHC020-RTFSL,Sản xuất
DPXHC,DPXHC020-GTFSL,Sản xuất
DPXHC,DPXHC020-BTFSL,Sản xuất
DPXHC,DPXHC020-CBCHC,Sản xuất
DPXHC,DPXHC030-6B3HN,Sản xuất
DPXHC,DPXHC030-5B3HN,Sản xuất
DPXHC,DPXHC030-4B3HN,Sản xuất
DPXHC,DPXHC030-3B3HN,Sản xuất
DPXHC,DPXHC030-6B3DN,Sản xuất
DPXHC,DPXHC030-5B3DN,Sản xuất
DPXHC,DPXHC030-4B3DN,Sản xuất
DPXHC,DPXHC030-3B3DN,Sản xuất
DPXHC,DPXHC030-6B3SL,Sản xuất
DPXHC,DPXHC030-5B3SL,Sản xuất
DPXHC,DPXHC030-4B3SL,Sản xuất
DPXHC,DPXHC030-3B3SL,Sản xuất
DPXHC,DPXHC030-6P3HN,Sản xuất
DPXHC,DPXHC030-5P3HN,Sản xuất
DPXHC,DPXHC030-4P3HN,Sản xuất
DPXHC,DPXHC030-3P3HN,Sản xuất
DPXHC,DPXHC030-6P3DN,Sản xuất
DPXHC,DPXHC030-5P3DN,Sản xuất
DPXHC,DPXHC030-4P3DN,Sản xuất
DPXHC,DPXHC030-3P3DN,Sản xuất
DPXHC,DPXHC030-6P3SL,Sản xuất
DPXHC,DPXHC030-5P3SL,Sản xuất
DPXHC,DPXHC030-4P3SL,Sản xuất
DPXHC,DPXHC030-3P3SL,Sản xuất
DPXHC,DPXHC030-RTFHN,Sản xuất
DPXHC,DPXHC030-GTFHN,Sản xuất
DPXHC,DPXHC030-BTFHN,Sản xuất
DPXHC,DPXHC030-RTFDN,Sản xuất
DPXHC,DPXHC030-GTFDN,Sản xuất
DPXHC,DPXHC030-BTFDN,Sản xuất
DPXHC,DPXHC030-RTFSL,Sản xuất
DPXHC,DPXHC030-GTFSL,Sản xuất
DPXHC,DPXHC030-BTFSL,Sản xuất
DPXHC,DPXHC030-CBCHC,Sản xuất
DPXHC,DPXHC050-6B3HN,Sản xuất
DPXHC,DPXHC050-5B3HN,Sản xuất
DPXHC,DPXHC050-4B3HN,Sản xuất
DPXHC,DPXHC050-3B3HN,Sản xuất
DPXHC,DPXHC050-6B3HT,Sản xuất
DPXHC,DPXHC050-5B3HT,Sản xuất
DPXHC,DPXHC050-4B3HT,Sản xuất
DPXHC,DPXHC050-3B3HT,Sản xuất
DPXHC,DPXHC050-6B3HD,Sản xuất
DPXHC,DPXHC050-5B3HD,Sản xuất
DPXHC,DPXHC050-4B3HD,Sản xuất
DPXHC,DPXHC050-3B3HD,Sản xuất
DPXHC,DPXHC050-6B3DN,Sản xuất
DPXHC,DPXHC050-5B3DN,Sản xuất
DPXHC,DPXHC050-4B3DN,Sản xuất
DPXHC,DPXHC050-3B3DN,Sản xuất
DPXHC,DPXHC050-6B3DT,Sản xuất
DPXHC,DPXHC050-5B3DT,Sản xuất
DPXHC,DPXHC050-4B3DT,Sản xuất
DPXHC,DPXHC050-3B3DT,Sản xuất
DPXHC,DPXHC050-6B3PT,Sản xuất
DPXHC,DPXHC050-5B3PT,Sản xuất
DPXHC,DPXHC050-4B3PT,Sản xuất
DPXHC,DPXHC050-3B3PT,Sản xuất
DPXHC,DPXHC050-6B3PD,Sản xuất
DPXHC,DPXHC050-5B3PD,Sản xuất
DPXHC,DPXHC050-4B3PD,Sản xuất
DPXHC,DPXHC050-3B3PD,Sản xuất
DPXHC,DPXHC050-6B3MT,Sản xuất
DPXHC,DPXHC050-5B3MT,Sản xuất
DPXHC,DPXHC050-4B3MT,Sản xuất
DPXHC,DPXHC050-3B3MT,Sản xuất
DPXHC,DPXHC050-6B3ID,Sản xuất
DPXHC,DPXHC050-5B3ID,Sản xuất
DPXHC,DPXHC050-4B3ID,Sản xuất
DPXHC,DPXHC050-3B3ID,Sản xuất
DPXHC,DPXHC050-6B3SL,Sản xuất
DPXHC,DPXHC050-5B3SL,Sản xuất
DPXHC,DPXHC050-4B3SL,Sản xuất
DPXHC,DPXHC050-3B3SL,Sản xuất
DPXHC,DPXHC050-6P3HN,Sản xuất
DPXHC,DPXHC050-5P3HN,Sản xuất
DPXHC,DPXHC050-4P3HN,Sản xuất
DPXHC,DPXHC050-3P3HN,Sản xuất
DPXHC,DPXHC050-6P3HT,Sản xuất
DPXHC,DPXHC050-5P3HT,Sản xuất
DPXHC,DPXHC050-4P3HT,Sản xuất
DPXHC,DPXHC050-3P3HT,Sản xuất
DPXHC,DPXHC050-6P3HD,Sản xuất
DPXHC,DPXHC050-5P3HD,Sản xuất
DPXHC,DPXHC050-4P3HD,Sản xuất
DPXHC,DPXHC050-3P3HD,Sản xuất
DPXHC,DPXHC050-6P3DN,Sản xuất
DPXHC,DPXHC050-5P3DN,Sản xuất
DPXHC,DPXHC050-4P3DN,Sản xuất
DPXHC,DPXHC050-3P3DN,Sản xuất
DPXHC,DPXHC050-6P3DT,Sản xuất
DPXHC,DPXHC050-5P3DT,Sản xuất
DPXHC,DPXHC050-4P3DT,Sản xuất
DPXHC,DPXHC050-3P3DT,Sản xuất
DPXHC,DPXHC050-6P3PT,Sản xuất
DPXHC,DPXHC050-5P3PT,Sản xuất
DPXHC,DPXHC050-4P3PT,Sản xuất
DPXHC,DPXHC050-3P3PT,Sản xuất
DPXHC,DPXHC050-6P3PD,Sản xuất
DPXHC,DPXHC050-5P3PD,Sản xuất
DPXHC,DPXHC050-4P3PD,Sản xuất
DPXHC,DPXHC050-3P3PD,Sản xuất
DPXHC,DPXHC050-6P3MT,Sản xuất
DPXHC,DPXHC050-5P3MT,Sản xuất
DPXHC,DPXHC050-4P3MT,Sản xuất
DPXHC,DPXHC050-3P3MT,Sản xuất
DPXHC,DPXHC050-6P3ID,Sản xuất
DPXHC,DPXHC050-5P3ID,Sản xuất
DPXHC,DPXHC050-4P3ID,Sản xuất
DPXHC,DPXHC050-3P3ID,Sản xuất
DPXHC,DPXHC050-6P3SL,Sản xuất
DPXHC,DPXHC050-5P3SL,Sản xuất
DPXHC,DPXHC050-4P3SL,Sản xuất
DPXHC,DPXHC050-3P3SL,Sản xuất
DPXHC,DPXHC050-6B5HN,Sản xuất
DPXHC,DPXHC050-5B5HN,Sản xuất
DPXHC,DPXHC050-4B5HN,Sản xuất
DPXHC,DPXHC050-3B5HN,Sản xuất
DPXHC,DPXHC050-6B5HT,Sản xuất
DPXHC,DPXHC050-5B5HT,Sản xuất
DPXHC,DPXHC050-4B5HT,Sản xuất
DPXHC,DPXHC050-3B5HT,Sản xuất
DPXHC,DPXHC050-6B5HD,Sản xuất
DPXHC,DPXHC050-5B5HD,Sản xuất
DPXHC,DPXHC050-4B5HD,Sản xuất
DPXHC,DPXHC050-3B5HD,Sản xuất
DPXHC,DPXHC050-6B5DN,Sản xuất
DPXHC,DPXHC050-5B5DN,Sản xuất
DPXHC,DPXHC050-4B5DN,Sản xuất
DPXHC,DPXHC050-3B5DN,Sản xuất
DPXHC,DPXHC050-6B5DT,Sản xuất
DPXHC,DPXHC050-5B5DT,Sản xuất
DPXHC,DPXHC050-4B5DT,Sản xuất
DPXHC,DPXHC050-3B5DT,Sản xuất
DPXHC,DPXHC050-6B5PT,Sản xuất
DPXHC,DPXHC050-5B5PT,Sản xuất
DPXHC,DPXHC050-4B5PT,Sản xuất
DPXHC,DPXHC050-3B5PT,Sản xuất
DPXHC,DPXHC050-6B5PD,Sản xuất
DPXHC,DPXHC050-5B5PD,Sản xuất
DPXHC,DPXHC050-4B5PD,Sản xuất
DPXHC,DPXHC050-3B5PD,Sản xuất
DPXHC,DPXHC050-6B5MT,Sản xuất
DPXHC,DPXHC050-5B5MT,Sản xuất
DPXHC,DPXHC050-4B5MT,Sản xuất
DPXHC,DPXHC050-3B5MT,Sản xuất
DPXHC,DPXHC050-6B5ID,Sản xuất
DPXHC,DPXHC050-5B5ID,Sản xuất
DPXHC,DPXHC050-4B5ID,Sản xuất
DPXHC,DPXHC050-3B5ID,Sản xuất
DPXHC,DPXHC050-6B5SL,Sản xuất
DPXHC,DPXHC050-5B5SL,Sản xuất
DPXHC,DPXHC050-4B5SL,Sản xuất
DPXHC,DPXHC050-3B5SL,Sản xuất
DPXHC,DPXHC050-6P5HN,Sản xuất
DPXHC,DPXHC050-5P5HN,Sản xuất
DPXHC,DPXHC050-4P5HN,Sản xuất
DPXHC,DPXHC050-3P5HN,Sản xuất
DPXHC,DPXHC050-6P5HT,Sản xuất
DPXHC,DPXHC050-5P5HT,Sản xuất
DPXHC,DPXHC050-4P5HT,Sản xuất
DPXHC,DPXHC050-3P5HT,Sản xuất
DPXHC,DPXHC050-6P5HD,Sản xuất
DPXHC,DPXHC050-5P5HD,Sản xuất
DPXHC,DPXHC050-4P5HD,Sản xuất
DPXHC,DPXHC050-3P5HD,Sản xuất
DPXHC,DPXHC050-6P5DN,Sản xuất
DPXHC,DPXHC050-5P5DN,Sản xuất
DPXHC,DPXHC050-4P5DN,Sản xuất
DPXHC,DPXHC050-3P5DN,Sản xuất
DPXHC,DPXHC050-6P5DT,Sản xuất
DPXHC,DPXHC050-5P5DT,Sản xuất
DPXHC,DPXHC050-4P5DT,Sản xuất
DPXHC,DPXHC050-3P5DT,Sản xuất
DPXHC,DPXHC050-6P5PT,Sản xuất
DPXHC,DPXHC050-5P5PT,Sản xuất
DPXHC,DPXHC050-4P5PT,Sản xuất
DPXHC,DPXHC050-3P5PT,Sản xuất
DPXHC,DPXHC050-6P5PD,Sản xuất
DPXHC,DPXHC050-5P5PD,Sản xuất
DPXHC,DPXHC050-4P5PD,Sản xuất
DPXHC,DPXHC050-3P5PD,Sản xuất
DPXHC,DPXHC050-6P5MT,Sản xuất
DPXHC,DPXHC050-5P5MT,Sản xuất
DPXHC,DPXHC050-4P5MT,Sản xuất
DPXHC,DPXHC050-3P5MT,Sản xuất
DPXHC,DPXHC050-6P5ID,Sản xuất
DPXHC,DPXHC050-5P5ID,Sản xuất
DPXHC,DPXHC050-4P5ID,Sản xuất
DPXHC,DPXHC050-3P5ID,Sản xuất
DPXHC,DPXHC050-6P5SL,Sản xuất
DPXHC,DPXHC050-5P5SL,Sản xuất
DPXHC,DPXHC050-4P5SL,Sản xuất
DPXHC,DPXHC050-3P5SL,Sản xuất
DPXHC,DPXHC050-RTFHN,Sản xuất
DPXHC,DPXHC050-GTFHN,Sản xuất
DPXHC,DPXHC050-BTFHN,Sản xuất
DPXHC,DPXHC050-RTFHT,Sản xuất
DPXHC,DPXHC050-GTFHT,Sản xuất
DPXHC,DPXHC050-BTFHT,Sản xuất
DPXHC,DPXHC050-RTFHD,Sản xuất
DPXHC,DPXHC050-GTFHD,Sản xuất
DPXHC,DPXHC050-BTFHD,Sản xuất
DPXHC,DPXHC050-RTFDN,Sản xuất
DPXHC,DPXHC050-GTFDN,Sản xuất
DPXHC,DPXHC050-BTFDN,Sản xuất
DPXHC,DPXHC050-RTFDT,Sản xuất
DPXHC,DPXHC050-GTFDT,Sản xuất
DPXHC,DPXHC050-BTFDT,Sản xuất
DPXHC,DPXHC050-RTFPT,Sản xuất
DPXHC,DPXHC050-GTFPT,Sản xuất
DPXHC,DPXHC050-BTFPT,Sản xuất
DPXHC,DPXHC050-RTFPD,Sản xuất
DPXHC,DPXHC050-GTFPD,Sản xuất
DPXHC,DPXHC050-BTFPD,Sản xuất
DPXHC,DPXHC050-RTFMT,Sản xuất
DPXHC,DPXHC050-GTFMT,Sản xuất
DPXHC,DPXHC050-BTFMT,Sản xuất
DPXHC,DPXHC050-RTFID,Sản xuất
DPXHC,DPXHC050-GTFID,Sản xuất
DPXHC,DPXHC050-BTFID,Sản xuất
DPXHC,DPXHC050-RTFSL,Sản xuất
DPXHC,DPXHC050-GTFSL,Sản xuất
DPXHC,DPXHC050-BTFSL,Sản xuất
DPXHC,DPXHC050-CBCHC,Sản xuất
DPXHC,DPXHC100-6B3HN,Sản xuất
DPXHC,DPXHC100-5B3HN,Sản xuất
DPXHC,DPXHC100-4B3HN,Sản xuất
DPXHC,DPXHC100-3B3HN,Sản xuất
DPXHC,DPXHC100-6B3HT,Sản xuất
DPXHC,DPXHC100-5B3HT,Sản xuất
DPXHC,DPXHC100-4B3HT,Sản xuất
DPXHC,DPXHC100-3B3HT,Sản xuất
DPXHC,DPXHC100-6B3HD,Sản xuất
DPXHC,DPXHC100-5B3HD,Sản xuất
DPXHC,DPXHC100-4B3HD,Sản xuất
DPXHC,DPXHC100-3B3HD,Sản xuất
DPXHC,DPXHC100-6B3DN,Sản xuất
DPXHC,DPXHC100-5B3DN,Sản xuất
DPXHC,DPXHC100-4B3DN,Sản xuất
DPXHC,DPXHC100-3B3DN,Sản xuất
DPXHC,DPXHC100-6B3DT,Sản xuất
DPXHC,DPXHC100-5B3DT,Sản xuất
DPXHC,DPXHC100-4B3DT,Sản xuất
DPXHC,DPXHC100-3B3DT,Sản xuất
DPXHC,DPXHC100-6B3PT,Sản xuất
DPXHC,DPXHC100-5B3PT,Sản xuất
DPXHC,DPXHC100-4B3PT,Sản xuất
DPXHC,DPXHC100-3B3PT,Sản xuất
DPXHC,DPXHC100-6B3PD,Sản xuất
DPXHC,DPXHC100-5B3PD,Sản xuất
DPXHC,DPXHC100-4B3PD,Sản xuất
DPXHC,DPXHC100-3B3PD,Sản xuất
DPXHC,DPXHC100-6B3MT,Sản xuất
DPXHC,DPXHC100-5B3MT,Sản xuất
DPXHC,DPXHC100-4B3MT,Sản xuất
DPXHC,DPXHC100-3B3MT,Sản xuất
DPXHC,DPXHC100-6B3ID,Sản xuất
DPXHC,DPXHC100-5B3ID,Sản xuất
DPXHC,DPXHC100-4B3ID,Sản xuất
DPXHC,DPXHC100-3B3ID,Sản xuất
DPXHC,DPXHC100-6B3SL,Sản xuất
DPXHC,DPXHC100-5B3SL,Sản xuất
DPXHC,DPXHC100-4B3SL,Sản xuất
DPXHC,DPXHC100-3B3SL,Sản xuất
DPXHC,DPXHC100-6P3HN,Sản xuất
DPXHC,DPXHC100-5P3HN,Sản xuất
DPXHC,DPXHC100-4P3HN,Sản xuất
DPXHC,DPXHC100-3P3HN,Sản xuất
DPXHC,DPXHC100-6P3HT,Sản xuất
DPXHC,DPXHC100-5P3HT,Sản xuất
DPXHC,DPXHC100-4P3HT,Sản xuất
DPXHC,DPXHC100-3P3HT,Sản xuất
DPXHC,DPXHC100-6P3HD,Sản xuất
DPXHC,DPXHC100-5P3HD,Sản xuất
DPXHC,DPXHC100-4P3HD,Sản xuất
DPXHC,DPXHC100-3P3HD,Sản xuất
DPXHC,DPXHC100-6P3DN,Sản xuất
DPXHC,DPXHC100-5P3DN,Sản xuất
DPXHC,DPXHC100-4P3DN,Sản xuất
DPXHC,DPXHC100-3P3DN,Sản xuất
DPXHC,DPXHC100-6P3DT,Sản xuất
DPXHC,DPXHC100-5P3DT,Sản xuất
DPXHC,DPXHC100-4P3DT,Sản xuất
DPXHC,DPXHC100-3P3DT,Sản xuất
DPXHC,DPXHC100-6P3PT,Sản xuất
DPXHC,DPXHC100-5P3PT,Sản xuất
DPXHC,DPXHC100-4P3PT,Sản xuất
DPXHC,DPXHC100-3P3PT,Sản xuất
DPXHC,DPXHC100-6P3PD,Sản xuất
DPXHC,DPXHC100-5P3PD,Sản xuất
DPXHC,DPXHC100-4P3PD,Sản xuất
DPXHC,DPXHC100-3P3PD,Sản xuất
DPXHC,DPXHC100-6P3MT,Sản xuất
DPXHC,DPXHC100-5P3MT,Sản xuất
DPXHC,DPXHC100-4P3MT,Sản xuất
DPXHC,DPXHC100-3P3MT,Sản xuất
DPXHC,DPXHC100-6P3ID,Sản xuất
DPXHC,DPXHC100-5P3ID,Sản xuất
DPXHC,DPXHC100-4P3ID,Sản xuất
DPXHC,DPXHC100-3P3ID,Sản xuất
DPXHC,DPXHC100-6P3SL,Sản xuất
DPXHC,DPXHC100-5P3SL,Sản xuất
DPXHC,DPXHC100-4P3SL,Sản xuất
DPXHC,DPXHC100-3P3SL,Sản xuất
DPXHC,DPXHC100-6B5HN,Sản xuất
DPXHC,DPXHC100-5B5HN,Sản xuất
DPXHC,DPXHC100-4B5HN,Sản xuất
DPXHC,DPXHC100-3B5HN,Sản xuất
DPXHC,DPXHC100-6B5HT,Sản xuất
DPXHC,DPXHC100-5B5HT,Sản xuất
DPXHC,DPXHC100-4B5HT,Sản xuất
DPXHC,DPXHC100-3B5HT,Sản xuất
DPXHC,DPXHC100-6B5HD,Sản xuất
DPXHC,DPXHC100-5B5HD,Sản xuất
DPXHC,DPXHC100-4B5HD,Sản xuất
DPXHC,DPXHC100-3B5HD,Sản xuất
DPXHC,DPXHC100-6B5DN,Sản xuất
DPXHC,DPXHC100-5B5DN,Sản xuất
DPXHC,DPXHC100-4B5DN,Sản xuất
DPXHC,DPXHC100-3B5DN,Sản xuất
DPXHC,DPXHC100-6B5DT,Sản xuất
DPXHC,DPXHC100-5B5DT,Sản xuất
DPXHC,DPXHC100-4B5DT,Sản xuất
DPXHC,DPXHC100-3B5DT,Sản xuất
DPXHC,DPXHC100-6B5PT,Sản xuất
DPXHC,DPXHC100-5B5PT,Sản xuất
DPXHC,DPXHC100-4B5PT,Sản xuất
DPXHC,DPXHC100-3B5PT,Sản xuất
DPXHC,DPXHC100-6B5PD,Sản xuất
DPXHC,DPXHC100-5B5PD,Sản xuất
DPXHC,DPXHC100-4B5PD,Sản xuất
DPXHC,DPXHC100-3B5PD,Sản xuất
DPXHC,DPXHC100-6B5MT,Sản xuất
DPXHC,DPXHC100-5B5MT,Sản xuất
DPXHC,DPXHC100-4B5MT,Sản xuất
DPXHC,DPXHC100-3B5MT,Sản xuất
DPXHC,DPXHC100-6B5ID,Sản xuất
DPXHC,DPXHC100-5B5ID,Sản xuất
DPXHC,DPXHC100-4B5ID,Sản xuất
DPXHC,DPXHC100-3B5ID,Sản xuất
DPXHC,DPXHC100-6B5SL,Sản xuất
DPXHC,DPXHC100-5B5SL,Sản xuất
DPXHC,DPXHC100-4B5SL,Sản xuất
DPXHC,DPXHC100-3B5SL,Sản xuất
DPXHC,DPXHC100-6P5HN,Sản xuất
DPXHC,DPXHC100-5P5HN,Sản xuất
DPXHC,DPXHC100-4P5HN,Sản xuất
DPXHC,DPXHC100-3P5HN,Sản xuất
DPXHC,DPXHC100-6P5HT,Sản xuất
DPXHC,DPXHC100-5P5HT,Sản xuất
DPXHC,DPXHC100-4P5HT,Sản xuất
DPXHC,DPXHC100-3P5HT,Sản xuất
DPXHC,DPXHC100-6P5HD,Sản xuất
DPXHC,DPXHC100-5P5HD,Sản xuất
DPXHC,DPXHC100-4P5HD,Sản xuất
DPXHC,DPXHC100-3P5HD,Sản xuất
DPXHC,DPXHC100-6P5DN,Sản xuất
DPXHC,DPXHC100-5P5DN,Sản xuất
DPXHC,DPXHC100-4P5DN,Sản xuất
DPXHC,DPXHC100-3P5DN,Sản xuất
DPXHC,DPXHC100-6P5DT,Sản xuất
DPXHC,DPXHC100-5P5DT,Sản xuất
DPXHC,DPXHC100-4P5DT,Sản xuất
DPXHC,DPXHC100-3P5DT,Sản xuất
DPXHC,DPXHC100-6P5PT,Sản xuất
DPXHC,DPXHC100-5P5PT,Sản xuất
DPXHC,DPXHC100-4P5PT,Sản xuất
DPXHC,DPXHC100-3P5PT,Sản xuất
DPXHC,DPXHC100-6P5PD,Sản xuất
DPXHC,DPXHC100-5P5PD,Sản xuất
DPXHC,DPXHC100-4P5PD,Sản xuất
DPXHC,DPXHC100-3P5PD,Sản xuất
DPXHC,DPXHC100-6P5MT,Sản xuất
DPXHC,DPXHC100-5P5MT,Sản xuất
DPXHC,DPXHC100-4P5MT,Sản xuất
DPXHC,DPXHC100-3P5MT,Sản xuất
DPXHC,DPXHC100-6P5ID,Sản xuất
DPXHC,DPXHC100-5P5ID,Sản xuất
DPXHC,DPXHC100-4P5ID,Sản xuất
DPXHC,DPXHC100-3P5ID,Sản xuất
DPXHC,DPXHC100-6P5SL,Sản xuất
DPXHC,DPXHC100-5P5SL,Sản xuất
DPXHC,DPXHC100-4P5SL,Sản xuất
DPXHC,DPXHC100-3P5SL,Sản xuất
DPXHC,DPXHC100-RTFHN,Sản xuất
DPXHC,DPXHC100-GTFHN,Sản xuất
DPXHC,DPXHC100-BTFHN,Sản xuất
DPXHC,DPXHC100-RTFHT,Sản xuất
DPXHC,DPXHC100-GTFHT,Sản xuất
DPXHC,DPXHC100-BTFHT,Sản xuất
DPXHC,DPXHC100-RTFHD,Sản xuất
DPXHC,DPXHC100-GTFHD,Sản xuất
DPXHC,DPXHC100-BTFHD,Sản xuất
DPXHC,DPXHC100-RTFDN,Sản xuất
DPXHC,DPXHC100-GTFDN,Sản xuất
DPXHC,DPXHC100-BTFDN,Sản xuất
DPXHC,DPXHC100-RTFDT,Sản xuất
DPXHC,DPXHC100-GTFDT,Sản xuất
DPXHC,DPXHC100-BTFDT,Sản xuất
DPXHC,DPXHC100-RTFPT,Sản xuất
DPXHC,DPXHC100-GTFPT,Sản xuất
DPXHC,DPXHC100-BTFPT,Sản xuất
DPXHC,DPXHC100-RTFPD,Sản xuất
DPXHC,DPXHC100-GTFPD,Sản xuất
DPXHC,DPXHC100-BTFPD,Sản xuất
DPXHC,DPXHC100-RTFMT,Sản xuất
DPXHC,DPXHC100-GTFMT,Sản xuất
DPXHC,DPXHC100-BTFMT,Sản xuất
DPXHC,DPXHC100-RTFID,Sản xuất
DPXHC,DPXHC100-GTFID,Sản xuất
DPXHC,DPXHC100-BTFID,Sản xuất
DPXHC,DPXHC100-RTFSL,Sản xuất
DPXHC,DPXHC100-GTFSL,Sản xuất
DPXHC,DPXHC100-BTFSL,Sản xuất
DPXHC,DPXHC100-CBCHC,Sản xuất
DPXHC,DPXHC150-6B3HN,Sản xuất
DPXHC,DPXHC150-5B3HN,Sản xuất
DPXHC,DPXHC150-4B3HN,Sản xuất
DPXHC,DPXHC150-3B3HN,Sản xuất
DPXHC,DPXHC150-6B3HT,Sản xuất
DPXHC,DPXHC150-5B3HT,Sản xuất
DPXHC,DPXHC150-4B3HT,Sản xuất
DPXHC,DPXHC150-3B3HT,Sản xuất
DPXHC,DPXHC150-6B3HD,Sản xuất
DPXHC,DPXHC150-5B3HD,Sản xuất
DPXHC,DPXHC150-4B3HD,Sản xuất
DPXHC,DPXHC150-3B3HD,Sản xuất
DPXHC,DPXHC150-6B3DN,Sản xuất
DPXHC,DPXHC150-5B3DN,Sản xuất
DPXHC,DPXHC150-4B3DN,Sản xuất
DPXHC,DPXHC150-3B3DN,Sản xuất
DPXHC,DPXHC150-6B3DT,Sản xuất
DPXHC,DPXHC150-5B3DT,Sản xuất
DPXHC,DPXHC150-4B3DT,Sản xuất
DPXHC,DPXHC150-3B3DT,Sản xuất
DPXHC,DPXHC150-6B3PT,Sản xuất
DPXHC,DPXHC150-5B3PT,Sản xuất
DPXHC,DPXHC150-4B3PT,Sản xuất
DPXHC,DPXHC150-3B3PT,Sản xuất
DPXHC,DPXHC150-6B3PD,Sản xuất
DPXHC,DPXHC150-5B3PD,Sản xuất
DPXHC,DPXHC150-4B3PD,Sản xuất
DPXHC,DPXHC150-3B3PD,Sản xuất
DPXHC,DPXHC150-6B3MT,Sản xuất
DPXHC,DPXHC150-5B3MT,Sản xuất
DPXHC,DPXHC150-4B3MT,Sản xuất
DPXHC,DPXHC150-3B3MT,Sản xuất
DPXHC,DPXHC150-6B3ID,Sản xuất
DPXHC,DPXHC150-5B3ID,Sản xuất
DPXHC,DPXHC150-4B3ID,Sản xuất
DPXHC,DPXHC150-3B3ID,Sản xuất
DPXHC,DPXHC150-6B3SL,Sản xuất
DPXHC,DPXHC150-5B3SL,Sản xuất
DPXHC,DPXHC150-4B3SL,Sản xuất
DPXHC,DPXHC150-3B3SL,Sản xuất
DPXHC,DPXHC150-6P3HN,Sản xuất
DPXHC,DPXHC150-5P3HN,Sản xuất
DPXHC,DPXHC150-4P3HN,Sản xuất
DPXHC,DPXHC150-3P3HN,Sản xuất
DPXHC,DPXHC150-6P3HT,Sản xuất
DPXHC,DPXHC150-5P3HT,Sản xuất
DPXHC,DPXHC150-4P3HT,Sản xuất
DPXHC,DPXHC150-3P3HT,Sản xuất
DPXHC,DPXHC150-6P3HD,Sản xuất
DPXHC,DPXHC150-5P3HD,Sản xuất
DPXHC,DPXHC150-4P3HD,Sản xuất
DPXHC,DPXHC150-3P3HD,Sản xuất
DPXHC,DPXHC150-6P3DN,Sản xuất
DPXHC,DPXHC150-5P3DN,Sản xuất
DPXHC,DPXHC150-4P3DN,Sản xuất
DPXHC,DPXHC150-3P3DN,Sản xuất
DPXHC,DPXHC150-6P3DT,Sản xuất
DPXHC,DPXHC150-5P3DT,Sản xuất
DPXHC,DPXHC150-4P3DT,Sản xuất
DPXHC,DPXHC150-3P3DT,Sản xuất
DPXHC,DPXHC150-6P3PT,Sản xuất
DPXHC,DPXHC150-5P3PT,Sản xuất
DPXHC,DPXHC150-4P3PT,Sản xuất
DPXHC,DPXHC150-3P3PT,Sản xuất
DPXHC,DPXHC150-6P3PD,Sản xuất
DPXHC,DPXHC150-5P3PD,Sản xuất
DPXHC,DPXHC150-4P3PD,Sản xuất
DPXHC,DPXHC150-3P3PD,Sản xuất
DPXHC,DPXHC150-6P3MT,Sản xuất
DPXHC,DPXHC150-5P3MT,Sản xuất
DPXHC,DPXHC150-4P3MT,Sản xuất
DPXHC,DPXHC150-3P3MT,Sản xuất
DPXHC,DPXHC150-6P3ID,Sản xuất
DPXHC,DPXHC150-5P3ID,Sản xuất
DPXHC,DPXHC150-4P3ID,Sản xuất
DPXHC,DPXHC150-3P3ID,Sản xuất
DPXHC,DPXHC150-6P3SL,Sản xuất
DPXHC,DPXHC150-5P3SL,Sản xuất
DPXHC,DPXHC150-4P3SL,Sản xuất
DPXHC,DPXHC150-3P3SL,Sản xuất
DPXHC,DPXHC150-6B5HN,Sản xuất
DPXHC,DPXHC150-5B5HN,Sản xuất
DPXHC,DPXHC150-4B5HN,Sản xuất
DPXHC,DPXHC150-3B5HN,Sản xuất
DPXHC,DPXHC150-6B5HT,Sản xuất
DPXHC,DPXHC150-5B5HT,Sản xuất
DPXHC,DPXHC150-4B5HT,Sản xuất
DPXHC,DPXHC150-3B5HT,Sản xuất
DPXHC,DPXHC150-6B5HD,Sản xuất
DPXHC,DPXHC150-5B5HD,Sản xuất
DPXHC,DPXHC150-4B5HD,Sản xuất
DPXHC,DPXHC150-3B5HD,Sản xuất
DPXHC,DPXHC150-6B5DN,Sản xuất
DPXHC,DPXHC150-5B5DN,Sản xuất
DPXHC,DPXHC150-4B5DN,Sản xuất
DPXHC,DPXHC150-3B5DN,Sản xuất
DPXHC,DPXHC150-6B5DT,Sản xuất
DPXHC,DPXHC150-5B5DT,Sản xuất
DPXHC,DPXHC150-4B5DT,Sản xuất
DPXHC,DPXHC150-3B5DT,Sản xuất
DPXHC,DPXHC150-6B5PT,Sản xuất
DPXHC,DPXHC150-5B5PT,Sản xuất
DPXHC,DPXHC150-4B5PT,Sản xuất
DPXHC,DPXHC150-3B5PT,Sản xuất
DPXHC,DPXHC150-6B5PD,Sản xuất
DPXHC,DPXHC150-5B5PD,Sản xuất
DPXHC,DPXHC150-4B5PD,Sản xuất
DPXHC,DPXHC150-3B5PD,Sản xuất
DPXHC,DPXHC150-6B5MT,Sản xuất
DPXHC,DPXHC150-5B5MT,Sản xuất
DPXHC,DPXHC150-4B5MT,Sản xuất
DPXHC,DPXHC150-3B5MT,Sản xuất
DPXHC,DPXHC150-6B5ID,Sản xuất
DPXHC,DPXHC150-5B5ID,Sản xuất
DPXHC,DPXHC150-4B5ID,Sản xuất
DPXHC,DPXHC150-3B5ID,Sản xuất
DPXHC,DPXHC150-6B5SL,Sản xuất
DPXHC,DPXHC150-5B5SL,Sản xuất
DPXHC,DPXHC150-4B5SL,Sản xuất
DPXHC,DPXHC150-3B5SL,Sản xuất
DPXHC,DPXHC150-6P5HN,Sản xuất
DPXHC,DPXHC150-5P5HN,Sản xuất
DPXHC,DPXHC150-4P5HN,Sản xuất
DPXHC,DPXHC150-3P5HN,Sản xuất
DPXHC,DPXHC150-6P5HT,Sản xuất
DPXHC,DPXHC150-5P5HT,Sản xuất
DPXHC,DPXHC150-4P5HT,Sản xuất
DPXHC,DPXHC150-3P5HT,Sản xuất
DPXHC,DPXHC150-6P5HD,Sản xuất
DPXHC,DPXHC150-5P5HD,Sản xuất
DPXHC,DPXHC150-4P5HD,Sản xuất
DPXHC,DPXHC150-3P5HD,Sản xuất
DPXHC,DPXHC150-6P5DN,Sản xuất
DPXHC,DPXHC150-5P5DN,Sản xuất
DPXHC,DPXHC150-4P5DN,Sản xuất
DPXHC,DPXHC150-3P5DN,Sản xuất
DPXHC,DPXHC150-6P5DT,Sản xuất
DPXHC,DPXHC150-5P5DT,Sản xuất
DPXHC,DPXHC150-4P5DT,Sản xuất
DPXHC,DPXHC150-3P5DT,Sản xuất
DPXHC,DPXHC150-6P5PT,Sản xuất
DPXHC,DPXHC150-5P5PT,Sản xuất
DPXHC,DPXHC150-4P5PT,Sản xuất
DPXHC,DPXHC150-3P5PT,Sản xuất
DPXHC,DPXHC150-6P5PD,Sản xuất
DPXHC,DPXHC150-5P5PD,Sản xuất
DPXHC,DPXHC150-4P5PD,Sản xuất
DPXHC,DPXHC150-3P5PD,Sản xuất
DPXHC,DPXHC150-6P5MT,Sản xuất
DPXHC,DPXHC150-5P5MT,Sản xuất
DPXHC,DPXHC150-4P5MT,Sản xuất
DPXHC,DPXHC150-3P5MT,Sản xuất
DPXHC,DPXHC150-6P5ID,Sản xuất
DPXHC,DPXHC150-5P5ID,Sản xuất
DPXHC,DPXHC150-4P5ID,Sản xuất
DPXHC,DPXHC150-3P5ID,Sản xuất
DPXHC,DPXHC150-6P5SL,Sản xuất
DPXHC,DPXHC150-5P5SL,Sản xuất
DPXHC,DPXHC150-4P5SL,Sản xuất
DPXHC,DPXHC150-3P5SL,Sản xuất
DPXHC,DPXHC150-RTFHN,Sản xuất
DPXHC,DPXHC150-GTFHN,Sản xuất
DPXHC,DPXHC150-BTFHN,Sản xuất
DPXHC,DPXHC150-RTFHT,Sản xuất
DPXHC,DPXHC150-GTFHT,Sản xuất
DPXHC,DPXHC150-BTFHT,Sản xuất
DPXHC,DPXHC150-RTFHD,Sản xuất
DPXHC,DPXHC150-GTFHD,Sản xuất
DPXHC,DPXHC150-BTFHD,Sản xuất
DPXHC,DPXHC150-RTFDN,Sản xuất
DPXHC,DPXHC150-GTFDN,Sản xuất
DPXHC,DPXHC150-BTFDN,Sản xuất
DPXHC,DPXHC150-RTFDT,Sản xuất
DPXHC,DPXHC150-GTFDT,Sản xuất
DPXHC,DPXHC150-BTFDT,Sản xuất
DPXHC,DPXHC150-RTFPT,Sản xuất
DPXHC,DPXHC150-GTFPT,Sản xuất
DPXHC,DPXHC150-BTFPT,Sản xuất
DPXHC,DPXHC150-RTFPD,Sản xuất
DPXHC,DPXHC150-GTFPD,Sản xuất
DPXHC,DPXHC150-BTFPD,Sản xuất
DPXHC,DPXHC150-RTFMT,Sản xuất
DPXHC,DPXHC150-GTFMT,Sản xuất
DPXHC,DPXHC150-BTFMT,Sản xuất
DPXHC,DPXHC150-RTFID,Sản xuất
DPXHC,DPXHC150-GTFID,Sản xuất
DPXHC,DPXHC150-BTFID,Sản xuất
DPXHC,DPXHC150-RTFSL,Sản xuất
DPXHC,DPXHC150-GTFSL,Sản xuất
DPXHC,DPXHC150-BTFSL,Sản xuất
DPXHC,DPXHC150-CBCHC,Sản xuất
DPXHC,DPXHC200-6B3HN,Sản xuất
DPXHC,DPXHC200-5B3HN,Sản xuất
DPXHC,DPXHC200-4B3HN,Sản xuất
DPXHC,DPXHC200-3B3HN,Sản xuất
DPXHC,DPXHC200-6B3HT,Sản xuất
DPXHC,DPXHC200-5B3HT,Sản xuất
DPXHC,DPXHC200-4B3HT,Sản xuất
DPXHC,DPXHC200-3B3HT,Sản xuất
DPXHC,DPXHC200-6B3HD,Sản xuất
DPXHC,DPXHC200-5B3HD,Sản xuất
DPXHC,DPXHC200-4B3HD,Sản xuất
DPXHC,DPXHC200-3B3HD,Sản xuất
DPXHC,DPXHC200-6B3DN,Sản xuất
DPXHC,DPXHC200-5B3DN,Sản xuất
DPXHC,DPXHC200-4B3DN,Sản xuất
DPXHC,DPXHC200-3B3DN,Sản xuất
DPXHC,DPXHC200-6B3DT,Sản xuất
DPXHC,DPXHC200-5B3DT,Sản xuất
DPXHC,DPXHC200-4B3DT,Sản xuất
DPXHC,DPXHC200-3B3DT,Sản xuất
DPXHC,DPXHC200-6B3PT,Sản xuất
DPXHC,DPXHC200-5B3PT,Sản xuất
DPXHC,DPXHC200-4B3PT,Sản xuất
DPXHC,DPXHC200-3B3PT,Sản xuất
DPXHC,DPXHC200-6B3PD,Sản xuất
DPXHC,DPXHC200-5B3PD,Sản xuất
DPXHC,DPXHC200-4B3PD,Sản xuất
DPXHC,DPXHC200-3B3PD,Sản xuất
DPXHC,DPXHC200-6B3MT,Sản xuất
DPXHC,DPXHC200-5B3MT,Sản xuất
DPXHC,DPXHC200-4B3MT,Sản xuất
DPXHC,DPXHC200-3B3MT,Sản xuất
DPXHC,DPXHC200-6B3ID,Sản xuất
DPXHC,DPXHC200-5B3ID,Sản xuất
DPXHC,DPXHC200-4B3ID,Sản xuất
DPXHC,DPXHC200-3B3ID,Sản xuất
DPXHC,DPXHC200-6B3SL,Sản xuất
DPXHC,DPXHC200-5B3SL,Sản xuất
DPXHC,DPXHC200-4B3SL,Sản xuất
DPXHC,DPXHC200-3B3SL,Sản xuất
DPXHC,DPXHC200-6P3HN,Sản xuất
DPXHC,DPXHC200-5P3HN,Sản xuất
DPXHC,DPXHC200-4P3HN,Sản xuất
DPXHC,DPXHC200-3P3HN,Sản xuất
DPXHC,DPXHC200-6P3HT,Sản xuất
DPXHC,DPXHC200-5P3HT,Sản xuất
DPXHC,DPXHC200-4P3HT,Sản xuất
DPXHC,DPXHC200-3P3HT,Sản xuất
DPXHC,DPXHC200-6P3HD,Sản xuất
DPXHC,DPXHC200-5P3HD,Sản xuất
DPXHC,DPXHC200-4P3HD,Sản xuất
DPXHC,DPXHC200-3P3HD,Sản xuất
DPXHC,DPXHC200-6P3DN,Sản xuất
DPXHC,DPXHC200-5P3DN,Sản xuất
DPXHC,DPXHC200-4P3DN,Sản xuất
DPXHC,DPXHC200-3P3DN,Sản xuất
DPXHC,DPXHC200-6P3DT,Sản xuất
DPXHC,DPXHC200-5P3DT,Sản xuất
DPXHC,DPXHC200-4P3DT,Sản xuất
DPXHC,DPXHC200-3P3DT,Sản xuất
DPXHC,DPXHC200-6P3PT,Sản xuất
DPXHC,DPXHC200-5P3PT,Sản xuất
DPXHC,DPXHC200-4P3PT,Sản xuất
DPXHC,DPXHC200-3P3PT,Sản xuất
DPXHC,DPXHC200-6P3PD,Sản xuất
DPXHC,DPXHC200-5P3PD,Sản xuất
DPXHC,DPXHC200-4P3PD,Sản xuất
DPXHC,DPXHC200-3P3PD,Sản xuất
DPXHC,DPXHC200-6P3MT,Sản xuất
DPXHC,DPXHC200-5P3MT,Sản xuất
DPXHC,DPXHC200-4P3MT,Sản xuất
DPXHC,DPXHC200-3P3MT,Sản xuất
DPXHC,DPXHC200-6P3ID,Sản xuất
DPXHC,DPXHC200-5P3ID,Sản xuất
DPXHC,DPXHC200-4P3ID,Sản xuất
DPXHC,DPXHC200-3P3ID,Sản xuất
DPXHC,DPXHC200-6P3SL,Sản xuất
DPXHC,DPXHC200-5P3SL,Sản xuất
DPXHC,DPXHC200-4P3SL,Sản xuất
DPXHC,DPXHC200-3P3SL,Sản xuất
DPXHC,DPXHC200-6B5HN,Sản xuất
DPXHC,DPXHC200-5B5HN,Sản xuất
DPXHC,DPXHC200-4B5HN,Sản xuất
DPXHC,DPXHC200-3B5HN,Sản xuất
DPXHC,DPXHC200-6B5HT,Sản xuất
DPXHC,DPXHC200-5B5HT,Sản xuất
DPXHC,DPXHC200-4B5HT,Sản xuất
DPXHC,DPXHC200-3B5HT,Sản xuất
DPXHC,DPXHC200-6B5HD,Sản xuất
DPXHC,DPXHC200-5B5HD,Sản xuất
DPXHC,DPXHC200-4B5HD,Sản xuất
DPXHC,DPXHC200-3B5HD,Sản xuất
DPXHC,DPXHC200-6B5DN,Sản xuất
DPXHC,DPXHC200-5B5DN,Sản xuất
DPXHC,DPXHC200-4B5DN,Sản xuất
DPXHC,DPXHC200-3B5DN,Sản xuất
DPXHC,DPXHC200-6B5DT,Sản xuất
DPXHC,DPXHC200-5B5DT,Sản xuất
DPXHC,DPXHC200-4B5DT,Sản xuất
DPXHC,DPXHC200-3B5DT,Sản xuất
DPXHC,DPXHC200-6B5PT,Sản xuất
DPXHC,DPXHC200-5B5PT,Sản xuất
DPXHC,DPXHC200-4B5PT,Sản xuất
DPXHC,DPXHC200-3B5PT,Sản xuất
DPXHC,DPXHC200-6B5PD,Sản xuất
DPXHC,DPXHC200-5B5PD,Sản xuất
DPXHC,DPXHC200-4B5PD,Sản xuất
DPXHC,DPXHC200-3B5PD,Sản xuất
DPXHC,DPXHC200-6B5MT,Sản xuất
DPXHC,DPXHC200-5B5MT,Sản xuất
DPXHC,DPXHC200-4B5MT,Sản xuất
DPXHC,DPXHC200-3B5MT,Sản xuất
DPXHC,DPXHC200-6B5ID,Sản xuất
DPXHC,DPXHC200-5B5ID,Sản xuất
DPXHC,DPXHC200-4B5ID,Sản xuất
DPXHC,DPXHC200-3B5ID,Sản xuất
DPXHC,DPXHC200-6B5SL,Sản xuất
DPXHC,DPXHC200-5B5SL,Sản xuất
DPXHC,DPXHC200-4B5SL,Sản xuất
DPXHC,DPXHC200-3B5SL,Sản xuất
DPXHC,DPXHC200-6P5HN,Sản xuất
DPXHC,DPXHC200-5P5HN,Sản xuất
DPXHC,DPXHC200-4P5HN,Sản xuất
DPXHC,DPXHC200-3P5HN,Sản xuất
DPXHC,DPXHC200-6P5HT,Sản xuất
DPXHC,DPXHC200-5P5HT,Sản xuất
DPXHC,DPXHC200-4P5HT,Sản xuất
DPXHC,DPXHC200-3P5HT,Sản xuất
DPXHC,DPXHC200-6P5HD,Sản xuất
DPXHC,DPXHC200-5P5HD,Sản xuất
DPXHC,DPXHC200-4P5HD,Sản xuất
DPXHC,DPXHC200-3P5HD,Sản xuất
DPXHC,DPXHC200-6P5DN,Sản xuất
DPXHC,DPXHC200-5P5DN,Sản xuất
DPXHC,DPXHC200-4P5DN,Sản xuất
DPXHC,DPXHC200-3P5DN,Sản xuất
DPXHC,DPXHC200-6P5DT,Sản xuất
DPXHC,DPXHC200-5P5DT,Sản xuất
DPXHC,DPXHC200-4P5DT,Sản xuất
DPXHC,DPXHC200-3P5DT,Sản xuất
DPXHC,DPXHC200-6P5PT,Sản xuất
DPXHC,DPXHC200-5P5PT,Sản xuất
DPXHC,DPXHC200-4P5PT,Sản xuất
DPXHC,DPXHC200-3P5PT,Sản xuất
DPXHC,DPXHC200-6P5PD,Sản xuất
DPXHC,DPXHC200-5P5PD,Sản xuất
DPXHC,DPXHC200-4P5PD,Sản xuất
DPXHC,DPXHC200-3P5PD,Sản xuất
DPXHC,DPXHC200-6P5MT,Sản xuất
DPXHC,DPXHC200-5P5MT,Sản xuất
DPXHC,DPXHC200-4P5MT,Sản xuất
DPXHC,DPXHC200-3P5MT,Sản xuất
DPXHC,DPXHC200-6P5ID,Sản xuất
DPXHC,DPXHC200-5P5ID,Sản xuất
DPXHC,DPXHC200-4P5ID,Sản xuất
DPXHC,DPXHC200-3P5ID,Sản xuất
DPXHC,DPXHC200-6P5SL,Sản xuất
DPXHC,DPXHC200-5P5SL,Sản xuất
DPXHC,DPXHC200-4P5SL,Sản xuất
DPXHC,DPXHC200-3P5SL,Sản xuất
DPXHC,DPXHC200-RTFHN,Sản xuất
DPXHC,DPXHC200-GTFHN,Sản xuất
DPXHC,DPXHC200-BTFHN,Sản xuất
DPXHC,DPXHC200-RTFHT,Sản xuất
DPXHC,DPXHC200-GTFHT,Sản xuất
DPXHC,DPXHC200-BTFHT,Sản xuất
DPXHC,DPXHC200-RTFHD,Sản xuất
DPXHC,DPXHC200-GTFHD,Sản xuất
DPXHC,DPXHC200-BTFHD,Sản xuất
DPXHC,DPXHC200-RTFDN,Sản xuất
DPXHC,DPXHC200-GTFDN,Sản xuất
DPXHC,DPXHC200-BTFDN,Sản xuất
DPXHC,DPXHC200-RTFDT,Sản xuất
DPXHC,DPXHC200-GTFDT,Sản xuất
DPXHC,DPXHC200-BTFDT,Sản xuất
DPXHC,DPXHC200-RTFPT,Sản xuất
DPXHC,DPXHC200-GTFPT,Sản xuất
DPXHC,DPXHC200-BTFPT,Sản xuất
DPXHC,DPXHC200-RTFPD,Sản xuất
DPXHC,DPXHC200-GTFPD,Sản xuất
DPXHC,DPXHC200-BTFPD,Sản xuất
DPXHC,DPXHC200-RTFMT,Sản xuất
DPXHC,DPXHC200-GTFMT,Sản xuất
DPXHC,DPXHC200-BTFMT,Sản xuất
DPXHC,DPXHC200-RTFID,Sản xuất
DPXHC,DPXHC200-GTFID,Sản xuất
DPXHC,DPXHC200-BTFID,Sản xuất
DPXHC,DPXHC200-RTFSL,Sản xuất
DPXHC,DPXHC200-GTFSL,Sản xuất
DPXHC,DPXHC200-BTFSL,Sản xuất
DPXHC,DPXHC200-CBCHC,Sản xuất
DPXHC,DPXHC250-6B3HN,Sản xuất
DPXHC,DPXHC250-5B3HN,Sản xuất
DPXHC,DPXHC250-4B3HN,Sản xuất
DPXHC,DPXHC250-3B3HN,Sản xuất
DPXHC,DPXHC250-6B3HT,Sản xuất
DPXHC,DPXHC250-5B3HT,Sản xuất
DPXHC,DPXHC250-4B3HT,Sản xuất
DPXHC,DPXHC250-3B3HT,Sản xuất
DPXHC,DPXHC250-6B3HD,Sản xuất
DPXHC,DPXHC250-5B3HD,Sản xuất
DPXHC,DPXHC250-4B3HD,Sản xuất
DPXHC,DPXHC250-3B3HD,Sản xuất
DPXHC,DPXHC250-6B3DN,Sản xuất
DPXHC,DPXHC250-5B3DN,Sản xuất
DPXHC,DPXHC250-4B3DN,Sản xuất
DPXHC,DPXHC250-3B3DN,Sản xuất
DPXHC,DPXHC250-6B3DT,Sản xuất
DPXHC,DPXHC250-5B3DT,Sản xuất
DPXHC,DPXHC250-4B3DT,Sản xuất
DPXHC,DPXHC250-3B3DT,Sản xuất
DPXHC,DPXHC250-6B3PT,Sản xuất
DPXHC,DPXHC250-5B3PT,Sản xuất
DPXHC,DPXHC250-4B3PT,Sản xuất
DPXHC,DPXHC250-3B3PT,Sản xuất
DPXHC,DPXHC250-6B3PD,Sản xuất
DPXHC,DPXHC250-5B3PD,Sản xuất
DPXHC,DPXHC250-4B3PD,Sản xuất
DPXHC,DPXHC250-3B3PD,Sản xuất
DPXHC,DPXHC250-6B3MT,Sản xuất
DPXHC,DPXHC250-5B3MT,Sản xuất
DPXHC,DPXHC250-4B3MT,Sản xuất
DPXHC,DPXHC250-3B3MT,Sản xuất
DPXHC,DPXHC250-6B3ID,Sản xuất
DPXHC,DPXHC250-5B3ID,Sản xuất
DPXHC,DPXHC250-4B3ID,Sản xuất
DPXHC,DPXHC250-3B3ID,Sản xuất
DPXHC,DPXHC250-6B3SL,Sản xuất
DPXHC,DPXHC250-5B3SL,Sản xuất
DPXHC,DPXHC250-4B3SL,Sản xuất
DPXHC,DPXHC250-3B3SL,Sản xuất
DPXHC,DPXHC250-6P3HN,Sản xuất
DPXHC,DPXHC250-5P3HN,Sản xuất
DPXHC,DPXHC250-4P3HN,Sản xuất
DPXHC,DPXHC250-3P3HN,Sản xuất
DPXHC,DPXHC250-6P3HT,Sản xuất
DPXHC,DPXHC250-5P3HT,Sản xuất
DPXHC,DPXHC250-4P3HT,Sản xuất
DPXHC,DPXHC250-3P3HT,Sản xuất
DPXHC,DPXHC250-6P3HD,Sản xuất
DPXHC,DPXHC250-5P3HD,Sản xuất
DPXHC,DPXHC250-4P3HD,Sản xuất
DPXHC,DPXHC250-3P3HD,Sản xuất
DPXHC,DPXHC250-6P3DN,Sản xuất
DPXHC,DPXHC250-5P3DN,Sản xuất
DPXHC,DPXHC250-4P3DN,Sản xuất
DPXHC,DPXHC250-3P3DN,Sản xuất
DPXHC,DPXHC250-6P3DT,Sản xuất
DPXHC,DPXHC250-5P3DT,Sản xuất
DPXHC,DPXHC250-4P3DT,Sản xuất
DPXHC,DPXHC250-3P3DT,Sản xuất
DPXHC,DPXHC250-6P3PT,Sản xuất
DPXHC,DPXHC250-5P3PT,Sản xuất
DPXHC,DPXHC250-4P3PT,Sản xuất
DPXHC,DPXHC250-3P3PT,Sản xuất
DPXHC,DPXHC250-6P3PD,Sản xuất
DPXHC,DPXHC250-5P3PD,Sản xuất
DPXHC,DPXHC250-4P3PD,Sản xuất
DPXHC,DPXHC250-3P3PD,Sản xuất
DPXHC,DPXHC250-6P3MT,Sản xuất
DPXHC,DPXHC250-5P3MT,Sản xuất
DPXHC,DPXHC250-4P3MT,Sản xuất
DPXHC,DPXHC250-3P3MT,Sản xuất
DPXHC,DPXHC250-6P3ID,Sản xuất
DPXHC,DPXHC250-5P3ID,Sản xuất
DPXHC,DPXHC250-4P3ID,Sản xuất
DPXHC,DPXHC250-3P3ID,Sản xuất
DPXHC,DPXHC250-6P3SL,Sản xuất
DPXHC,DPXHC250-5P3SL,Sản xuất
DPXHC,DPXHC250-4P3SL,Sản xuất
DPXHC,DPXHC250-3P3SL,Sản xuất
DPXHC,DPXHC250-6B5HN,Sản xuất
DPXHC,DPXHC250-5B5HN,Sản xuất
DPXHC,DPXHC250-4B5HN,Sản xuất
DPXHC,DPXHC250-3B5HN,Sản xuất
DPXHC,DPXHC250-6B5HT,Sản xuất
DPXHC,DPXHC250-5B5HT,Sản xuất
DPXHC,DPXHC250-4B5HT,Sản xuất
DPXHC,DPXHC250-3B5HT,Sản xuất
DPXHC,DPXHC250-6B5HD,Sản xuất
DPXHC,DPXHC250-5B5HD,Sản xuất
DPXHC,DPXHC250-4B5HD,Sản xuất
DPXHC,DPXHC250-3B5HD,Sản xuất
DPXHC,DPXHC250-6B5DN,Sản xuất
DPXHC,DPXHC250-5B5DN,Sản xuất
DPXHC,DPXHC250-4B5DN,Sản xuất
DPXHC,DPXHC250-3B5DN,Sản xuất
DPXHC,DPXHC250-6B5DT,Sản xuất
DPXHC,DPXHC250-5B5DT,Sản xuất
DPXHC,DPXHC250-4B5DT,Sản xuất
DPXHC,DPXHC250-3B5DT,Sản xuất
DPXHC,DPXHC250-6B5PT,Sản xuất
DPXHC,DPXHC250-5B5PT,Sản xuất
DPXHC,DPXHC250-4B5PT,Sản xuất
DPXHC,DPXHC250-3B5PT,Sản xuất
DPXHC,DPXHC250-6B5PD,Sản xuất
DPXHC,DPXHC250-5B5PD,Sản xuất
DPXHC,DPXHC250-4B5PD,Sản xuất
DPXHC,DPXHC250-3B5PD,Sản xuất
DPXHC,DPXHC250-6B5MT,Sản xuất
DPXHC,DPXHC250-5B5MT,Sản xuất
DPXHC,DPXHC250-4B5MT,Sản xuất
DPXHC,DPXHC250-3B5MT,Sản xuất
DPXHC,DPXHC250-6B5ID,Sản xuất
DPXHC,DPXHC250-5B5ID,Sản xuất
DPXHC,DPXHC250-4B5ID,Sản xuất
DPXHC,DPXHC250-3B5ID,Sản xuất
DPXHC,DPXHC250-6B5SL,Sản xuất
DPXHC,DPXHC250-5B5SL,Sản xuất
DPXHC,DPXHC250-4B5SL,Sản xuất
DPXHC,DPXHC250-3B5SL,Sản xuất
DPXHC,DPXHC250-6P5HN,Sản xuất
DPXHC,DPXHC250-5P5HN,Sản xuất
DPXHC,DPXHC250-4P5HN,Sản xuất
DPXHC,DPXHC250-3P5HN,Sản xuất
DPXHC,DPXHC250-6P5HT,Sản xuất
DPXHC,DPXHC250-5P5HT,Sản xuất
DPXHC,DPXHC250-4P5HT,Sản xuất
DPXHC,DPXHC250-3P5HT,Sản xuất
DPXHC,DPXHC250-6P5HD,Sản xuất
DPXHC,DPXHC250-5P5HD,Sản xuất
DPXHC,DPXHC250-4P5HD,Sản xuất
DPXHC,DPXHC250-3P5HD,Sản xuất
DPXHC,DPXHC250-6P5DN,Sản xuất
DPXHC,DPXHC250-5P5DN,Sản xuất
DPXHC,DPXHC250-4P5DN,Sản xuất
DPXHC,DPXHC250-3P5DN,Sản xuất
DPXHC,DPXHC250-6P5DT,Sản xuất
DPXHC,DPXHC250-5P5DT,Sản xuất
DPXHC,DPXHC250-4P5DT,Sản xuất
DPXHC,DPXHC250-3P5DT,Sản xuất
DPXHC,DPXHC250-6P5PT,Sản xuất
DPXHC,DPXHC250-5P5PT,Sản xuất
DPXHC,DPXHC250-4P5PT,Sản xuất
DPXHC,DPXHC250-3P5PT,Sản xuất
DPXHC,DPXHC250-6P5PD,Sản xuất
DPXHC,DPXHC250-5P5PD,Sản xuất
DPXHC,DPXHC250-4P5PD,Sản xuất
DPXHC,DPXHC250-3P5PD,Sản xuất
DPXHC,DPXHC250-6P5MT,Sản xuất
DPXHC,DPXHC250-5P5MT,Sản xuất
DPXHC,DPXHC250-4P5MT,Sản xuất
DPXHC,DPXHC250-3P5MT,Sản xuất
DPXHC,DPXHC250-6P5ID,Sản xuất
DPXHC,DPXHC250-5P5ID,Sản xuất
DPXHC,DPXHC250-4P5ID,Sản xuất
DPXHC,DPXHC250-3P5ID,Sản xuất
DPXHC,DPXHC250-6P5SL,Sản xuất
DPXHC,DPXHC250-5P5SL,Sản xuất
DPXHC,DPXHC250-4P5SL,Sản xuất
DPXHC,DPXHC250-3P5SL,Sản xuất
DPXHC,DPXHC250-RTFHN,Sản xuất
DPXHC,DPXHC250-GTFHN,Sản xuất
DPXHC,DPXHC250-BTFHN,Sản xuất
DPXHC,DPXHC250-RTFHT,Sản xuất
DPXHC,DPXHC250-GTFHT,Sản xuất
DPXHC,DPXHC250-BTFHT,Sản xuất
DPXHC,DPXHC250-RTFHD,Sản xuất
DPXHC,DPXHC250-GTFHD,Sản xuất
DPXHC,DPXHC250-BTFHD,Sản xuất
DPXHC,DPXHC250-RTFDN,Sản xuất
DPXHC,DPXHC250-GTFDN,Sản xuất
DPXHC,DPXHC250-BTFDN,Sản xuất
DPXHC,DPXHC250-RTFDT,Sản xuất
DPXHC,DPXHC250-GTFDT,Sản xuất
DPXHC,DPXHC250-BTFDT,Sản xuất
DPXHC,DPXHC250-RTFPT,Sản xuất
DPXHC,DPXHC250-GTFPT,Sản xuất
DPXHC,DPXHC250-BTFPT,Sản xuất
DPXHC,DPXHC250-RTFPD,Sản xuất
DPXHC,DPXHC250-GTFPD,Sản xuất
DPXHC,DPXHC250-BTFPD,Sản xuất
DPXHC,DPXHC250-RTFMT,Sản xuất
DPXHC,DPXHC250-GTFMT,Sản xuất
DPXHC,DPXHC250-BTFMT,Sản xuất
DPXHC,DPXHC250-RTFID,Sản xuất
DPXHC,DPXHC250-GTFID,Sản xuất
DPXHC,DPXHC250-BTFID,Sản xuất
DPXHC,DPXHC250-RTFSL,Sản xuất
DPXHC,DPXHC250-GTFSL,Sản xuất
DPXHC,DPXHC250-BTFSL,Sản xuất
DPXHC,DPXHC250-CBCHC,Sản xuất
DPXHC,DPXHC300-6B3HN,Sản xuất
DPXHC,DPXHC300-5B3HN,Sản xuất
DPXHC,DPXHC300-4B3HN,Sản xuất
DPXHC,DPXHC300-3B3HN,Sản xuất
DPXHC,DPXHC300-6B3HT,Sản xuất
DPXHC,DPXHC300-5B3HT,Sản xuất
DPXHC,DPXHC300-4B3HT,Sản xuất
DPXHC,DPXHC300-3B3HT,Sản xuất
DPXHC,DPXHC300-6B3HD,Sản xuất
DPXHC,DPXHC300-5B3HD,Sản xuất
DPXHC,DPXHC300-4B3HD,Sản xuất
DPXHC,DPXHC300-3B3HD,Sản xuất
DPXHC,DPXHC300-6B3DN,Sản xuất
DPXHC,DPXHC300-5B3DN,Sản xuất
DPXHC,DPXHC300-4B3DN,Sản xuất
DPXHC,DPXHC300-3B3DN,Sản xuất
DPXHC,DPXHC300-6B3DT,Sản xuất
DPXHC,DPXHC300-5B3DT,Sản xuất
DPXHC,DPXHC300-4B3DT,Sản xuất
DPXHC,DPXHC300-3B3DT,Sản xuất
DPXHC,DPXHC300-6B3PT,Sản xuất
DPXHC,DPXHC300-5B3PT,Sản xuất
DPXHC,DPXHC300-4B3PT,Sản xuất
DPXHC,DPXHC300-3B3PT,Sản xuất
DPXHC,DPXHC300-6B3PD,Sản xuất
DPXHC,DPXHC300-5B3PD,Sản xuất
DPXHC,DPXHC300-4B3PD,Sản xuất
DPXHC,DPXHC300-3B3PD,Sản xuất
DPXHC,DPXHC300-6B3MT,Sản xuất
DPXHC,DPXHC300-5B3MT,Sản xuất
DPXHC,DPXHC300-4B3MT,Sản xuất
DPXHC,DPXHC300-3B3MT,Sản xuất
DPXHC,DPXHC300-6B3ID,Sản xuất
DPXHC,DPXHC300-5B3ID,Sản xuất
DPXHC,DPXHC300-4B3ID,Sản xuất
DPXHC,DPXHC300-3B3ID,Sản xuất
DPXHC,DPXHC300-6B3SL,Sản xuất
DPXHC,DPXHC300-5B3SL,Sản xuất
DPXHC,DPXHC300-4B3SL,Sản xuất
DPXHC,DPXHC300-3B3SL,Sản xuất
DPXHC,DPXHC300-6P3HN,Sản xuất
DPXHC,DPXHC300-5P3HN,Sản xuất
DPXHC,DPXHC300-4P3HN,Sản xuất
DPXHC,DPXHC300-3P3HN,Sản xuất
DPXHC,DPXHC300-6P3HT,Sản xuất
DPXHC,DPXHC300-5P3HT,Sản xuất
DPXHC,DPXHC300-4P3HT,Sản xuất
DPXHC,DPXHC300-3P3HT,Sản xuất
DPXHC,DPXHC300-6P3HD,Sản xuất
DPXHC,DPXHC300-5P3HD,Sản xuất
DPXHC,DPXHC300-4P3HD,Sản xuất
DPXHC,DPXHC300-3P3HD,Sản xuất
DPXHC,DPXHC300-6P3DN,Sản xuất
DPXHC,DPXHC300-5P3DN,Sản xuất
DPXHC,DPXHC300-4P3DN,Sản xuất
DPXHC,DPXHC300-3P3DN,Sản xuất
DPXHC,DPXHC300-6P3DT,Sản xuất
DPXHC,DPXHC300-5P3DT,Sản xuất
DPXHC,DPXHC300-4P3DT,Sản xuất
DPXHC,DPXHC300-3P3DT,Sản xuất
DPXHC,DPXHC300-6P3PT,Sản xuất
DPXHC,DPXHC300-5P3PT,Sản xuất
DPXHC,DPXHC300-4P3PT,Sản xuất
DPXHC,DPXHC300-3P3PT,Sản xuất
DPXHC,DPXHC300-6P3PD,Sản xuất
DPXHC,DPXHC300-5P3PD,Sản xuất
DPXHC,DPXHC300-4P3PD,Sản xuất
DPXHC,DPXHC300-3P3PD,Sản xuất
DPXHC,DPXHC300-6P3MT,Sản xuất
DPXHC,DPXHC300-5P3MT,Sản xuất
DPXHC,DPXHC300-4P3MT,Sản xuất
DPXHC,DPXHC300-3P3MT,Sản xuất
DPXHC,DPXHC300-6P3ID,Sản xuất
DPXHC,DPXHC300-5P3ID,Sản xuất
DPXHC,DPXHC300-4P3ID,Sản xuất
DPXHC,DPXHC300-3P3ID,Sản xuất
DPXHC,DPXHC300-6P3SL,Sản xuất
DPXHC,DPXHC300-5P3SL,Sản xuất
DPXHC,DPXHC300-4P3SL,Sản xuất
DPXHC,DPXHC300-3P3SL,Sản xuất
DPXHC,DPXHC300-6B5HN,Sản xuất
DPXHC,DPXHC300-5B5HN,Sản xuất
DPXHC,DPXHC300-4B5HN,Sản xuất
DPXHC,DPXHC300-3B5HN,Sản xuất
DPXHC,DPXHC300-6B5HT,Sản xuất
DPXHC,DPXHC300-5B5HT,Sản xuất
DPXHC,DPXHC300-4B5HT,Sản xuất
DPXHC,DPXHC300-3B5HT,Sản xuất
DPXHC,DPXHC300-6B5HD,Sản xuất
DPXHC,DPXHC300-5B5HD,Sản xuất
DPXHC,DPXHC300-4B5HD,Sản xuất
DPXHC,DPXHC300-3B5HD,Sản xuất
DPXHC,DPXHC300-6B5DN,Sản xuất
DPXHC,DPXHC300-5B5DN,Sản xuất
DPXHC,DPXHC300-4B5DN,Sản xuất
DPXHC,DPXHC300-3B5DN,Sản xuất
DPXHC,DPXHC300-6B5DT,Sản xuất
DPXHC,DPXHC300-5B5DT,Sản xuất
DPXHC,DPXHC300-4B5DT,Sản xuất
DPXHC,DPXHC300-3B5DT,Sản xuất
DPXHC,DPXHC300-6B5PT,Sản xuất
DPXHC,DPXHC300-5B5PT,Sản xuất
DPXHC,DPXHC300-4B5PT,Sản xuất
DPXHC,DPXHC300-3B5PT,Sản xuất
DPXHC,DPXHC300-6B5PD,Sản xuất
DPXHC,DPXHC300-5B5PD,Sản xuất
DPXHC,DPXHC300-4B5PD,Sản xuất
DPXHC,DPXHC300-3B5PD,Sản xuất
DPXHC,DPXHC300-6B5MT,Sản xuất
DPXHC,DPXHC300-5B5MT,Sản xuất
DPXHC,DPXHC300-4B5MT,Sản xuất
DPXHC,DPXHC300-3B5MT,Sản xuất
DPXHC,DPXHC300-6B5ID,Sản xuất
DPXHC,DPXHC300-5B5ID,Sản xuất
DPXHC,DPXHC300-4B5ID,Sản xuất
DPXHC,DPXHC300-3B5ID,Sản xuất
DPXHC,DPXHC300-6B5SL,Sản xuất
DPXHC,DPXHC300-5B5SL,Sản xuất
DPXHC,DPXHC300-4B5SL,Sản xuất
DPXHC,DPXHC300-3B5SL,Sản xuất
DPXHC,DPXHC300-6P5HN,Sản xuất
DPXHC,DPXHC300-5P5HN,Sản xuất
DPXHC,DPXHC300-4P5HN,Sản xuất
DPXHC,DPXHC300-3P5HN,Sản xuất
DPXHC,DPXHC300-6P5HT,Sản xuất
DPXHC,DPXHC300-5P5HT,Sản xuất
DPXHC,DPXHC300-4P5HT,Sản xuất
DPXHC,DPXHC300-3P5HT,Sản xuất
DPXHC,DPXHC300-6P5HD,Sản xuất
DPXHC,DPXHC300-5P5HD,Sản xuất
DPXHC,DPXHC300-4P5HD,Sản xuất
DPXHC,DPXHC300-3P5HD,Sản xuất
DPXHC,DPXHC300-6P5DN,Sản xuất
DPXHC,DPXHC300-5P5DN,Sản xuất
DPXHC,DPXHC300-4P5DN,Sản xuất
DPXHC,DPXHC300-3P5DN,Sản xuất
DPXHC,DPXHC300-6P5DT,Sản xuất
DPXHC,DPXHC300-5P5DT,Sản xuất
DPXHC,DPXHC300-4P5DT,Sản xuất
DPXHC,DPXHC300-3P5DT,Sản xuất
DPXHC,DPXHC300-6P5PT,Sản xuất
DPXHC,DPXHC300-5P5PT,Sản xuất
DPXHC,DPXHC300-4P5PT,Sản xuất
DPXHC,DPXHC300-3P5PT,Sản xuất
DPXHC,DPXHC300-6P5PD,Sản xuất
DPXHC,DPXHC300-5P5PD,Sản xuất
DPXHC,DPXHC300-4P5PD,Sản xuất
DPXHC,DPXHC300-3P5PD,Sản xuất
DPXHC,DPXHC300-6P5MT,Sản xuất
DPXHC,DPXHC300-5P5MT,Sản xuất
DPXHC,DPXHC300-4P5MT,Sản xuất
DPXHC,DPXHC300-3P5MT,Sản xuất
DPXHC,DPXHC300-6P5ID,Sản xuất
DPXHC,DPXHC300-5P5ID,Sản xuất
DPXHC,DPXHC300-4P5ID,Sản xuất
DPXHC,DPXHC300-3P5ID,Sản xuất
DPXHC,DPXHC300-6P5SL,Sản xuất
DPXHC,DPXHC300-5P5SL,Sản xuất
DPXHC,DPXHC300-4P5SL,Sản xuất
DPXHC,DPXHC300-3P5SL,Sản xuất
DPXHC,DPXHC300-RTFHN,Sản xuất
DPXHC,DPXHC300-GTFHN,Sản xuất
DPXHC,DPXHC300-BTFHN,Sản xuất
DPXHC,DPXHC300-RTFHT,Sản xuất
DPXHC,DPXHC300-GTFHT,Sản xuất
DPXHC,DPXHC300-BTFHT,Sản xuất
DPXHC,DPXHC300-RTFHD,Sản xuất
DPXHC,DPXHC300-GTFHD,Sản xuất
DPXHC,DPXHC300-BTFHD,Sản xuất
DPXHC,DPXHC300-RTFDN,Sản xuất
DPXHC,DPXHC300-GTFDN,Sản xuất
DPXHC,DPXHC300-BTFDN,Sản xuất
DPXHC,DPXHC300-RTFDT,Sản xuất
DPXHC,DPXHC300-GTFDT,Sản xuất
DPXHC,DPXHC300-BTFDT,Sản xuất
DPXHC,DPXHC300-RTFPT,Sản xuất
DPXHC,DPXHC300-GTFPT,Sản xuất
DPXHC,DPXHC300-BTFPT,Sản xuất
DPXHC,DPXHC300-RTFPD,Sản xuất
DPXHC,DPXHC300-GTFPD,Sản xuất
DPXHC,DPXHC300-BTFPD,Sản xuất
DPXHC,DPXHC300-RTFMT,Sản xuất
DPXHC,DPXHC300-GTFMT,Sản xuất
DPXHC,DPXHC300-BTFMT,Sản xuất
DPXHC,DPXHC300-RTFID,Sản xuất
DPXHC,DPXHC300-GTFID,Sản xuất
DPXHC,DPXHC300-BTFID,Sản xuất
DPXHC,DPXHC300-RTFSL,Sản xuất
DPXHC,DPXHC300-GTFSL,Sản xuất
DPXHC,DPXHC300-BTFSL,Sản xuất
DPXHC,DPXHC300-CBCHC,Sản xuất
DPXHC,DPXHC400-6B3HN,Sản xuất
DPXHC,DPXHC400-5B3HN,Sản xuất
DPXHC,DPXHC400-4B3HN,Sản xuất
DPXHC,DPXHC400-3B3HN,Sản xuất
DPXHC,DPXHC400-6B3HT,Sản xuất
DPXHC,DPXHC400-5B3HT,Sản xuất
DPXHC,DPXHC400-4B3HT,Sản xuất
DPXHC,DPXHC400-3B3HT,Sản xuất
DPXHC,DPXHC400-6B3HD,Sản xuất
DPXHC,DPXHC400-5B3HD,Sản xuất
DPXHC,DPXHC400-4B3HD,Sản xuất
DPXHC,DPXHC400-3B3HD,Sản xuất
DPXHC,DPXHC400-6B3DN,Sản xuất
DPXHC,DPXHC400-5B3DN,Sản xuất
DPXHC,DPXHC400-4B3DN,Sản xuất
DPXHC,DPXHC400-3B3DN,Sản xuất
DPXHC,DPXHC400-6B3DT,Sản xuất
DPXHC,DPXHC400-5B3DT,Sản xuất
DPXHC,DPXHC400-4B3DT,Sản xuất
DPXHC,DPXHC400-3B3DT,Sản xuất
DPXHC,DPXHC400-6B3PT,Sản xuất
DPXHC,DPXHC400-5B3PT,Sản xuất
DPXHC,DPXHC400-4B3PT,Sản xuất
DPXHC,DPXHC400-3B3PT,Sản xuất
DPXHC,DPXHC400-6B3PD,Sản xuất
DPXHC,DPXHC400-5B3PD,Sản xuất
DPXHC,DPXHC400-4B3PD,Sản xuất
DPXHC,DPXHC400-3B3PD,Sản xuất
DPXHC,DPXHC400-6B3MT,Sản xuất
DPXHC,DPXHC400-5B3MT,Sản xuất
DPXHC,DPXHC400-4B3MT,Sản xuất
DPXHC,DPXHC400-3B3MT,Sản xuất
DPXHC,DPXHC400-6B3ID,Sản xuất
DPXHC,DPXHC400-5B3ID,Sản xuất
DPXHC,DPXHC400-4B3ID,Sản xuất
DPXHC,DPXHC400-3B3ID,Sản xuất
DPXHC,DPXHC400-6B3SL,Sản xuất
DPXHC,DPXHC400-5B3SL,Sản xuất
DPXHC,DPXHC400-4B3SL,Sản xuất
DPXHC,DPXHC400-3B3SL,Sản xuất
DPXHC,DPXHC400-6P3HN,Sản xuất
DPXHC,DPXHC400-5P3HN,Sản xuất
DPXHC,DPXHC400-4P3HN,Sản xuất
DPXHC,DPXHC400-3P3HN,Sản xuất
DPXHC,DPXHC400-6P3HT,Sản xuất
DPXHC,DPXHC400-5P3HT,Sản xuất
DPXHC,DPXHC400-4P3HT,Sản xuất
DPXHC,DPXHC400-3P3HT,Sản xuất
DPXHC,DPXHC400-6P3HD,Sản xuất
DPXHC,DPXHC400-5P3HD,Sản xuất
DPXHC,DPXHC400-4P3HD,Sản xuất
DPXHC,DPXHC400-3P3HD,Sản xuất
DPXHC,DPXHC400-6P3DN,Sản xuất
DPXHC,DPXHC400-5P3DN,Sản xuất
DPXHC,DPXHC400-4P3DN,Sản xuất
DPXHC,DPXHC400-3P3DN,Sản xuất
DPXHC,DPXHC400-6P3DT,Sản xuất
DPXHC,DPXHC400-5P3DT,Sản xuất
DPXHC,DPXHC400-4P3DT,Sản xuất
DPXHC,DPXHC400-3P3DT,Sản xuất
DPXHC,DPXHC400-6P3PT,Sản xuất
DPXHC,DPXHC400-5P3PT,Sản xuất
DPXHC,DPXHC400-4P3PT,Sản xuất
DPXHC,DPXHC400-3P3PT,Sản xuất
DPXHC,DPXHC400-6P3PD,Sản xuất
DPXHC,DPXHC400-5P3PD,Sản xuất
DPXHC,DPXHC400-4P3PD,Sản xuất
DPXHC,DPXHC400-3P3PD,Sản xuất
DPXHC,DPXHC400-6P3MT,Sản xuất
DPXHC,DPXHC400-5P3MT,Sản xuất
DPXHC,DPXHC400-4P3MT,Sản xuất
DPXHC,DPXHC400-3P3MT,Sản xuất
DPXHC,DPXHC400-6P3ID,Sản xuất
DPXHC,DPXHC400-5P3ID,Sản xuất
DPXHC,DPXHC400-4P3ID,Sản xuất
DPXHC,DPXHC400-3P3ID,Sản xuất
DPXHC,DPXHC400-6P3SL,Sản xuất
DPXHC,DPXHC400-5P3SL,Sản xuất
DPXHC,DPXHC400-4P3SL,Sản xuất
DPXHC,DPXHC400-3P3SL,Sản xuất
DPXHC,DPXHC400-6B5HN,Sản xuất
DPXHC,DPXHC400-5B5HN,Sản xuất
DPXHC,DPXHC400-4B5HN,Sản xuất
DPXHC,DPXHC400-3B5HN,Sản xuất
DPXHC,DPXHC400-6B5HT,Sản xuất
DPXHC,DPXHC400-5B5HT,Sản xuất
DPXHC,DPXHC400-4B5HT,Sản xuất
DPXHC,DPXHC400-3B5HT,Sản xuất
DPXHC,DPXHC400-6B5HD,Sản xuất
DPXHC,DPXHC400-5B5HD,Sản xuất
DPXHC,DPXHC400-4B5HD,Sản xuất
DPXHC,DPXHC400-3B5HD,Sản xuất
DPXHC,DPXHC400-6B5DN,Sản xuất
DPXHC,DPXHC400-5B5DN,Sản xuất
DPXHC,DPXHC400-4B5DN,Sản xuất
DPXHC,DPXHC400-3B5DN,Sản xuất
DPXHC,DPXHC400-6B5DT,Sản xuất
DPXHC,DPXHC400-5B5DT,Sản xuất
DPXHC,DPXHC400-4B5DT,Sản xuất
DPXHC,DPXHC400-3B5DT,Sản xuất
DPXHC,DPXHC400-6B5PT,Sản xuất
DPXHC,DPXHC400-5B5PT,Sản xuất
DPXHC,DPXHC400-4B5PT,Sản xuất
DPXHC,DPXHC400-3B5PT,Sản xuất
DPXHC,DPXHC400-6B5PD,Sản xuất
DPXHC,DPXHC400-5B5PD,Sản xuất
DPXHC,DPXHC400-4B5PD,Sản xuất
DPXHC,DPXHC400-3B5PD,Sản xuất
DPXHC,DPXHC400-6B5MT,Sản xuất
DPXHC,DPXHC400-5B5MT,Sản xuất
DPXHC,DPXHC400-4B5MT,Sản xuất
DPXHC,DPXHC400-3B5MT,Sản xuất
DPXHC,DPXHC400-6B5ID,Sản xuất
DPXHC,DPXHC400-5B5ID,Sản xuất
DPXHC,DPXHC400-4B5ID,Sản xuất
DPXHC,DPXHC400-3B5ID,Sản xuất
DPXHC,DPXHC400-6B5SL,Sản xuất
DPXHC,DPXHC400-5B5SL,Sản xuất
DPXHC,DPXHC400-4B5SL,Sản xuất
DPXHC,DPXHC400-3B5SL,Sản xuất
DPXHC,DPXHC400-6P5HN,Sản xuất
DPXHC,DPXHC400-5P5HN,Sản xuất
DPXHC,DPXHC400-4P5HN,Sản xuất
DPXHC,DPXHC400-3P5HN,Sản xuất
DPXHC,DPXHC400-6P5HT,Sản xuất
DPXHC,DPXHC400-5P5HT,Sản xuất
DPXHC,DPXHC400-4P5HT,Sản xuất
DPXHC,DPXHC400-3P5HT,Sản xuất
DPXHC,DPXHC400-6P5HD,Sản xuất
DPXHC,DPXHC400-5P5HD,Sản xuất
DPXHC,DPXHC400-4P5HD,Sản xuất
DPXHC,DPXHC400-3P5HD,Sản xuất
DPXHC,DPXHC400-6P5DN,Sản xuất
DPXHC,DPXHC400-5P5DN,Sản xuất
DPXHC,DPXHC400-4P5DN,Sản xuất
DPXHC,DPXHC400-3P5DN,Sản xuất
DPXHC,DPXHC400-6P5DT,Sản xuất
DPXHC,DPXHC400-5P5DT,Sản xuất
DPXHC,DPXHC400-4P5DT,Sản xuất
DPXHC,DPXHC400-3P5DT,Sản xuất
DPXHC,DPXHC400-6P5PT,Sản xuất
DPXHC,DPXHC400-5P5PT,Sản xuất
DPXHC,DPXHC400-4P5PT,Sản xuất
DPXHC,DPXHC400-3P5PT,Sản xuất
DPXHC,DPXHC400-6P5PD,Sản xuất
DPXHC,DPXHC400-5P5PD,Sản xuất
DPXHC,DPXHC400-4P5PD,Sản xuất
DPXHC,DPXHC400-3P5PD,Sản xuất
DPXHC,DPXHC400-6P5MT,Sản xuất
DPXHC,DPXHC400-5P5MT,Sản xuất
DPXHC,DPXHC400-4P5MT,Sản xuất
DPXHC,DPXHC400-3P5MT,Sản xuất
DPXHC,DPXHC400-6P5ID,Sản xuất
DPXHC,DPXHC400-5P5ID,Sản xuất
DPXHC,DPXHC400-4P5ID,Sản xuất
DPXHC,DPXHC400-3P5ID,Sản xuất
DPXHC,DPXHC400-6P5SL,Sản xuất
DPXHC,DPXHC400-5P5SL,Sản xuất
DPXHC,DPXHC400-4P5SL,Sản xuất
DPXHC,DPXHC400-3P5SL,Sản xuất
DPXHC,DPXHC400-RTFHN,Sản xuất
DPXHC,DPXHC400-GTFHN,Sản xuất
DPXHC,DPXHC400-BTFHN,Sản xuất
DPXHC,DPXHC400-RTFHT,Sản xuất
DPXHC,DPXHC400-GTFHT,Sản xuất
DPXHC,DPXHC400-BTFHT,Sản xuất
DPXHC,DPXHC400-RTFHD,Sản xuất
DPXHC,DPXHC400-GTFHD,Sản xuất
DPXHC,DPXHC400-BTFHD,Sản xuất
DPXHC,DPXHC400-RTFDN,Sản xuất
DPXHC,DPXHC400-GTFDN,Sản xuất
DPXHC,DPXHC400-BTFDN,Sản xuất
DPXHC,DPXHC400-RTFDT,Sản xuất
DPXHC,DPXHC400-GTFDT,Sản xuất
DPXHC,DPXHC400-BTFDT,Sản xuất
DPXHC,DPXHC400-RTFPT,Sản xuất
DPXHC,DPXHC400-GTFPT,Sản xuất
DPXHC,DPXHC400-BTFPT,Sản xuất
DPXHC,DPXHC400-RTFPD,Sản xuất
DPXHC,DPXHC400-GTFPD,Sản xuất
DPXHC,DPXHC400-BTFPD,Sản xuất
DPXHC,DPXHC400-RTFMT,Sản xuất
DPXHC,DPXHC400-GTFMT,Sản xuất
DPXHC,DPXHC400-BTFMT,Sản xuất
DPXHC,DPXHC400-RTFID,Sản xuất
DPXHC,DPXHC400-GTFID,Sản xuất
DPXHC,DPXHC400-BTFID,Sản xuất
DPXHC,DPXHC400-RTFSL,Sản xuất
DPXHC,DPXHC400-GTFSL,Sản xuất
DPXHC,DPXHC400-BTFSL,Sản xuất
DPXHC,DPXHC400-CBCHC,Sản xuất
DPXHC,DPXHC500-6B3HN,Sản xuất
DPXHC,DPXHC500-5B3HN,Sản xuất
DPXHC,DPXHC500-4B3HN,Sản xuất
DPXHC,DPXHC500-3B3HN,Sản xuất
DPXHC,DPXHC500-6B3HT,Sản xuất
DPXHC,DPXHC500-5B3HT,Sản xuất
DPXHC,DPXHC500-4B3HT,Sản xuất
DPXHC,DPXHC500-3B3HT,Sản xuất
DPXHC,DPXHC500-6B3HD,Sản xuất
DPXHC,DPXHC500-5B3HD,Sản xuất
DPXHC,DPXHC500-4B3HD,Sản xuất
DPXHC,DPXHC500-3B3HD,Sản xuất
DPXHC,DPXHC500-6B3DN,Sản xuất
DPXHC,DPXHC500-5B3DN,Sản xuất
DPXHC,DPXHC500-4B3DN,Sản xuất
DPXHC,DPXHC500-3B3DN,Sản xuất
DPXHC,DPXHC500-6B3DT,Sản xuất
DPXHC,DPXHC500-5B3DT,Sản xuất
DPXHC,DPXHC500-4B3DT,Sản xuất
DPXHC,DPXHC500-3B3DT,Sản xuất
DPXHC,DPXHC500-6B3PT,Sản xuất
DPXHC,DPXHC500-5B3PT,Sản xuất
DPXHC,DPXHC500-4B3PT,Sản xuất
DPXHC,DPXHC500-3B3PT,Sản xuất
DPXHC,DPXHC500-6B3PD,Sản xuất
DPXHC,DPXHC500-5B3PD,Sản xuất
DPXHC,DPXHC500-4B3PD,Sản xuất
DPXHC,DPXHC500-3B3PD,Sản xuất
DPXHC,DPXHC500-6B3MT,Sản xuất
DPXHC,DPXHC500-5B3MT,Sản xuất
DPXHC,DPXHC500-4B3MT,Sản xuất
DPXHC,DPXHC500-3B3MT,Sản xuất
DPXHC,DPXHC500-6B3ID,Sản xuất
DPXHC,DPXHC500-5B3ID,Sản xuất
DPXHC,DPXHC500-4B3ID,Sản xuất
DPXHC,DPXHC500-3B3ID,Sản xuất
DPXHC,DPXHC500-6B3SL,Sản xuất
DPXHC,DPXHC500-5B3SL,Sản xuất
DPXHC,DPXHC500-4B3SL,Sản xuất
DPXHC,DPXHC500-3B3SL,Sản xuất
DPXHC,DPXHC500-6P3HN,Sản xuất
DPXHC,DPXHC500-5P3HN,Sản xuất
DPXHC,DPXHC500-4P3HN,Sản xuất
DPXHC,DPXHC500-3P3HN,Sản xuất
DPXHC,DPXHC500-6P3HT,Sản xuất
DPXHC,DPXHC500-5P3HT,Sản xuất
DPXHC,DPXHC500-4P3HT,Sản xuất
DPXHC,DPXHC500-3P3HT,Sản xuất
DPXHC,DPXHC500-6P3HD,Sản xuất
DPXHC,DPXHC500-5P3HD,Sản xuất
DPXHC,DPXHC500-4P3HD,Sản xuất
DPXHC,DPXHC500-3P3HD,Sản xuất
DPXHC,DPXHC500-6P3DN,Sản xuất
DPXHC,DPXHC500-5P3DN,Sản xuất
DPXHC,DPXHC500-4P3DN,Sản xuất
DPXHC,DPXHC500-3P3DN,Sản xuất
DPXHC,DPXHC500-6P3DT,Sản xuất
DPXHC,DPXHC500-5P3DT,Sản xuất
DPXHC,DPXHC500-4P3DT,Sản xuất
DPXHC,DPXHC500-3P3DT,Sản xuất
DPXHC,DPXHC500-6P3PT,Sản xuất
DPXHC,DPXHC500-5P3PT,Sản xuất
DPXHC,DPXHC500-4P3PT,Sản xuất
DPXHC,DPXHC500-3P3PT,Sản xuất
DPXHC,DPXHC500-6P3PD,Sản xuất
DPXHC,DPXHC500-5P3PD,Sản xuất
DPXHC,DPXHC500-4P3PD,Sản xuất
DPXHC,DPXHC500-3P3PD,Sản xuất
DPXHC,DPXHC500-6P3MT,Sản xuất
DPXHC,DPXHC500-5P3MT,Sản xuất
DPXHC,DPXHC500-4P3MT,Sản xuất
DPXHC,DPXHC500-3P3MT,Sản xuất
DPXHC,DPXHC500-6P3ID,Sản xuất
DPXHC,DPXHC500-5P3ID,Sản xuất
DPXHC,DPXHC500-4P3ID,Sản xuất
DPXHC,DPXHC500-3P3ID,Sản xuất
DPXHC,DPXHC500-6P3SL,Sản xuất
DPXHC,DPXHC500-5P3SL,Sản xuất
DPXHC,DPXHC500-4P3SL,Sản xuất
DPXHC,DPXHC500-3P3SL,Sản xuất
DPXHC,DPXHC500-6B5HN,Sản xuất
DPXHC,DPXHC500-5B5HN,Sản xuất
DPXHC,DPXHC500-4B5HN,Sản xuất
DPXHC,DPXHC500-3B5HN,Sản xuất
DPXHC,DPXHC500-6B5HT,Sản xuất
DPXHC,DPXHC500-5B5HT,Sản xuất
DPXHC,DPXHC500-4B5HT,Sản xuất
DPXHC,DPXHC500-3B5HT,Sản xuất
DPXHC,DPXHC500-6B5HD,Sản xuất
DPXHC,DPXHC500-5B5HD,Sản xuất
DPXHC,DPXHC500-4B5HD,Sản xuất
DPXHC,DPXHC500-3B5HD,Sản xuất
DPXHC,DPXHC500-6B5DN,Sản xuất
DPXHC,DPXHC500-5B5DN,Sản xuất
DPXHC,DPXHC500-4B5DN,Sản xuất
DPXHC,DPXHC500-3B5DN,Sản xuất
DPXHC,DPXHC500-6B5DT,Sản xuất
DPXHC,DPXHC500-5B5DT,Sản xuất
DPXHC,DPXHC500-4B5DT,Sản xuất
DPXHC,DPXHC500-3B5DT,Sản xuất
DPXHC,DPXHC500-6B5PT,Sản xuất
DPXHC,DPXHC500-5B5PT,Sản xuất
DPXHC,DPXHC500-4B5PT,Sản xuất
DPXHC,DPXHC500-3B5PT,Sản xuất
DPXHC,DPXHC500-6B5PD,Sản xuất
DPXHC,DPXHC500-5B5PD,Sản xuất
DPXHC,DPXHC500-4B5PD,Sản xuất
DPXHC,DPXHC500-3B5PD,Sản xuất
DPXHC,DPXHC500-6B5MT,Sản xuất
DPXHC,DPXHC500-5B5MT,Sản xuất
DPXHC,DPXHC500-4B5MT,Sản xuất
DPXHC,DPXHC500-3B5MT,Sản xuất
DPXHC,DPXHC500-6B5ID,Sản xuất
DPXHC,DPXHC500-5B5ID,Sản xuất
DPXHC,DPXHC500-4B5ID,Sản xuất
DPXHC,DPXHC500-3B5ID,Sản xuất
DPXHC,DPXHC500-6B5SL,Sản xuất
DPXHC,DPXHC500-5B5SL,Sản xuất
DPXHC,DPXHC500-4B5SL,Sản xuất
DPXHC,DPXHC500-3B5SL,Sản xuất
DPXHC,DPXHC500-6P5HN,Sản xuất
DPXHC,DPXHC500-5P5HN,Sản xuất
DPXHC,DPXHC500-4P5HN,Sản xuất
DPXHC,DPXHC500-3P5HN,Sản xuất
DPXHC,DPXHC500-6P5HT,Sản xuất
DPXHC,DPXHC500-5P5HT,Sản xuất
DPXHC,DPXHC500-4P5HT,Sản xuất
DPXHC,DPXHC500-3P5HT,Sản xuất
DPXHC,DPXHC500-6P5HD,Sản xuất
DPXHC,DPXHC500-5P5HD,Sản xuất
DPXHC,DPXHC500-4P5HD,Sản xuất
DPXHC,DPXHC500-3P5HD,Sản xuất
DPXHC,DPXHC500-6P5DN,Sản xuất
DPXHC,DPXHC500-5P5DN,Sản xuất
DPXHC,DPXHC500-4P5DN,Sản xuất
DPXHC,DPXHC500-3P5DN,Sản xuất
DPXHC,DPXHC500-6P5DT,Sản xuất
DPXHC,DPXHC500-5P5DT,Sản xuất
DPXHC,DPXHC500-4P5DT,Sản xuất
DPXHC,DPXHC500-3P5DT,Sản xuất
DPXHC,DPXHC500-6P5PT,Sản xuất
DPXHC,DPXHC500-5P5PT,Sản xuất
DPXHC,DPXHC500-4P5PT,Sản xuất
DPXHC,DPXHC500-3P5PT,Sản xuất
DPXHC,DPXHC500-6P5PD,Sản xuất
DPXHC,DPXHC500-5P5PD,Sản xuất
DPXHC,DPXHC500-4P5PD,Sản xuất
DPXHC,DPXHC500-3P5PD,Sản xuất
DPXHC,DPXHC500-6P5MT,Sản xuất
DPXHC,DPXHC500-5P5MT,Sản xuất
DPXHC,DPXHC500-4P5MT,Sản xuất
DPXHC,DPXHC500-3P5MT,Sản xuất
DPXHC,DPXHC500-6P5ID,Sản xuất
DPXHC,DPXHC500-5P5ID,Sản xuất
DPXHC,DPXHC500-4P5ID,Sản xuất
DPXHC,DPXHC500-3P5ID,Sản xuất
DPXHC,DPXHC500-6P5SL,Sản xuất
DPXHC,DPXHC500-5P5SL,Sản xuất
DPXHC,DPXHC500-4P5SL,Sản xuất
DPXHC,DPXHC500-3P5SL,Sản xuất
DPXHC,DPXHC500-RTFHN,Sản xuất
DPXHC,DPXHC500-GTFHN,Sản xuất
DPXHC,DPXHC500-BTFHN,Sản xuất
DPXHC,DPXHC500-RTFHT,Sản xuất
DPXHC,DPXHC500-GTFHT,Sản xuất
DPXHC,DPXHC500-BTFHT,Sản xuất
DPXHC,DPXHC500-RTFHD,Sản xuất
DPXHC,DPXHC500-GTFHD,Sản xuất
DPXHC,DPXHC500-BTFHD,Sản xuất
DPXHC,DPXHC500-RTFDN,Sản xuất
DPXHC,DPXHC500-GTFDN,Sản xuất
DPXHC,DPXHC500-BTFDN,Sản xuất
DPXHC,DPXHC500-RTFDT,Sản xuất
DPXHC,DPXHC500-GTFDT,Sản xuất
DPXHC,DPXHC500-BTFDT,Sản xuất
DPXHC,DPXHC500-RTFPT,Sản xuất
DPXHC,DPXHC500-GTFPT,Sản xuất
DPXHC,DPXHC500-BTFPT,Sản xuất
DPXHC,DPXHC500-RTFPD,Sản xuất
DPXHC,DPXHC500-GTFPD,Sản xuất
DPXHC,DPXHC500-BTFPD,Sản xuất
DPXHC,DPXHC500-RTFMT,Sản xuất
DPXHC,DPXHC500-GTFMT,Sản xuất
DPXHC,DPXHC500-BTFMT,Sản xuất
DPXHC,DPXHC500-RTFID,Sản xuất
DPXHC,DPXHC500-GTFID,Sản xuất
DPXHC,DPXHC500-BTFID,Sản xuất
DPXHC,DPXHC500-RTFSL,Sản xuất
DPXHC,DPXHC500-GTFSL,Sản xuất
DPXHC,DPXHC500-BTFSL,Sản xuất
DPXHC,DPXHC500-CBCHC,Sản xuất
DPVLC,DPVLC100-6B3HN,Sản xuất
DPVLC,DPVLC100-5B3HN,Sản xuất
DPVLC,DPVLC100-4B3HN,Sản xuất
DPVLC,DPVLC100-3B3HN,Sản xuất
DPVLC,DPVLC100-6B3HT,Sản xuất
DPVLC,DPVLC100-5B3HT,Sản xuất
DPVLC,DPVLC100-4B3HT,Sản xuất
DPVLC,DPVLC100-3B3HT,Sản xuất
DPVLC,DPVLC100-6B3HD,Sản xuất
DPVLC,DPVLC100-5B3HD,Sản xuất
DPVLC,DPVLC100-4B3HD,Sản xuất
DPVLC,DPVLC100-3B3HD,Sản xuất
DPVLC,DPVLC100-6B3DN,Sản xuất
DPVLC,DPVLC100-5B3DN,Sản xuất
DPVLC,DPVLC100-4B3DN,Sản xuất
DPVLC,DPVLC100-3B3DN,Sản xuất
DPVLC,DPVLC100-6B3DT,Sản xuất
DPVLC,DPVLC100-5B3DT,Sản xuất
DPVLC,DPVLC100-4B3DT,Sản xuất
DPVLC,DPVLC100-3B3DT,Sản xuất
DPVLC,DPVLC100-6B3PT,Sản xuất
DPVLC,DPVLC100-5B3PT,Sản xuất
DPVLC,DPVLC100-4B3PT,Sản xuất
DPVLC,DPVLC100-3B3PT,Sản xuất
DPVLC,DPVLC100-6B3PD,Sản xuất
DPVLC,DPVLC100-5B3PD,Sản xuất
DPVLC,DPVLC100-4B3PD,Sản xuất
DPVLC,DPVLC100-3B3PD,Sản xuất
DPVLC,DPVLC100-6B3MT,Sản xuất
DPVLC,DPVLC100-5B3MT,Sản xuất
DPVLC,DPVLC100-4B3MT,Sản xuất
DPVLC,DPVLC100-3B3MT,Sản xuất
DPVLC,DPVLC100-6B3ID,Sản xuất
DPVLC,DPVLC100-5B3ID,Sản xuất
DPVLC,DPVLC100-4B3ID,Sản xuất
DPVLC,DPVLC100-3B3ID,Sản xuất
DPVLC,DPVLC100-6B3SL,Sản xuất
DPVLC,DPVLC100-5B3SL,Sản xuất
DPVLC,DPVLC100-4B3SL,Sản xuất
DPVLC,DPVLC100-3B3SL,Sản xuất
DPVLC,DPVLC100-6P3HN,Sản xuất
DPVLC,DPVLC100-5P3HN,Sản xuất
DPVLC,DPVLC100-4P3HN,Sản xuất
DPVLC,DPVLC100-3P3HN,Sản xuất
DPVLC,DPVLC100-6P3HT,Sản xuất
DPVLC,DPVLC100-5P3HT,Sản xuất
DPVLC,DPVLC100-4P3HT,Sản xuất
DPVLC,DPVLC100-3P3HT,Sản xuất
DPVLC,DPVLC100-6P3HD,Sản xuất
DPVLC,DPVLC100-5P3HD,Sản xuất
DPVLC,DPVLC100-4P3HD,Sản xuất
DPVLC,DPVLC100-3P3HD,Sản xuất
DPVLC,DPVLC100-6P3DN,Sản xuất
DPVLC,DPVLC100-5P3DN,Sản xuất
DPVLC,DPVLC100-4P3DN,Sản xuất
DPVLC,DPVLC100-3P3DN,Sản xuất
DPVLC,DPVLC100-6P3DT,Sản xuất
DPVLC,DPVLC100-5P3DT,Sản xuất
DPVLC,DPVLC100-4P3DT,Sản xuất
DPVLC,DPVLC100-3P3DT,Sản xuất
DPVLC,DPVLC100-6P3PT,Sản xuất
DPVLC,DPVLC100-5P3PT,Sản xuất
DPVLC,DPVLC100-4P3PT,Sản xuất
DPVLC,DPVLC100-3P3PT,Sản xuất
DPVLC,DPVLC100-6P3PD,Sản xuất
DPVLC,DPVLC100-5P3PD,Sản xuất
DPVLC,DPVLC100-4P3PD,Sản xuất
DPVLC,DPVLC100-3P3PD,Sản xuất
DPVLC,DPVLC100-6P3MT,Sản xuất
DPVLC,DPVLC100-5P3MT,Sản xuất
DPVLC,DPVLC100-4P3MT,Sản xuất
DPVLC,DPVLC100-3P3MT,Sản xuất
DPVLC,DPVLC100-6P3ID,Sản xuất
DPVLC,DPVLC100-5P3ID,Sản xuất
DPVLC,DPVLC100-4P3ID,Sản xuất
DPVLC,DPVLC100-3P3ID,Sản xuất
DPVLC,DPVLC100-6P3SL,Sản xuất
DPVLC,DPVLC100-5P3SL,Sản xuất
DPVLC,DPVLC100-4P3SL,Sản xuất
DPVLC,DPVLC100-3P3SL,Sản xuất
DPVLC,DPVLC100-6B5HN,Sản xuất
DPVLC,DPVLC100-5B5HN,Sản xuất
DPVLC,DPVLC100-4B5HN,Sản xuất
DPVLC,DPVLC100-3B5HN,Sản xuất
DPVLC,DPVLC100-6B5HT,Sản xuất
DPVLC,DPVLC100-5B5HT,Sản xuất
DPVLC,DPVLC100-4B5HT,Sản xuất
DPVLC,DPVLC100-3B5HT,Sản xuất
DPVLC,DPVLC100-6B5HD,Sản xuất
DPVLC,DPVLC100-5B5HD,Sản xuất
DPVLC,DPVLC100-4B5HD,Sản xuất
DPVLC,DPVLC100-3B5HD,Sản xuất
DPVLC,DPVLC100-6B5DN,Sản xuất
DPVLC,DPVLC100-5B5DN,Sản xuất
DPVLC,DPVLC100-4B5DN,Sản xuất
DPVLC,DPVLC100-3B5DN,Sản xuất
DPVLC,DPVLC100-6B5DT,Sản xuất
DPVLC,DPVLC100-5B5DT,Sản xuất
DPVLC,DPVLC100-4B5DT,Sản xuất
DPVLC,DPVLC100-3B5DT,Sản xuất
DPVLC,DPVLC100-6B5PT,Sản xuất
DPVLC,DPVLC100-5B5PT,Sản xuất
DPVLC,DPVLC100-4B5PT,Sản xuất
DPVLC,DPVLC100-3B5PT,Sản xuất
DPVLC,DPVLC100-6B5PD,Sản xuất
DPVLC,DPVLC100-5B5PD,Sản xuất
DPVLC,DPVLC100-4B5PD,Sản xuất
DPVLC,DPVLC100-3B5PD,Sản xuất
DPVLC,DPVLC100-6B5MT,Sản xuất
DPVLC,DPVLC100-5B5MT,Sản xuất
DPVLC,DPVLC100-4B5MT,Sản xuất
DPVLC,DPVLC100-3B5MT,Sản xuất
DPVLC,DPVLC100-6B5ID,Sản xuất
DPVLC,DPVLC100-5B5ID,Sản xuất
DPVLC,DPVLC100-4B5ID,Sản xuất
DPVLC,DPVLC100-3B5ID,Sản xuất
DPVLC,DPVLC100-6B5SL,Sản xuất
DPVLC,DPVLC100-5B5SL,Sản xuất
DPVLC,DPVLC100-4B5SL,Sản xuất
DPVLC,DPVLC100-3B5SL,Sản xuất
DPVLC,DPVLC100-6P5HN,Sản xuất
DPVLC,DPVLC100-5P5HN,Sản xuất
DPVLC,DPVLC100-4P5HN,Sản xuất
DPVLC,DPVLC100-3P5HN,Sản xuất
DPVLC,DPVLC100-6P5HT,Sản xuất
DPVLC,DPVLC100-5P5HT,Sản xuất
DPVLC,DPVLC100-4P5HT,Sản xuất
DPVLC,DPVLC100-3P5HT,Sản xuất
DPVLC,DPVLC100-6P5HD,Sản xuất
DPVLC,DPVLC100-5P5HD,Sản xuất
DPVLC,DPVLC100-4P5HD,Sản xuất
DPVLC,DPVLC100-3P5HD,Sản xuất
DPVLC,DPVLC100-6P5DN,Sản xuất
DPVLC,DPVLC100-5P5DN,Sản xuất
DPVLC,DPVLC100-4P5DN,Sản xuất
DPVLC,DPVLC100-3P5DN,Sản xuất
DPVLC,DPVLC100-6P5DT,Sản xuất
DPVLC,DPVLC100-5P5DT,Sản xuất
DPVLC,DPVLC100-4P5DT,Sản xuất
DPVLC,DPVLC100-3P5DT,Sản xuất
DPVLC,DPVLC100-6P5PT,Sản xuất
DPVLC,DPVLC100-5P5PT,Sản xuất
DPVLC,DPVLC100-4P5PT,Sản xuất
DPVLC,DPVLC100-3P5PT,Sản xuất
DPVLC,DPVLC100-6P5PD,Sản xuất
DPVLC,DPVLC100-5P5PD,Sản xuất
DPVLC,DPVLC100-4P5PD,Sản xuất
DPVLC,DPVLC100-3P5PD,Sản xuất
DPVLC,DPVLC100-6P5MT,Sản xuất
DPVLC,DPVLC100-5P5MT,Sản xuất
DPVLC,DPVLC100-4P5MT,Sản xuất
DPVLC,DPVLC100-3P5MT,Sản xuất
DPVLC,DPVLC100-6P5ID,Sản xuất
DPVLC,DPVLC100-5P5ID,Sản xuất
DPVLC,DPVLC100-4P5ID,Sản xuất
DPVLC,DPVLC100-3P5ID,Sản xuất
DPVLC,DPVLC100-6P5SL,Sản xuất
DPVLC,DPVLC100-5P5SL,Sản xuất
DPVLC,DPVLC100-4P5SL,Sản xuất
DPVLC,DPVLC100-3P5SL,Sản xuất
DPVLC,DPVLC100-RTFHN,Sản xuất
DPVLC,DPVLC100-GTFHN,Sản xuất
DPVLC,DPVLC100-BTFHN,Sản xuất
DPVLC,DPVLC100-RTFHT,Sản xuất
DPVLC,DPVLC100-GTFHT,Sản xuất
DPVLC,DPVLC100-BTFHT,Sản xuất
DPVLC,DPVLC100-RTFHD,Sản xuất
DPVLC,DPVLC100-GTFHD,Sản xuất
DPVLC,DPVLC100-BTFHD,Sản xuất
DPVLC,DPVLC100-RTFDN,Sản xuất
DPVLC,DPVLC100-GTFDN,Sản xuất
DPVLC,DPVLC100-BTFDN,Sản xuất
DPVLC,DPVLC100-RTFDT,Sản xuất
DPVLC,DPVLC100-GTFDT,Sản xuất
DPVLC,DPVLC100-BTFDT,Sản xuất
DPVLC,DPVLC100-RTFPT,Sản xuất
DPVLC,DPVLC100-GTFPT,Sản xuất
DPVLC,DPVLC100-BTFPT,Sản xuất
DPVLC,DPVLC100-RTFPD,Sản xuất
DPVLC,DPVLC100-GTFPD,Sản xuất
DPVLC,DPVLC100-BTFPD,Sản xuất
DPVLC,DPVLC100-RTFMT,Sản xuất
DPVLC,DPVLC100-GTFMT,Sản xuất
DPVLC,DPVLC100-BTFMT,Sản xuất
DPVLC,DPVLC100-RTFID,Sản xuất
DPVLC,DPVLC100-GTFID,Sản xuất
DPVLC,DPVLC100-BTFID,Sản xuất
DPVLC,DPVLC100-RTFSL,Sản xuất
DPVLC,DPVLC100-GTFSL,Sản xuất
DPVLC,DPVLC100-BTFSL,Sản xuất
DPVLC,DPVLC100-CBCHC,Sản xuất
DPVLC,DPVLC150-6B3HN,Sản xuất
DPVLC,DPVLC150-5B3HN,Sản xuất
DPVLC,DPVLC150-4B3HN,Sản xuất
DPVLC,DPVLC150-3B3HN,Sản xuất
DPVLC,DPVLC150-6B3HT,Sản xuất
DPVLC,DPVLC150-5B3HT,Sản xuất
DPVLC,DPVLC150-4B3HT,Sản xuất
DPVLC,DPVLC150-3B3HT,Sản xuất
DPVLC,DPVLC150-6B3HD,Sản xuất
DPVLC,DPVLC150-5B3HD,Sản xuất
DPVLC,DPVLC150-4B3HD,Sản xuất
DPVLC,DPVLC150-3B3HD,Sản xuất
DPVLC,DPVLC150-6B3DN,Sản xuất
DPVLC,DPVLC150-5B3DN,Sản xuất
DPVLC,DPVLC150-4B3DN,Sản xuất
DPVLC,DPVLC150-3B3DN,Sản xuất
DPVLC,DPVLC150-6B3DT,Sản xuất
DPVLC,DPVLC150-5B3DT,Sản xuất
DPVLC,DPVLC150-4B3DT,Sản xuất
DPVLC,DPVLC150-3B3DT,Sản xuất
DPVLC,DPVLC150-6B3PT,Sản xuất
DPVLC,DPVLC150-5B3PT,Sản xuất
DPVLC,DPVLC150-4B3PT,Sản xuất
DPVLC,DPVLC150-3B3PT,Sản xuất
DPVLC,DPVLC150-6B3PD,Sản xuất
DPVLC,DPVLC150-5B3PD,Sản xuất
DPVLC,DPVLC150-4B3PD,Sản xuất
DPVLC,DPVLC150-3B3PD,Sản xuất
DPVLC,DPVLC150-6B3MT,Sản xuất
DPVLC,DPVLC150-5B3MT,Sản xuất
DPVLC,DPVLC150-4B3MT,Sản xuất
DPVLC,DPVLC150-3B3MT,Sản xuất
DPVLC,DPVLC150-6B3ID,Sản xuất
DPVLC,DPVLC150-5B3ID,Sản xuất
DPVLC,DPVLC150-4B3ID,Sản xuất
DPVLC,DPVLC150-3B3ID,Sản xuất
DPVLC,DPVLC150-6B3SL,Sản xuất
DPVLC,DPVLC150-5B3SL,Sản xuất
DPVLC,DPVLC150-4B3SL,Sản xuất
DPVLC,DPVLC150-3B3SL,Sản xuất
DPVLC,DPVLC150-6P3HN,Sản xuất
DPVLC,DPVLC150-5P3HN,Sản xuất
DPVLC,DPVLC150-4P3HN,Sản xuất
DPVLC,DPVLC150-3P3HN,Sản xuất
DPVLC,DPVLC150-6P3HT,Sản xuất
DPVLC,DPVLC150-5P3HT,Sản xuất
DPVLC,DPVLC150-4P3HT,Sản xuất
DPVLC,DPVLC150-3P3HT,Sản xuất
DPVLC,DPVLC150-6P3HD,Sản xuất
DPVLC,DPVLC150-5P3HD,Sản xuất
DPVLC,DPVLC150-4P3HD,Sản xuất
DPVLC,DPVLC150-3P3HD,Sản xuất
DPVLC,DPVLC150-6P3DN,Sản xuất
DPVLC,DPVLC150-5P3DN,Sản xuất
DPVLC,DPVLC150-4P3DN,Sản xuất
DPVLC,DPVLC150-3P3DN,Sản xuất
DPVLC,DPVLC150-6P3DT,Sản xuất
DPVLC,DPVLC150-5P3DT,Sản xuất
DPVLC,DPVLC150-4P3DT,Sản xuất
DPVLC,DPVLC150-3P3DT,Sản xuất
DPVLC,DPVLC150-6P3PT,Sản xuất
DPVLC,DPVLC150-5P3PT,Sản xuất
DPVLC,DPVLC150-4P3PT,Sản xuất
DPVLC,DPVLC150-3P3PT,Sản xuất
DPVLC,DPVLC150-6P3PD,Sản xuất
DPVLC,DPVLC150-5P3PD,Sản xuất
DPVLC,DPVLC150-4P3PD,Sản xuất
DPVLC,DPVLC150-3P3PD,Sản xuất
DPVLC,DPVLC150-6P3MT,Sản xuất
DPVLC,DPVLC150-5P3MT,Sản xuất
DPVLC,DPVLC150-4P3MT,Sản xuất
DPVLC,DPVLC150-3P3MT,Sản xuất
DPVLC,DPVLC150-6P3ID,Sản xuất
DPVLC,DPVLC150-5P3ID,Sản xuất
DPVLC,DPVLC150-4P3ID,Sản xuất
DPVLC,DPVLC150-3P3ID,Sản xuất
DPVLC,DPVLC150-6P3SL,Sản xuất
DPVLC,DPVLC150-5P3SL,Sản xuất
DPVLC,DPVLC150-4P3SL,Sản xuất
DPVLC,DPVLC150-3P3SL,Sản xuất
DPVLC,DPVLC150-6B5HN,Sản xuất
DPVLC,DPVLC150-5B5HN,Sản xuất
DPVLC,DPVLC150-4B5HN,Sản xuất
DPVLC,DPVLC150-3B5HN,Sản xuất
DPVLC,DPVLC150-6B5HT,Sản xuất
DPVLC,DPVLC150-5B5HT,Sản xuất
DPVLC,DPVLC150-4B5HT,Sản xuất
DPVLC,DPVLC150-3B5HT,Sản xuất
DPVLC,DPVLC150-6B5HD,Sản xuất
DPVLC,DPVLC150-5B5HD,Sản xuất
DPVLC,DPVLC150-4B5HD,Sản xuất
DPVLC,DPVLC150-3B5HD,Sản xuất
DPVLC,DPVLC150-6B5DN,Sản xuất
DPVLC,DPVLC150-5B5DN,Sản xuất
DPVLC,DPVLC150-4B5DN,Sản xuất
DPVLC,DPVLC150-3B5DN,Sản xuất
DPVLC,DPVLC150-6B5DT,Sản xuất
DPVLC,DPVLC150-5B5DT,Sản xuất
DPVLC,DPVLC150-4B5DT,Sản xuất
DPVLC,DPVLC150-3B5DT,Sản xuất
DPVLC,DPVLC150-6B5PT,Sản xuất
DPVLC,DPVLC150-5B5PT,Sản xuất
DPVLC,DPVLC150-4B5PT,Sản xuất
DPVLC,DPVLC150-3B5PT,Sản xuất
DPVLC,DPVLC150-6B5PD,Sản xuất
DPVLC,DPVLC150-5B5PD,Sản xuất
DPVLC,DPVLC150-4B5PD,Sản xuất
DPVLC,DPVLC150-3B5PD,Sản xuất
DPVLC,DPVLC150-6B5MT,Sản xuất
DPVLC,DPVLC150-5B5MT,Sản xuất
DPVLC,DPVLC150-4B5MT,Sản xuất
DPVLC,DPVLC150-3B5MT,Sản xuất
DPVLC,DPVLC150-6B5ID,Sản xuất
DPVLC,DPVLC150-5B5ID,Sản xuất
DPVLC,DPVLC150-4B5ID,Sản xuất
DPVLC,DPVLC150-3B5ID,Sản xuất
DPVLC,DPVLC150-6B5SL,Sản xuất
DPVLC,DPVLC150-5B5SL,Sản xuất
DPVLC,DPVLC150-4B5SL,Sản xuất
DPVLC,DPVLC150-3B5SL,Sản xuất
DPVLC,DPVLC150-6P5HN,Sản xuất
DPVLC,DPVLC150-5P5HN,Sản xuất
DPVLC,DPVLC150-4P5HN,Sản xuất
DPVLC,DPVLC150-3P5HN,Sản xuất
DPVLC,DPVLC150-6P5HT,Sản xuất
DPVLC,DPVLC150-5P5HT,Sản xuất
DPVLC,DPVLC150-4P5HT,Sản xuất
DPVLC,DPVLC150-3P5HT,Sản xuất
DPVLC,DPVLC150-6P5HD,Sản xuất
DPVLC,DPVLC150-5P5HD,Sản xuất
DPVLC,DPVLC150-4P5HD,Sản xuất
DPVLC,DPVLC150-3P5HD,Sản xuất
DPVLC,DPVLC150-6P5DN,Sản xuất
DPVLC,DPVLC150-5P5DN,Sản xuất
DPVLC,DPVLC150-4P5DN,Sản xuất
DPVLC,DPVLC150-3P5DN,Sản xuất
DPVLC,DPVLC150-6P5DT,Sản xuất
DPVLC,DPVLC150-5P5DT,Sản xuất
DPVLC,DPVLC150-4P5DT,Sản xuất
DPVLC,DPVLC150-3P5DT,Sản xuất
DPVLC,DPVLC150-6P5PT,Sản xuất
DPVLC,DPVLC150-5P5PT,Sản xuất
DPVLC,DPVLC150-4P5PT,Sản xuất
DPVLC,DPVLC150-3P5PT,Sản xuất
DPVLC,DPVLC150-6P5PD,Sản xuất
DPVLC,DPVLC150-5P5PD,Sản xuất
DPVLC,DPVLC150-4P5PD,Sản xuất
DPVLC,DPVLC150-3P5PD,Sản xuất
DPVLC,DPVLC150-6P5MT,Sản xuất
DPVLC,DPVLC150-5P5MT,Sản xuất
DPVLC,DPVLC150-4P5MT,Sản xuất
DPVLC,DPVLC150-3P5MT,Sản xuất
DPVLC,DPVLC150-6P5ID,Sản xuất
DPVLC,DPVLC150-5P5ID,Sản xuất
DPVLC,DPVLC150-4P5ID,Sản xuất
DPVLC,DPVLC150-3P5ID,Sản xuất
DPVLC,DPVLC150-6P5SL,Sản xuất
DPVLC,DPVLC150-5P5SL,Sản xuất
DPVLC,DPVLC150-4P5SL,Sản xuất
DPVLC,DPVLC150-3P5SL,Sản xuất
DPVLC,DPVLC150-RTFHN,Sản xuất
DPVLC,DPVLC150-GTFHN,Sản xuất
DPVLC,DPVLC150-BTFHN,Sản xuất
DPVLC,DPVLC150-RTFHT,Sản xuất
DPVLC,DPVLC150-GTFHT,Sản xuất
DPVLC,DPVLC150-BTFHT,Sản xuất
DPVLC,DPVLC150-RTFHD,Sản xuất
DPVLC,DPVLC150-GTFHD,Sản xuất
DPVLC,DPVLC150-BTFHD,Sản xuất
DPVLC,DPVLC150-RTFDN,Sản xuất
DPVLC,DPVLC150-GTFDN,Sản xuất
DPVLC,DPVLC150-BTFDN,Sản xuất
DPVLC,DPVLC150-RTFDT,Sản xuất
DPVLC,DPVLC150-GTFDT,Sản xuất
DPVLC,DPVLC150-BTFDT,Sản xuất
DPVLC,DPVLC150-RTFPT,Sản xuất
DPVLC,DPVLC150-GTFPT,Sản xuất
DPVLC,DPVLC150-BTFPT,Sản xuất
DPVLC,DPVLC150-RTFPD,Sản xuất
DPVLC,DPVLC150-GTFPD,Sản xuất
DPVLC,DPVLC150-BTFPD,Sản xuất
DPVLC,DPVLC150-RTFMT,Sản xuất
DPVLC,DPVLC150-GTFMT,Sản xuất
DPVLC,DPVLC150-BTFMT,Sản xuất
DPVLC,DPVLC150-RTFID,Sản xuất
DPVLC,DPVLC150-GTFID,Sản xuất
DPVLC,DPVLC150-BTFID,Sản xuất
DPVLC,DPVLC150-RTFSL,Sản xuất
DPVLC,DPVLC150-GTFSL,Sản xuất
DPVLC,DPVLC150-BTFSL,Sản xuất
DPVLC,DPVLC150-CBCHC,Sản xuất
DPVLC,DPVLC200-6B3HN,Sản xuất
DPVLC,DPVLC200-5B3HN,Sản xuất
DPVLC,DPVLC200-4B3HN,Sản xuất
DPVLC,DPVLC200-3B3HN,Sản xuất
DPVLC,DPVLC200-6B3HT,Sản xuất
DPVLC,DPVLC200-5B3HT,Sản xuất
DPVLC,DPVLC200-4B3HT,Sản xuất
DPVLC,DPVLC200-3B3HT,Sản xuất
DPVLC,DPVLC200-6B3HD,Sản xuất
DPVLC,DPVLC200-5B3HD,Sản xuất
DPVLC,DPVLC200-4B3HD,Sản xuất
DPVLC,DPVLC200-3B3HD,Sản xuất
DPVLC,DPVLC200-6B3DN,Sản xuất
DPVLC,DPVLC200-5B3DN,Sản xuất
DPVLC,DPVLC200-4B3DN,Sản xuất
DPVLC,DPVLC200-3B3DN,Sản xuất
DPVLC,DPVLC200-6B3DT,Sản xuất
DPVLC,DPVLC200-5B3DT,Sản xuất
DPVLC,DPVLC200-4B3DT,Sản xuất
DPVLC,DPVLC200-3B3DT,Sản xuất
DPVLC,DPVLC200-6B3PT,Sản xuất
DPVLC,DPVLC200-5B3PT,Sản xuất
DPVLC,DPVLC200-4B3PT,Sản xuất
DPVLC,DPVLC200-3B3PT,Sản xuất
DPVLC,DPVLC200-6B3PD,Sản xuất
DPVLC,DPVLC200-5B3PD,Sản xuất
DPVLC,DPVLC200-4B3PD,Sản xuất
DPVLC,DPVLC200-3B3PD,Sản xuất
DPVLC,DPVLC200-6B3MT,Sản xuất
DPVLC,DPVLC200-5B3MT,Sản xuất
DPVLC,DPVLC200-4B3MT,Sản xuất
DPVLC,DPVLC200-3B3MT,Sản xuất
DPVLC,DPVLC200-6B3ID,Sản xuất
DPVLC,DPVLC200-5B3ID,Sản xuất
DPVLC,DPVLC200-4B3ID,Sản xuất
DPVLC,DPVLC200-3B3ID,Sản xuất
DPVLC,DPVLC200-6B3SL,Sản xuất
DPVLC,DPVLC200-5B3SL,Sản xuất
DPVLC,DPVLC200-4B3SL,Sản xuất
DPVLC,DPVLC200-3B3SL,Sản xuất
DPVLC,DPVLC200-6P3HN,Sản xuất
DPVLC,DPVLC200-5P3HN,Sản xuất
DPVLC,DPVLC200-4P3HN,Sản xuất
DPVLC,DPVLC200-3P3HN,Sản xuất
DPVLC,DPVLC200-6P3HT,Sản xuất
DPVLC,DPVLC200-5P3HT,Sản xuất
DPVLC,DPVLC200-4P3HT,Sản xuất
DPVLC,DPVLC200-3P3HT,Sản xuất
DPVLC,DPVLC200-6P3HD,Sản xuất
DPVLC,DPVLC200-5P3HD,Sản xuất
DPVLC,DPVLC200-4P3HD,Sản xuất
DPVLC,DPVLC200-3P3HD,Sản xuất
DPVLC,DPVLC200-6P3DN,Sản xuất
DPVLC,DPVLC200-5P3DN,Sản xuất
DPVLC,DPVLC200-4P3DN,Sản xuất
DPVLC,DPVLC200-3P3DN,Sản xuất
DPVLC,DPVLC200-6P3DT,Sản xuất
DPVLC,DPVLC200-5P3DT,Sản xuất
DPVLC,DPVLC200-4P3DT,Sản xuất
DPVLC,DPVLC200-3P3DT,Sản xuất
DPVLC,DPVLC200-6P3PT,Sản xuất
DPVLC,DPVLC200-5P3PT,Sản xuất
DPVLC,DPVLC200-4P3PT,Sản xuất
DPVLC,DPVLC200-3P3PT,Sản xuất
DPVLC,DPVLC200-6P3PD,Sản xuất
DPVLC,DPVLC200-5P3PD,Sản xuất
DPVLC,DPVLC200-4P3PD,Sản xuất
DPVLC,DPVLC200-3P3PD,Sản xuất
DPVLC,DPVLC200-6P3MT,Sản xuất
DPVLC,DPVLC200-5P3MT,Sản xuất
DPVLC,DPVLC200-4P3MT,Sản xuất
DPVLC,DPVLC200-3P3MT,Sản xuất
DPVLC,DPVLC200-6P3ID,Sản xuất
DPVLC,DPVLC200-5P3ID,Sản xuất
DPVLC,DPVLC200-4P3ID,Sản xuất
DPVLC,DPVLC200-3P3ID,Sản xuất
DPVLC,DPVLC200-6P3SL,Sản xuất
DPVLC,DPVLC200-5P3SL,Sản xuất
DPVLC,DPVLC200-4P3SL,Sản xuất
DPVLC,DPVLC200-3P3SL,Sản xuất
DPVLC,DPVLC200-6B5HN,Sản xuất
DPVLC,DPVLC200-5B5HN,Sản xuất
DPVLC,DPVLC200-4B5HN,Sản xuất
DPVLC,DPVLC200-3B5HN,Sản xuất
DPVLC,DPVLC200-6B5HT,Sản xuất
DPVLC,DPVLC200-5B5HT,Sản xuất
DPVLC,DPVLC200-4B5HT,Sản xuất
DPVLC,DPVLC200-3B5HT,Sản xuất
DPVLC,DPVLC200-6B5HD,Sản xuất
DPVLC,DPVLC200-5B5HD,Sản xuất
DPVLC,DPVLC200-4B5HD,Sản xuất
DPVLC,DPVLC200-3B5HD,Sản xuất
DPVLC,DPVLC200-6B5DN,Sản xuất
DPVLC,DPVLC200-5B5DN,Sản xuất
DPVLC,DPVLC200-4B5DN,Sản xuất
DPVLC,DPVLC200-3B5DN,Sản xuất
DPVLC,DPVLC200-6B5DT,Sản xuất
DPVLC,DPVLC200-5B5DT,Sản xuất
DPVLC,DPVLC200-4B5DT,Sản xuất
DPVLC,DPVLC200-3B5DT,Sản xuất
DPVLC,DPVLC200-6B5PT,Sản xuất
DPVLC,DPVLC200-5B5PT,Sản xuất
DPVLC,DPVLC200-4B5PT,Sản xuất
DPVLC,DPVLC200-3B5PT,Sản xuất
DPVLC,DPVLC200-6B5PD,Sản xuất
DPVLC,DPVLC200-5B5PD,Sản xuất
DPVLC,DPVLC200-4B5PD,Sản xuất
DPVLC,DPVLC200-3B5PD,Sản xuất
DPVLC,DPVLC200-6B5MT,Sản xuất
DPVLC,DPVLC200-5B5MT,Sản xuất
DPVLC,DPVLC200-4B5MT,Sản xuất
DPVLC,DPVLC200-3B5MT,Sản xuất
DPVLC,DPVLC200-6B5ID,Sản xuất
DPVLC,DPVLC200-5B5ID,Sản xuất
DPVLC,DPVLC200-4B5ID,Sản xuất
DPVLC,DPVLC200-3B5ID,Sản xuất
DPVLC,DPVLC200-6B5SL,Sản xuất
DPVLC,DPVLC200-5B5SL,Sản xuất
DPVLC,DPVLC200-4B5SL,Sản xuất
DPVLC,DPVLC200-3B5SL,Sản xuất
DPVLC,DPVLC200-6P5HN,Sản xuất
DPVLC,DPVLC200-5P5HN,Sản xuất
DPVLC,DPVLC200-4P5HN,Sản xuất
DPVLC,DPVLC200-3P5HN,Sản xuất
DPVLC,DPVLC200-6P5HT,Sản xuất
DPVLC,DPVLC200-5P5HT,Sản xuất
DPVLC,DPVLC200-4P5HT,Sản xuất
DPVLC,DPVLC200-3P5HT,Sản xuất
DPVLC,DPVLC200-6P5HD,Sản xuất
DPVLC,DPVLC200-5P5HD,Sản xuất
DPVLC,DPVLC200-4P5HD,Sản xuất
DPVLC,DPVLC200-3P5HD,Sản xuất
DPVLC,DPVLC200-6P5DN,Sản xuất
DPVLC,DPVLC200-5P5DN,Sản xuất
DPVLC,DPVLC200-4P5DN,Sản xuất
DPVLC,DPVLC200-3P5DN,Sản xuất
DPVLC,DPVLC200-6P5DT,Sản xuất
DPVLC,DPVLC200-5P5DT,Sản xuất
DPVLC,DPVLC200-4P5DT,Sản xuất
DPVLC,DPVLC200-3P5DT,Sản xuất
DPVLC,DPVLC200-6P5PT,Sản xuất
DPVLC,DPVLC200-5P5PT,Sản xuất
DPVLC,DPVLC200-4P5PT,Sản xuất
DPVLC,DPVLC200-3P5PT,Sản xuất
DPVLC,DPVLC200-6P5PD,Sản xuất
DPVLC,DPVLC200-5P5PD,Sản xuất
DPVLC,DPVLC200-4P5PD,Sản xuất
DPVLC,DPVLC200-3P5PD,Sản xuất
DPVLC,DPVLC200-6P5MT,Sản xuất
DPVLC,DPVLC200-5P5MT,Sản xuất
DPVLC,DPVLC200-4P5MT,Sản xuất
DPVLC,DPVLC200-3P5MT,Sản xuất
DPVLC,DPVLC200-6P5ID,Sản xuất
DPVLC,DPVLC200-5P5ID,Sản xuất
DPVLC,DPVLC200-4P5ID,Sản xuất
DPVLC,DPVLC200-3P5ID,Sản xuất
DPVLC,DPVLC200-6P5SL,Sản xuất
DPVLC,DPVLC200-5P5SL,Sản xuất
DPVLC,DPVLC200-4P5SL,Sản xuất
DPVLC,DPVLC200-3P5SL,Sản xuất
DPVLC,DPVLC200-RTFHN,Sản xuất
DPVLC,DPVLC200-GTFHN,Sản xuất
DPVLC,DPVLC200-BTFHN,Sản xuất
DPVLC,DPVLC200-RTFHT,Sản xuất
DPVLC,DPVLC200-GTFHT,Sản xuất
DPVLC,DPVLC200-BTFHT,Sản xuất
DPVLC,DPVLC200-RTFHD,Sản xuất
DPVLC,DPVLC200-GTFHD,Sản xuất
DPVLC,DPVLC200-BTFHD,Sản xuất
DPVLC,DPVLC200-RTFDN,Sản xuất
DPVLC,DPVLC200-GTFDN,Sản xuất
DPVLC,DPVLC200-BTFDN,Sản xuất
DPVLC,DPVLC200-RTFDT,Sản xuất
DPVLC,DPVLC200-GTFDT,Sản xuất
DPVLC,DPVLC200-BTFDT,Sản xuất
DPVLC,DPVLC200-RTFPT,Sản xuất
DPVLC,DPVLC200-GTFPT,Sản xuất
DPVLC,DPVLC200-BTFPT,Sản xuất
DPVLC,DPVLC200-RTFPD,Sản xuất
DPVLC,DPVLC200-GTFPD,Sản xuất
DPVLC,DPVLC200-BTFPD,Sản xuất
DPVLC,DPVLC200-RTFMT,Sản xuất
DPVLC,DPVLC200-GTFMT,Sản xuất
DPVLC,DPVLC200-BTFMT,Sản xuất
DPVLC,DPVLC200-RTFID,Sản xuất
DPVLC,DPVLC200-GTFID,Sản xuất
DPVLC,DPVLC200-BTFID,Sản xuất
DPVLC,DPVLC200-RTFSL,Sản xuất
DPVLC,DPVLC200-GTFSL,Sản xuất
DPVLC,DPVLC200-BTFSL,Sản xuất
DPVLC,DPVLC200-CBCHC,Sản xuất
DPVLC,DPVLC250-6B3HN,Sản xuất
DPVLC,DPVLC250-5B3HN,Sản xuất
DPVLC,DPVLC250-4B3HN,Sản xuất
DPVLC,DPVLC250-3B3HN,Sản xuất
DPVLC,DPVLC250-6B3HT,Sản xuất
DPVLC,DPVLC250-5B3HT,Sản xuất
DPVLC,DPVLC250-4B3HT,Sản xuất
DPVLC,DPVLC250-3B3HT,Sản xuất
DPVLC,DPVLC250-6B3HD,Sản xuất
DPVLC,DPVLC250-5B3HD,Sản xuất
DPVLC,DPVLC250-4B3HD,Sản xuất
DPVLC,DPVLC250-3B3HD,Sản xuất
DPVLC,DPVLC250-6B3DN,Sản xuất
DPVLC,DPVLC250-5B3DN,Sản xuất
DPVLC,DPVLC250-4B3DN,Sản xuất
DPVLC,DPVLC250-3B3DN,Sản xuất
DPVLC,DPVLC250-6B3DT,Sản xuất
DPVLC,DPVLC250-5B3DT,Sản xuất
DPVLC,DPVLC250-4B3DT,Sản xuất
DPVLC,DPVLC250-3B3DT,Sản xuất
DPVLC,DPVLC250-6B3PT,Sản xuất
DPVLC,DPVLC250-5B3PT,Sản xuất
DPVLC,DPVLC250-4B3PT,Sản xuất
DPVLC,DPVLC250-3B3PT,Sản xuất
DPVLC,DPVLC250-6B3PD,Sản xuất
DPVLC,DPVLC250-5B3PD,Sản xuất
DPVLC,DPVLC250-4B3PD,Sản xuất
DPVLC,DPVLC250-3B3PD,Sản xuất
DPVLC,DPVLC250-6B3MT,Sản xuất
DPVLC,DPVLC250-5B3MT,Sản xuất
DPVLC,DPVLC250-4B3MT,Sản xuất
DPVLC,DPVLC250-3B3MT,Sản xuất
DPVLC,DPVLC250-6B3ID,Sản xuất
DPVLC,DPVLC250-5B3ID,Sản xuất
DPVLC,DPVLC250-4B3ID,Sản xuất
DPVLC,DPVLC250-3B3ID,Sản xuất
DPVLC,DPVLC250-6B3SL,Sản xuất
DPVLC,DPVLC250-5B3SL,Sản xuất
DPVLC,DPVLC250-4B3SL,Sản xuất
DPVLC,DPVLC250-3B3SL,Sản xuất
DPVLC,DPVLC250-6P3HN,Sản xuất
DPVLC,DPVLC250-5P3HN,Sản xuất
DPVLC,DPVLC250-4P3HN,Sản xuất
DPVLC,DPVLC250-3P3HN,Sản xuất
DPVLC,DPVLC250-6P3HT,Sản xuất
DPVLC,DPVLC250-5P3HT,Sản xuất
DPVLC,DPVLC250-4P3HT,Sản xuất
DPVLC,DPVLC250-3P3HT,Sản xuất
DPVLC,DPVLC250-6P3HD,Sản xuất
DPVLC,DPVLC250-5P3HD,Sản xuất
DPVLC,DPVLC250-4P3HD,Sản xuất
DPVLC,DPVLC250-3P3HD,Sản xuất
DPVLC,DPVLC250-6P3DN,Sản xuất
DPVLC,DPVLC250-5P3DN,Sản xuất
DPVLC,DPVLC250-4P3DN,Sản xuất
DPVLC,DPVLC250-3P3DN,Sản xuất
DPVLC,DPVLC250-6P3DT,Sản xuất
DPVLC,DPVLC250-5P3DT,Sản xuất
DPVLC,DPVLC250-4P3DT,Sản xuất
DPVLC,DPVLC250-3P3DT,Sản xuất
DPVLC,DPVLC250-6P3PT,Sản xuất
DPVLC,DPVLC250-5P3PT,Sản xuất
DPVLC,DPVLC250-4P3PT,Sản xuất
DPVLC,DPVLC250-3P3PT,Sản xuất
DPVLC,DPVLC250-6P3PD,Sản xuất
DPVLC,DPVLC250-5P3PD,Sản xuất
DPVLC,DPVLC250-4P3PD,Sản xuất
DPVLC,DPVLC250-3P3PD,Sản xuất
DPVLC,DPVLC250-6P3MT,Sản xuất
DPVLC,DPVLC250-5P3MT,Sản xuất
DPVLC,DPVLC250-4P3MT,Sản xuất
DPVLC,DPVLC250-3P3MT,Sản xuất
DPVLC,DPVLC250-6P3ID,Sản xuất
DPVLC,DPVLC250-5P3ID,Sản xuất
DPVLC,DPVLC250-4P3ID,Sản xuất
DPVLC,DPVLC250-3P3ID,Sản xuất
DPVLC,DPVLC250-6P3SL,Sản xuất
DPVLC,DPVLC250-5P3SL,Sản xuất
DPVLC,DPVLC250-4P3SL,Sản xuất
DPVLC,DPVLC250-3P3SL,Sản xuất
DPVLC,DPVLC250-6B5HN,Sản xuất
DPVLC,DPVLC250-5B5HN,Sản xuất
DPVLC,DPVLC250-4B5HN,Sản xuất
DPVLC,DPVLC250-3B5HN,Sản xuất
DPVLC,DPVLC250-6B5HT,Sản xuất
DPVLC,DPVLC250-5B5HT,Sản xuất
DPVLC,DPVLC250-4B5HT,Sản xuất
DPVLC,DPVLC250-3B5HT,Sản xuất
DPVLC,DPVLC250-6B5HD,Sản xuất
DPVLC,DPVLC250-5B5HD,Sản xuất
DPVLC,DPVLC250-4B5HD,Sản xuất
DPVLC,DPVLC250-3B5HD,Sản xuất
DPVLC,DPVLC250-6B5DN,Sản xuất
DPVLC,DPVLC250-5B5DN,Sản xuất
DPVLC,DPVLC250-4B5DN,Sản xuất
DPVLC,DPVLC250-3B5DN,Sản xuất
DPVLC,DPVLC250-6B5DT,Sản xuất
DPVLC,DPVLC250-5B5DT,Sản xuất
DPVLC,DPVLC250-4B5DT,Sản xuất
DPVLC,DPVLC250-3B5DT,Sản xuất
DPVLC,DPVLC250-6B5PT,Sản xuất
DPVLC,DPVLC250-5B5PT,Sản xuất
DPVLC,DPVLC250-4B5PT,Sản xuất
DPVLC,DPVLC250-3B5PT,Sản xuất
DPVLC,DPVLC250-6B5PD,Sản xuất
DPVLC,DPVLC250-5B5PD,Sản xuất
DPVLC,DPVLC250-4B5PD,Sản xuất
DPVLC,DPVLC250-3B5PD,Sản xuất
DPVLC,DPVLC250-6B5MT,Sản xuất
DPVLC,DPVLC250-5B5MT,Sản xuất
DPVLC,DPVLC250-4B5MT,Sản xuất
DPVLC,DPVLC250-3B5MT,Sản xuất
DPVLC,DPVLC250-6B5ID,Sản xuất
DPVLC,DPVLC250-5B5ID,Sản xuất
DPVLC,DPVLC250-4B5ID,Sản xuất
DPVLC,DPVLC250-3B5ID,Sản xuất
DPVLC,DPVLC250-6B5SL,Sản xuất
DPVLC,DPVLC250-5B5SL,Sản xuất
DPVLC,DPVLC250-4B5SL,Sản xuất
DPVLC,DPVLC250-3B5SL,Sản xuất
DPVLC,DPVLC250-6P5HN,Sản xuất
DPVLC,DPVLC250-5P5HN,Sản xuất
DPVLC,DPVLC250-4P5HN,Sản xuất
DPVLC,DPVLC250-3P5HN,Sản xuất
DPVLC,DPVLC250-6P5HT,Sản xuất
DPVLC,DPVLC250-5P5HT,Sản xuất
DPVLC,DPVLC250-4P5HT,Sản xuất
DPVLC,DPVLC250-3P5HT,Sản xuất
DPVLC,DPVLC250-6P5HD,Sản xuất
DPVLC,DPVLC250-5P5HD,Sản xuất
DPVLC,DPVLC250-4P5HD,Sản xuất
DPVLC,DPVLC250-3P5HD,Sản xuất
DPVLC,DPVLC250-6P5DN,Sản xuất
DPVLC,DPVLC250-5P5DN,Sản xuất
DPVLC,DPVLC250-4P5DN,Sản xuất
DPVLC,DPVLC250-3P5DN,Sản xuất
DPVLC,DPVLC250-6P5DT,Sản xuất
DPVLC,DPVLC250-5P5DT,Sản xuất
DPVLC,DPVLC250-4P5DT,Sản xuất
DPVLC,DPVLC250-3P5DT,Sản xuất
DPVLC,DPVLC250-6P5PT,Sản xuất
DPVLC,DPVLC250-5P5PT,Sản xuất
DPVLC,DPVLC250-4P5PT,Sản xuất
DPVLC,DPVLC250-3P5PT,Sản xuất
DPVLC,DPVLC250-6P5PD,Sản xuất
DPVLC,DPVLC250-5P5PD,Sản xuất
DPVLC,DPVLC250-4P5PD,Sản xuất
DPVLC,DPVLC250-3P5PD,Sản xuất
DPVLC,DPVLC250-6P5MT,Sản xuất
DPVLC,DPVLC250-5P5MT,Sản xuất
DPVLC,DPVLC250-4P5MT,Sản xuất
DPVLC,DPVLC250-3P5MT,Sản xuất
DPVLC,DPVLC250-6P5ID,Sản xuất
DPVLC,DPVLC250-5P5ID,Sản xuất
DPVLC,DPVLC250-4P5ID,Sản xuất
DPVLC,DPVLC250-3P5ID,Sản xuất
DPVLC,DPVLC250-6P5SL,Sản xuất
DPVLC,DPVLC250-5P5SL,Sản xuất
DPVLC,DPVLC250-4P5SL,Sản xuất
DPVLC,DPVLC250-3P5SL,Sản xuất
DPVLC,DPVLC250-RTFHN,Sản xuất
DPVLC,DPVLC250-GTFHN,Sản xuất
DPVLC,DPVLC250-BTFHN,Sản xuất
DPVLC,DPVLC250-RTFHT,Sản xuất
DPVLC,DPVLC250-GTFHT,Sản xuất
DPVLC,DPVLC250-BTFHT,Sản xuất
DPVLC,DPVLC250-RTFHD,Sản xuất
DPVLC,DPVLC250-GTFHD,Sản xuất
DPVLC,DPVLC250-BTFHD,Sản xuất
DPVLC,DPVLC250-RTFDN,Sản xuất
DPVLC,DPVLC250-GTFDN,Sản xuất
DPVLC,DPVLC250-BTFDN,Sản xuất
DPVLC,DPVLC250-RTFDT,Sản xuất
DPVLC,DPVLC250-GTFDT,Sản xuất
DPVLC,DPVLC250-BTFDT,Sản xuất
DPVLC,DPVLC250-RTFPT,Sản xuất
DPVLC,DPVLC250-GTFPT,Sản xuất
DPVLC,DPVLC250-BTFPT,Sản xuất
DPVLC,DPVLC250-RTFPD,Sản xuất
DPVLC,DPVLC250-GTFPD,Sản xuất
DPVLC,DPVLC250-BTFPD,Sản xuất
DPVLC,DPVLC250-RTFMT,Sản xuất
DPVLC,DPVLC250-GTFMT,Sản xuất
DPVLC,DPVLC250-BTFMT,Sản xuất
DPVLC,DPVLC250-RTFID,Sản xuất
DPVLC,DPVLC250-GTFID,Sản xuất
DPVLC,DPVLC250-BTFID,Sản xuất
DPVLC,DPVLC250-RTFSL,Sản xuất
DPVLC,DPVLC250-GTFSL,Sản xuất
DPVLC,DPVLC250-BTFSL,Sản xuất
DPVLC,DPVLC250-CBCHC,Sản xuất
DPVLC,DPVLC300-6B3HN,Sản xuất
DPVLC,DPVLC300-5B3HN,Sản xuất
DPVLC,DPVLC300-4B3HN,Sản xuất
DPVLC,DPVLC300-3B3HN,Sản xuất
DPVLC,DPVLC300-6B3HT,Sản xuất
DPVLC,DPVLC300-5B3HT,Sản xuất
DPVLC,DPVLC300-4B3HT,Sản xuất
DPVLC,DPVLC300-3B3HT,Sản xuất
DPVLC,DPVLC300-6B3HD,Sản xuất
DPVLC,DPVLC300-5B3HD,Sản xuất
DPVLC,DPVLC300-4B3HD,Sản xuất
DPVLC,DPVLC300-3B3HD,Sản xuất
DPVLC,DPVLC300-6B3DN,Sản xuất
DPVLC,DPVLC300-5B3DN,Sản xuất
DPVLC,DPVLC300-4B3DN,Sản xuất
DPVLC,DPVLC300-3B3DN,Sản xuất
DPVLC,DPVLC300-6B3DT,Sản xuất
DPVLC,DPVLC300-5B3DT,Sản xuất
DPVLC,DPVLC300-4B3DT,Sản xuất
DPVLC,DPVLC300-3B3DT,Sản xuất
DPVLC,DPVLC300-6B3PT,Sản xuất
DPVLC,DPVLC300-5B3PT,Sản xuất
DPVLC,DPVLC300-4B3PT,Sản xuất
DPVLC,DPVLC300-3B3PT,Sản xuất
DPVLC,DPVLC300-6B3PD,Sản xuất
DPVLC,DPVLC300-5B3PD,Sản xuất
DPVLC,DPVLC300-4B3PD,Sản xuất
DPVLC,DPVLC300-3B3PD,Sản xuất
DPVLC,DPVLC300-6B3MT,Sản xuất
DPVLC,DPVLC300-5B3MT,Sản xuất
DPVLC,DPVLC300-4B3MT,Sản xuất
DPVLC,DPVLC300-3B3MT,Sản xuất
DPVLC,DPVLC300-6B3ID,Sản xuất
DPVLC,DPVLC300-5B3ID,Sản xuất
DPVLC,DPVLC300-4B3ID,Sản xuất
DPVLC,DPVLC300-3B3ID,Sản xuất
DPVLC,DPVLC300-6B3SL,Sản xuất
DPVLC,DPVLC300-5B3SL,Sản xuất
DPVLC,DPVLC300-4B3SL,Sản xuất
DPVLC,DPVLC300-3B3SL,Sản xuất
DPVLC,DPVLC300-6P3HN,Sản xuất
DPVLC,DPVLC300-5P3HN,Sản xuất
DPVLC,DPVLC300-4P3HN,Sản xuất
DPVLC,DPVLC300-3P3HN,Sản xuất
DPVLC,DPVLC300-6P3HT,Sản xuất
DPVLC,DPVLC300-5P3HT,Sản xuất
DPVLC,DPVLC300-4P3HT,Sản xuất
DPVLC,DPVLC300-3P3HT,Sản xuất
DPVLC,DPVLC300-6P3HD,Sản xuất
DPVLC,DPVLC300-5P3HD,Sản xuất
DPVLC,DPVLC300-4P3HD,Sản xuất
DPVLC,DPVLC300-3P3HD,Sản xuất
DPVLC,DPVLC300-6P3DN,Sản xuất
DPVLC,DPVLC300-5P3DN,Sản xuất
DPVLC,DPVLC300-4P3DN,Sản xuất
DPVLC,DPVLC300-3P3DN,Sản xuất
DPVLC,DPVLC300-6P3DT,Sản xuất
DPVLC,DPVLC300-5P3DT,Sản xuất
DPVLC,DPVLC300-4P3DT,Sản xuất
DPVLC,DPVLC300-3P3DT,Sản xuất
DPVLC,DPVLC300-6P3PT,Sản xuất
DPVLC,DPVLC300-5P3PT,Sản xuất
DPVLC,DPVLC300-4P3PT,Sản xuất
DPVLC,DPVLC300-3P3PT,Sản xuất
DPVLC,DPVLC300-6P3PD,Sản xuất
DPVLC,DPVLC300-5P3PD,Sản xuất
DPVLC,DPVLC300-4P3PD,Sản xuất
DPVLC,DPVLC300-3P3PD,Sản xuất
DPVLC,DPVLC300-6P3MT,Sản xuất
DPVLC,DPVLC300-5P3MT,Sản xuất
DPVLC,DPVLC300-4P3MT,Sản xuất
DPVLC,DPVLC300-3P3MT,Sản xuất
DPVLC,DPVLC300-6P3ID,Sản xuất
DPVLC,DPVLC300-5P3ID,Sản xuất
DPVLC,DPVLC300-4P3ID,Sản xuất
DPVLC,DPVLC300-3P3ID,Sản xuất
DPVLC,DPVLC300-6P3SL,Sản xuất
DPVLC,DPVLC300-5P3SL,Sản xuất
DPVLC,DPVLC300-4P3SL,Sản xuất
DPVLC,DPVLC300-3P3SL,Sản xuất
DPVLC,DPVLC300-6B5HN,Sản xuất
DPVLC,DPVLC300-5B5HN,Sản xuất
DPVLC,DPVLC300-4B5HN,Sản xuất
DPVLC,DPVLC300-3B5HN,Sản xuất
DPVLC,DPVLC300-6B5HT,Sản xuất
DPVLC,DPVLC300-5B5HT,Sản xuất
DPVLC,DPVLC300-4B5HT,Sản xuất
DPVLC,DPVLC300-3B5HT,Sản xuất
DPVLC,DPVLC300-6B5HD,Sản xuất
DPVLC,DPVLC300-5B5HD,Sản xuất
DPVLC,DPVLC300-4B5HD,Sản xuất
DPVLC,DPVLC300-3B5HD,Sản xuất
DPVLC,DPVLC300-6B5DN,Sản xuất
DPVLC,DPVLC300-5B5DN,Sản xuất
DPVLC,DPVLC300-4B5DN,Sản xuất
DPVLC,DPVLC300-3B5DN,Sản xuất
DPVLC,DPVLC300-6B5DT,Sản xuất
DPVLC,DPVLC300-5B5DT,Sản xuất
DPVLC,DPVLC300-4B5DT,Sản xuất
DPVLC,DPVLC300-3B5DT,Sản xuất
DPVLC,DPVLC300-6B5PT,Sản xuất
DPVLC,DPVLC300-5B5PT,Sản xuất
DPVLC,DPVLC300-4B5PT,Sản xuất
DPVLC,DPVLC300-3B5PT,Sản xuất
DPVLC,DPVLC300-6B5PD,Sản xuất
DPVLC,DPVLC300-5B5PD,Sản xuất
DPVLC,DPVLC300-4B5PD,Sản xuất
DPVLC,DPVLC300-3B5PD,Sản xuất
DPVLC,DPVLC300-6B5MT,Sản xuất
DPVLC,DPVLC300-5B5MT,Sản xuất
DPVLC,DPVLC300-4B5MT,Sản xuất
DPVLC,DPVLC300-3B5MT,Sản xuất
DPVLC,DPVLC300-6B5ID,Sản xuất
DPVLC,DPVLC300-5B5ID,Sản xuất
DPVLC,DPVLC300-4B5ID,Sản xuất
DPVLC,DPVLC300-3B5ID,Sản xuất
DPVLC,DPVLC300-6B5SL,Sản xuất
DPVLC,DPVLC300-5B5SL,Sản xuất
DPVLC,DPVLC300-4B5SL,Sản xuất
DPVLC,DPVLC300-3B5SL,Sản xuất
DPVLC,DPVLC300-6P5HN,Sản xuất
DPVLC,DPVLC300-5P5HN,Sản xuất
DPVLC,DPVLC300-4P5HN,Sản xuất
DPVLC,DPVLC300-3P5HN,Sản xuất
DPVLC,DPVLC300-6P5HT,Sản xuất
DPVLC,DPVLC300-5P5HT,Sản xuất
DPVLC,DPVLC300-4P5HT,Sản xuất
DPVLC,DPVLC300-3P5HT,Sản xuất
DPVLC,DPVLC300-6P5HD,Sản xuất
DPVLC,DPVLC300-5P5HD,Sản xuất
DPVLC,DPVLC300-4P5HD,Sản xuất
DPVLC,DPVLC300-3P5HD,Sản xuất
DPVLC,DPVLC300-6P5DN,Sản xuất
DPVLC,DPVLC300-5P5DN,Sản xuất
DPVLC,DPVLC300-4P5DN,Sản xuất
DPVLC,DPVLC300-3P5DN,Sản xuất
DPVLC,DPVLC300-6P5DT,Sản xuất
DPVLC,DPVLC300-5P5DT,Sản xuất
DPVLC,DPVLC300-4P5DT,Sản xuất
DPVLC,DPVLC300-3P5DT,Sản xuất
DPVLC,DPVLC300-6P5PT,Sản xuất
DPVLC,DPVLC300-5P5PT,Sản xuất
DPVLC,DPVLC300-4P5PT,Sản xuất
DPVLC,DPVLC300-3P5PT,Sản xuất
DPVLC,DPVLC300-6P5PD,Sản xuất
DPVLC,DPVLC300-5P5PD,Sản xuất
DPVLC,DPVLC300-4P5PD,Sản xuất
DPVLC,DPVLC300-3P5PD,Sản xuất
DPVLC,DPVLC300-6P5MT,Sản xuất
DPVLC,DPVLC300-5P5MT,Sản xuất
DPVLC,DPVLC300-4P5MT,Sản xuất
DPVLC,DPVLC300-3P5MT,Sản xuất
DPVLC,DPVLC300-6P5ID,Sản xuất
DPVLC,DPVLC300-5P5ID,Sản xuất
DPVLC,DPVLC300-4P5ID,Sản xuất
DPVLC,DPVLC300-3P5ID,Sản xuất
DPVLC,DPVLC300-6P5SL,Sản xuất
DPVLC,DPVLC300-5P5SL,Sản xuất
DPVLC,DPVLC300-4P5SL,Sản xuất
DPVLC,DPVLC300-3P5SL,Sản xuất
DPVLC,DPVLC300-RTFHN,Sản xuất
DPVLC,DPVLC300-GTFHN,Sản xuất
DPVLC,DPVLC300-BTFHN,Sản xuất
DPVLC,DPVLC300-RTFHT,Sản xuất
DPVLC,DPVLC300-GTFHT,Sản xuất
DPVLC,DPVLC300-BTFHT,Sản xuất
DPVLC,DPVLC300-RTFHD,Sản xuất
DPVLC,DPVLC300-GTFHD,Sản xuất
DPVLC,DPVLC300-BTFHD,Sản xuất
DPVLC,DPVLC300-RTFDN,Sản xuất
DPVLC,DPVLC300-GTFDN,Sản xuất
DPVLC,DPVLC300-BTFDN,Sản xuất
DPVLC,DPVLC300-RTFDT,Sản xuất
DPVLC,DPVLC300-GTFDT,Sản xuất
DPVLC,DPVLC300-BTFDT,Sản xuất
DPVLC,DPVLC300-RTFPT,Sản xuất
DPVLC,DPVLC300-GTFPT,Sản xuất
DPVLC,DPVLC300-BTFPT,Sản xuất
DPVLC,DPVLC300-RTFPD,Sản xuất
DPVLC,DPVLC300-GTFPD,Sản xuất
DPVLC,DPVLC300-BTFPD,Sản xuất
DPVLC,DPVLC300-RTFMT,Sản xuất
DPVLC,DPVLC300-GTFMT,Sản xuất
DPVLC,DPVLC300-BTFMT,Sản xuất
DPVLC,DPVLC300-RTFID,Sản xuất
DPVLC,DPVLC300-GTFID,Sản xuất
DPVLC,DPVLC300-BTFID,Sản xuất
DPVLC,DPVLC300-RTFSL,Sản xuất
DPVLC,DPVLC300-GTFSL,Sản xuất
DPVLC,DPVLC300-BTFSL,Sản xuất
DPVLC,DPVLC300-CBCHC,Sản xuất
DPVLC,DPVLC400-6B3HN,Sản xuất
DPVLC,DPVLC400-5B3HN,Sản xuất
DPVLC,DPVLC400-4B3HN,Sản xuất
DPVLC,DPVLC400-3B3HN,Sản xuất
DPVLC,DPVLC400-6B3HT,Sản xuất
DPVLC,DPVLC400-5B3HT,Sản xuất
DPVLC,DPVLC400-4B3HT,Sản xuất
DPVLC,DPVLC400-3B3HT,Sản xuất
DPVLC,DPVLC400-6B3HD,Sản xuất
DPVLC,DPVLC400-5B3HD,Sản xuất
DPVLC,DPVLC400-4B3HD,Sản xuất
DPVLC,DPVLC400-3B3HD,Sản xuất
DPVLC,DPVLC400-6B3DN,Sản xuất
DPVLC,DPVLC400-5B3DN,Sản xuất
DPVLC,DPVLC400-4B3DN,Sản xuất
DPVLC,DPVLC400-3B3DN,Sản xuất
DPVLC,DPVLC400-6B3DT,Sản xuất
DPVLC,DPVLC400-5B3DT,Sản xuất
DPVLC,DPVLC400-4B3DT,Sản xuất
DPVLC,DPVLC400-3B3DT,Sản xuất
DPVLC,DPVLC400-6B3PT,Sản xuất
DPVLC,DPVLC400-5B3PT,Sản xuất
DPVLC,DPVLC400-4B3PT,Sản xuất
DPVLC,DPVLC400-3B3PT,Sản xuất
DPVLC,DPVLC400-6B3PD,Sản xuất
DPVLC,DPVLC400-5B3PD,Sản xuất
DPVLC,DPVLC400-4B3PD,Sản xuất
DPVLC,DPVLC400-3B3PD,Sản xuất
DPVLC,DPVLC400-6B3MT,Sản xuất
DPVLC,DPVLC400-5B3MT,Sản xuất
DPVLC,DPVLC400-4B3MT,Sản xuất
DPVLC,DPVLC400-3B3MT,Sản xuất
DPVLC,DPVLC400-6B3ID,Sản xuất
DPVLC,DPVLC400-5B3ID,Sản xuất
DPVLC,DPVLC400-4B3ID,Sản xuất
DPVLC,DPVLC400-3B3ID,Sản xuất
DPVLC,DPVLC400-6B3SL,Sản xuất
DPVLC,DPVLC400-5B3SL,Sản xuất
DPVLC,DPVLC400-4B3SL,Sản xuất
DPVLC,DPVLC400-3B3SL,Sản xuất
DPVLC,DPVLC400-6P3HN,Sản xuất
DPVLC,DPVLC400-5P3HN,Sản xuất
DPVLC,DPVLC400-4P3HN,Sản xuất
DPVLC,DPVLC400-3P3HN,Sản xuất
DPVLC,DPVLC400-6P3HT,Sản xuất
DPVLC,DPVLC400-5P3HT,Sản xuất
DPVLC,DPVLC400-4P3HT,Sản xuất
DPVLC,DPVLC400-3P3HT,Sản xuất
DPVLC,DPVLC400-6P3HD,Sản xuất
DPVLC,DPVLC400-5P3HD,Sản xuất
DPVLC,DPVLC400-4P3HD,Sản xuất
DPVLC,DPVLC400-3P3HD,Sản xuất
DPVLC,DPVLC400-6P3DN,Sản xuất
DPVLC,DPVLC400-5P3DN,Sản xuất
DPVLC,DPVLC400-4P3DN,Sản xuất
DPVLC,DPVLC400-3P3DN,Sản xuất
DPVLC,DPVLC400-6P3DT,Sản xuất
DPVLC,DPVLC400-5P3DT,Sản xuất
DPVLC,DPVLC400-4P3DT,Sản xuất
DPVLC,DPVLC400-3P3DT,Sản xuất
DPVLC,DPVLC400-6P3PT,Sản xuất
DPVLC,DPVLC400-5P3PT,Sản xuất
DPVLC,DPVLC400-4P3PT,Sản xuất
DPVLC,DPVLC400-3P3PT,Sản xuất
DPVLC,DPVLC400-6P3PD,Sản xuất
DPVLC,DPVLC400-5P3PD,Sản xuất
DPVLC,DPVLC400-4P3PD,Sản xuất
DPVLC,DPVLC400-3P3PD,Sản xuất
DPVLC,DPVLC400-6P3MT,Sản xuất
DPVLC,DPVLC400-5P3MT,Sản xuất
DPVLC,DPVLC400-4P3MT,Sản xuất
DPVLC,DPVLC400-3P3MT,Sản xuất
DPVLC,DPVLC400-6P3ID,Sản xuất
DPVLC,DPVLC400-5P3ID,Sản xuất
DPVLC,DPVLC400-4P3ID,Sản xuất
DPVLC,DPVLC400-3P3ID,Sản xuất
DPVLC,DPVLC400-6P3SL,Sản xuất
DPVLC,DPVLC400-5P3SL,Sản xuất
DPVLC,DPVLC400-4P3SL,Sản xuất
DPVLC,DPVLC400-3P3SL,Sản xuất
DPVLC,DPVLC400-6B5HN,Sản xuất
DPVLC,DPVLC400-5B5HN,Sản xuất
DPVLC,DPVLC400-4B5HN,Sản xuất
DPVLC,DPVLC400-3B5HN,Sản xuất
DPVLC,DPVLC400-6B5HT,Sản xuất
DPVLC,DPVLC400-5B5HT,Sản xuất
DPVLC,DPVLC400-4B5HT,Sản xuất
DPVLC,DPVLC400-3B5HT,Sản xuất
DPVLC,DPVLC400-6B5HD,Sản xuất
DPVLC,DPVLC400-5B5HD,Sản xuất
DPVLC,DPVLC400-4B5HD,Sản xuất
DPVLC,DPVLC400-3B5HD,Sản xuất
DPVLC,DPVLC400-6B5DN,Sản xuất
DPVLC,DPVLC400-5B5DN,Sản xuất
DPVLC,DPVLC400-4B5DN,Sản xuất
DPVLC,DPVLC400-3B5DN,Sản xuất
DPVLC,DPVLC400-6B5DT,Sản xuất
DPVLC,DPVLC400-5B5DT,Sản xuất
DPVLC,DPVLC400-4B5DT,Sản xuất
DPVLC,DPVLC400-3B5DT,Sản xuất
DPVLC,DPVLC400-6B5PT,Sản xuất
DPVLC,DPVLC400-5B5PT,Sản xuất
DPVLC,DPVLC400-4B5PT,Sản xuất
DPVLC,DPVLC400-3B5PT,Sản xuất
DPVLC,DPVLC400-6B5PD,Sản xuất
DPVLC,DPVLC400-5B5PD,Sản xuất
DPVLC,DPVLC400-4B5PD,Sản xuất
DPVLC,DPVLC400-3B5PD,Sản xuất
DPVLC,DPVLC400-6B5MT,Sản xuất
DPVLC,DPVLC400-5B5MT,Sản xuất
DPVLC,DPVLC400-4B5MT,Sản xuất
DPVLC,DPVLC400-3B5MT,Sản xuất
DPVLC,DPVLC400-6B5ID,Sản xuất
DPVLC,DPVLC400-5B5ID,Sản xuất
DPVLC,DPVLC400-4B5ID,Sản xuất
DPVLC,DPVLC400-3B5ID,Sản xuất
DPVLC,DPVLC400-6B5SL,Sản xuất
DPVLC,DPVLC400-5B5SL,Sản xuất
DPVLC,DPVLC400-4B5SL,Sản xuất
DPVLC,DPVLC400-3B5SL,Sản xuất
DPVLC,DPVLC400-6P5HN,Sản xuất
DPVLC,DPVLC400-5P5HN,Sản xuất
DPVLC,DPVLC400-4P5HN,Sản xuất
DPVLC,DPVLC400-3P5HN,Sản xuất
DPVLC,DPVLC400-6P5HT,Sản xuất
DPVLC,DPVLC400-5P5HT,Sản xuất
DPVLC,DPVLC400-4P5HT,Sản xuất
DPVLC,DPVLC400-3P5HT,Sản xuất
DPVLC,DPVLC400-6P5HD,Sản xuất
DPVLC,DPVLC400-5P5HD,Sản xuất
DPVLC,DPVLC400-4P5HD,Sản xuất
DPVLC,DPVLC400-3P5HD,Sản xuất
DPVLC,DPVLC400-6P5DN,Sản xuất
DPVLC,DPVLC400-5P5DN,Sản xuất
DPVLC,DPVLC400-4P5DN,Sản xuất
DPVLC,DPVLC400-3P5DN,Sản xuất
DPVLC,DPVLC400-6P5DT,Sản xuất
DPVLC,DPVLC400-5P5DT,Sản xuất
DPVLC,DPVLC400-4P5DT,Sản xuất
DPVLC,DPVLC400-3P5DT,Sản xuất
DPVLC,DPVLC400-6P5PT,Sản xuất
DPVLC,DPVLC400-5P5PT,Sản xuất
DPVLC,DPVLC400-4P5PT,Sản xuất
DPVLC,DPVLC400-3P5PT,Sản xuất
DPVLC,DPVLC400-6P5PD,Sản xuất
DPVLC,DPVLC400-5P5PD,Sản xuất
DPVLC,DPVLC400-4P5PD,Sản xuất
DPVLC,DPVLC400-3P5PD,Sản xuất
DPVLC,DPVLC400-6P5MT,Sản xuất
DPVLC,DPVLC400-5P5MT,Sản xuất
DPVLC,DPVLC400-4P5MT,Sản xuất
DPVLC,DPVLC400-3P5MT,Sản xuất
DPVLC,DPVLC400-6P5ID,Sản xuất
DPVLC,DPVLC400-5P5ID,Sản xuất
DPVLC,DPVLC400-4P5ID,Sản xuất
DPVLC,DPVLC400-3P5ID,Sản xuất
DPVLC,DPVLC400-6P5SL,Sản xuất
DPVLC,DPVLC400-5P5SL,Sản xuất
DPVLC,DPVLC400-4P5SL,Sản xuất
DPVLC,DPVLC400-3P5SL,Sản xuất
DPVLC,DPVLC400-RTFHN,Sản xuất
DPVLC,DPVLC400-GTFHN,Sản xuất
DPVLC,DPVLC400-BTFHN,Sản xuất
DPVLC,DPVLC400-RTFHT,Sản xuất
DPVLC,DPVLC400-GTFHT,Sản xuất
DPVLC,DPVLC400-BTFHT,Sản xuất
DPVLC,DPVLC400-RTFHD,Sản xuất
DPVLC,DPVLC400-GTFHD,Sản xuất
DPVLC,DPVLC400-BTFHD,Sản xuất
DPVLC,DPVLC400-RTFDN,Sản xuất
DPVLC,DPVLC400-GTFDN,Sản xuất
DPVLC,DPVLC400-BTFDN,Sản xuất
DPVLC,DPVLC400-RTFDT,Sản xuất
DPVLC,DPVLC400-GTFDT,Sản xuất
DPVLC,DPVLC400-BTFDT,Sản xuất
DPVLC,DPVLC400-RTFPT,Sản xuất
DPVLC,DPVLC400-GTFPT,Sản xuất
DPVLC,DPVLC400-BTFPT,Sản xuất
DPVLC,DPVLC400-RTFPD,Sản xuất
DPVLC,DPVLC400-GTFPD,Sản xuất
DPVLC,DPVLC400-BTFPD,Sản xuất
DPVLC,DPVLC400-RTFMT,Sản xuất
DPVLC,DPVLC400-GTFMT,Sản xuất
DPVLC,DPVLC400-BTFMT,Sản xuất
DPVLC,DPVLC400-RTFID,Sản xuất
DPVLC,DPVLC400-GTFID,Sản xuất
DPVLC,DPVLC400-BTFID,Sản xuất
DPVLC,DPVLC400-RTFSL,Sản xuất
DPVLC,DPVLC400-GTFSL,Sản xuất
DPVLC,DPVLC400-BTFSL,Sản xuất
DPVLC,DPVLC400-CBCHC,Sản xuất
DPVLC,DPVLC500-6B3HN,Sản xuất
DPVLC,DPVLC500-5B3HN,Sản xuất
DPVLC,DPVLC500-4B3HN,Sản xuất
DPVLC,DPVLC500-3B3HN,Sản xuất
DPVLC,DPVLC500-6B3HT,Sản xuất
DPVLC,DPVLC500-5B3HT,Sản xuất
DPVLC,DPVLC500-4B3HT,Sản xuất
DPVLC,DPVLC500-3B3HT,Sản xuất
DPVLC,DPVLC500-6B3HD,Sản xuất
DPVLC,DPVLC500-5B3HD,Sản xuất
DPVLC,DPVLC500-4B3HD,Sản xuất
DPVLC,DPVLC500-3B3HD,Sản xuất
DPVLC,DPVLC500-6B3DN,Sản xuất
DPVLC,DPVLC500-5B3DN,Sản xuất
DPVLC,DPVLC500-4B3DN,Sản xuất
DPVLC,DPVLC500-3B3DN,Sản xuất
DPVLC,DPVLC500-6B3DT,Sản xuất
DPVLC,DPVLC500-5B3DT,Sản xuất
DPVLC,DPVLC500-4B3DT,Sản xuất
DPVLC,DPVLC500-3B3DT,Sản xuất
DPVLC,DPVLC500-6B3PT,Sản xuất
DPVLC,DPVLC500-5B3PT,Sản xuất
DPVLC,DPVLC500-4B3PT,Sản xuất
DPVLC,DPVLC500-3B3PT,Sản xuất
DPVLC,DPVLC500-6B3PD,Sản xuất
DPVLC,DPVLC500-5B3PD,Sản xuất
DPVLC,DPVLC500-4B3PD,Sản xuất
DPVLC,DPVLC500-3B3PD,Sản xuất
DPVLC,DPVLC500-6B3MT,Sản xuất
DPVLC,DPVLC500-5B3MT,Sản xuất
DPVLC,DPVLC500-4B3MT,Sản xuất
DPVLC,DPVLC500-3B3MT,Sản xuất
DPVLC,DPVLC500-6B3ID,Sản xuất
DPVLC,DPVLC500-5B3ID,Sản xuất
DPVLC,DPVLC500-4B3ID,Sản xuất
DPVLC,DPVLC500-3B3ID,Sản xuất
DPVLC,DPVLC500-6B3SL,Sản xuất
DPVLC,DPVLC500-5B3SL,Sản xuất
DPVLC,DPVLC500-4B3SL,Sản xuất
DPVLC,DPVLC500-3B3SL,Sản xuất
DPVLC,DPVLC500-6P3HN,Sản xuất
DPVLC,DPVLC500-5P3HN,Sản xuất
DPVLC,DPVLC500-4P3HN,Sản xuất
DPVLC,DPVLC500-3P3HN,Sản xuất
DPVLC,DPVLC500-6P3HT,Sản xuất
DPVLC,DPVLC500-5P3HT,Sản xuất
DPVLC,DPVLC500-4P3HT,Sản xuất
DPVLC,DPVLC500-3P3HT,Sản xuất
DPVLC,DPVLC500-6P3HD,Sản xuất
DPVLC,DPVLC500-5P3HD,Sản xuất
DPVLC,DPVLC500-4P3HD,Sản xuất
DPVLC,DPVLC500-3P3HD,Sản xuất
DPVLC,DPVLC500-6P3DN,Sản xuất
DPVLC,DPVLC500-5P3DN,Sản xuất
DPVLC,DPVLC500-4P3DN,Sản xuất
DPVLC,DPVLC500-3P3DN,Sản xuất
DPVLC,DPVLC500-6P3DT,Sản xuất
DPVLC,DPVLC500-5P3DT,Sản xuất
DPVLC,DPVLC500-4P3DT,Sản xuất
DPVLC,DPVLC500-3P3DT,Sản xuất
DPVLC,DPVLC500-6P3PT,Sản xuất
DPVLC,DPVLC500-5P3PT,Sản xuất
DPVLC,DPVLC500-4P3PT,Sản xuất
DPVLC,DPVLC500-3P3PT,Sản xuất
DPVLC,DPVLC500-6P3PD,Sản xuất
DPVLC,DPVLC500-5P3PD,Sản xuất
DPVLC,DPVLC500-4P3PD,Sản xuất
DPVLC,DPVLC500-3P3PD,Sản xuất
DPVLC,DPVLC500-6P3MT,Sản xuất
DPVLC,DPVLC500-5P3MT,Sản xuất
DPVLC,DPVLC500-4P3MT,Sản xuất
DPVLC,DPVLC500-3P3MT,Sản xuất
DPVLC,DPVLC500-6P3ID,Sản xuất
DPVLC,DPVLC500-5P3ID,Sản xuất
DPVLC,DPVLC500-4P3ID,Sản xuất
DPVLC,DPVLC500-3P3ID,Sản xuất
DPVLC,DPVLC500-6P3SL,Sản xuất
DPVLC,DPVLC500-5P3SL,Sản xuất
DPVLC,DPVLC500-4P3SL,Sản xuất
DPVLC,DPVLC500-3P3SL,Sản xuất
DPVLC,DPVLC500-6B5HN,Sản xuất
DPVLC,DPVLC500-5B5HN,Sản xuất
DPVLC,DPVLC500-4B5HN,Sản xuất
DPVLC,DPVLC500-3B5HN,Sản xuất
DPVLC,DPVLC500-6B5HT,Sản xuất
DPVLC,DPVLC500-5B5HT,Sản xuất
DPVLC,DPVLC500-4B5HT,Sản xuất
DPVLC,DPVLC500-3B5HT,Sản xuất
DPVLC,DPVLC500-6B5HD,Sản xuất
DPVLC,DPVLC500-5B5HD,Sản xuất
DPVLC,DPVLC500-4B5HD,Sản xuất
DPVLC,DPVLC500-3B5HD,Sản xuất
DPVLC,DPVLC500-6B5DN,Sản xuất
DPVLC,DPVLC500-5B5DN,Sản xuất
DPVLC,DPVLC500-4B5DN,Sản xuất
DPVLC,DPVLC500-3B5DN,Sản xuất
DPVLC,DPVLC500-6B5DT,Sản xuất
DPVLC,DPVLC500-5B5DT,Sản xuất
DPVLC,DPVLC500-4B5DT,Sản xuất
DPVLC,DPVLC500-3B5DT,Sản xuất
DPVLC,DPVLC500-6B5PT,Sản xuất
DPVLC,DPVLC500-5B5PT,Sản xuất
DPVLC,DPVLC500-4B5PT,Sản xuất
DPVLC,DPVLC500-3B5PT,Sản xuất
DPVLC,DPVLC500-6B5PD,Sản xuất
DPVLC,DPVLC500-5B5PD,Sản xuất
DPVLC,DPVLC500-4B5PD,Sản xuất
DPVLC,DPVLC500-3B5PD,Sản xuất
DPVLC,DPVLC500-6B5MT,Sản xuất
DPVLC,DPVLC500-5B5MT,Sản xuất
DPVLC,DPVLC500-4B5MT,Sản xuất
DPVLC,DPVLC500-3B5MT,Sản xuất
DPVLC,DPVLC500-6B5ID,Sản xuất
DPVLC,DPVLC500-5B5ID,Sản xuất
DPVLC,DPVLC500-4B5ID,Sản xuất
DPVLC,DPVLC500-3B5ID,Sản xuất
DPVLC,DPVLC500-6B5SL,Sản xuất
DPVLC,DPVLC500-5B5SL,Sản xuất
DPVLC,DPVLC500-4B5SL,Sản xuất
DPVLC,DPVLC500-3B5SL,Sản xuất
DPVLC,DPVLC500-6P5HN,Sản xuất
DPVLC,DPVLC500-5P5HN,Sản xuất
DPVLC,DPVLC500-4P5HN,Sản xuất
DPVLC,DPVLC500-3P5HN,Sản xuất
DPVLC,DPVLC500-6P5HT,Sản xuất
DPVLC,DPVLC500-5P5HT,Sản xuất
DPVLC,DPVLC500-4P5HT,Sản xuất
DPVLC,DPVLC500-3P5HT,Sản xuất
DPVLC,DPVLC500-6P5HD,Sản xuất
DPVLC,DPVLC500-5P5HD,Sản xuất
DPVLC,DPVLC500-4P5HD,Sản xuất
DPVLC,DPVLC500-3P5HD,Sản xuất
DPVLC,DPVLC500-6P5DN,Sản xuất
DPVLC,DPVLC500-5P5DN,Sản xuất
DPVLC,DPVLC500-4P5DN,Sản xuất
DPVLC,DPVLC500-3P5DN,Sản xuất
DPVLC,DPVLC500-6P5DT,Sản xuất
DPVLC,DPVLC500-5P5DT,Sản xuất
DPVLC,DPVLC500-4P5DT,Sản xuất
DPVLC,DPVLC500-3P5DT,Sản xuất
DPVLC,DPVLC500-6P5PT,Sản xuất
DPVLC,DPVLC500-5P5PT,Sản xuất
DPVLC,DPVLC500-4P5PT,Sản xuất
DPVLC,DPVLC500-3P5PT,Sản xuất
DPVLC,DPVLC500-6P5PD,Sản xuất
DPVLC,DPVLC500-5P5PD,Sản xuất
DPVLC,DPVLC500-4P5PD,Sản xuất
DPVLC,DPVLC500-3P5PD,Sản xuất
DPVLC,DPVLC500-6P5MT,Sản xuất
DPVLC,DPVLC500-5P5MT,Sản xuất
DPVLC,DPVLC500-4P5MT,Sản xuất
DPVLC,DPVLC500-3P5MT,Sản xuất
DPVLC,DPVLC500-6P5ID,Sản xuất
DPVLC,DPVLC500-5P5ID,Sản xuất
DPVLC,DPVLC500-4P5ID,Sản xuất
DPVLC,DPVLC500-3P5ID,Sản xuất
DPVLC,DPVLC500-6P5SL,Sản xuất
DPVLC,DPVLC500-5P5SL,Sản xuất
DPVLC,DPVLC500-4P5SL,Sản xuất
DPVLC,DPVLC500-3P5SL,Sản xuất
DPVLC,DPVLC500-RTFHN,Sản xuất
DPVLC,DPVLC500-GTFHN,Sản xuất
DPVLC,DPVLC500-BTFHN,Sản xuất
DPVLC,DPVLC500-RTFHT,Sản xuất
DPVLC,DPVLC500-GTFHT,Sản xuất
DPVLC,DPVLC500-BTFHT,Sản xuất
DPVLC,DPVLC500-RTFHD,Sản xuất
DPVLC,DPVLC500-GTFHD,Sản xuất
DPVLC,DPVLC500-BTFHD,Sản xuất
DPVLC,DPVLC500-RTFDN,Sản xuất
DPVLC,DPVLC500-GTFDN,Sản xuất
DPVLC,DPVLC500-BTFDN,Sản xuất
DPVLC,DPVLC500-RTFDT,Sản xuất
DPVLC,DPVLC500-GTFDT,Sản xuất
DPVLC,DPVLC500-BTFDT,Sản xuất
DPVLC,DPVLC500-RTFPT,Sản xuất
DPVLC,DPVLC500-GTFPT,Sản xuất
DPVLC,DPVLC500-BTFPT,Sản xuất
DPVLC,DPVLC500-RTFPD,Sản xuất
DPVLC,DPVLC500-GTFPD,Sản xuất
DPVLC,DPVLC500-BTFPD,Sản xuất
DPVLC,DPVLC500-RTFMT,Sản xuất
DPVLC,DPVLC500-GTFMT,Sản xuất
DPVLC,DPVLC500-BTFMT,Sản xuất
DPVLC,DPVLC500-RTFID,Sản xuất
DPVLC,DPVLC500-GTFID,Sản xuất
DPVLC,DPVLC500-BTFID,Sản xuất
DPVLC,DPVLC500-RTFSL,Sản xuất
DPVLC,DPVLC500-GTFSL,Sản xuất
DPVLC,DPVLC500-BTFSL,Sản xuất
DPVLC,DPVLC500-CBCHC,Sản xuất
DPKDC,DPKDC050-6B3HN,Sản xuất
DPKDC,DPKDC050-5B3HN,Sản xuất
DPKDC,DPKDC050-4B3HN,Sản xuất
DPKDC,DPKDC050-3B3HN,Sản xuất
DPKDC,DPKDC050-6B3HT,Sản xuất
DPKDC,DPKDC050-5B3HT,Sản xuất
DPKDC,DPKDC050-4B3HT,Sản xuất
DPKDC,DPKDC050-3B3HT,Sản xuất
DPKDC,DPKDC050-6B3HD,Sản xuất
DPKDC,DPKDC050-5B3HD,Sản xuất
DPKDC,DPKDC050-4B3HD,Sản xuất
DPKDC,DPKDC050-3B3HD,Sản xuất
DPKDC,DPKDC050-6B3DN,Sản xuất
DPKDC,DPKDC050-5B3DN,Sản xuất
DPKDC,DPKDC050-4B3DN,Sản xuất
DPKDC,DPKDC050-3B3DN,Sản xuất
DPKDC,DPKDC050-6B3DT,Sản xuất
DPKDC,DPKDC050-5B3DT,Sản xuất
DPKDC,DPKDC050-4B3DT,Sản xuất
DPKDC,DPKDC050-3B3DT,Sản xuất
DPKDC,DPKDC050-6B3PT,Sản xuất
DPKDC,DPKDC050-5B3PT,Sản xuất
DPKDC,DPKDC050-4B3PT,Sản xuất
DPKDC,DPKDC050-3B3PT,Sản xuất
DPKDC,DPKDC050-6B3PD,Sản xuất
DPKDC,DPKDC050-5B3PD,Sản xuất
DPKDC,DPKDC050-4B3PD,Sản xuất
DPKDC,DPKDC050-3B3PD,Sản xuất
DPKDC,DPKDC050-6B3MT,Sản xuất
DPKDC,DPKDC050-5B3MT,Sản xuất
DPKDC,DPKDC050-4B3MT,Sản xuất
DPKDC,DPKDC050-3B3MT,Sản xuất
DPKDC,DPKDC050-6B3ID,Sản xuất
DPKDC,DPKDC050-5B3ID,Sản xuất
DPKDC,DPKDC050-4B3ID,Sản xuất
DPKDC,DPKDC050-3B3ID,Sản xuất
DPKDC,DPKDC050-6B3SL,Sản xuất
DPKDC,DPKDC050-5B3SL,Sản xuất
DPKDC,DPKDC050-4B3SL,Sản xuất
DPKDC,DPKDC050-3B3SL,Sản xuất
DPKDC,DPKDC050-6P3HN,Sản xuất
DPKDC,DPKDC050-5P3HN,Sản xuất
DPKDC,DPKDC050-4P3HN,Sản xuất
DPKDC,DPKDC050-3P3HN,Sản xuất
DPKDC,DPKDC050-6P3HT,Sản xuất
DPKDC,DPKDC050-5P3HT,Sản xuất
DPKDC,DPKDC050-4P3HT,Sản xuất
DPKDC,DPKDC050-3P3HT,Sản xuất
DPKDC,DPKDC050-6P3HD,Sản xuất
DPKDC,DPKDC050-5P3HD,Sản xuất
DPKDC,DPKDC050-4P3HD,Sản xuất
DPKDC,DPKDC050-3P3HD,Sản xuất
DPKDC,DPKDC050-6P3DN,Sản xuất
DPKDC,DPKDC050-5P3DN,Sản xuất
DPKDC,DPKDC050-4P3DN,Sản xuất
DPKDC,DPKDC050-3P3DN,Sản xuất
DPKDC,DPKDC050-6P3DT,Sản xuất
DPKDC,DPKDC050-5P3DT,Sản xuất
DPKDC,DPKDC050-4P3DT,Sản xuất
DPKDC,DPKDC050-3P3DT,Sản xuất
DPKDC,DPKDC050-6P3PT,Sản xuất
DPKDC,DPKDC050-5P3PT,Sản xuất
DPKDC,DPKDC050-4P3PT,Sản xuất
DPKDC,DPKDC050-3P3PT,Sản xuất
DPKDC,DPKDC050-6P3PD,Sản xuất
DPKDC,DPKDC050-5P3PD,Sản xuất
DPKDC,DPKDC050-4P3PD,Sản xuất
DPKDC,DPKDC050-3P3PD,Sản xuất
DPKDC,DPKDC050-6P3MT,Sản xuất
DPKDC,DPKDC050-5P3MT,Sản xuất
DPKDC,DPKDC050-4P3MT,Sản xuất
DPKDC,DPKDC050-3P3MT,Sản xuất
DPKDC,DPKDC050-6P3ID,Sản xuất
DPKDC,DPKDC050-5P3ID,Sản xuất
DPKDC,DPKDC050-4P3ID,Sản xuất
DPKDC,DPKDC050-3P3ID,Sản xuất
DPKDC,DPKDC050-6P3SL,Sản xuất
DPKDC,DPKDC050-5P3SL,Sản xuất
DPKDC,DPKDC050-4P3SL,Sản xuất
DPKDC,DPKDC050-3P3SL,Sản xuất
DPKDC,DPKDC050-6B5HN,Sản xuất
DPKDC,DPKDC050-5B5HN,Sản xuất
DPKDC,DPKDC050-4B5HN,Sản xuất
DPKDC,DPKDC050-3B5HN,Sản xuất
DPKDC,DPKDC050-6B5HT,Sản xuất
DPKDC,DPKDC050-5B5HT,Sản xuất
DPKDC,DPKDC050-4B5HT,Sản xuất
DPKDC,DPKDC050-3B5HT,Sản xuất
DPKDC,DPKDC050-6B5HD,Sản xuất
DPKDC,DPKDC050-5B5HD,Sản xuất
DPKDC,DPKDC050-4B5HD,Sản xuất
DPKDC,DPKDC050-3B5HD,Sản xuất
DPKDC,DPKDC050-6B5DN,Sản xuất
DPKDC,DPKDC050-5B5DN,Sản xuất
DPKDC,DPKDC050-4B5DN,Sản xuất
DPKDC,DPKDC050-3B5DN,Sản xuất
DPKDC,DPKDC050-6B5DT,Sản xuất
DPKDC,DPKDC050-5B5DT,Sản xuất
DPKDC,DPKDC050-4B5DT,Sản xuất
DPKDC,DPKDC050-3B5DT,Sản xuất
DPKDC,DPKDC050-6B5PT,Sản xuất
DPKDC,DPKDC050-5B5PT,Sản xuất
DPKDC,DPKDC050-4B5PT,Sản xuất
DPKDC,DPKDC050-3B5PT,Sản xuất
DPKDC,DPKDC050-6B5PD,Sản xuất
DPKDC,DPKDC050-5B5PD,Sản xuất
DPKDC,DPKDC050-4B5PD,Sản xuất
DPKDC,DPKDC050-3B5PD,Sản xuất
DPKDC,DPKDC050-6B5MT,Sản xuất
DPKDC,DPKDC050-5B5MT,Sản xuất
DPKDC,DPKDC050-4B5MT,Sản xuất
DPKDC,DPKDC050-3B5MT,Sản xuất
DPKDC,DPKDC050-6B5ID,Sản xuất
DPKDC,DPKDC050-5B5ID,Sản xuất
DPKDC,DPKDC050-4B5ID,Sản xuất
DPKDC,DPKDC050-3B5ID,Sản xuất
DPKDC,DPKDC050-6B5SL,Sản xuất
DPKDC,DPKDC050-5B5SL,Sản xuất
DPKDC,DPKDC050-4B5SL,Sản xuất
DPKDC,DPKDC050-3B5SL,Sản xuất
DPKDC,DPKDC050-6P5HN,Sản xuất
DPKDC,DPKDC050-5P5HN,Sản xuất
DPKDC,DPKDC050-4P5HN,Sản xuất
DPKDC,DPKDC050-3P5HN,Sản xuất
DPKDC,DPKDC050-6P5HT,Sản xuất
DPKDC,DPKDC050-5P5HT,Sản xuất
DPKDC,DPKDC050-4P5HT,Sản xuất
DPKDC,DPKDC050-3P5HT,Sản xuất
DPKDC,DPKDC050-6P5HD,Sản xuất
DPKDC,DPKDC050-5P5HD,Sản xuất
DPKDC,DPKDC050-4P5HD,Sản xuất
DPKDC,DPKDC050-3P5HD,Sản xuất
DPKDC,DPKDC050-6P5DN,Sản xuất
DPKDC,DPKDC050-5P5DN,Sản xuất
DPKDC,DPKDC050-4P5DN,Sản xuất
DPKDC,DPKDC050-3P5DN,Sản xuất
DPKDC,DPKDC050-6P5DT,Sản xuất
DPKDC,DPKDC050-5P5DT,Sản xuất
DPKDC,DPKDC050-4P5DT,Sản xuất
DPKDC,DPKDC050-3P5DT,Sản xuất
DPKDC,DPKDC050-6P5PT,Sản xuất
DPKDC,DPKDC050-5P5PT,Sản xuất
DPKDC,DPKDC050-4P5PT,Sản xuất
DPKDC,DPKDC050-3P5PT,Sản xuất
DPKDC,DPKDC050-6P5PD,Sản xuất
DPKDC,DPKDC050-5P5PD,Sản xuất
DPKDC,DPKDC050-4P5PD,Sản xuất
DPKDC,DPKDC050-3P5PD,Sản xuất
DPKDC,DPKDC050-6P5MT,Sản xuất
DPKDC,DPKDC050-5P5MT,Sản xuất
DPKDC,DPKDC050-4P5MT,Sản xuất
DPKDC,DPKDC050-3P5MT,Sản xuất
DPKDC,DPKDC050-6P5ID,Sản xuất
DPKDC,DPKDC050-5P5ID,Sản xuất
DPKDC,DPKDC050-4P5ID,Sản xuất
DPKDC,DPKDC050-3P5ID,Sản xuất
DPKDC,DPKDC050-6P5SL,Sản xuất
DPKDC,DPKDC050-5P5SL,Sản xuất
DPKDC,DPKDC050-4P5SL,Sản xuất
DPKDC,DPKDC050-3P5SL,Sản xuất
DPKDC,DPKDC050-RTFHN,Sản xuất
DPKDC,DPKDC050-GTFHN,Sản xuất
DPKDC,DPKDC050-BTFHN,Sản xuất
DPKDC,DPKDC050-RTFHT,Sản xuất
DPKDC,DPKDC050-GTFHT,Sản xuất
DPKDC,DPKDC050-BTFHT,Sản xuất
DPKDC,DPKDC050-RTFHD,Sản xuất
DPKDC,DPKDC050-GTFHD,Sản xuất
DPKDC,DPKDC050-BTFHD,Sản xuất
DPKDC,DPKDC050-RTFDN,Sản xuất
DPKDC,DPKDC050-GTFDN,Sản xuất
DPKDC,DPKDC050-BTFDN,Sản xuất
DPKDC,DPKDC050-RTFDT,Sản xuất
DPKDC,DPKDC050-GTFDT,Sản xuất
DPKDC,DPKDC050-BTFDT,Sản xuất
DPKDC,DPKDC050-RTFPT,Sản xuất
DPKDC,DPKDC050-GTFPT,Sản xuất
DPKDC,DPKDC050-BTFPT,Sản xuất
DPKDC,DPKDC050-RTFPD,Sản xuất
DPKDC,DPKDC050-GTFPD,Sản xuất
DPKDC,DPKDC050-BTFPD,Sản xuất
DPKDC,DPKDC050-RTFMT,Sản xuất
DPKDC,DPKDC050-GTFMT,Sản xuất
DPKDC,DPKDC050-BTFMT,Sản xuất
DPKDC,DPKDC050-RTFID,Sản xuất
DPKDC,DPKDC050-GTFID,Sản xuất
DPKDC,DPKDC050-BTFID,Sản xuất
DPKDC,DPKDC050-RTFSL,Sản xuất
DPKDC,DPKDC050-GTFSL,Sản xuất
DPKDC,DPKDC050-BTFSL,Sản xuất
DPKDC,DPKDC050-CBCHC,Sản xuất
DPKDC,DPKDC100-6B3HN,Sản xuất
DPKDC,DPKDC100-5B3HN,Sản xuất
DPKDC,DPKDC100-4B3HN,Sản xuất
DPKDC,DPKDC100-3B3HN,Sản xuất
DPKDC,DPKDC100-6B3HT,Sản xuất
DPKDC,DPKDC100-5B3HT,Sản xuất
DPKDC,DPKDC100-4B3HT,Sản xuất
DPKDC,DPKDC100-3B3HT,Sản xuất
DPKDC,DPKDC100-6B3HD,Sản xuất
DPKDC,DPKDC100-5B3HD,Sản xuất
DPKDC,DPKDC100-4B3HD,Sản xuất
DPKDC,DPKDC100-3B3HD,Sản xuất
DPKDC,DPKDC100-6B3DN,Sản xuất
DPKDC,DPKDC100-5B3DN,Sản xuất
DPKDC,DPKDC100-4B3DN,Sản xuất
DPKDC,DPKDC100-3B3DN,Sản xuất
DPKDC,DPKDC100-6B3DT,Sản xuất
DPKDC,DPKDC100-5B3DT,Sản xuất
DPKDC,DPKDC100-4B3DT,Sản xuất
DPKDC,DPKDC100-3B3DT,Sản xuất
DPKDC,DPKDC100-6B3PT,Sản xuất
DPKDC,DPKDC100-5B3PT,Sản xuất
DPKDC,DPKDC100-4B3PT,Sản xuất
DPKDC,DPKDC100-3B3PT,Sản xuất
DPKDC,DPKDC100-6B3PD,Sản xuất
DPKDC,DPKDC100-5B3PD,Sản xuất
DPKDC,DPKDC100-4B3PD,Sản xuất
DPKDC,DPKDC100-3B3PD,Sản xuất
DPKDC,DPKDC100-6B3MT,Sản xuất
DPKDC,DPKDC100-5B3MT,Sản xuất
DPKDC,DPKDC100-4B3MT,Sản xuất
DPKDC,DPKDC100-3B3MT,Sản xuất
DPKDC,DPKDC100-6B3ID,Sản xuất
DPKDC,DPKDC100-5B3ID,Sản xuất
DPKDC,DPKDC100-4B3ID,Sản xuất
DPKDC,DPKDC100-3B3ID,Sản xuất
DPKDC,DPKDC100-6B3SL,Sản xuất
DPKDC,DPKDC100-5B3SL,Sản xuất
DPKDC,DPKDC100-4B3SL,Sản xuất
DPKDC,DPKDC100-3B3SL,Sản xuất
DPKDC,DPKDC100-6P3HN,Sản xuất
DPKDC,DPKDC100-5P3HN,Sản xuất
DPKDC,DPKDC100-4P3HN,Sản xuất
DPKDC,DPKDC100-3P3HN,Sản xuất
DPKDC,DPKDC100-6P3HT,Sản xuất
DPKDC,DPKDC100-5P3HT,Sản xuất
DPKDC,DPKDC100-4P3HT,Sản xuất
DPKDC,DPKDC100-3P3HT,Sản xuất
DPKDC,DPKDC100-6P3HD,Sản xuất
DPKDC,DPKDC100-5P3HD,Sản xuất
DPKDC,DPKDC100-4P3HD,Sản xuất
DPKDC,DPKDC100-3P3HD,Sản xuất
DPKDC,DPKDC100-6P3DN,Sản xuất
DPKDC,DPKDC100-5P3DN,Sản xuất
DPKDC,DPKDC100-4P3DN,Sản xuất
DPKDC,DPKDC100-3P3DN,Sản xuất
DPKDC,DPKDC100-6P3DT,Sản xuất
DPKDC,DPKDC100-5P3DT,Sản xuất
DPKDC,DPKDC100-4P3DT,Sản xuất
DPKDC,DPKDC100-3P3DT,Sản xuất
DPKDC,DPKDC100-6P3PT,Sản xuất
DPKDC,DPKDC100-5P3PT,Sản xuất
DPKDC,DPKDC100-4P3PT,Sản xuất
DPKDC,DPKDC100-3P3PT,Sản xuất
DPKDC,DPKDC100-6P3PD,Sản xuất
DPKDC,DPKDC100-5P3PD,Sản xuất
DPKDC,DPKDC100-4P3PD,Sản xuất
DPKDC,DPKDC100-3P3PD,Sản xuất
DPKDC,DPKDC100-6P3MT,Sản xuất
DPKDC,DPKDC100-5P3MT,Sản xuất
DPKDC,DPKDC100-4P3MT,Sản xuất
DPKDC,DPKDC100-3P3MT,Sản xuất
DPKDC,DPKDC100-6P3ID,Sản xuất
DPKDC,DPKDC100-5P3ID,Sản xuất
DPKDC,DPKDC100-4P3ID,Sản xuất
DPKDC,DPKDC100-3P3ID,Sản xuất
DPKDC,DPKDC100-6P3SL,Sản xuất
DPKDC,DPKDC100-5P3SL,Sản xuất
DPKDC,DPKDC100-4P3SL,Sản xuất
DPKDC,DPKDC100-3P3SL,Sản xuất
DPKDC,DPKDC100-6B5HN,Sản xuất
DPKDC,DPKDC100-5B5HN,Sản xuất
DPKDC,DPKDC100-4B5HN,Sản xuất
DPKDC,DPKDC100-3B5HN,Sản xuất
DPKDC,DPKDC100-6B5HT,Sản xuất
DPKDC,DPKDC100-5B5HT,Sản xuất
DPKDC,DPKDC100-4B5HT,Sản xuất
DPKDC,DPKDC100-3B5HT,Sản xuất
DPKDC,DPKDC100-6B5HD,Sản xuất
DPKDC,DPKDC100-5B5HD,Sản xuất
DPKDC,DPKDC100-4B5HD,Sản xuất
DPKDC,DPKDC100-3B5HD,Sản xuất
DPKDC,DPKDC100-6B5DN,Sản xuất
DPKDC,DPKDC100-5B5DN,Sản xuất
DPKDC,DPKDC100-4B5DN,Sản xuất
DPKDC,DPKDC100-3B5DN,Sản xuất
DPKDC,DPKDC100-6B5DT,Sản xuất
DPKDC,DPKDC100-5B5DT,Sản xuất
DPKDC,DPKDC100-4B5DT,Sản xuất
DPKDC,DPKDC100-3B5DT,Sản xuất
DPKDC,DPKDC100-6B5PT,Sản xuất
DPKDC,DPKDC100-5B5PT,Sản xuất
DPKDC,DPKDC100-4B5PT,Sản xuất
DPKDC,DPKDC100-3B5PT,Sản xuất
DPKDC,DPKDC100-6B5PD,Sản xuất
DPKDC,DPKDC100-5B5PD,Sản xuất
DPKDC,DPKDC100-4B5PD,Sản xuất
DPKDC,DPKDC100-3B5PD,Sản xuất
DPKDC,DPKDC100-6B5MT,Sản xuất
DPKDC,DPKDC100-5B5MT,Sản xuất
DPKDC,DPKDC100-4B5MT,Sản xuất
DPKDC,DPKDC100-3B5MT,Sản xuất
DPKDC,DPKDC100-6B5ID,Sản xuất
DPKDC,DPKDC100-5B5ID,Sản xuất
DPKDC,DPKDC100-4B5ID,Sản xuất
DPKDC,DPKDC100-3B5ID,Sản xuất
DPKDC,DPKDC100-6B5SL,Sản xuất
DPKDC,DPKDC100-5B5SL,Sản xuất
DPKDC,DPKDC100-4B5SL,Sản xuất
DPKDC,DPKDC100-3B5SL,Sản xuất
DPKDC,DPKDC100-6P5HN,Sản xuất
DPKDC,DPKDC100-5P5HN,Sản xuất
DPKDC,DPKDC100-4P5HN,Sản xuất
DPKDC,DPKDC100-3P5HN,Sản xuất
DPKDC,DPKDC100-6P5HT,Sản xuất
DPKDC,DPKDC100-5P5HT,Sản xuất
DPKDC,DPKDC100-4P5HT,Sản xuất
DPKDC,DPKDC100-3P5HT,Sản xuất
DPKDC,DPKDC100-6P5HD,Sản xuất
DPKDC,DPKDC100-5P5HD,Sản xuất
DPKDC,DPKDC100-4P5HD,Sản xuất
DPKDC,DPKDC100-3P5HD,Sản xuất
DPKDC,DPKDC100-6P5DN,Sản xuất
DPKDC,DPKDC100-5P5DN,Sản xuất
DPKDC,DPKDC100-4P5DN,Sản xuất
DPKDC,DPKDC100-3P5DN,Sản xuất
DPKDC,DPKDC100-6P5DT,Sản xuất
DPKDC,DPKDC100-5P5DT,Sản xuất
DPKDC,DPKDC100-4P5DT,Sản xuất
DPKDC,DPKDC100-3P5DT,Sản xuất
DPKDC,DPKDC100-6P5PT,Sản xuất
DPKDC,DPKDC100-5P5PT,Sản xuất
DPKDC,DPKDC100-4P5PT,Sản xuất
DPKDC,DPKDC100-3P5PT,Sản xuất
DPKDC,DPKDC100-6P5PD,Sản xuất
DPKDC,DPKDC100-5P5PD,Sản xuất
DPKDC,DPKDC100-4P5PD,Sản xuất
DPKDC,DPKDC100-3P5PD,Sản xuất
DPKDC,DPKDC100-6P5MT,Sản xuất
DPKDC,DPKDC100-5P5MT,Sản xuất
DPKDC,DPKDC100-4P5MT,Sản xuất
DPKDC,DPKDC100-3P5MT,Sản xuất
DPKDC,DPKDC100-6P5ID,Sản xuất
DPKDC,DPKDC100-5P5ID,Sản xuất
DPKDC,DPKDC100-4P5ID,Sản xuất
DPKDC,DPKDC100-3P5ID,Sản xuất
DPKDC,DPKDC100-6P5SL,Sản xuất
DPKDC,DPKDC100-5P5SL,Sản xuất
DPKDC,DPKDC100-4P5SL,Sản xuất
DPKDC,DPKDC100-3P5SL,Sản xuất
DPKDC,DPKDC100-RTFHN,Sản xuất
DPKDC,DPKDC100-GTFHN,Sản xuất
DPKDC,DPKDC100-BTFHN,Sản xuất
DPKDC,DPKDC100-RTFHT,Sản xuất
DPKDC,DPKDC100-GTFHT,Sản xuất
DPKDC,DPKDC100-BTFHT,Sản xuất
DPKDC,DPKDC100-RTFHD,Sản xuất
DPKDC,DPKDC100-GTFHD,Sản xuất
DPKDC,DPKDC100-BTFHD,Sản xuất
DPKDC,DPKDC100-RTFDN,Sản xuất
DPKDC,DPKDC100-GTFDN,Sản xuất
DPKDC,DPKDC100-BTFDN,Sản xuất
DPKDC,DPKDC100-RTFDT,Sản xuất
DPKDC,DPKDC100-GTFDT,Sản xuất
DPKDC,DPKDC100-BTFDT,Sản xuất
DPKDC,DPKDC100-RTFPT,Sản xuất
DPKDC,DPKDC100-GTFPT,Sản xuất
DPKDC,DPKDC100-BTFPT,Sản xuất
DPKDC,DPKDC100-RTFPD,Sản xuất
DPKDC,DPKDC100-GTFPD,Sản xuất
DPKDC,DPKDC100-BTFPD,Sản xuất
DPKDC,DPKDC100-RTFMT,Sản xuất
DPKDC,DPKDC100-GTFMT,Sản xuất
DPKDC,DPKDC100-BTFMT,Sản xuất
DPKDC,DPKDC100-RTFID,Sản xuất
DPKDC,DPKDC100-GTFID,Sản xuất
DPKDC,DPKDC100-BTFID,Sản xuất
DPKDC,DPKDC100-RTFSL,Sản xuất
DPKDC,DPKDC100-GTFSL,Sản xuất
DPKDC,DPKDC100-BTFSL,Sản xuất
DPKDC,DPKDC100-CBCHC,Sản xuất
DPKDC,DPKDC150-6B3HN,Sản xuất
DPKDC,DPKDC150-5B3HN,Sản xuất
DPKDC,DPKDC150-4B3HN,Sản xuất
DPKDC,DPKDC150-3B3HN,Sản xuất
DPKDC,DPKDC150-6B3HT,Sản xuất
DPKDC,DPKDC150-5B3HT,Sản xuất
DPKDC,DPKDC150-4B3HT,Sản xuất
DPKDC,DPKDC150-3B3HT,Sản xuất
DPKDC,DPKDC150-6B3HD,Sản xuất
DPKDC,DPKDC150-5B3HD,Sản xuất
DPKDC,DPKDC150-4B3HD,Sản xuất
DPKDC,DPKDC150-3B3HD,Sản xuất
DPKDC,DPKDC150-6B3DN,Sản xuất
DPKDC,DPKDC150-5B3DN,Sản xuất
DPKDC,DPKDC150-4B3DN,Sản xuất
DPKDC,DPKDC150-3B3DN,Sản xuất
DPKDC,DPKDC150-6B3DT,Sản xuất
DPKDC,DPKDC150-5B3DT,Sản xuất
DPKDC,DPKDC150-4B3DT,Sản xuất
DPKDC,DPKDC150-3B3DT,Sản xuất
DPKDC,DPKDC150-6B3PT,Sản xuất
DPKDC,DPKDC150-5B3PT,Sản xuất
DPKDC,DPKDC150-4B3PT,Sản xuất
DPKDC,DPKDC150-3B3PT,Sản xuất
DPKDC,DPKDC150-6B3PD,Sản xuất
DPKDC,DPKDC150-5B3PD,Sản xuất
DPKDC,DPKDC150-4B3PD,Sản xuất
DPKDC,DPKDC150-3B3PD,Sản xuất
DPKDC,DPKDC150-6B3MT,Sản xuất
DPKDC,DPKDC150-5B3MT,Sản xuất
DPKDC,DPKDC150-4B3MT,Sản xuất
DPKDC,DPKDC150-3B3MT,Sản xuất
DPKDC,DPKDC150-6B3ID,Sản xuất
DPKDC,DPKDC150-5B3ID,Sản xuất
DPKDC,DPKDC150-4B3ID,Sản xuất
DPKDC,DPKDC150-3B3ID,Sản xuất
DPKDC,DPKDC150-6B3SL,Sản xuất
DPKDC,DPKDC150-5B3SL,Sản xuất
DPKDC,DPKDC150-4B3SL,Sản xuất
DPKDC,DPKDC150-3B3SL,Sản xuất
DPKDC,DPKDC150-6P3HN,Sản xuất
DPKDC,DPKDC150-5P3HN,Sản xuất
DPKDC,DPKDC150-4P3HN,Sản xuất
DPKDC,DPKDC150-3P3HN,Sản xuất
DPKDC,DPKDC150-6P3HT,Sản xuất
DPKDC,DPKDC150-5P3HT,Sản xuất
DPKDC,DPKDC150-4P3HT,Sản xuất
DPKDC,DPKDC150-3P3HT,Sản xuất
DPKDC,DPKDC150-6P3HD,Sản xuất
DPKDC,DPKDC150-5P3HD,Sản xuất
DPKDC,DPKDC150-4P3HD,Sản xuất
DPKDC,DPKDC150-3P3HD,Sản xuất
DPKDC,DPKDC150-6P3DN,Sản xuất
DPKDC,DPKDC150-5P3DN,Sản xuất
DPKDC,DPKDC150-4P3DN,Sản xuất
DPKDC,DPKDC150-3P3DN,Sản xuất
DPKDC,DPKDC150-6P3DT,Sản xuất
DPKDC,DPKDC150-5P3DT,Sản xuất
DPKDC,DPKDC150-4P3DT,Sản xuất
DPKDC,DPKDC150-3P3DT,Sản xuất
DPKDC,DPKDC150-6P3PT,Sản xuất
DPKDC,DPKDC150-5P3PT,Sản xuất
DPKDC,DPKDC150-4P3PT,Sản xuất
DPKDC,DPKDC150-3P3PT,Sản xuất
DPKDC,DPKDC150-6P3PD,Sản xuất
DPKDC,DPKDC150-5P3PD,Sản xuất
DPKDC,DPKDC150-4P3PD,Sản xuất
DPKDC,DPKDC150-3P3PD,Sản xuất
DPKDC,DPKDC150-6P3MT,Sản xuất
DPKDC,DPKDC150-5P3MT,Sản xuất
DPKDC,DPKDC150-4P3MT,Sản xuất
DPKDC,DPKDC150-3P3MT,Sản xuất
DPKDC,DPKDC150-6P3ID,Sản xuất
DPKDC,DPKDC150-5P3ID,Sản xuất
DPKDC,DPKDC150-4P3ID,Sản xuất
DPKDC,DPKDC150-3P3ID,Sản xuất
DPKDC,DPKDC150-6P3SL,Sản xuất
DPKDC,DPKDC150-5P3SL,Sản xuất
DPKDC,DPKDC150-4P3SL,Sản xuất
DPKDC,DPKDC150-3P3SL,Sản xuất
DPKDC,DPKDC150-6B5HN,Sản xuất
DPKDC,DPKDC150-5B5HN,Sản xuất
DPKDC,DPKDC150-4B5HN,Sản xuất
DPKDC,DPKDC150-3B5HN,Sản xuất
DPKDC,DPKDC150-6B5HT,Sản xuất
DPKDC,DPKDC150-5B5HT,Sản xuất
DPKDC,DPKDC150-4B5HT,Sản xuất
DPKDC,DPKDC150-3B5HT,Sản xuất
DPKDC,DPKDC150-6B5HD,Sản xuất
DPKDC,DPKDC150-5B5HD,Sản xuất
DPKDC,DPKDC150-4B5HD,Sản xuất
DPKDC,DPKDC150-3B5HD,Sản xuất
DPKDC,DPKDC150-6B5DN,Sản xuất
DPKDC,DPKDC150-5B5DN,Sản xuất
DPKDC,DPKDC150-4B5DN,Sản xuất
DPKDC,DPKDC150-3B5DN,Sản xuất
DPKDC,DPKDC150-6B5DT,Sản xuất
DPKDC,DPKDC150-5B5DT,Sản xuất
DPKDC,DPKDC150-4B5DT,Sản xuất
DPKDC,DPKDC150-3B5DT,Sản xuất
DPKDC,DPKDC150-6B5PT,Sản xuất
DPKDC,DPKDC150-5B5PT,Sản xuất
DPKDC,DPKDC150-4B5PT,Sản xuất
DPKDC,DPKDC150-3B5PT,Sản xuất
DPKDC,DPKDC150-6B5PD,Sản xuất
DPKDC,DPKDC150-5B5PD,Sản xuất
DPKDC,DPKDC150-4B5PD,Sản xuất
DPKDC,DPKDC150-3B5PD,Sản xuất
DPKDC,DPKDC150-6B5MT,Sản xuất
DPKDC,DPKDC150-5B5MT,Sản xuất
DPKDC,DPKDC150-4B5MT,Sản xuất
DPKDC,DPKDC150-3B5MT,Sản xuất
DPKDC,DPKDC150-6B5ID,Sản xuất
DPKDC,DPKDC150-5B5ID,Sản xuất
DPKDC,DPKDC150-4B5ID,Sản xuất
DPKDC,DPKDC150-3B5ID,Sản xuất
DPKDC,DPKDC150-6B5SL,Sản xuất
DPKDC,DPKDC150-5B5SL,Sản xuất
DPKDC,DPKDC150-4B5SL,Sản xuất
DPKDC,DPKDC150-3B5SL,Sản xuất
DPKDC,DPKDC150-6P5HN,Sản xuất
DPKDC,DPKDC150-5P5HN,Sản xuất
DPKDC,DPKDC150-4P5HN,Sản xuất
DPKDC,DPKDC150-3P5HN,Sản xuất
DPKDC,DPKDC150-6P5HT,Sản xuất
DPKDC,DPKDC150-5P5HT,Sản xuất
DPKDC,DPKDC150-4P5HT,Sản xuất
DPKDC,DPKDC150-3P5HT,Sản xuất
DPKDC,DPKDC150-6P5HD,Sản xuất
DPKDC,DPKDC150-5P5HD,Sản xuất
DPKDC,DPKDC150-4P5HD,Sản xuất
DPKDC,DPKDC150-3P5HD,Sản xuất
DPKDC,DPKDC150-6P5DN,Sản xuất
DPKDC,DPKDC150-5P5DN,Sản xuất
DPKDC,DPKDC150-4P5DN,Sản xuất
DPKDC,DPKDC150-3P5DN,Sản xuất
DPKDC,DPKDC150-6P5DT,Sản xuất
DPKDC,DPKDC150-5P5DT,Sản xuất
DPKDC,DPKDC150-4P5DT,Sản xuất
DPKDC,DPKDC150-3P5DT,Sản xuất
DPKDC,DPKDC150-6P5PT,Sản xuất
DPKDC,DPKDC150-5P5PT,Sản xuất
DPKDC,DPKDC150-4P5PT,Sản xuất
DPKDC,DPKDC150-3P5PT,Sản xuất
DPKDC,DPKDC150-6P5PD,Sản xuất
DPKDC,DPKDC150-5P5PD,Sản xuất
DPKDC,DPKDC150-4P5PD,Sản xuất
DPKDC,DPKDC150-3P5PD,Sản xuất
DPKDC,DPKDC150-6P5MT,Sản xuất
DPKDC,DPKDC150-5P5MT,Sản xuất
DPKDC,DPKDC150-4P5MT,Sản xuất
DPKDC,DPKDC150-3P5MT,Sản xuất
DPKDC,DPKDC150-6P5ID,Sản xuất
DPKDC,DPKDC150-5P5ID,Sản xuất
DPKDC,DPKDC150-4P5ID,Sản xuất
DPKDC,DPKDC150-3P5ID,Sản xuất
DPKDC,DPKDC150-6P5SL,Sản xuất
DPKDC,DPKDC150-5P5SL,Sản xuất
DPKDC,DPKDC150-4P5SL,Sản xuất
DPKDC,DPKDC150-3P5SL,Sản xuất
DPKDC,DPKDC150-RTFHN,Sản xuất
DPKDC,DPKDC150-GTFHN,Sản xuất
DPKDC,DPKDC150-BTFHN,Sản xuất
DPKDC,DPKDC150-RTFHT,Sản xuất
DPKDC,DPKDC150-GTFHT,Sản xuất
DPKDC,DPKDC150-BTFHT,Sản xuất
DPKDC,DPKDC150-RTFHD,Sản xuất
DPKDC,DPKDC150-GTFHD,Sản xuất
DPKDC,DPKDC150-BTFHD,Sản xuất
DPKDC,DPKDC150-RTFDN,Sản xuất
DPKDC,DPKDC150-GTFDN,Sản xuất
DPKDC,DPKDC150-BTFDN,Sản xuất
DPKDC,DPKDC150-RTFDT,Sản xuất
DPKDC,DPKDC150-GTFDT,Sản xuất
DPKDC,DPKDC150-BTFDT,Sản xuất
DPKDC,DPKDC150-RTFPT,Sản xuất
DPKDC,DPKDC150-GTFPT,Sản xuất
DPKDC,DPKDC150-BTFPT,Sản xuất
DPKDC,DPKDC150-RTFPD,Sản xuất
DPKDC,DPKDC150-GTFPD,Sản xuất
DPKDC,DPKDC150-BTFPD,Sản xuất
DPKDC,DPKDC150-RTFMT,Sản xuất
DPKDC,DPKDC150-GTFMT,Sản xuất
DPKDC,DPKDC150-BTFMT,Sản xuất
DPKDC,DPKDC150-RTFID,Sản xuất
DPKDC,DPKDC150-GTFID,Sản xuất
DPKDC,DPKDC150-BTFID,Sản xuất
DPKDC,DPKDC150-RTFSL,Sản xuất
DPKDC,DPKDC150-GTFSL,Sản xuất
DPKDC,DPKDC150-BTFSL,Sản xuất
DPKDC,DPKDC150-CBCHC,Sản xuất
DPKDC,DPKDC200-6B3HN,Sản xuất
DPKDC,DPKDC200-5B3HN,Sản xuất
DPKDC,DPKDC200-4B3HN,Sản xuất
DPKDC,DPKDC200-3B3HN,Sản xuất
DPKDC,DPKDC200-6B3HT,Sản xuất
DPKDC,DPKDC200-5B3HT,Sản xuất
DPKDC,DPKDC200-4B3HT,Sản xuất
DPKDC,DPKDC200-3B3HT,Sản xuất
DPKDC,DPKDC200-6B3HD,Sản xuất
DPKDC,DPKDC200-5B3HD,Sản xuất
DPKDC,DPKDC200-4B3HD,Sản xuất
DPKDC,DPKDC200-3B3HD,Sản xuất
DPKDC,DPKDC200-6B3DN,Sản xuất
DPKDC,DPKDC200-5B3DN,Sản xuất
DPKDC,DPKDC200-4B3DN,Sản xuất
DPKDC,DPKDC200-3B3DN,Sản xuất
DPKDC,DPKDC200-6B3DT,Sản xuất
DPKDC,DPKDC200-5B3DT,Sản xuất
DPKDC,DPKDC200-4B3DT,Sản xuất
DPKDC,DPKDC200-3B3DT,Sản xuất
DPKDC,DPKDC200-6B3PT,Sản xuất
DPKDC,DPKDC200-5B3PT,Sản xuất
DPKDC,DPKDC200-4B3PT,Sản xuất
DPKDC,DPKDC200-3B3PT,Sản xuất
DPKDC,DPKDC200-6B3PD,Sản xuất
DPKDC,DPKDC200-5B3PD,Sản xuất
DPKDC,DPKDC200-4B3PD,Sản xuất
DPKDC,DPKDC200-3B3PD,Sản xuất
DPKDC,DPKDC200-6B3MT,Sản xuất
DPKDC,DPKDC200-5B3MT,Sản xuất
DPKDC,DPKDC200-4B3MT,Sản xuất
DPKDC,DPKDC200-3B3MT,Sản xuất
DPKDC,DPKDC200-6B3ID,Sản xuất
DPKDC,DPKDC200-5B3ID,Sản xuất
DPKDC,DPKDC200-4B3ID,Sản xuất
DPKDC,DPKDC200-3B3ID,Sản xuất
DPKDC,DPKDC200-6B3SL,Sản xuất
DPKDC,DPKDC200-5B3SL,Sản xuất
DPKDC,DPKDC200-4B3SL,Sản xuất
DPKDC,DPKDC200-3B3SL,Sản xuất
DPKDC,DPKDC200-6P3HN,Sản xuất
DPKDC,DPKDC200-5P3HN,Sản xuất
DPKDC,DPKDC200-4P3HN,Sản xuất
DPKDC,DPKDC200-3P3HN,Sản xuất
DPKDC,DPKDC200-6P3HT,Sản xuất
DPKDC,DPKDC200-5P3HT,Sản xuất
DPKDC,DPKDC200-4P3HT,Sản xuất
DPKDC,DPKDC200-3P3HT,Sản xuất
DPKDC,DPKDC200-6P3HD,Sản xuất
DPKDC,DPKDC200-5P3HD,Sản xuất
DPKDC,DPKDC200-4P3HD,Sản xuất
DPKDC,DPKDC200-3P3HD,Sản xuất
DPKDC,DPKDC200-6P3DN,Sản xuất
DPKDC,DPKDC200-5P3DN,Sản xuất
DPKDC,DPKDC200-4P3DN,Sản xuất
DPKDC,DPKDC200-3P3DN,Sản xuất
DPKDC,DPKDC200-6P3DT,Sản xuất
DPKDC,DPKDC200-5P3DT,Sản xuất
DPKDC,DPKDC200-4P3DT,Sản xuất
DPKDC,DPKDC200-3P3DT,Sản xuất
DPKDC,DPKDC200-6P3PT,Sản xuất
DPKDC,DPKDC200-5P3PT,Sản xuất
DPKDC,DPKDC200-4P3PT,Sản xuất
DPKDC,DPKDC200-3P3PT,Sản xuất
DPKDC,DPKDC200-6P3PD,Sản xuất
DPKDC,DPKDC200-5P3PD,Sản xuất
DPKDC,DPKDC200-4P3PD,Sản xuất
DPKDC,DPKDC200-3P3PD,Sản xuất
DPKDC,DPKDC200-6P3MT,Sản xuất
DPKDC,DPKDC200-5P3MT,Sản xuất
DPKDC,DPKDC200-4P3MT,Sản xuất
DPKDC,DPKDC200-3P3MT,Sản xuất
DPKDC,DPKDC200-6P3ID,Sản xuất
DPKDC,DPKDC200-5P3ID,Sản xuất
DPKDC,DPKDC200-4P3ID,Sản xuất
DPKDC,DPKDC200-3P3ID,Sản xuất
DPKDC,DPKDC200-6P3SL,Sản xuất
DPKDC,DPKDC200-5P3SL,Sản xuất
DPKDC,DPKDC200-4P3SL,Sản xuất
DPKDC,DPKDC200-3P3SL,Sản xuất
DPKDC,DPKDC200-6B5HN,Sản xuất
DPKDC,DPKDC200-5B5HN,Sản xuất
DPKDC,DPKDC200-4B5HN,Sản xuất
DPKDC,DPKDC200-3B5HN,Sản xuất
DPKDC,DPKDC200-6B5HT,Sản xuất
DPKDC,DPKDC200-5B5HT,Sản xuất
DPKDC,DPKDC200-4B5HT,Sản xuất
DPKDC,DPKDC200-3B5HT,Sản xuất
DPKDC,DPKDC200-6B5HD,Sản xuất
DPKDC,DPKDC200-5B5HD,Sản xuất
DPKDC,DPKDC200-4B5HD,Sản xuất
DPKDC,DPKDC200-3B5HD,Sản xuất
DPKDC,DPKDC200-6B5DN,Sản xuất
DPKDC,DPKDC200-5B5DN,Sản xuất
DPKDC,DPKDC200-4B5DN,Sản xuất
DPKDC,DPKDC200-3B5DN,Sản xuất
DPKDC,DPKDC200-6B5DT,Sản xuất
DPKDC,DPKDC200-5B5DT,Sản xuất
DPKDC,DPKDC200-4B5DT,Sản xuất
DPKDC,DPKDC200-3B5DT,Sản xuất
DPKDC,DPKDC200-6B5PT,Sản xuất
DPKDC,DPKDC200-5B5PT,Sản xuất
DPKDC,DPKDC200-4B5PT,Sản xuất
DPKDC,DPKDC200-3B5PT,Sản xuất
DPKDC,DPKDC200-6B5PD,Sản xuất
DPKDC,DPKDC200-5B5PD,Sản xuất
DPKDC,DPKDC200-4B5PD,Sản xuất
DPKDC,DPKDC200-3B5PD,Sản xuất
DPKDC,DPKDC200-6B5MT,Sản xuất
DPKDC,DPKDC200-5B5MT,Sản xuất
DPKDC,DPKDC200-4B5MT,Sản xuất
DPKDC,DPKDC200-3B5MT,Sản xuất
DPKDC,DPKDC200-6B5ID,Sản xuất
DPKDC,DPKDC200-5B5ID,Sản xuất
DPKDC,DPKDC200-4B5ID,Sản xuất
DPKDC,DPKDC200-3B5ID,Sản xuất
DPKDC,DPKDC200-6B5SL,Sản xuất
DPKDC,DPKDC200-5B5SL,Sản xuất
DPKDC,DPKDC200-4B5SL,Sản xuất
DPKDC,DPKDC200-3B5SL,Sản xuất
DPKDC,DPKDC200-6P5HN,Sản xuất
DPKDC,DPKDC200-5P5HN,Sản xuất
DPKDC,DPKDC200-4P5HN,Sản xuất
DPKDC,DPKDC200-3P5HN,Sản xuất
DPKDC,DPKDC200-6P5HT,Sản xuất
DPKDC,DPKDC200-5P5HT,Sản xuất
DPKDC,DPKDC200-4P5HT,Sản xuất
DPKDC,DPKDC200-3P5HT,Sản xuất
DPKDC,DPKDC200-6P5HD,Sản xuất
DPKDC,DPKDC200-5P5HD,Sản xuất
DPKDC,DPKDC200-4P5HD,Sản xuất
DPKDC,DPKDC200-3P5HD,Sản xuất
DPKDC,DPKDC200-6P5DN,Sản xuất
DPKDC,DPKDC200-5P5DN,Sản xuất
DPKDC,DPKDC200-4P5DN,Sản xuất
DPKDC,DPKDC200-3P5DN,Sản xuất
DPKDC,DPKDC200-6P5DT,Sản xuất
DPKDC,DPKDC200-5P5DT,Sản xuất
DPKDC,DPKDC200-4P5DT,Sản xuất
DPKDC,DPKDC200-3P5DT,Sản xuất
DPKDC,DPKDC200-6P5PT,Sản xuất
DPKDC,DPKDC200-5P5PT,Sản xuất
DPKDC,DPKDC200-4P5PT,Sản xuất
DPKDC,DPKDC200-3P5PT,Sản xuất
DPKDC,DPKDC200-6P5PD,Sản xuất
DPKDC,DPKDC200-5P5PD,Sản xuất
DPKDC,DPKDC200-4P5PD,Sản xuất
DPKDC,DPKDC200-3P5PD,Sản xuất
DPKDC,DPKDC200-6P5MT,Sản xuất
DPKDC,DPKDC200-5P5MT,Sản xuất
DPKDC,DPKDC200-4P5MT,Sản xuất
DPKDC,DPKDC200-3P5MT,Sản xuất
DPKDC,DPKDC200-6P5ID,Sản xuất
DPKDC,DPKDC200-5P5ID,Sản xuất
DPKDC,DPKDC200-4P5ID,Sản xuất
DPKDC,DPKDC200-3P5ID,Sản xuất
DPKDC,DPKDC200-6P5SL,Sản xuất
DPKDC,DPKDC200-5P5SL,Sản xuất
DPKDC,DPKDC200-4P5SL,Sản xuất
DPKDC,DPKDC200-3P5SL,Sản xuất
DPKDC,DPKDC200-RTFHN,Sản xuất
DPKDC,DPKDC200-GTFHN,Sản xuất
DPKDC,DPKDC200-BTFHN,Sản xuất
DPKDC,DPKDC200-RTFHT,Sản xuất
DPKDC,DPKDC200-GTFHT,Sản xuất
DPKDC,DPKDC200-BTFHT,Sản xuất
DPKDC,DPKDC200-RTFHD,Sản xuất
DPKDC,DPKDC200-GTFHD,Sản xuất
DPKDC,DPKDC200-BTFHD,Sản xuất
DPKDC,DPKDC200-RTFDN,Sản xuất
DPKDC,DPKDC200-GTFDN,Sản xuất
DPKDC,DPKDC200-BTFDN,Sản xuất
DPKDC,DPKDC200-RTFDT,Sản xuất
DPKDC,DPKDC200-GTFDT,Sản xuất
DPKDC,DPKDC200-BTFDT,Sản xuất
DPKDC,DPKDC200-RTFPT,Sản xuất
DPKDC,DPKDC200-GTFPT,Sản xuất
DPKDC,DPKDC200-BTFPT,Sản xuất
DPKDC,DPKDC200-RTFPD,Sản xuất
DPKDC,DPKDC200-GTFPD,Sản xuất
DPKDC,DPKDC200-BTFPD,Sản xuất
DPKDC,DPKDC200-RTFMT,Sản xuất
DPKDC,DPKDC200-GTFMT,Sản xuất
DPKDC,DPKDC200-BTFMT,Sản xuất
DPKDC,DPKDC200-RTFID,Sản xuất
DPKDC,DPKDC200-GTFID,Sản xuất
DPKDC,DPKDC200-BTFID,Sản xuất
DPKDC,DPKDC200-RTFSL,Sản xuất
DPKDC,DPKDC200-GTFSL,Sản xuất
DPKDC,DPKDC200-BTFSL,Sản xuất
DPKDC,DPKDC200-CBCHC,Sản xuất
DPKDC,DPKDC300-6B3HN,Sản xuất
DPKDC,DPKDC300-5B3HN,Sản xuất
DPKDC,DPKDC300-4B3HN,Sản xuất
DPKDC,DPKDC300-3B3HN,Sản xuất
DPKDC,DPKDC300-6B3HT,Sản xuất
DPKDC,DPKDC300-5B3HT,Sản xuất
DPKDC,DPKDC300-4B3HT,Sản xuất
DPKDC,DPKDC300-3B3HT,Sản xuất
DPKDC,DPKDC300-6B3HD,Sản xuất
DPKDC,DPKDC300-5B3HD,Sản xuất
DPKDC,DPKDC300-4B3HD,Sản xuất
DPKDC,DPKDC300-3B3HD,Sản xuất
DPKDC,DPKDC300-6B3DN,Sản xuất
DPKDC,DPKDC300-5B3DN,Sản xuất
DPKDC,DPKDC300-4B3DN,Sản xuất
DPKDC,DPKDC300-3B3DN,Sản xuất
DPKDC,DPKDC300-6B3DT,Sản xuất
DPKDC,DPKDC300-5B3DT,Sản xuất
DPKDC,DPKDC300-4B3DT,Sản xuất
DPKDC,DPKDC300-3B3DT,Sản xuất
DPKDC,DPKDC300-6B3PT,Sản xuất
DPKDC,DPKDC300-5B3PT,Sản xuất
DPKDC,DPKDC300-4B3PT,Sản xuất
DPKDC,DPKDC300-3B3PT,Sản xuất
DPKDC,DPKDC300-6B3PD,Sản xuất
DPKDC,DPKDC300-5B3PD,Sản xuất
DPKDC,DPKDC300-4B3PD,Sản xuất
DPKDC,DPKDC300-3B3PD,Sản xuất
DPKDC,DPKDC300-6B3MT,Sản xuất
DPKDC,DPKDC300-5B3MT,Sản xuất
DPKDC,DPKDC300-4B3MT,Sản xuất
DPKDC,DPKDC300-3B3MT,Sản xuất
DPKDC,DPKDC300-6B3ID,Sản xuất
DPKDC,DPKDC300-5B3ID,Sản xuất
DPKDC,DPKDC300-4B3ID,Sản xuất
DPKDC,DPKDC300-3B3ID,Sản xuất
DPKDC,DPKDC300-6B3SL,Sản xuất
DPKDC,DPKDC300-5B3SL,Sản xuất
DPKDC,DPKDC300-4B3SL,Sản xuất
DPKDC,DPKDC300-3B3SL,Sản xuất
DPKDC,DPKDC300-6P3HN,Sản xuất
DPKDC,DPKDC300-5P3HN,Sản xuất
DPKDC,DPKDC300-4P3HN,Sản xuất
DPKDC,DPKDC300-3P3HN,Sản xuất
DPKDC,DPKDC300-6P3HT,Sản xuất
DPKDC,DPKDC300-5P3HT,Sản xuất
DPKDC,DPKDC300-4P3HT,Sản xuất
DPKDC,DPKDC300-3P3HT,Sản xuất
DPKDC,DPKDC300-6P3HD,Sản xuất
DPKDC,DPKDC300-5P3HD,Sản xuất
DPKDC,DPKDC300-4P3HD,Sản xuất
DPKDC,DPKDC300-3P3HD,Sản xuất
DPKDC,DPKDC300-6P3DN,Sản xuất
DPKDC,DPKDC300-5P3DN,Sản xuất
DPKDC,DPKDC300-4P3DN,Sản xuất
DPKDC,DPKDC300-3P3DN,Sản xuất
DPKDC,DPKDC300-6P3DT,Sản xuất
DPKDC,DPKDC300-5P3DT,Sản xuất
DPKDC,DPKDC300-4P3DT,Sản xuất
DPKDC,DPKDC300-3P3DT,Sản xuất
DPKDC,DPKDC300-6P3PT,Sản xuất
DPKDC,DPKDC300-5P3PT,Sản xuất
DPKDC,DPKDC300-4P3PT,Sản xuất
DPKDC,DPKDC300-3P3PT,Sản xuất
DPKDC,DPKDC300-6P3PD,Sản xuất
DPKDC,DPKDC300-5P3PD,Sản xuất
DPKDC,DPKDC300-4P3PD,Sản xuất
DPKDC,DPKDC300-3P3PD,Sản xuất
DPKDC,DPKDC300-6P3MT,Sản xuất
DPKDC,DPKDC300-5P3MT,Sản xuất
DPKDC,DPKDC300-4P3MT,Sản xuất
DPKDC,DPKDC300-3P3MT,Sản xuất
DPKDC,DPKDC300-6P3ID,Sản xuất
DPKDC,DPKDC300-5P3ID,Sản xuất
DPKDC,DPKDC300-4P3ID,Sản xuất
DPKDC,DPKDC300-3P3ID,Sản xuất
DPKDC,DPKDC300-6P3SL,Sản xuất
DPKDC,DPKDC300-5P3SL,Sản xuất
DPKDC,DPKDC300-4P3SL,Sản xuất
DPKDC,DPKDC300-3P3SL,Sản xuất
DPKDC,DPKDC300-6B5HN,Sản xuất
DPKDC,DPKDC300-5B5HN,Sản xuất
DPKDC,DPKDC300-4B5HN,Sản xuất
DPKDC,DPKDC300-3B5HN,Sản xuất
DPKDC,DPKDC300-6B5HT,Sản xuất
DPKDC,DPKDC300-5B5HT,Sản xuất
DPKDC,DPKDC300-4B5HT,Sản xuất
DPKDC,DPKDC300-3B5HT,Sản xuất
DPKDC,DPKDC300-6B5HD,Sản xuất
DPKDC,DPKDC300-5B5HD,Sản xuất
DPKDC,DPKDC300-4B5HD,Sản xuất
DPKDC,DPKDC300-3B5HD,Sản xuất
DPKDC,DPKDC300-6B5DN,Sản xuất
DPKDC,DPKDC300-5B5DN,Sản xuất
DPKDC,DPKDC300-4B5DN,Sản xuất
DPKDC,DPKDC300-3B5DN,Sản xuất
DPKDC,DPKDC300-6B5DT,Sản xuất
DPKDC,DPKDC300-5B5DT,Sản xuất
DPKDC,DPKDC300-4B5DT,Sản xuất
DPKDC,DPKDC300-3B5DT,Sản xuất
DPKDC,DPKDC300-6B5PT,Sản xuất
DPKDC,DPKDC300-5B5PT,Sản xuất
DPKDC,DPKDC300-4B5PT,Sản xuất
DPKDC,DPKDC300-3B5PT,Sản xuất
DPKDC,DPKDC300-6B5PD,Sản xuất
DPKDC,DPKDC300-5B5PD,Sản xuất
DPKDC,DPKDC300-4B5PD,Sản xuất
DPKDC,DPKDC300-3B5PD,Sản xuất
DPKDC,DPKDC300-6B5MT,Sản xuất
DPKDC,DPKDC300-5B5MT,Sản xuất
DPKDC,DPKDC300-4B5MT,Sản xuất
DPKDC,DPKDC300-3B5MT,Sản xuất
DPKDC,DPKDC300-6B5ID,Sản xuất
DPKDC,DPKDC300-5B5ID,Sản xuất
DPKDC,DPKDC300-4B5ID,Sản xuất
DPKDC,DPKDC300-3B5ID,Sản xuất
DPKDC,DPKDC300-6B5SL,Sản xuất
DPKDC,DPKDC300-5B5SL,Sản xuất
DPKDC,DPKDC300-4B5SL,Sản xuất
DPKDC,DPKDC300-3B5SL,Sản xuất
DPKDC,DPKDC300-6P5HN,Sản xuất
DPKDC,DPKDC300-5P5HN,Sản xuất
DPKDC,DPKDC300-4P5HN,Sản xuất
DPKDC,DPKDC300-3P5HN,Sản xuất
DPKDC,DPKDC300-6P5HT,Sản xuất
DPKDC,DPKDC300-5P5HT,Sản xuất
DPKDC,DPKDC300-4P5HT,Sản xuất
DPKDC,DPKDC300-3P5HT,Sản xuất
DPKDC,DPKDC300-6P5HD,Sản xuất
DPKDC,DPKDC300-5P5HD,Sản xuất
DPKDC,DPKDC300-4P5HD,Sản xuất
DPKDC,DPKDC300-3P5HD,Sản xuất
DPKDC,DPKDC300-6P5DN,Sản xuất
DPKDC,DPKDC300-5P5DN,Sản xuất
DPKDC,DPKDC300-4P5DN,Sản xuất
DPKDC,DPKDC300-3P5DN,Sản xuất
DPKDC,DPKDC300-6P5DT,Sản xuất
DPKDC,DPKDC300-5P5DT,Sản xuất
DPKDC,DPKDC300-4P5DT,Sản xuất
DPKDC,DPKDC300-3P5DT,Sản xuất
DPKDC,DPKDC300-6P5PT,Sản xuất
DPKDC,DPKDC300-5P5PT,Sản xuất
DPKDC,DPKDC300-4P5PT,Sản xuất
DPKDC,DPKDC300-3P5PT,Sản xuất
DPKDC,DPKDC300-6P5PD,Sản xuất
DPKDC,DPKDC300-5P5PD,Sản xuất
DPKDC,DPKDC300-4P5PD,Sản xuất
DPKDC,DPKDC300-3P5PD,Sản xuất
DPKDC,DPKDC300-6P5MT,Sản xuất
DPKDC,DPKDC300-5P5MT,Sản xuất
DPKDC,DPKDC300-4P5MT,Sản xuất
DPKDC,DPKDC300-3P5MT,Sản xuất
DPKDC,DPKDC300-6P5ID,Sản xuất
DPKDC,DPKDC300-5P5ID,Sản xuất
DPKDC,DPKDC300-4P5ID,Sản xuất
DPKDC,DPKDC300-3P5ID,Sản xuất
DPKDC,DPKDC300-6P5SL,Sản xuất
DPKDC,DPKDC300-5P5SL,Sản xuất
DPKDC,DPKDC300-4P5SL,Sản xuất
DPKDC,DPKDC300-3P5SL,Sản xuất
DPKDC,DPKDC300-RTFHN,Sản xuất
DPKDC,DPKDC300-GTFHN,Sản xuất
DPKDC,DPKDC300-BTFHN,Sản xuất
DPKDC,DPKDC300-RTFHT,Sản xuất
DPKDC,DPKDC300-GTFHT,Sản xuất
DPKDC,DPKDC300-BTFHT,Sản xuất
DPKDC,DPKDC300-RTFHD,Sản xuất
DPKDC,DPKDC300-GTFHD,Sản xuất
DPKDC,DPKDC300-BTFHD,Sản xuất
DPKDC,DPKDC300-RTFDN,Sản xuất
DPKDC,DPKDC300-GTFDN,Sản xuất
DPKDC,DPKDC300-BTFDN,Sản xuất
DPKDC,DPKDC300-RTFDT,Sản xuất
DPKDC,DPKDC300-GTFDT,Sản xuất
DPKDC,DPKDC300-BTFDT,Sản xuất
DPKDC,DPKDC300-RTFPT,Sản xuất
DPKDC,DPKDC300-GTFPT,Sản xuất
DPKDC,DPKDC300-BTFPT,Sản xuất
DPKDC,DPKDC300-RTFPD,Sản xuất
DPKDC,DPKDC300-GTFPD,Sản xuất
DPKDC,DPKDC300-BTFPD,Sản xuất
DPKDC,DPKDC300-RTFMT,Sản xuất
DPKDC,DPKDC300-GTFMT,Sản xuất
DPKDC,DPKDC300-BTFMT,Sản xuất
DPKDC,DPKDC300-RTFID,Sản xuất
DPKDC,DPKDC300-GTFID,Sản xuất
DPKDC,DPKDC300-BTFID,Sản xuất
DPKDC,DPKDC300-RTFSL,Sản xuất
DPKDC,DPKDC300-GTFSL,Sản xuất
DPKDC,DPKDC300-BTFSL,Sản xuất
DPKDC,DPKDC300-CBCHC,Sản xuất
DXHBC,DXHBC050-6B3HN,Sản xuất
DXHBC,DXHBC050-5B3HN,Sản xuất
DXHBC,DXHBC050-4B3HN,Sản xuất
DXHBC,DXHBC050-3B3HN,Sản xuất
DXHBC,DXHBC050-6B3HT,Sản xuất
DXHBC,DXHBC050-5B3HT,Sản xuất
DXHBC,DXHBC050-4B3HT,Sản xuất
DXHBC,DXHBC050-3B3HT,Sản xuất
DXHBC,DXHBC050-6B3HD,Sản xuất
DXHBC,DXHBC050-5B3HD,Sản xuất
DXHBC,DXHBC050-4B3HD,Sản xuất
DXHBC,DXHBC050-3B3HD,Sản xuất
DXHBC,DXHBC050-6B3DN,Sản xuất
DXHBC,DXHBC050-5B3DN,Sản xuất
DXHBC,DXHBC050-4B3DN,Sản xuất
DXHBC,DXHBC050-3B3DN,Sản xuất
DXHBC,DXHBC050-6B3DT,Sản xuất
DXHBC,DXHBC050-5B3DT,Sản xuất
DXHBC,DXHBC050-4B3DT,Sản xuất
DXHBC,DXHBC050-3B3DT,Sản xuất
DXHBC,DXHBC050-6B3PT,Sản xuất
DXHBC,DXHBC050-5B3PT,Sản xuất
DXHBC,DXHBC050-4B3PT,Sản xuất
DXHBC,DXHBC050-3B3PT,Sản xuất
DXHBC,DXHBC050-6B3PD,Sản xuất
DXHBC,DXHBC050-5B3PD,Sản xuất
DXHBC,DXHBC050-4B3PD,Sản xuất
DXHBC,DXHBC050-3B3PD,Sản xuất
DXHBC,DXHBC050-6B3MT,Sản xuất
DXHBC,DXHBC050-5B3MT,Sản xuất
DXHBC,DXHBC050-4B3MT,Sản xuất
DXHBC,DXHBC050-3B3MT,Sản xuất
DXHBC,DXHBC050-6B3ID,Sản xuất
DXHBC,DXHBC050-5B3ID,Sản xuất
DXHBC,DXHBC050-4B3ID,Sản xuất
DXHBC,DXHBC050-3B3ID,Sản xuất
DXHBC,DXHBC050-6B3SL,Sản xuất
DXHBC,DXHBC050-5B3SL,Sản xuất
DXHBC,DXHBC050-4B3SL,Sản xuất
DXHBC,DXHBC050-3B3SL,Sản xuất
DXHBC,DXHBC050-6P3HN,Sản xuất
DXHBC,DXHBC050-5P3HN,Sản xuất
DXHBC,DXHBC050-4P3HN,Sản xuất
DXHBC,DXHBC050-3P3HN,Sản xuất
DXHBC,DXHBC050-6P3HT,Sản xuất
DXHBC,DXHBC050-5P3HT,Sản xuất
DXHBC,DXHBC050-4P3HT,Sản xuất
DXHBC,DXHBC050-3P3HT,Sản xuất
DXHBC,DXHBC050-6P3HD,Sản xuất
DXHBC,DXHBC050-5P3HD,Sản xuất
DXHBC,DXHBC050-4P3HD,Sản xuất
DXHBC,DXHBC050-3P3HD,Sản xuất
DXHBC,DXHBC050-6P3DN,Sản xuất
DXHBC,DXHBC050-5P3DN,Sản xuất
DXHBC,DXHBC050-4P3DN,Sản xuất
DXHBC,DXHBC050-3P3DN,Sản xuất
DXHBC,DXHBC050-6P3DT,Sản xuất
DXHBC,DXHBC050-5P3DT,Sản xuất
DXHBC,DXHBC050-4P3DT,Sản xuất
DXHBC,DXHBC050-3P3DT,Sản xuất
DXHBC,DXHBC050-6P3PT,Sản xuất
DXHBC,DXHBC050-5P3PT,Sản xuất
DXHBC,DXHBC050-4P3PT,Sản xuất
DXHBC,DXHBC050-3P3PT,Sản xuất
DXHBC,DXHBC050-6P3PD,Sản xuất
DXHBC,DXHBC050-5P3PD,Sản xuất
DXHBC,DXHBC050-4P3PD,Sản xuất
DXHBC,DXHBC050-3P3PD,Sản xuất
DXHBC,DXHBC050-6P3MT,Sản xuất
DXHBC,DXHBC050-5P3MT,Sản xuất
DXHBC,DXHBC050-4P3MT,Sản xuất
DXHBC,DXHBC050-3P3MT,Sản xuất
DXHBC,DXHBC050-6P3ID,Sản xuất
DXHBC,DXHBC050-5P3ID,Sản xuất
DXHBC,DXHBC050-4P3ID,Sản xuất
DXHBC,DXHBC050-3P3ID,Sản xuất
DXHBC,DXHBC050-6P3SL,Sản xuất
DXHBC,DXHBC050-5P3SL,Sản xuất
DXHBC,DXHBC050-4P3SL,Sản xuất
DXHBC,DXHBC050-3P3SL,Sản xuất
DXHBC,DXHBC050-6B5HN,Sản xuất
DXHBC,DXHBC050-5B5HN,Sản xuất
DXHBC,DXHBC050-4B5HN,Sản xuất
DXHBC,DXHBC050-3B5HN,Sản xuất
DXHBC,DXHBC050-6B5HT,Sản xuất
DXHBC,DXHBC050-5B5HT,Sản xuất
DXHBC,DXHBC050-4B5HT,Sản xuất
DXHBC,DXHBC050-3B5HT,Sản xuất
DXHBC,DXHBC050-6B5HD,Sản xuất
DXHBC,DXHBC050-5B5HD,Sản xuất
DXHBC,DXHBC050-4B5HD,Sản xuất
DXHBC,DXHBC050-3B5HD,Sản xuất
DXHBC,DXHBC050-6B5DN,Sản xuất
DXHBC,DXHBC050-5B5DN,Sản xuất
DXHBC,DXHBC050-4B5DN,Sản xuất
DXHBC,DXHBC050-3B5DN,Sản xuất
DXHBC,DXHBC050-6B5DT,Sản xuất
DXHBC,DXHBC050-5B5DT,Sản xuất
DXHBC,DXHBC050-4B5DT,Sản xuất
DXHBC,DXHBC050-3B5DT,Sản xuất
DXHBC,DXHBC050-6B5PT,Sản xuất
DXHBC,DXHBC050-5B5PT,Sản xuất
DXHBC,DXHBC050-4B5PT,Sản xuất
DXHBC,DXHBC050-3B5PT,Sản xuất
DXHBC,DXHBC050-6B5PD,Sản xuất
DXHBC,DXHBC050-5B5PD,Sản xuất
DXHBC,DXHBC050-4B5PD,Sản xuất
DXHBC,DXHBC050-3B5PD,Sản xuất
DXHBC,DXHBC050-6B5MT,Sản xuất
DXHBC,DXHBC050-5B5MT,Sản xuất
DXHBC,DXHBC050-4B5MT,Sản xuất
DXHBC,DXHBC050-3B5MT,Sản xuất
DXHBC,DXHBC050-6B5ID,Sản xuất
DXHBC,DXHBC050-5B5ID,Sản xuất
DXHBC,DXHBC050-4B5ID,Sản xuất
DXHBC,DXHBC050-3B5ID,Sản xuất
DXHBC,DXHBC050-6B5SL,Sản xuất
DXHBC,DXHBC050-5B5SL,Sản xuất
DXHBC,DXHBC050-4B5SL,Sản xuất
DXHBC,DXHBC050-3B5SL,Sản xuất
DXHBC,DXHBC050-6P5HN,Sản xuất
DXHBC,DXHBC050-5P5HN,Sản xuất
DXHBC,DXHBC050-4P5HN,Sản xuất
DXHBC,DXHBC050-3P5HN,Sản xuất
DXHBC,DXHBC050-6P5HT,Sản xuất
DXHBC,DXHBC050-5P5HT,Sản xuất
DXHBC,DXHBC050-4P5HT,Sản xuất
DXHBC,DXHBC050-3P5HT,Sản xuất
DXHBC,DXHBC050-6P5HD,Sản xuất
DXHBC,DXHBC050-5P5HD,Sản xuất
DXHBC,DXHBC050-4P5HD,Sản xuất
DXHBC,DXHBC050-3P5HD,Sản xuất
DXHBC,DXHBC050-6P5DN,Sản xuất
DXHBC,DXHBC050-5P5DN,Sản xuất
DXHBC,DXHBC050-4P5DN,Sản xuất
DXHBC,DXHBC050-3P5DN,Sản xuất
DXHBC,DXHBC050-6P5DT,Sản xuất
DXHBC,DXHBC050-5P5DT,Sản xuất
DXHBC,DXHBC050-4P5DT,Sản xuất
DXHBC,DXHBC050-3P5DT,Sản xuất
DXHBC,DXHBC050-6P5PT,Sản xuất
DXHBC,DXHBC050-5P5PT,Sản xuất
DXHBC,DXHBC050-4P5PT,Sản xuất
DXHBC,DXHBC050-3P5PT,Sản xuất
DXHBC,DXHBC050-6P5PD,Sản xuất
DXHBC,DXHBC050-5P5PD,Sản xuất
DXHBC,DXHBC050-4P5PD,Sản xuất
DXHBC,DXHBC050-3P5PD,Sản xuất
DXHBC,DXHBC050-6P5MT,Sản xuất
DXHBC,DXHBC050-5P5MT,Sản xuất
DXHBC,DXHBC050-4P5MT,Sản xuất
DXHBC,DXHBC050-3P5MT,Sản xuất
DXHBC,DXHBC050-6P5ID,Sản xuất
DXHBC,DXHBC050-5P5ID,Sản xuất
DXHBC,DXHBC050-4P5ID,Sản xuất
DXHBC,DXHBC050-3P5ID,Sản xuất
DXHBC,DXHBC050-6P5SL,Sản xuất
DXHBC,DXHBC050-5P5SL,Sản xuất
DXHBC,DXHBC050-4P5SL,Sản xuất
DXHBC,DXHBC050-3P5SL,Sản xuất
DXHBC,DXHBC050-RTFHN,Sản xuất
DXHBC,DXHBC050-GTFHN,Sản xuất
DXHBC,DXHBC050-BTFHN,Sản xuất
DXHBC,DXHBC050-RTFHT,Sản xuất
DXHBC,DXHBC050-GTFHT,Sản xuất
DXHBC,DXHBC050-BTFHT,Sản xuất
DXHBC,DXHBC050-RTFHD,Sản xuất
DXHBC,DXHBC050-GTFHD,Sản xuất
DXHBC,DXHBC050-BTFHD,Sản xuất
DXHBC,DXHBC050-RTFDN,Sản xuất
DXHBC,DXHBC050-GTFDN,Sản xuất
DXHBC,DXHBC050-BTFDN,Sản xuất
DXHBC,DXHBC050-RTFDT,Sản xuất
DXHBC,DXHBC050-GTFDT,Sản xuất
DXHBC,DXHBC050-BTFDT,Sản xuất
DXHBC,DXHBC050-RTFPT,Sản xuất
DXHBC,DXHBC050-GTFPT,Sản xuất
DXHBC,DXHBC050-BTFPT,Sản xuất
DXHBC,DXHBC050-RTFPD,Sản xuất
DXHBC,DXHBC050-GTFPD,Sản xuất
DXHBC,DXHBC050-BTFPD,Sản xuất
DXHBC,DXHBC050-RTFMT,Sản xuất
DXHBC,DXHBC050-GTFMT,Sản xuất
DXHBC,DXHBC050-BTFMT,Sản xuất
DXHBC,DXHBC050-RTFID,Sản xuất
DXHBC,DXHBC050-GTFID,Sản xuất
DXHBC,DXHBC050-BTFID,Sản xuất
DXHBC,DXHBC050-RTFSL,Sản xuất
DXHBC,DXHBC050-GTFSL,Sản xuất
DXHBC,DXHBC050-BTFSL,Sản xuất
DXHBC,DXHBC050-CBCHC,Sản xuất
DXHBC,DXHBC100-6B3HN,Sản xuất
DXHBC,DXHBC100-5B3HN,Sản xuất
DXHBC,DXHBC100-4B3HN,Sản xuất
DXHBC,DXHBC100-3B3HN,Sản xuất
DXHBC,DXHBC100-6B3HT,Sản xuất
DXHBC,DXHBC100-5B3HT,Sản xuất
DXHBC,DXHBC100-4B3HT,Sản xuất
DXHBC,DXHBC100-3B3HT,Sản xuất
DXHBC,DXHBC100-6B3HD,Sản xuất
DXHBC,DXHBC100-5B3HD,Sản xuất
DXHBC,DXHBC100-4B3HD,Sản xuất
DXHBC,DXHBC100-3B3HD,Sản xuất
DXHBC,DXHBC100-6B3DN,Sản xuất
DXHBC,DXHBC100-5B3DN,Sản xuất
DXHBC,DXHBC100-4B3DN,Sản xuất
DXHBC,DXHBC100-3B3DN,Sản xuất
DXHBC,DXHBC100-6B3DT,Sản xuất
DXHBC,DXHBC100-5B3DT,Sản xuất
DXHBC,DXHBC100-4B3DT,Sản xuất
DXHBC,DXHBC100-3B3DT,Sản xuất
DXHBC,DXHBC100-6B3PT,Sản xuất
DXHBC,DXHBC100-5B3PT,Sản xuất
DXHBC,DXHBC100-4B3PT,Sản xuất
DXHBC,DXHBC100-3B3PT,Sản xuất
DXHBC,DXHBC100-6B3PD,Sản xuất
DXHBC,DXHBC100-5B3PD,Sản xuất
DXHBC,DXHBC100-4B3PD,Sản xuất
DXHBC,DXHBC100-3B3PD,Sản xuất
DXHBC,DXHBC100-6B3MT,Sản xuất
DXHBC,DXHBC100-5B3MT,Sản xuất
DXHBC,DXHBC100-4B3MT,Sản xuất
DXHBC,DXHBC100-3B3MT,Sản xuất
DXHBC,DXHBC100-6B3ID,Sản xuất
DXHBC,DXHBC100-5B3ID,Sản xuất
DXHBC,DXHBC100-4B3ID,Sản xuất
DXHBC,DXHBC100-3B3ID,Sản xuất
DXHBC,DXHBC100-6B3SL,Sản xuất
DXHBC,DXHBC100-5B3SL,Sản xuất
DXHBC,DXHBC100-4B3SL,Sản xuất
DXHBC,DXHBC100-3B3SL,Sản xuất
DXHBC,DXHBC100-6P3HN,Sản xuất
DXHBC,DXHBC100-5P3HN,Sản xuất
DXHBC,DXHBC100-4P3HN,Sản xuất
DXHBC,DXHBC100-3P3HN,Sản xuất
DXHBC,DXHBC100-6P3HT,Sản xuất
DXHBC,DXHBC100-5P3HT,Sản xuất
DXHBC,DXHBC100-4P3HT,Sản xuất
DXHBC,DXHBC100-3P3HT,Sản xuất
DXHBC,DXHBC100-6P3HD,Sản xuất
DXHBC,DXHBC100-5P3HD,Sản xuất
DXHBC,DXHBC100-4P3HD,Sản xuất
DXHBC,DXHBC100-3P3HD,Sản xuất
DXHBC,DXHBC100-6P3DN,Sản xuất
DXHBC,DXHBC100-5P3DN,Sản xuất
DXHBC,DXHBC100-4P3DN,Sản xuất
DXHBC,DXHBC100-3P3DN,Sản xuất
DXHBC,DXHBC100-6P3DT,Sản xuất
DXHBC,DXHBC100-5P3DT,Sản xuất
DXHBC,DXHBC100-4P3DT,Sản xuất
DXHBC,DXHBC100-3P3DT,Sản xuất
DXHBC,DXHBC100-6P3PT,Sản xuất
DXHBC,DXHBC100-5P3PT,Sản xuất
DXHBC,DXHBC100-4P3PT,Sản xuất
DXHBC,DXHBC100-3P3PT,Sản xuất
DXHBC,DXHBC100-6P3PD,Sản xuất
DXHBC,DXHBC100-5P3PD,Sản xuất
DXHBC,DXHBC100-4P3PD,Sản xuất
DXHBC,DXHBC100-3P3PD,Sản xuất
DXHBC,DXHBC100-6P3MT,Sản xuất
DXHBC,DXHBC100-5P3MT,Sản xuất
DXHBC,DXHBC100-4P3MT,Sản xuất
DXHBC,DXHBC100-3P3MT,Sản xuất
DXHBC,DXHBC100-6P3ID,Sản xuất
DXHBC,DXHBC100-5P3ID,Sản xuất
DXHBC,DXHBC100-4P3ID,Sản xuất
DXHBC,DXHBC100-3P3ID,Sản xuất
DXHBC,DXHBC100-6P3SL,Sản xuất
DXHBC,DXHBC100-5P3SL,Sản xuất
DXHBC,DXHBC100-4P3SL,Sản xuất
DXHBC,DXHBC100-3P3SL,Sản xuất
DXHBC,DXHBC100-6B5HN,Sản xuất
DXHBC,DXHBC100-5B5HN,Sản xuất
DXHBC,DXHBC100-4B5HN,Sản xuất
DXHBC,DXHBC100-3B5HN,Sản xuất
DXHBC,DXHBC100-6B5HT,Sản xuất
DXHBC,DXHBC100-5B5HT,Sản xuất
DXHBC,DXHBC100-4B5HT,Sản xuất
DXHBC,DXHBC100-3B5HT,Sản xuất
DXHBC,DXHBC100-6B5HD,Sản xuất
DXHBC,DXHBC100-5B5HD,Sản xuất
DXHBC,DXHBC100-4B5HD,Sản xuất
DXHBC,DXHBC100-3B5HD,Sản xuất
DXHBC,DXHBC100-6B5DN,Sản xuất
DXHBC,DXHBC100-5B5DN,Sản xuất
DXHBC,DXHBC100-4B5DN,Sản xuất
DXHBC,DXHBC100-3B5DN,Sản xuất
DXHBC,DXHBC100-6B5DT,Sản xuất
DXHBC,DXHBC100-5B5DT,Sản xuất
DXHBC,DXHBC100-4B5DT,Sản xuất
DXHBC,DXHBC100-3B5DT,Sản xuất
DXHBC,DXHBC100-6B5PT,Sản xuất
DXHBC,DXHBC100-5B5PT,Sản xuất
DXHBC,DXHBC100-4B5PT,Sản xuất
DXHBC,DXHBC100-3B5PT,Sản xuất
DXHBC,DXHBC100-6B5PD,Sản xuất
DXHBC,DXHBC100-5B5PD,Sản xuất
DXHBC,DXHBC100-4B5PD,Sản xuất
DXHBC,DXHBC100-3B5PD,Sản xuất
DXHBC,DXHBC100-6B5MT,Sản xuất
DXHBC,DXHBC100-5B5MT,Sản xuất
DXHBC,DXHBC100-4B5MT,Sản xuất
DXHBC,DXHBC100-3B5MT,Sản xuất
DXHBC,DXHBC100-6B5ID,Sản xuất
DXHBC,DXHBC100-5B5ID,Sản xuất
DXHBC,DXHBC100-4B5ID,Sản xuất
DXHBC,DXHBC100-3B5ID,Sản xuất
DXHBC,DXHBC100-6B5SL,Sản xuất
DXHBC,DXHBC100-5B5SL,Sản xuất
DXHBC,DXHBC100-4B5SL,Sản xuất
DXHBC,DXHBC100-3B5SL,Sản xuất
DXHBC,DXHBC100-6P5HN,Sản xuất
DXHBC,DXHBC100-5P5HN,Sản xuất
DXHBC,DXHBC100-4P5HN,Sản xuất
DXHBC,DXHBC100-3P5HN,Sản xuất
DXHBC,DXHBC100-6P5HT,Sản xuất
DXHBC,DXHBC100-5P5HT,Sản xuất
DXHBC,DXHBC100-4P5HT,Sản xuất
DXHBC,DXHBC100-3P5HT,Sản xuất
DXHBC,DXHBC100-6P5HD,Sản xuất
DXHBC,DXHBC100-5P5HD,Sản xuất
DXHBC,DXHBC100-4P5HD,Sản xuất
DXHBC,DXHBC100-3P5HD,Sản xuất
DXHBC,DXHBC100-6P5DN,Sản xuất
DXHBC,DXHBC100-5P5DN,Sản xuất
DXHBC,DXHBC100-4P5DN,Sản xuất
DXHBC,DXHBC100-3P5DN,Sản xuất
DXHBC,DXHBC100-6P5DT,Sản xuất
DXHBC,DXHBC100-5P5DT,Sản xuất
DXHBC,DXHBC100-4P5DT,Sản xuất
DXHBC,DXHBC100-3P5DT,Sản xuất
DXHBC,DXHBC100-6P5PT,Sản xuất
DXHBC,DXHBC100-5P5PT,Sản xuất
DXHBC,DXHBC100-4P5PT,Sản xuất
DXHBC,DXHBC100-3P5PT,Sản xuất
DXHBC,DXHBC100-6P5PD,Sản xuất
DXHBC,DXHBC100-5P5PD,Sản xuất
DXHBC,DXHBC100-4P5PD,Sản xuất
DXHBC,DXHBC100-3P5PD,Sản xuất
DXHBC,DXHBC100-6P5MT,Sản xuất
DXHBC,DXHBC100-5P5MT,Sản xuất
DXHBC,DXHBC100-4P5MT,Sản xuất
DXHBC,DXHBC100-3P5MT,Sản xuất
DXHBC,DXHBC100-6P5ID,Sản xuất
DXHBC,DXHBC100-5P5ID,Sản xuất
DXHBC,DXHBC100-4P5ID,Sản xuất
DXHBC,DXHBC100-3P5ID,Sản xuất
DXHBC,DXHBC100-6P5SL,Sản xuất
DXHBC,DXHBC100-5P5SL,Sản xuất
DXHBC,DXHBC100-4P5SL,Sản xuất
DXHBC,DXHBC100-3P5SL,Sản xuất
DXHBC,DXHBC100-RTFHN,Sản xuất
DXHBC,DXHBC100-GTFHN,Sản xuất
DXHBC,DXHBC100-BTFHN,Sản xuất
DXHBC,DXHBC100-RTFHT,Sản xuất
DXHBC,DXHBC100-GTFHT,Sản xuất
DXHBC,DXHBC100-BTFHT,Sản xuất
DXHBC,DXHBC100-RTFHD,Sản xuất
DXHBC,DXHBC100-GTFHD,Sản xuất
DXHBC,DXHBC100-BTFHD,Sản xuất
DXHBC,DXHBC100-RTFDN,Sản xuất
DXHBC,DXHBC100-GTFDN,Sản xuất
DXHBC,DXHBC100-BTFDN,Sản xuất
DXHBC,DXHBC100-RTFDT,Sản xuất
DXHBC,DXHBC100-GTFDT,Sản xuất
DXHBC,DXHBC100-BTFDT,Sản xuất
DXHBC,DXHBC100-RTFPT,Sản xuất
DXHBC,DXHBC100-GTFPT,Sản xuất
DXHBC,DXHBC100-BTFPT,Sản xuất
DXHBC,DXHBC100-RTFPD,Sản xuất
DXHBC,DXHBC100-GTFPD,Sản xuất
DXHBC,DXHBC100-BTFPD,Sản xuất
DXHBC,DXHBC100-RTFMT,Sản xuất
DXHBC,DXHBC100-GTFMT,Sản xuất
DXHBC,DXHBC100-BTFMT,Sản xuất
DXHBC,DXHBC100-RTFID,Sản xuất
DXHBC,DXHBC100-GTFID,Sản xuất
DXHBC,DXHBC100-BTFID,Sản xuất
DXHBC,DXHBC100-RTFSL,Sản xuất
DXHBC,DXHBC100-GTFSL,Sản xuất
DXHBC,DXHBC100-BTFSL,Sản xuất
DXHBC,DXHBC100-CBCHC,Sản xuất
DXHBC,DXHBC150-6B3HN,Sản xuất
DXHBC,DXHBC150-5B3HN,Sản xuất
DXHBC,DXHBC150-4B3HN,Sản xuất
DXHBC,DXHBC150-3B3HN,Sản xuất
DXHBC,DXHBC150-6B3HT,Sản xuất
DXHBC,DXHBC150-5B3HT,Sản xuất
DXHBC,DXHBC150-4B3HT,Sản xuất
DXHBC,DXHBC150-3B3HT,Sản xuất
DXHBC,DXHBC150-6B3HD,Sản xuất
DXHBC,DXHBC150-5B3HD,Sản xuất
DXHBC,DXHBC150-4B3HD,Sản xuất
DXHBC,DXHBC150-3B3HD,Sản xuất
DXHBC,DXHBC150-6B3DN,Sản xuất
DXHBC,DXHBC150-5B3DN,Sản xuất
DXHBC,DXHBC150-4B3DN,Sản xuất
DXHBC,DXHBC150-3B3DN,Sản xuất
DXHBC,DXHBC150-6B3DT,Sản xuất
DXHBC,DXHBC150-5B3DT,Sản xuất
DXHBC,DXHBC150-4B3DT,Sản xuất
DXHBC,DXHBC150-3B3DT,Sản xuất
DXHBC,DXHBC150-6B3PT,Sản xuất
DXHBC,DXHBC150-5B3PT,Sản xuất
DXHBC,DXHBC150-4B3PT,Sản xuất
DXHBC,DXHBC150-3B3PT,Sản xuất
DXHBC,DXHBC150-6B3PD,Sản xuất
DXHBC,DXHBC150-5B3PD,Sản xuất
DXHBC,DXHBC150-4B3PD,Sản xuất
DXHBC,DXHBC150-3B3PD,Sản xuất
DXHBC,DXHBC150-6B3MT,Sản xuất
DXHBC,DXHBC150-5B3MT,Sản xuất
DXHBC,DXHBC150-4B3MT,Sản xuất
DXHBC,DXHBC150-3B3MT,Sản xuất
DXHBC,DXHBC150-6B3ID,Sản xuất
DXHBC,DXHBC150-5B3ID,Sản xuất
DXHBC,DXHBC150-4B3ID,Sản xuất
DXHBC,DXHBC150-3B3ID,Sản xuất
DXHBC,DXHBC150-6B3SL,Sản xuất
DXHBC,DXHBC150-5B3SL,Sản xuất
DXHBC,DXHBC150-4B3SL,Sản xuất
DXHBC,DXHBC150-3B3SL,Sản xuất
DXHBC,DXHBC150-6P3HN,Sản xuất
DXHBC,DXHBC150-5P3HN,Sản xuất
DXHBC,DXHBC150-4P3HN,Sản xuất
DXHBC,DXHBC150-3P3HN,Sản xuất
DXHBC,DXHBC150-6P3HT,Sản xuất
DXHBC,DXHBC150-5P3HT,Sản xuất
DXHBC,DXHBC150-4P3HT,Sản xuất
DXHBC,DXHBC150-3P3HT,Sản xuất
DXHBC,DXHBC150-6P3HD,Sản xuất
DXHBC,DXHBC150-5P3HD,Sản xuất
DXHBC,DXHBC150-4P3HD,Sản xuất
DXHBC,DXHBC150-3P3HD,Sản xuất
DXHBC,DXHBC150-6P3DN,Sản xuất
DXHBC,DXHBC150-5P3DN,Sản xuất
DXHBC,DXHBC150-4P3DN,Sản xuất
DXHBC,DXHBC150-3P3DN,Sản xuất
DXHBC,DXHBC150-6P3DT,Sản xuất
DXHBC,DXHBC150-5P3DT,Sản xuất
DXHBC,DXHBC150-4P3DT,Sản xuất
DXHBC,DXHBC150-3P3DT,Sản xuất
DXHBC,DXHBC150-6P3PT,Sản xuất
DXHBC,DXHBC150-5P3PT,Sản xuất
DXHBC,DXHBC150-4P3PT,Sản xuất
DXHBC,DXHBC150-3P3PT,Sản xuất
DXHBC,DXHBC150-6P3PD,Sản xuất
DXHBC,DXHBC150-5P3PD,Sản xuất
DXHBC,DXHBC150-4P3PD,Sản xuất
DXHBC,DXHBC150-3P3PD,Sản xuất
DXHBC,DXHBC150-6P3MT,Sản xuất
DXHBC,DXHBC150-5P3MT,Sản xuất
DXHBC,DXHBC150-4P3MT,Sản xuất
DXHBC,DXHBC150-3P3MT,Sản xuất
DXHBC,DXHBC150-6P3ID,Sản xuất
DXHBC,DXHBC150-5P3ID,Sản xuất
DXHBC,DXHBC150-4P3ID,Sản xuất
DXHBC,DXHBC150-3P3ID,Sản xuất
DXHBC,DXHBC150-6P3SL,Sản xuất
DXHBC,DXHBC150-5P3SL,Sản xuất
DXHBC,DXHBC150-4P3SL,Sản xuất
DXHBC,DXHBC150-3P3SL,Sản xuất
DXHBC,DXHBC150-6B5HN,Sản xuất
DXHBC,DXHBC150-5B5HN,Sản xuất
DXHBC,DXHBC150-4B5HN,Sản xuất
DXHBC,DXHBC150-3B5HN,Sản xuất
DXHBC,DXHBC150-6B5HT,Sản xuất
DXHBC,DXHBC150-5B5HT,Sản xuất
DXHBC,DXHBC150-4B5HT,Sản xuất
DXHBC,DXHBC150-3B5HT,Sản xuất
DXHBC,DXHBC150-6B5HD,Sản xuất
DXHBC,DXHBC150-5B5HD,Sản xuất
DXHBC,DXHBC150-4B5HD,Sản xuất
DXHBC,DXHBC150-3B5HD,Sản xuất
DXHBC,DXHBC150-6B5DN,Sản xuất
DXHBC,DXHBC150-5B5DN,Sản xuất
DXHBC,DXHBC150-4B5DN,Sản xuất
DXHBC,DXHBC150-3B5DN,Sản xuất
DXHBC,DXHBC150-6B5DT,Sản xuất
DXHBC,DXHBC150-5B5DT,Sản xuất
DXHBC,DXHBC150-4B5DT,Sản xuất
DXHBC,DXHBC150-3B5DT,Sản xuất
DXHBC,DXHBC150-6B5PT,Sản xuất
DXHBC,DXHBC150-5B5PT,Sản xuất
DXHBC,DXHBC150-4B5PT,Sản xuất
DXHBC,DXHBC150-3B5PT,Sản xuất
DXHBC,DXHBC150-6B5PD,Sản xuất
DXHBC,DXHBC150-5B5PD,Sản xuất
DXHBC,DXHBC150-4B5PD,Sản xuất
DXHBC,DXHBC150-3B5PD,Sản xuất
DXHBC,DXHBC150-6B5MT,Sản xuất
DXHBC,DXHBC150-5B5MT,Sản xuất
DXHBC,DXHBC150-4B5MT,Sản xuất
DXHBC,DXHBC150-3B5MT,Sản xuất
DXHBC,DXHBC150-6B5ID,Sản xuất
DXHBC,DXHBC150-5B5ID,Sản xuất
DXHBC,DXHBC150-4B5ID,Sản xuất
DXHBC,DXHBC150-3B5ID,Sản xuất
DXHBC,DXHBC150-6B5SL,Sản xuất
DXHBC,DXHBC150-5B5SL,Sản xuất
DXHBC,DXHBC150-4B5SL,Sản xuất
DXHBC,DXHBC150-3B5SL,Sản xuất
DXHBC,DXHBC150-6P5HN,Sản xuất
DXHBC,DXHBC150-5P5HN,Sản xuất
DXHBC,DXHBC150-4P5HN,Sản xuất
DXHBC,DXHBC150-3P5HN,Sản xuất
DXHBC,DXHBC150-6P5HT,Sản xuất
DXHBC,DXHBC150-5P5HT,Sản xuất
DXHBC,DXHBC150-4P5HT,Sản xuất
DXHBC,DXHBC150-3P5HT,Sản xuất
DXHBC,DXHBC150-6P5HD,Sản xuất
DXHBC,DXHBC150-5P5HD,Sản xuất
DXHBC,DXHBC150-4P5HD,Sản xuất
DXHBC,DXHBC150-3P5HD,Sản xuất
DXHBC,DXHBC150-6P5DN,Sản xuất
DXHBC,DXHBC150-5P5DN,Sản xuất
DXHBC,DXHBC150-4P5DN,Sản xuất
DXHBC,DXHBC150-3P5DN,Sản xuất
DXHBC,DXHBC150-6P5DT,Sản xuất
DXHBC,DXHBC150-5P5DT,Sản xuất
DXHBC,DXHBC150-4P5DT,Sản xuất
DXHBC,DXHBC150-3P5DT,Sản xuất
DXHBC,DXHBC150-6P5PT,Sản xuất
DXHBC,DXHBC150-5P5PT,Sản xuất
DXHBC,DXHBC150-4P5PT,Sản xuất
DXHBC,DXHBC150-3P5PT,Sản xuất
DXHBC,DXHBC150-6P5PD,Sản xuất
DXHBC,DXHBC150-5P5PD,Sản xuất
DXHBC,DXHBC150-4P5PD,Sản xuất
DXHBC,DXHBC150-3P5PD,Sản xuất
DXHBC,DXHBC150-6P5MT,Sản xuất
DXHBC,DXHBC150-5P5MT,Sản xuất
DXHBC,DXHBC150-4P5MT,Sản xuất
DXHBC,DXHBC150-3P5MT,Sản xuất
DXHBC,DXHBC150-6P5ID,Sản xuất
DXHBC,DXHBC150-5P5ID,Sản xuất
DXHBC,DXHBC150-4P5ID,Sản xuất
DXHBC,DXHBC150-3P5ID,Sản xuất
DXHBC,DXHBC150-6P5SL,Sản xuất
DXHBC,DXHBC150-5P5SL,Sản xuất
DXHBC,DXHBC150-4P5SL,Sản xuất
DXHBC,DXHBC150-3P5SL,Sản xuất
DXHBC,DXHBC150-RTFHN,Sản xuất
DXHBC,DXHBC150-GTFHN,Sản xuất
DXHBC,DXHBC150-BTFHN,Sản xuất
DXHBC,DXHBC150-RTFHT,Sản xuất
DXHBC,DXHBC150-GTFHT,Sản xuất
DXHBC,DXHBC150-BTFHT,Sản xuất
DXHBC,DXHBC150-RTFHD,Sản xuất
DXHBC,DXHBC150-GTFHD,Sản xuất
DXHBC,DXHBC150-BTFHD,Sản xuất
DXHBC,DXHBC150-RTFDN,Sản xuất
DXHBC,DXHBC150-GTFDN,Sản xuất
DXHBC,DXHBC150-BTFDN,Sản xuất
DXHBC,DXHBC150-RTFDT,Sản xuất
DXHBC,DXHBC150-GTFDT,Sản xuất
DXHBC,DXHBC150-BTFDT,Sản xuất
DXHBC,DXHBC150-RTFPT,Sản xuất
DXHBC,DXHBC150-GTFPT,Sản xuất
DXHBC,DXHBC150-BTFPT,Sản xuất
DXHBC,DXHBC150-RTFPD,Sản xuất
DXHBC,DXHBC150-GTFPD,Sản xuất
DXHBC,DXHBC150-BTFPD,Sản xuất
DXHBC,DXHBC150-RTFMT,Sản xuất
DXHBC,DXHBC150-GTFMT,Sản xuất
DXHBC,DXHBC150-BTFMT,Sản xuất
DXHBC,DXHBC150-RTFID,Sản xuất
DXHBC,DXHBC150-GTFID,Sản xuất
DXHBC,DXHBC150-BTFID,Sản xuất
DXHBC,DXHBC150-RTFSL,Sản xuất
DXHBC,DXHBC150-GTFSL,Sản xuất
DXHBC,DXHBC150-BTFSL,Sản xuất
DXHBC,DXHBC150-CBCHC,Sản xuất
DXHBC,DXHBC200-6B3HN,Sản xuất
DXHBC,DXHBC200-5B3HN,Sản xuất
DXHBC,DXHBC200-4B3HN,Sản xuất
DXHBC,DXHBC200-3B3HN,Sản xuất
DXHBC,DXHBC200-6B3HT,Sản xuất
DXHBC,DXHBC200-5B3HT,Sản xuất
DXHBC,DXHBC200-4B3HT,Sản xuất
DXHBC,DXHBC200-3B3HT,Sản xuất
DXHBC,DXHBC200-6B3HD,Sản xuất
DXHBC,DXHBC200-5B3HD,Sản xuất
DXHBC,DXHBC200-4B3HD,Sản xuất
DXHBC,DXHBC200-3B3HD,Sản xuất
DXHBC,DXHBC200-6B3DN,Sản xuất
DXHBC,DXHBC200-5B3DN,Sản xuất
DXHBC,DXHBC200-4B3DN,Sản xuất
DXHBC,DXHBC200-3B3DN,Sản xuất
DXHBC,DXHBC200-6B3DT,Sản xuất
DXHBC,DXHBC200-5B3DT,Sản xuất
DXHBC,DXHBC200-4B3DT,Sản xuất
DXHBC,DXHBC200-3B3DT,Sản xuất
DXHBC,DXHBC200-6B3PT,Sản xuất
DXHBC,DXHBC200-5B3PT,Sản xuất
DXHBC,DXHBC200-4B3PT,Sản xuất
DXHBC,DXHBC200-3B3PT,Sản xuất
DXHBC,DXHBC200-6B3PD,Sản xuất
DXHBC,DXHBC200-5B3PD,Sản xuất
DXHBC,DXHBC200-4B3PD,Sản xuất
DXHBC,DXHBC200-3B3PD,Sản xuất
DXHBC,DXHBC200-6B3MT,Sản xuất
DXHBC,DXHBC200-5B3MT,Sản xuất
DXHBC,DXHBC200-4B3MT,Sản xuất
DXHBC,DXHBC200-3B3MT,Sản xuất
DXHBC,DXHBC200-6B3ID,Sản xuất
DXHBC,DXHBC200-5B3ID,Sản xuất
DXHBC,DXHBC200-4B3ID,Sản xuất
DXHBC,DXHBC200-3B3ID,Sản xuất
DXHBC,DXHBC200-6B3SL,Sản xuất
DXHBC,DXHBC200-5B3SL,Sản xuất
DXHBC,DXHBC200-4B3SL,Sản xuất
DXHBC,DXHBC200-3B3SL,Sản xuất
DXHBC,DXHBC200-6P3HN,Sản xuất
DXHBC,DXHBC200-5P3HN,Sản xuất
DXHBC,DXHBC200-4P3HN,Sản xuất
DXHBC,DXHBC200-3P3HN,Sản xuất
DXHBC,DXHBC200-6P3HT,Sản xuất
DXHBC,DXHBC200-5P3HT,Sản xuất
DXHBC,DXHBC200-4P3HT,Sản xuất
DXHBC,DXHBC200-3P3HT,Sản xuất
DXHBC,DXHBC200-6P3HD,Sản xuất
DXHBC,DXHBC200-5P3HD,Sản xuất
DXHBC,DXHBC200-4P3HD,Sản xuất
DXHBC,DXHBC200-3P3HD,Sản xuất
DXHBC,DXHBC200-6P3DN,Sản xuất
DXHBC,DXHBC200-5P3DN,Sản xuất
DXHBC,DXHBC200-4P3DN,Sản xuất
DXHBC,DXHBC200-3P3DN,Sản xuất
DXHBC,DXHBC200-6P3DT,Sản xuất
DXHBC,DXHBC200-5P3DT,Sản xuất
DXHBC,DXHBC200-4P3DT,Sản xuất
DXHBC,DXHBC200-3P3DT,Sản xuất
DXHBC,DXHBC200-6P3PT,Sản xuất
DXHBC,DXHBC200-5P3PT,Sản xuất
DXHBC,DXHBC200-4P3PT,Sản xuất
DXHBC,DXHBC200-3P3PT,Sản xuất
DXHBC,DXHBC200-6P3PD,Sản xuất
DXHBC,DXHBC200-5P3PD,Sản xuất
DXHBC,DXHBC200-4P3PD,Sản xuất
DXHBC,DXHBC200-3P3PD,Sản xuất
DXHBC,DXHBC200-6P3MT,Sản xuất
DXHBC,DXHBC200-5P3MT,Sản xuất
DXHBC,DXHBC200-4P3MT,Sản xuất
DXHBC,DXHBC200-3P3MT,Sản xuất
DXHBC,DXHBC200-6P3ID,Sản xuất
DXHBC,DXHBC200-5P3ID,Sản xuất
DXHBC,DXHBC200-4P3ID,Sản xuất
DXHBC,DXHBC200-3P3ID,Sản xuất
DXHBC,DXHBC200-6P3SL,Sản xuất
DXHBC,DXHBC200-5P3SL,Sản xuất
DXHBC,DXHBC200-4P3SL,Sản xuất
DXHBC,DXHBC200-3P3SL,Sản xuất
DXHBC,DXHBC200-6B5HN,Sản xuất
DXHBC,DXHBC200-5B5HN,Sản xuất
DXHBC,DXHBC200-4B5HN,Sản xuất
DXHBC,DXHBC200-3B5HN,Sản xuất
DXHBC,DXHBC200-6B5HT,Sản xuất
DXHBC,DXHBC200-5B5HT,Sản xuất
DXHBC,DXHBC200-4B5HT,Sản xuất
DXHBC,DXHBC200-3B5HT,Sản xuất
DXHBC,DXHBC200-6B5HD,Sản xuất
DXHBC,DXHBC200-5B5HD,Sản xuất
DXHBC,DXHBC200-4B5HD,Sản xuất
DXHBC,DXHBC200-3B5HD,Sản xuất
DXHBC,DXHBC200-6B5DN,Sản xuất
DXHBC,DXHBC200-5B5DN,Sản xuất
DXHBC,DXHBC200-4B5DN,Sản xuất
DXHBC,DXHBC200-3B5DN,Sản xuất
DXHBC,DXHBC200-6B5DT,Sản xuất
DXHBC,DXHBC200-5B5DT,Sản xuất
DXHBC,DXHBC200-4B5DT,Sản xuất
DXHBC,DXHBC200-3B5DT,Sản xuất
DXHBC,DXHBC200-6B5PT,Sản xuất
DXHBC,DXHBC200-5B5PT,Sản xuất
DXHBC,DXHBC200-4B5PT,Sản xuất
DXHBC,DXHBC200-3B5PT,Sản xuất
DXHBC,DXHBC200-6B5PD,Sản xuất
DXHBC,DXHBC200-5B5PD,Sản xuất
DXHBC,DXHBC200-4B5PD,Sản xuất
DXHBC,DXHBC200-3B5PD,Sản xuất
DXHBC,DXHBC200-6B5MT,Sản xuất
DXHBC,DXHBC200-5B5MT,Sản xuất
DXHBC,DXHBC200-4B5MT,Sản xuất
DXHBC,DXHBC200-3B5MT,Sản xuất
DXHBC,DXHBC200-6B5ID,Sản xuất
DXHBC,DXHBC200-5B5ID,Sản xuất
DXHBC,DXHBC200-4B5ID,Sản xuất
DXHBC,DXHBC200-3B5ID,Sản xuất
DXHBC,DXHBC200-6B5SL,Sản xuất
DXHBC,DXHBC200-5B5SL,Sản xuất
DXHBC,DXHBC200-4B5SL,Sản xuất
DXHBC,DXHBC200-3B5SL,Sản xuất
DXHBC,DXHBC200-6P5HN,Sản xuất
DXHBC,DXHBC200-5P5HN,Sản xuất
DXHBC,DXHBC200-4P5HN,Sản xuất
DXHBC,DXHBC200-3P5HN,Sản xuất
DXHBC,DXHBC200-6P5HT,Sản xuất
DXHBC,DXHBC200-5P5HT,Sản xuất
DXHBC,DXHBC200-4P5HT,Sản xuất
DXHBC,DXHBC200-3P5HT,Sản xuất
DXHBC,DXHBC200-6P5HD,Sản xuất
DXHBC,DXHBC200-5P5HD,Sản xuất
DXHBC,DXHBC200-4P5HD,Sản xuất
DXHBC,DXHBC200-3P5HD,Sản xuất
DXHBC,DXHBC200-6P5DN,Sản xuất
DXHBC,DXHBC200-5P5DN,Sản xuất
DXHBC,DXHBC200-4P5DN,Sản xuất
DXHBC,DXHBC200-3P5DN,Sản xuất
DXHBC,DXHBC200-6P5DT,Sản xuất
DXHBC,DXHBC200-5P5DT,Sản xuất
DXHBC,DXHBC200-4P5DT,Sản xuất
DXHBC,DXHBC200-3P5DT,Sản xuất
DXHBC,DXHBC200-6P5PT,Sản xuất
DXHBC,DXHBC200-5P5PT,Sản xuất
DXHBC,DXHBC200-4P5PT,Sản xuất
DXHBC,DXHBC200-3P5PT,Sản xuất
DXHBC,DXHBC200-6P5PD,Sản xuất
DXHBC,DXHBC200-5P5PD,Sản xuất
DXHBC,DXHBC200-4P5PD,Sản xuất
DXHBC,DXHBC200-3P5PD,Sản xuất
DXHBC,DXHBC200-6P5MT,Sản xuất
DXHBC,DXHBC200-5P5MT,Sản xuất
DXHBC,DXHBC200-4P5MT,Sản xuất
DXHBC,DXHBC200-3P5MT,Sản xuất
DXHBC,DXHBC200-6P5ID,Sản xuất
DXHBC,DXHBC200-5P5ID,Sản xuất
DXHBC,DXHBC200-4P5ID,Sản xuất
DXHBC,DXHBC200-3P5ID,Sản xuất
DXHBC,DXHBC200-6P5SL,Sản xuất
DXHBC,DXHBC200-5P5SL,Sản xuất
DXHBC,DXHBC200-4P5SL,Sản xuất
DXHBC,DXHBC200-3P5SL,Sản xuất
DXHBC,DXHBC200-RTFHN,Sản xuất
DXHBC,DXHBC200-GTFHN,Sản xuất
DXHBC,DXHBC200-BTFHN,Sản xuất
DXHBC,DXHBC200-RTFHT,Sản xuất
DXHBC,DXHBC200-GTFHT,Sản xuất
DXHBC,DXHBC200-BTFHT,Sản xuất
DXHBC,DXHBC200-RTFHD,Sản xuất
DXHBC,DXHBC200-GTFHD,Sản xuất
DXHBC,DXHBC200-BTFHD,Sản xuất
DXHBC,DXHBC200-RTFDN,Sản xuất
DXHBC,DXHBC200-GTFDN,Sản xuất
DXHBC,DXHBC200-BTFDN,Sản xuất
DXHBC,DXHBC200-RTFDT,Sản xuất
DXHBC,DXHBC200-GTFDT,Sản xuất
DXHBC,DXHBC200-BTFDT,Sản xuất
DXHBC,DXHBC200-RTFPT,Sản xuất
DXHBC,DXHBC200-GTFPT,Sản xuất
DXHBC,DXHBC200-BTFPT,Sản xuất
DXHBC,DXHBC200-RTFPD,Sản xuất
DXHBC,DXHBC200-GTFPD,Sản xuất
DXHBC,DXHBC200-BTFPD,Sản xuất
DXHBC,DXHBC200-RTFMT,Sản xuất
DXHBC,DXHBC200-GTFMT,Sản xuất
DXHBC,DXHBC200-BTFMT,Sản xuất
DXHBC,DXHBC200-RTFID,Sản xuất
DXHBC,DXHBC200-GTFID,Sản xuất
DXHBC,DXHBC200-BTFID,Sản xuất
DXHBC,DXHBC200-RTFSL,Sản xuất
DXHBC,DXHBC200-GTFSL,Sản xuất
DXHBC,DXHBC200-BTFSL,Sản xuất
DXHBC,DXHBC200-CBCHC,Sản xuất
DXHBC,DXHBC250-6B3HN,Sản xuất
DXHBC,DXHBC250-5B3HN,Sản xuất
DXHBC,DXHBC250-4B3HN,Sản xuất
DXHBC,DXHBC250-3B3HN,Sản xuất
DXHBC,DXHBC250-6B3HT,Sản xuất
DXHBC,DXHBC250-5B3HT,Sản xuất
DXHBC,DXHBC250-4B3HT,Sản xuất
DXHBC,DXHBC250-3B3HT,Sản xuất
DXHBC,DXHBC250-6B3HD,Sản xuất
DXHBC,DXHBC250-5B3HD,Sản xuất
DXHBC,DXHBC250-4B3HD,Sản xuất
DXHBC,DXHBC250-3B3HD,Sản xuất
DXHBC,DXHBC250-6B3DN,Sản xuất
DXHBC,DXHBC250-5B3DN,Sản xuất
DXHBC,DXHBC250-4B3DN,Sản xuất
DXHBC,DXHBC250-3B3DN,Sản xuất
DXHBC,DXHBC250-6B3DT,Sản xuất
DXHBC,DXHBC250-5B3DT,Sản xuất
DXHBC,DXHBC250-4B3DT,Sản xuất
DXHBC,DXHBC250-3B3DT,Sản xuất
DXHBC,DXHBC250-6B3PT,Sản xuất
DXHBC,DXHBC250-5B3PT,Sản xuất
DXHBC,DXHBC250-4B3PT,Sản xuất
DXHBC,DXHBC250-3B3PT,Sản xuất
DXHBC,DXHBC250-6B3PD,Sản xuất
DXHBC,DXHBC250-5B3PD,Sản xuất
DXHBC,DXHBC250-4B3PD,Sản xuất
DXHBC,DXHBC250-3B3PD,Sản xuất
DXHBC,DXHBC250-6B3MT,Sản xuất
DXHBC,DXHBC250-5B3MT,Sản xuất
DXHBC,DXHBC250-4B3MT,Sản xuất
DXHBC,DXHBC250-3B3MT,Sản xuất
DXHBC,DXHBC250-6B3ID,Sản xuất
DXHBC,DXHBC250-5B3ID,Sản xuất
DXHBC,DXHBC250-4B3ID,Sản xuất
DXHBC,DXHBC250-3B3ID,Sản xuất
DXHBC,DXHBC250-6B3SL,Sản xuất
DXHBC,DXHBC250-5B3SL,Sản xuất
DXHBC,DXHBC250-4B3SL,Sản xuất
DXHBC,DXHBC250-3B3SL,Sản xuất
DXHBC,DXHBC250-6P3HN,Sản xuất
DXHBC,DXHBC250-5P3HN,Sản xuất
DXHBC,DXHBC250-4P3HN,Sản xuất
DXHBC,DXHBC250-3P3HN,Sản xuất
DXHBC,DXHBC250-6P3HT,Sản xuất
DXHBC,DXHBC250-5P3HT,Sản xuất
DXHBC,DXHBC250-4P3HT,Sản xuất
DXHBC,DXHBC250-3P3HT,Sản xuất
DXHBC,DXHBC250-6P3HD,Sản xuất
DXHBC,DXHBC250-5P3HD,Sản xuất
DXHBC,DXHBC250-4P3HD,Sản xuất
DXHBC,DXHBC250-3P3HD,Sản xuất
DXHBC,DXHBC250-6P3DN,Sản xuất
DXHBC,DXHBC250-5P3DN,Sản xuất
DXHBC,DXHBC250-4P3DN,Sản xuất
DXHBC,DXHBC250-3P3DN,Sản xuất
DXHBC,DXHBC250-6P3DT,Sản xuất
DXHBC,DXHBC250-5P3DT,Sản xuất
DXHBC,DXHBC250-4P3DT,Sản xuất
DXHBC,DXHBC250-3P3DT,Sản xuất
DXHBC,DXHBC250-6P3PT,Sản xuất
DXHBC,DXHBC250-5P3PT,Sản xuất
DXHBC,DXHBC250-4P3PT,Sản xuất
DXHBC,DXHBC250-3P3PT,Sản xuất
DXHBC,DXHBC250-6P3PD,Sản xuất
DXHBC,DXHBC250-5P3PD,Sản xuất
DXHBC,DXHBC250-4P3PD,Sản xuất
DXHBC,DXHBC250-3P3PD,Sản xuất
DXHBC,DXHBC250-6P3MT,Sản xuất
DXHBC,DXHBC250-5P3MT,Sản xuất
DXHBC,DXHBC250-4P3MT,Sản xuất
DXHBC,DXHBC250-3P3MT,Sản xuất
DXHBC,DXHBC250-6P3ID,Sản xuất
DXHBC,DXHBC250-5P3ID,Sản xuất
DXHBC,DXHBC250-4P3ID,Sản xuất
DXHBC,DXHBC250-3P3ID,Sản xuất
DXHBC,DXHBC250-6P3SL,Sản xuất
DXHBC,DXHBC250-5P3SL,Sản xuất
DXHBC,DXHBC250-4P3SL,Sản xuất
DXHBC,DXHBC250-3P3SL,Sản xuất
DXHBC,DXHBC250-6B5HN,Sản xuất
DXHBC,DXHBC250-5B5HN,Sản xuất
DXHBC,DXHBC250-4B5HN,Sản xuất
DXHBC,DXHBC250-3B5HN,Sản xuất
DXHBC,DXHBC250-6B5HT,Sản xuất
DXHBC,DXHBC250-5B5HT,Sản xuất
DXHBC,DXHBC250-4B5HT,Sản xuất
DXHBC,DXHBC250-3B5HT,Sản xuất
DXHBC,DXHBC250-6B5HD,Sản xuất
DXHBC,DXHBC250-5B5HD,Sản xuất
DXHBC,DXHBC250-4B5HD,Sản xuất
DXHBC,DXHBC250-3B5HD,Sản xuất
DXHBC,DXHBC250-6B5DN,Sản xuất
DXHBC,DXHBC250-5B5DN,Sản xuất
DXHBC,DXHBC250-4B5DN,Sản xuất
DXHBC,DXHBC250-3B5DN,Sản xuất
DXHBC,DXHBC250-6B5DT,Sản xuất
DXHBC,DXHBC250-5B5DT,Sản xuất
DXHBC,DXHBC250-4B5DT,Sản xuất
DXHBC,DXHBC250-3B5DT,Sản xuất
DXHBC,DXHBC250-6B5PT,Sản xuất
DXHBC,DXHBC250-5B5PT,Sản xuất
DXHBC,DXHBC250-4B5PT,Sản xuất
DXHBC,DXHBC250-3B5PT,Sản xuất
DXHBC,DXHBC250-6B5PD,Sản xuất
DXHBC,DXHBC250-5B5PD,Sản xuất
DXHBC,DXHBC250-4B5PD,Sản xuất
DXHBC,DXHBC250-3B5PD,Sản xuất
DXHBC,DXHBC250-6B5MT,Sản xuất
DXHBC,DXHBC250-5B5MT,Sản xuất
DXHBC,DXHBC250-4B5MT,Sản xuất
DXHBC,DXHBC250-3B5MT,Sản xuất
DXHBC,DXHBC250-6B5ID,Sản xuất
DXHBC,DXHBC250-5B5ID,Sản xuất
DXHBC,DXHBC250-4B5ID,Sản xuất
DXHBC,DXHBC250-3B5ID,Sản xuất
DXHBC,DXHBC250-6B5SL,Sản xuất
DXHBC,DXHBC250-5B5SL,Sản xuất
DXHBC,DXHBC250-4B5SL,Sản xuất
DXHBC,DXHBC250-3B5SL,Sản xuất
DXHBC,DXHBC250-6P5HN,Sản xuất
DXHBC,DXHBC250-5P5HN,Sản xuất
DXHBC,DXHBC250-4P5HN,Sản xuất
DXHBC,DXHBC250-3P5HN,Sản xuất
DXHBC,DXHBC250-6P5HT,Sản xuất
DXHBC,DXHBC250-5P5HT,Sản xuất
DXHBC,DXHBC250-4P5HT,Sản xuất
DXHBC,DXHBC250-3P5HT,Sản xuất
DXHBC,DXHBC250-6P5HD,Sản xuất
DXHBC,DXHBC250-5P5HD,Sản xuất
DXHBC,DXHBC250-4P5HD,Sản xuất
DXHBC,DXHBC250-3P5HD,Sản xuất
DXHBC,DXHBC250-6P5DN,Sản xuất
DXHBC,DXHBC250-5P5DN,Sản xuất
DXHBC,DXHBC250-4P5DN,Sản xuất
DXHBC,DXHBC250-3P5DN,Sản xuất
DXHBC,DXHBC250-6P5DT,Sản xuất
DXHBC,DXHBC250-5P5DT,Sản xuất
DXHBC,DXHBC250-4P5DT,Sản xuất
DXHBC,DXHBC250-3P5DT,Sản xuất
DXHBC,DXHBC250-6P5PT,Sản xuất
DXHBC,DXHBC250-5P5PT,Sản xuất
DXHBC,DXHBC250-4P5PT,Sản xuất
DXHBC,DXHBC250-3P5PT,Sản xuất
DXHBC,DXHBC250-6P5PD,Sản xuất
DXHBC,DXHBC250-5P5PD,Sản xuất
DXHBC,DXHBC250-4P5PD,Sản xuất
DXHBC,DXHBC250-3P5PD,Sản xuất
DXHBC,DXHBC250-6P5MT,Sản xuất
DXHBC,DXHBC250-5P5MT,Sản xuất
DXHBC,DXHBC250-4P5MT,Sản xuất
DXHBC,DXHBC250-3P5MT,Sản xuất
DXHBC,DXHBC250-6P5ID,Sản xuất
DXHBC,DXHBC250-5P5ID,Sản xuất
DXHBC,DXHBC250-4P5ID,Sản xuất
DXHBC,DXHBC250-3P5ID,Sản xuất
DXHBC,DXHBC250-6P5SL,Sản xuất
DXHBC,DXHBC250-5P5SL,Sản xuất
DXHBC,DXHBC250-4P5SL,Sản xuất
DXHBC,DXHBC250-3P5SL,Sản xuất
DXHBC,DXHBC250-RTFHN,Sản xuất
DXHBC,DXHBC250-GTFHN,Sản xuất
DXHBC,DXHBC250-BTFHN,Sản xuất
DXHBC,DXHBC250-RTFHT,Sản xuất
DXHBC,DXHBC250-GTFHT,Sản xuất
DXHBC,DXHBC250-BTFHT,Sản xuất
DXHBC,DXHBC250-RTFHD,Sản xuất
DXHBC,DXHBC250-GTFHD,Sản xuất
DXHBC,DXHBC250-BTFHD,Sản xuất
DXHBC,DXHBC250-RTFDN,Sản xuất
DXHBC,DXHBC250-GTFDN,Sản xuất
DXHBC,DXHBC250-BTFDN,Sản xuất
DXHBC,DXHBC250-RTFDT,Sản xuất
DXHBC,DXHBC250-GTFDT,Sản xuất
DXHBC,DXHBC250-BTFDT,Sản xuất
DXHBC,DXHBC250-RTFPT,Sản xuất
DXHBC,DXHBC250-GTFPT,Sản xuất
DXHBC,DXHBC250-BTFPT,Sản xuất
DXHBC,DXHBC250-RTFPD,Sản xuất
DXHBC,DXHBC250-GTFPD,Sản xuất
DXHBC,DXHBC250-BTFPD,Sản xuất
DXHBC,DXHBC250-RTFMT,Sản xuất
DXHBC,DXHBC250-GTFMT,Sản xuất
DXHBC,DXHBC250-BTFMT,Sản xuất
DXHBC,DXHBC250-RTFID,Sản xuất
DXHBC,DXHBC250-GTFID,Sản xuất
DXHBC,DXHBC250-BTFID,Sản xuất
DXHBC,DXHBC250-RTFSL,Sản xuất
DXHBC,DXHBC250-GTFSL,Sản xuất
DXHBC,DXHBC250-BTFSL,Sản xuất
DXHBC,DXHBC250-CBCHC,Sản xuất
DXHBC,DXHBC300-6B3HN,Sản xuất
DXHBC,DXHBC300-5B3HN,Sản xuất
DXHBC,DXHBC300-4B3HN,Sản xuất
DXHBC,DXHBC300-3B3HN,Sản xuất
DXHBC,DXHBC300-6B3HT,Sản xuất
DXHBC,DXHBC300-5B3HT,Sản xuất
DXHBC,DXHBC300-4B3HT,Sản xuất
DXHBC,DXHBC300-3B3HT,Sản xuất
DXHBC,DXHBC300-6B3HD,Sản xuất
DXHBC,DXHBC300-5B3HD,Sản xuất
DXHBC,DXHBC300-4B3HD,Sản xuất
DXHBC,DXHBC300-3B3HD,Sản xuất
DXHBC,DXHBC300-6B3DN,Sản xuất
DXHBC,DXHBC300-5B3DN,Sản xuất
DXHBC,DXHBC300-4B3DN,Sản xuất
DXHBC,DXHBC300-3B3DN,Sản xuất
DXHBC,DXHBC300-6B3DT,Sản xuất
DXHBC,DXHBC300-5B3DT,Sản xuất
DXHBC,DXHBC300-4B3DT,Sản xuất
DXHBC,DXHBC300-3B3DT,Sản xuất
DXHBC,DXHBC300-6B3PT,Sản xuất
DXHBC,DXHBC300-5B3PT,Sản xuất
DXHBC,DXHBC300-4B3PT,Sản xuất
DXHBC,DXHBC300-3B3PT,Sản xuất
DXHBC,DXHBC300-6B3PD,Sản xuất
DXHBC,DXHBC300-5B3PD,Sản xuất
DXHBC,DXHBC300-4B3PD,Sản xuất
DXHBC,DXHBC300-3B3PD,Sản xuất
DXHBC,DXHBC300-6B3MT,Sản xuất
DXHBC,DXHBC300-5B3MT,Sản xuất
DXHBC,DXHBC300-4B3MT,Sản xuất
DXHBC,DXHBC300-3B3MT,Sản xuất
DXHBC,DXHBC300-6B3ID,Sản xuất
DXHBC,DXHBC300-5B3ID,Sản xuất
DXHBC,DXHBC300-4B3ID,Sản xuất
DXHBC,DXHBC300-3B3ID,Sản xuất
DXHBC,DXHBC300-6B3SL,Sản xuất
DXHBC,DXHBC300-5B3SL,Sản xuất
DXHBC,DXHBC300-4B3SL,Sản xuất
DXHBC,DXHBC300-3B3SL,Sản xuất
DXHBC,DXHBC300-6P3HN,Sản xuất
DXHBC,DXHBC300-5P3HN,Sản xuất
DXHBC,DXHBC300-4P3HN,Sản xuất
DXHBC,DXHBC300-3P3HN,Sản xuất
DXHBC,DXHBC300-6P3HT,Sản xuất
DXHBC,DXHBC300-5P3HT,Sản xuất
DXHBC,DXHBC300-4P3HT,Sản xuất
DXHBC,DXHBC300-3P3HT,Sản xuất
DXHBC,DXHBC300-6P3HD,Sản xuất
DXHBC,DXHBC300-5P3HD,Sản xuất
DXHBC,DXHBC300-4P3HD,Sản xuất
DXHBC,DXHBC300-3P3HD,Sản xuất
DXHBC,DXHBC300-6P3DN,Sản xuất
DXHBC,DXHBC300-5P3DN,Sản xuất
DXHBC,DXHBC300-4P3DN,Sản xuất
DXHBC,DXHBC300-3P3DN,Sản xuất
DXHBC,DXHBC300-6P3DT,Sản xuất
DXHBC,DXHBC300-5P3DT,Sản xuất
DXHBC,DXHBC300-4P3DT,Sản xuất
DXHBC,DXHBC300-3P3DT,Sản xuất
DXHBC,DXHBC300-6P3PT,Sản xuất
DXHBC,DXHBC300-5P3PT,Sản xuất
DXHBC,DXHBC300-4P3PT,Sản xuất
DXHBC,DXHBC300-3P3PT,Sản xuất
DXHBC,DXHBC300-6P3PD,Sản xuất
DXHBC,DXHBC300-5P3PD,Sản xuất
DXHBC,DXHBC300-4P3PD,Sản xuất
DXHBC,DXHBC300-3P3PD,Sản xuất
DXHBC,DXHBC300-6P3MT,Sản xuất
DXHBC,DXHBC300-5P3MT,Sản xuất
DXHBC,DXHBC300-4P3MT,Sản xuất
DXHBC,DXHBC300-3P3MT,Sản xuất
DXHBC,DXHBC300-6P3ID,Sản xuất
DXHBC,DXHBC300-5P3ID,Sản xuất
DXHBC,DXHBC300-4P3ID,Sản xuất
DXHBC,DXHBC300-3P3ID,Sản xuất
DXHBC,DXHBC300-6P3SL,Sản xuất
DXHBC,DXHBC300-5P3SL,Sản xuất
DXHBC,DXHBC300-4P3SL,Sản xuất
DXHBC,DXHBC300-3P3SL,Sản xuất
DXHBC,DXHBC300-6B5HN,Sản xuất
DXHBC,DXHBC300-5B5HN,Sản xuất
DXHBC,DXHBC300-4B5HN,Sản xuất
DXHBC,DXHBC300-3B5HN,Sản xuất
DXHBC,DXHBC300-6B5HT,Sản xuất
DXHBC,DXHBC300-5B5HT,Sản xuất
DXHBC,DXHBC300-4B5HT,Sản xuất
DXHBC,DXHBC300-3B5HT,Sản xuất
DXHBC,DXHBC300-6B5HD,Sản xuất
DXHBC,DXHBC300-5B5HD,Sản xuất
DXHBC,DXHBC300-4B5HD,Sản xuất
DXHBC,DXHBC300-3B5HD,Sản xuất
DXHBC,DXHBC300-6B5DN,Sản xuất
DXHBC,DXHBC300-5B5DN,Sản xuất
DXHBC,DXHBC300-4B5DN,Sản xuất
DXHBC,DXHBC300-3B5DN,Sản xuất
DXHBC,DXHBC300-6B5DT,Sản xuất
DXHBC,DXHBC300-5B5DT,Sản xuất
DXHBC,DXHBC300-4B5DT,Sản xuất
DXHBC,DXHBC300-3B5DT,Sản xuất
DXHBC,DXHBC300-6B5PT,Sản xuất
DXHBC,DXHBC300-5B5PT,Sản xuất
DXHBC,DXHBC300-4B5PT,Sản xuất
DXHBC,DXHBC300-3B5PT,Sản xuất
DXHBC,DXHBC300-6B5PD,Sản xuất
DXHBC,DXHBC300-5B5PD,Sản xuất
DXHBC,DXHBC300-4B5PD,Sản xuất
DXHBC,DXHBC300-3B5PD,Sản xuất
DXHBC,DXHBC300-6B5MT,Sản xuất
DXHBC,DXHBC300-5B5MT,Sản xuất
DXHBC,DXHBC300-4B5MT,Sản xuất
DXHBC,DXHBC300-3B5MT,Sản xuất
DXHBC,DXHBC300-6B5ID,Sản xuất
DXHBC,DXHBC300-5B5ID,Sản xuất
DXHBC,DXHBC300-4B5ID,Sản xuất
DXHBC,DXHBC300-3B5ID,Sản xuất
DXHBC,DXHBC300-6B5SL,Sản xuất
DXHBC,DXHBC300-5B5SL,Sản xuất
DXHBC,DXHBC300-4B5SL,Sản xuất
DXHBC,DXHBC300-3B5SL,Sản xuất
DXHBC,DXHBC300-6P5HN,Sản xuất
DXHBC,DXHBC300-5P5HN,Sản xuất
DXHBC,DXHBC300-4P5HN,Sản xuất
DXHBC,DXHBC300-3P5HN,Sản xuất
DXHBC,DXHBC300-6P5HT,Sản xuất
DXHBC,DXHBC300-5P5HT,Sản xuất
DXHBC,DXHBC300-4P5HT,Sản xuất
DXHBC,DXHBC300-3P5HT,Sản xuất
DXHBC,DXHBC300-6P5HD,Sản xuất
DXHBC,DXHBC300-5P5HD,Sản xuất
DXHBC,DXHBC300-4P5HD,Sản xuất
DXHBC,DXHBC300-3P5HD,Sản xuất
DXHBC,DXHBC300-6P5DN,Sản xuất
DXHBC,DXHBC300-5P5DN,Sản xuất
DXHBC,DXHBC300-4P5DN,Sản xuất
DXHBC,DXHBC300-3P5DN,Sản xuất
DXHBC,DXHBC300-6P5DT,Sản xuất
DXHBC,DXHBC300-5P5DT,Sản xuất
DXHBC,DXHBC300-4P5DT,Sản xuất
DXHBC,DXHBC300-3P5DT,Sản xuất
DXHBC,DXHBC300-6P5PT,Sản xuất
DXHBC,DXHBC300-5P5PT,Sản xuất
DXHBC,DXHBC300-4P5PT,Sản xuất
DXHBC,DXHBC300-3P5PT,Sản xuất
DXHBC,DXHBC300-6P5PD,Sản xuất
DXHBC,DXHBC300-5P5PD,Sản xuất
DXHBC,DXHBC300-4P5PD,Sản xuất
DXHBC,DXHBC300-3P5PD,Sản xuất
DXHBC,DXHBC300-6P5MT,Sản xuất
DXHBC,DXHBC300-5P5MT,Sản xuất
DXHBC,DXHBC300-4P5MT,Sản xuất
DXHBC,DXHBC300-3P5MT,Sản xuất
DXHBC,DXHBC300-6P5ID,Sản xuất
DXHBC,DXHBC300-5P5ID,Sản xuất
DXHBC,DXHBC300-4P5ID,Sản xuất
DXHBC,DXHBC300-3P5ID,Sản xuất
DXHBC,DXHBC300-6P5SL,Sản xuất
DXHBC,DXHBC300-5P5SL,Sản xuất
DXHBC,DXHBC300-4P5SL,Sản xuất
DXHBC,DXHBC300-3P5SL,Sản xuất
DXHBC,DXHBC300-RTFHN,Sản xuất
DXHBC,DXHBC300-GTFHN,Sản xuất
DXHBC,DXHBC300-BTFHN,Sản xuất
DXHBC,DXHBC300-RTFHT,Sản xuất
DXHBC,DXHBC300-GTFHT,Sản xuất
DXHBC,DXHBC300-BTFHT,Sản xuất
DXHBC,DXHBC300-RTFHD,Sản xuất
DXHBC,DXHBC300-GTFHD,Sản xuất
DXHBC,DXHBC300-BTFHD,Sản xuất
DXHBC,DXHBC300-RTFDN,Sản xuất
DXHBC,DXHBC300-GTFDN,Sản xuất
DXHBC,DXHBC300-BTFDN,Sản xuất
DXHBC,DXHBC300-RTFDT,Sản xuất
DXHBC,DXHBC300-GTFDT,Sản xuất
DXHBC,DXHBC300-BTFDT,Sản xuất
DXHBC,DXHBC300-RTFPT,Sản xuất
DXHBC,DXHBC300-GTFPT,Sản xuất
DXHBC,DXHBC300-BTFPT,Sản xuất
DXHBC,DXHBC300-RTFPD,Sản xuất
DXHBC,DXHBC300-GTFPD,Sản xuất
DXHBC,DXHBC300-BTFPD,Sản xuất
DXHBC,DXHBC300-RTFMT,Sản xuất
DXHBC,DXHBC300-GTFMT,Sản xuất
DXHBC,DXHBC300-BTFMT,Sản xuất
DXHBC,DXHBC300-RTFID,Sản xuất
DXHBC,DXHBC300-GTFID,Sản xuất
DXHBC,DXHBC300-BTFID,Sản xuất
DXHBC,DXHBC300-RTFSL,Sản xuất
DXHBC,DXHBC300-GTFSL,Sản xuất
DXHBC,DXHBC300-BTFSL,Sản xuất
DXHBC,DXHBC300-CBCHC,Sản xuất
DXHBC,DXHBC350-6B3HN,Sản xuất
DXHBC,DXHBC350-5B3HN,Sản xuất
DXHBC,DXHBC350-4B3HN,Sản xuất
DXHBC,DXHBC350-3B3HN,Sản xuất
DXHBC,DXHBC350-6B3HT,Sản xuất
DXHBC,DXHBC350-5B3HT,Sản xuất
DXHBC,DXHBC350-4B3HT,Sản xuất
DXHBC,DXHBC350-3B3HT,Sản xuất
DXHBC,DXHBC350-6B3HD,Sản xuất
DXHBC,DXHBC350-5B3HD,Sản xuất
DXHBC,DXHBC350-4B3HD,Sản xuất
DXHBC,DXHBC350-3B3HD,Sản xuất
DXHBC,DXHBC350-6B3DN,Sản xuất
DXHBC,DXHBC350-5B3DN,Sản xuất
DXHBC,DXHBC350-4B3DN,Sản xuất
DXHBC,DXHBC350-3B3DN,Sản xuất
DXHBC,DXHBC350-6B3DT,Sản xuất
DXHBC,DXHBC350-5B3DT,Sản xuất
DXHBC,DXHBC350-4B3DT,Sản xuất
DXHBC,DXHBC350-3B3DT,Sản xuất
DXHBC,DXHBC350-6B3PT,Sản xuất
DXHBC,DXHBC350-5B3PT,Sản xuất
DXHBC,DXHBC350-4B3PT,Sản xuất
DXHBC,DXHBC350-3B3PT,Sản xuất
DXHBC,DXHBC350-6B3PD,Sản xuất
DXHBC,DXHBC350-5B3PD,Sản xuất
DXHBC,DXHBC350-4B3PD,Sản xuất
DXHBC,DXHBC350-3B3PD,Sản xuất
DXHBC,DXHBC350-6B3MT,Sản xuất
DXHBC,DXHBC350-5B3MT,Sản xuất
DXHBC,DXHBC350-4B3MT,Sản xuất
DXHBC,DXHBC350-3B3MT,Sản xuất
DXHBC,DXHBC350-6B3ID,Sản xuất
DXHBC,DXHBC350-5B3ID,Sản xuất
DXHBC,DXHBC350-4B3ID,Sản xuất
DXHBC,DXHBC350-3B3ID,Sản xuất
DXHBC,DXHBC350-6B3SL,Sản xuất
DXHBC,DXHBC350-5B3SL,Sản xuất
DXHBC,DXHBC350-4B3SL,Sản xuất
DXHBC,DXHBC350-3B3SL,Sản xuất
DXHBC,DXHBC350-6P3HN,Sản xuất
DXHBC,DXHBC350-5P3HN,Sản xuất
DXHBC,DXHBC350-4P3HN,Sản xuất
DXHBC,DXHBC350-3P3HN,Sản xuất
DXHBC,DXHBC350-6P3HT,Sản xuất
DXHBC,DXHBC350-5P3HT,Sản xuất
DXHBC,DXHBC350-4P3HT,Sản xuất
DXHBC,DXHBC350-3P3HT,Sản xuất
DXHBC,DXHBC350-6P3HD,Sản xuất
DXHBC,DXHBC350-5P3HD,Sản xuất
DXHBC,DXHBC350-4P3HD,Sản xuất
DXHBC,DXHBC350-3P3HD,Sản xuất
DXHBC,DXHBC350-6P3DN,Sản xuất
DXHBC,DXHBC350-5P3DN,Sản xuất
DXHBC,DXHBC350-4P3DN,Sản xuất
DXHBC,DXHBC350-3P3DN,Sản xuất
DXHBC,DXHBC350-6P3DT,Sản xuất
DXHBC,DXHBC350-5P3DT,Sản xuất
DXHBC,DXHBC350-4P3DT,Sản xuất
DXHBC,DXHBC350-3P3DT,Sản xuất
DXHBC,DXHBC350-6P3PT,Sản xuất
DXHBC,DXHBC350-5P3PT,Sản xuất
DXHBC,DXHBC350-4P3PT,Sản xuất
DXHBC,DXHBC350-3P3PT,Sản xuất
DXHBC,DXHBC350-6P3PD,Sản xuất
DXHBC,DXHBC350-5P3PD,Sản xuất
DXHBC,DXHBC350-4P3PD,Sản xuất
DXHBC,DXHBC350-3P3PD,Sản xuất
DXHBC,DXHBC350-6P3MT,Sản xuất
DXHBC,DXHBC350-5P3MT,Sản xuất
DXHBC,DXHBC350-4P3MT,Sản xuất
DXHBC,DXHBC350-3P3MT,Sản xuất
DXHBC,DXHBC350-6P3ID,Sản xuất
DXHBC,DXHBC350-5P3ID,Sản xuất
DXHBC,DXHBC350-4P3ID,Sản xuất
DXHBC,DXHBC350-3P3ID,Sản xuất
DXHBC,DXHBC350-6P3SL,Sản xuất
DXHBC,DXHBC350-5P3SL,Sản xuất
DXHBC,DXHBC350-4P3SL,Sản xuất
DXHBC,DXHBC350-3P3SL,Sản xuất
DXHBC,DXHBC350-6B5HN,Sản xuất
DXHBC,DXHBC350-5B5HN,Sản xuất
DXHBC,DXHBC350-4B5HN,Sản xuất
DXHBC,DXHBC350-3B5HN,Sản xuất
DXHBC,DXHBC350-6B5HT,Sản xuất
DXHBC,DXHBC350-5B5HT,Sản xuất
DXHBC,DXHBC350-4B5HT,Sản xuất
DXHBC,DXHBC350-3B5HT,Sản xuất
DXHBC,DXHBC350-6B5HD,Sản xuất
DXHBC,DXHBC350-5B5HD,Sản xuất
DXHBC,DXHBC350-4B5HD,Sản xuất
DXHBC,DXHBC350-3B5HD,Sản xuất
DXHBC,DXHBC350-6B5DN,Sản xuất
DXHBC,DXHBC350-5B5DN,Sản xuất
DXHBC,DXHBC350-4B5DN,Sản xuất
DXHBC,DXHBC350-3B5DN,Sản xuất
DXHBC,DXHBC350-6B5DT,Sản xuất
DXHBC,DXHBC350-5B5DT,Sản xuất
DXHBC,DXHBC350-4B5DT,Sản xuất
DXHBC,DXHBC350-3B5DT,Sản xuất
DXHBC,DXHBC350-6B5PT,Sản xuất
DXHBC,DXHBC350-5B5PT,Sản xuất
DXHBC,DXHBC350-4B5PT,Sản xuất
DXHBC,DXHBC350-3B5PT,Sản xuất
DXHBC,DXHBC350-6B5PD,Sản xuất
DXHBC,DXHBC350-5B5PD,Sản xuất
DXHBC,DXHBC350-4B5PD,Sản xuất
DXHBC,DXHBC350-3B5PD,Sản xuất
DXHBC,DXHBC350-6B5MT,Sản xuất
DXHBC,DXHBC350-5B5MT,Sản xuất
DXHBC,DXHBC350-4B5MT,Sản xuất
DXHBC,DXHBC350-3B5MT,Sản xuất
DXHBC,DXHBC350-6B5ID,Sản xuất
DXHBC,DXHBC350-5B5ID,Sản xuất
DXHBC,DXHBC350-4B5ID,Sản xuất
DXHBC,DXHBC350-3B5ID,Sản xuất
DXHBC,DXHBC350-6B5SL,Sản xuất
DXHBC,DXHBC350-5B5SL,Sản xuất
DXHBC,DXHBC350-4B5SL,Sản xuất
DXHBC,DXHBC350-3B5SL,Sản xuất
DXHBC,DXHBC350-6P5HN,Sản xuất
DXHBC,DXHBC350-5P5HN,Sản xuất
DXHBC,DXHBC350-4P5HN,Sản xuất
DXHBC,DXHBC350-3P5HN,Sản xuất
DXHBC,DXHBC350-6P5HT,Sản xuất
DXHBC,DXHBC350-5P5HT,Sản xuất
DXHBC,DXHBC350-4P5HT,Sản xuất
DXHBC,DXHBC350-3P5HT,Sản xuất
DXHBC,DXHBC350-6P5HD,Sản xuất
DXHBC,DXHBC350-5P5HD,Sản xuất
DXHBC,DXHBC350-4P5HD,Sản xuất
DXHBC,DXHBC350-3P5HD,Sản xuất
DXHBC,DXHBC350-6P5DN,Sản xuất
DXHBC,DXHBC350-5P5DN,Sản xuất
DXHBC,DXHBC350-4P5DN,Sản xuất
DXHBC,DXHBC350-3P5DN,Sản xuất
DXHBC,DXHBC350-6P5DT,Sản xuất
DXHBC,DXHBC350-5P5DT,Sản xuất
DXHBC,DXHBC350-4P5DT,Sản xuất
DXHBC,DXHBC350-3P5DT,Sản xuất
DXHBC,DXHBC350-6P5PT,Sản xuất
DXHBC,DXHBC350-5P5PT,Sản xuất
DXHBC,DXHBC350-4P5PT,Sản xuất
DXHBC,DXHBC350-3P5PT,Sản xuất
DXHBC,DXHBC350-6P5PD,Sản xuất
DXHBC,DXHBC350-5P5PD,Sản xuất
DXHBC,DXHBC350-4P5PD,Sản xuất
DXHBC,DXHBC350-3P5PD,Sản xuất
DXHBC,DXHBC350-6P5MT,Sản xuất
DXHBC,DXHBC350-5P5MT,Sản xuất
DXHBC,DXHBC350-4P5MT,Sản xuất
DXHBC,DXHBC350-3P5MT,Sản xuất
DXHBC,DXHBC350-6P5ID,Sản xuất
DXHBC,DXHBC350-5P5ID,Sản xuất
DXHBC,DXHBC350-4P5ID,Sản xuất
DXHBC,DXHBC350-3P5ID,Sản xuất
DXHBC,DXHBC350-6P5SL,Sản xuất
DXHBC,DXHBC350-5P5SL,Sản xuất
DXHBC,DXHBC350-4P5SL,Sản xuất
DXHBC,DXHBC350-3P5SL,Sản xuất
DXHBC,DXHBC350-RTFHN,Sản xuất
DXHBC,DXHBC350-GTFHN,Sản xuất
DXHBC,DXHBC350-BTFHN,Sản xuất
DXHBC,DXHBC350-RTFHT,Sản xuất
DXHBC,DXHBC350-GTFHT,Sản xuất
DXHBC,DXHBC350-BTFHT,Sản xuất
DXHBC,DXHBC350-RTFHD,Sản xuất
DXHBC,DXHBC350-GTFHD,Sản xuất
DXHBC,DXHBC350-BTFHD,Sản xuất
DXHBC,DXHBC350-RTFDN,Sản xuất
DXHBC,DXHBC350-GTFDN,Sản xuất
DXHBC,DXHBC350-BTFDN,Sản xuất
DXHBC,DXHBC350-RTFDT,Sản xuất
DXHBC,DXHBC350-GTFDT,Sản xuất
DXHBC,DXHBC350-BTFDT,Sản xuất
DXHBC,DXHBC350-RTFPT,Sản xuất
DXHBC,DXHBC350-GTFPT,Sản xuất
DXHBC,DXHBC350-BTFPT,Sản xuất
DXHBC,DXHBC350-RTFPD,Sản xuất
DXHBC,DXHBC350-GTFPD,Sản xuất
DXHBC,DXHBC350-BTFPD,Sản xuất
DXHBC,DXHBC350-RTFMT,Sản xuất
DXHBC,DXHBC350-GTFMT,Sản xuất
DXHBC,DXHBC350-BTFMT,Sản xuất
DXHBC,DXHBC350-RTFID,Sản xuất
DXHBC,DXHBC350-GTFID,Sản xuất
DXHBC,DXHBC350-BTFID,Sản xuất
DXHBC,DXHBC350-RTFSL,Sản xuất
DXHBC,DXHBC350-GTFSL,Sản xuất
DXHBC,DXHBC350-BTFSL,Sản xuất
DXHBC,DXHBC350-CBCHC,Sản xuất
DXHBC,DXHBC400-6B3HN,Sản xuất
DXHBC,DXHBC400-5B3HN,Sản xuất
DXHBC,DXHBC400-4B3HN,Sản xuất
DXHBC,DXHBC400-3B3HN,Sản xuất
DXHBC,DXHBC400-6B3HT,Sản xuất
DXHBC,DXHBC400-5B3HT,Sản xuất
DXHBC,DXHBC400-4B3HT,Sản xuất
DXHBC,DXHBC400-3B3HT,Sản xuất
DXHBC,DXHBC400-6B3HD,Sản xuất
DXHBC,DXHBC400-5B3HD,Sản xuất
DXHBC,DXHBC400-4B3HD,Sản xuất
DXHBC,DXHBC400-3B3HD,Sản xuất
DXHBC,DXHBC400-6B3DN,Sản xuất
DXHBC,DXHBC400-5B3DN,Sản xuất
DXHBC,DXHBC400-4B3DN,Sản xuất
DXHBC,DXHBC400-3B3DN,Sản xuất
DXHBC,DXHBC400-6B3DT,Sản xuất
DXHBC,DXHBC400-5B3DT,Sản xuất
DXHBC,DXHBC400-4B3DT,Sản xuất
DXHBC,DXHBC400-3B3DT,Sản xuất
DXHBC,DXHBC400-6B3PT,Sản xuất
DXHBC,DXHBC400-5B3PT,Sản xuất
DXHBC,DXHBC400-4B3PT,Sản xuất
DXHBC,DXHBC400-3B3PT,Sản xuất
DXHBC,DXHBC400-6B3PD,Sản xuất
DXHBC,DXHBC400-5B3PD,Sản xuất
DXHBC,DXHBC400-4B3PD,Sản xuất
DXHBC,DXHBC400-3B3PD,Sản xuất
DXHBC,DXHBC400-6B3MT,Sản xuất
DXHBC,DXHBC400-5B3MT,Sản xuất
DXHBC,DXHBC400-4B3MT,Sản xuất
DXHBC,DXHBC400-3B3MT,Sản xuất
DXHBC,DXHBC400-6B3ID,Sản xuất
DXHBC,DXHBC400-5B3ID,Sản xuất
DXHBC,DXHBC400-4B3ID,Sản xuất
DXHBC,DXHBC400-3B3ID,Sản xuất
DXHBC,DXHBC400-6B3SL,Sản xuất
DXHBC,DXHBC400-5B3SL,Sản xuất
DXHBC,DXHBC400-4B3SL,Sản xuất
DXHBC,DXHBC400-3B3SL,Sản xuất
DXHBC,DXHBC400-6P3HN,Sản xuất
DXHBC,DXHBC400-5P3HN,Sản xuất
DXHBC,DXHBC400-4P3HN,Sản xuất
DXHBC,DXHBC400-3P3HN,Sản xuất
DXHBC,DXHBC400-6P3HT,Sản xuất
DXHBC,DXHBC400-5P3HT,Sản xuất
DXHBC,DXHBC400-4P3HT,Sản xuất
DXHBC,DXHBC400-3P3HT,Sản xuất
DXHBC,DXHBC400-6P3HD,Sản xuất
DXHBC,DXHBC400-5P3HD,Sản xuất
DXHBC,DXHBC400-4P3HD,Sản xuất
DXHBC,DXHBC400-3P3HD,Sản xuất
DXHBC,DXHBC400-6P3DN,Sản xuất
DXHBC,DXHBC400-5P3DN,Sản xuất
DXHBC,DXHBC400-4P3DN,Sản xuất
DXHBC,DXHBC400-3P3DN,Sản xuất
DXHBC,DXHBC400-6P3DT,Sản xuất
DXHBC,DXHBC400-5P3DT,Sản xuất
DXHBC,DXHBC400-4P3DT,Sản xuất
DXHBC,DXHBC400-3P3DT,Sản xuất
DXHBC,DXHBC400-6P3PT,Sản xuất
DXHBC,DXHBC400-5P3PT,Sản xuất
DXHBC,DXHBC400-4P3PT,Sản xuất
DXHBC,DXHBC400-3P3PT,Sản xuất
DXHBC,DXHBC400-6P3PD,Sản xuất
DXHBC,DXHBC400-5P3PD,Sản xuất
DXHBC,DXHBC400-4P3PD,Sản xuất
DXHBC,DXHBC400-3P3PD,Sản xuất
DXHBC,DXHBC400-6P3MT,Sản xuất
DXHBC,DXHBC400-5P3MT,Sản xuất
DXHBC,DXHBC400-4P3MT,Sản xuất
DXHBC,DXHBC400-3P3MT,Sản xuất
DXHBC,DXHBC400-6P3ID,Sản xuất
DXHBC,DXHBC400-5P3ID,Sản xuất
DXHBC,DXHBC400-4P3ID,Sản xuất
DXHBC,DXHBC400-3P3ID,Sản xuất
DXHBC,DXHBC400-6P3SL,Sản xuất
DXHBC,DXHBC400-5P3SL,Sản xuất
DXHBC,DXHBC400-4P3SL,Sản xuất
DXHBC,DXHBC400-3P3SL,Sản xuất
DXHBC,DXHBC400-6B5HN,Sản xuất
DXHBC,DXHBC400-5B5HN,Sản xuất
DXHBC,DXHBC400-4B5HN,Sản xuất
DXHBC,DXHBC400-3B5HN,Sản xuất
DXHBC,DXHBC400-6B5HT,Sản xuất
DXHBC,DXHBC400-5B5HT,Sản xuất
DXHBC,DXHBC400-4B5HT,Sản xuất
DXHBC,DXHBC400-3B5HT,Sản xuất
DXHBC,DXHBC400-6B5HD,Sản xuất
DXHBC,DXHBC400-5B5HD,Sản xuất
DXHBC,DXHBC400-4B5HD,Sản xuất
DXHBC,DXHBC400-3B5HD,Sản xuất
DXHBC,DXHBC400-6B5DN,Sản xuất
DXHBC,DXHBC400-5B5DN,Sản xuất
DXHBC,DXHBC400-4B5DN,Sản xuất
DXHBC,DXHBC400-3B5DN,Sản xuất
DXHBC,DXHBC400-6B5DT,Sản xuất
DXHBC,DXHBC400-5B5DT,Sản xuất
DXHBC,DXHBC400-4B5DT,Sản xuất
DXHBC,DXHBC400-3B5DT,Sản xuất
DXHBC,DXHBC400-6B5PT,Sản xuất
DXHBC,DXHBC400-5B5PT,Sản xuất
DXHBC,DXHBC400-4B5PT,Sản xuất
DXHBC,DXHBC400-3B5PT,Sản xuất
DXHBC,DXHBC400-6B5PD,Sản xuất
DXHBC,DXHBC400-5B5PD,Sản xuất
DXHBC,DXHBC400-4B5PD,Sản xuất
DXHBC,DXHBC400-3B5PD,Sản xuất
DXHBC,DXHBC400-6B5MT,Sản xuất
DXHBC,DXHBC400-5B5MT,Sản xuất
DXHBC,DXHBC400-4B5MT,Sản xuất
DXHBC,DXHBC400-3B5MT,Sản xuất
DXHBC,DXHBC400-6B5ID,Sản xuất
DXHBC,DXHBC400-5B5ID,Sản xuất
DXHBC,DXHBC400-4B5ID,Sản xuất
DXHBC,DXHBC400-3B5ID,Sản xuất
DXHBC,DXHBC400-6B5SL,Sản xuất
DXHBC,DXHBC400-5B5SL,Sản xuất
DXHBC,DXHBC400-4B5SL,Sản xuất
DXHBC,DXHBC400-3B5SL,Sản xuất
DXHBC,DXHBC400-6P5HN,Sản xuất
DXHBC,DXHBC400-5P5HN,Sản xuất
DXHBC,DXHBC400-4P5HN,Sản xuất
DXHBC,DXHBC400-3P5HN,Sản xuất
DXHBC,DXHBC400-6P5HT,Sản xuất
DXHBC,DXHBC400-5P5HT,Sản xuất
DXHBC,DXHBC400-4P5HT,Sản xuất
DXHBC,DXHBC400-3P5HT,Sản xuất
DXHBC,DXHBC400-6P5HD,Sản xuất
DXHBC,DXHBC400-5P5HD,Sản xuất
DXHBC,DXHBC400-4P5HD,Sản xuất
DXHBC,DXHBC400-3P5HD,Sản xuất
DXHBC,DXHBC400-6P5DN,Sản xuất
DXHBC,DXHBC400-5P5DN,Sản xuất
DXHBC,DXHBC400-4P5DN,Sản xuất
DXHBC,DXHBC400-3P5DN,Sản xuất
DXHBC,DXHBC400-6P5DT,Sản xuất
DXHBC,DXHBC400-5P5DT,Sản xuất
DXHBC,DXHBC400-4P5DT,Sản xuất
DXHBC,DXHBC400-3P5DT,Sản xuất
DXHBC,DXHBC400-6P5PT,Sản xuất
DXHBC,DXHBC400-5P5PT,Sản xuất
DXHBC,DXHBC400-4P5PT,Sản xuất
DXHBC,DXHBC400-3P5PT,Sản xuất
DXHBC,DXHBC400-6P5PD,Sản xuất
DXHBC,DXHBC400-5P5PD,Sản xuất
DXHBC,DXHBC400-4P5PD,Sản xuất
DXHBC,DXHBC400-3P5PD,Sản xuất
DXHBC,DXHBC400-6P5MT,Sản xuất
DXHBC,DXHBC400-5P5MT,Sản xuất
DXHBC,DXHBC400-4P5MT,Sản xuất
DXHBC,DXHBC400-3P5MT,Sản xuất
DXHBC,DXHBC400-6P5ID,Sản xuất
DXHBC,DXHBC400-5P5ID,Sản xuất
DXHBC,DXHBC400-4P5ID,Sản xuất
DXHBC,DXHBC400-3P5ID,Sản xuất
DXHBC,DXHBC400-6P5SL,Sản xuất
DXHBC,DXHBC400-5P5SL,Sản xuất
DXHBC,DXHBC400-4P5SL,Sản xuất
DXHBC,DXHBC400-3P5SL,Sản xuất
DXHBC,DXHBC400-RTFHN,Sản xuất
DXHBC,DXHBC400-GTFHN,Sản xuất
DXHBC,DXHBC400-BTFHN,Sản xuất
DXHBC,DXHBC400-RTFHT,Sản xuất
DXHBC,DXHBC400-GTFHT,Sản xuất
DXHBC,DXHBC400-BTFHT,Sản xuất
DXHBC,DXHBC400-RTFHD,Sản xuất
DXHBC,DXHBC400-GTFHD,Sản xuất
DXHBC,DXHBC400-BTFHD,Sản xuất
DXHBC,DXHBC400-RTFDN,Sản xuất
DXHBC,DXHBC400-GTFDN,Sản xuất
DXHBC,DXHBC400-BTFDN,Sản xuất
DXHBC,DXHBC400-RTFDT,Sản xuất
DXHBC,DXHBC400-GTFDT,Sản xuất
DXHBC,DXHBC400-BTFDT,Sản xuất
DXHBC,DXHBC400-RTFPT,Sản xuất
DXHBC,DXHBC400-GTFPT,Sản xuất
DXHBC,DXHBC400-BTFPT,Sản xuất
DXHBC,DXHBC400-RTFPD,Sản xuất
DXHBC,DXHBC400-GTFPD,Sản xuất
DXHBC,DXHBC400-BTFPD,Sản xuất
DXHBC,DXHBC400-RTFMT,Sản xuất
DXHBC,DXHBC400-GTFMT,Sản xuất
DXHBC,DXHBC400-BTFMT,Sản xuất
DXHBC,DXHBC400-RTFID,Sản xuất
DXHBC,DXHBC400-GTFID,Sản xuất
DXHBC,DXHBC400-BTFID,Sản xuất
DXHBC,DXHBC400-RTFSL,Sản xuất
DXHBC,DXHBC400-GTFSL,Sản xuất
DXHBC,DXHBC400-BTFSL,Sản xuất
DXHBC,DXHBC400-CBCHC,Sản xuất
DNU1C,DNU1C050-6B3HN,Sản xuất
DNU1C,DNU1C050-5B3HN,Sản xuất
DNU1C,DNU1C050-4B3HN,Sản xuất
DNU1C,DNU1C050-3B3HN,Sản xuất
DNU1C,DNU1C050-6B3HT,Sản xuất
DNU1C,DNU1C050-5B3HT,Sản xuất
DNU1C,DNU1C050-4B3HT,Sản xuất
DNU1C,DNU1C050-3B3HT,Sản xuất
DNU1C,DNU1C050-6B3HD,Sản xuất
DNU1C,DNU1C050-5B3HD,Sản xuất
DNU1C,DNU1C050-4B3HD,Sản xuất
DNU1C,DNU1C050-3B3HD,Sản xuất
DNU1C,DNU1C050-6B3DN,Sản xuất
DNU1C,DNU1C050-5B3DN,Sản xuất
DNU1C,DNU1C050-4B3DN,Sản xuất
DNU1C,DNU1C050-3B3DN,Sản xuất
DNU1C,DNU1C050-6B3DT,Sản xuất
DNU1C,DNU1C050-5B3DT,Sản xuất
DNU1C,DNU1C050-4B3DT,Sản xuất
DNU1C,DNU1C050-3B3DT,Sản xuất
DNU1C,DNU1C050-6B3PT,Sản xuất
DNU1C,DNU1C050-5B3PT,Sản xuất
DNU1C,DNU1C050-4B3PT,Sản xuất
DNU1C,DNU1C050-3B3PT,Sản xuất
DNU1C,DNU1C050-6B3PD,Sản xuất
DNU1C,DNU1C050-5B3PD,Sản xuất
DNU1C,DNU1C050-4B3PD,Sản xuất
DNU1C,DNU1C050-3B3PD,Sản xuất
DNU1C,DNU1C050-6B3MT,Sản xuất
DNU1C,DNU1C050-5B3MT,Sản xuất
DNU1C,DNU1C050-4B3MT,Sản xuất
DNU1C,DNU1C050-3B3MT,Sản xuất
DNU1C,DNU1C050-6B3ID,Sản xuất
DNU1C,DNU1C050-5B3ID,Sản xuất
DNU1C,DNU1C050-4B3ID,Sản xuất
DNU1C,DNU1C050-3B3ID,Sản xuất
DNU1C,DNU1C050-6B3SL,Sản xuất
DNU1C,DNU1C050-5B3SL,Sản xuất
DNU1C,DNU1C050-4B3SL,Sản xuất
DNU1C,DNU1C050-3B3SL,Sản xuất
DNU1C,DNU1C050-6P3HN,Sản xuất
DNU1C,DNU1C050-5P3HN,Sản xuất
DNU1C,DNU1C050-4P3HN,Sản xuất
DNU1C,DNU1C050-3P3HN,Sản xuất
DNU1C,DNU1C050-6P3HT,Sản xuất
DNU1C,DNU1C050-5P3HT,Sản xuất
DNU1C,DNU1C050-4P3HT,Sản xuất
DNU1C,DNU1C050-3P3HT,Sản xuất
DNU1C,DNU1C050-6P3HD,Sản xuất
DNU1C,DNU1C050-5P3HD,Sản xuất
DNU1C,DNU1C050-4P3HD,Sản xuất
DNU1C,DNU1C050-3P3HD,Sản xuất
DNU1C,DNU1C050-6P3DN,Sản xuất
DNU1C,DNU1C050-5P3DN,Sản xuất
DNU1C,DNU1C050-4P3DN,Sản xuất
DNU1C,DNU1C050-3P3DN,Sản xuất
DNU1C,DNU1C050-6P3DT,Sản xuất
DNU1C,DNU1C050-5P3DT,Sản xuất
DNU1C,DNU1C050-4P3DT,Sản xuất
DNU1C,DNU1C050-3P3DT,Sản xuất
DNU1C,DNU1C050-6P3PT,Sản xuất
DNU1C,DNU1C050-5P3PT,Sản xuất
DNU1C,DNU1C050-4P3PT,Sản xuất
DNU1C,DNU1C050-3P3PT,Sản xuất
DNU1C,DNU1C050-6P3PD,Sản xuất
DNU1C,DNU1C050-5P3PD,Sản xuất
DNU1C,DNU1C050-4P3PD,Sản xuất
DNU1C,DNU1C050-3P3PD,Sản xuất
DNU1C,DNU1C050-6P3MT,Sản xuất
DNU1C,DNU1C050-5P3MT,Sản xuất
DNU1C,DNU1C050-4P3MT,Sản xuất
DNU1C,DNU1C050-3P3MT,Sản xuất
DNU1C,DNU1C050-6P3ID,Sản xuất
DNU1C,DNU1C050-5P3ID,Sản xuất
DNU1C,DNU1C050-4P3ID,Sản xuất
DNU1C,DNU1C050-3P3ID,Sản xuất
DNU1C,DNU1C050-6P3SL,Sản xuất
DNU1C,DNU1C050-5P3SL,Sản xuất
DNU1C,DNU1C050-4P3SL,Sản xuất
DNU1C,DNU1C050-3P3SL,Sản xuất
DNU1C,DNU1C050-6B5HN,Sản xuất
DNU1C,DNU1C050-5B5HN,Sản xuất
DNU1C,DNU1C050-4B5HN,Sản xuất
DNU1C,DNU1C050-3B5HN,Sản xuất
DNU1C,DNU1C050-6B5HT,Sản xuất
DNU1C,DNU1C050-5B5HT,Sản xuất
DNU1C,DNU1C050-4B5HT,Sản xuất
DNU1C,DNU1C050-3B5HT,Sản xuất
DNU1C,DNU1C050-6B5HD,Sản xuất
DNU1C,DNU1C050-5B5HD,Sản xuất
DNU1C,DNU1C050-4B5HD,Sản xuất
DNU1C,DNU1C050-3B5HD,Sản xuất
DNU1C,DNU1C050-6B5DN,Sản xuất
DNU1C,DNU1C050-5B5DN,Sản xuất
DNU1C,DNU1C050-4B5DN,Sản xuất
DNU1C,DNU1C050-3B5DN,Sản xuất
DNU1C,DNU1C050-6B5DT,Sản xuất
DNU1C,DNU1C050-5B5DT,Sản xuất
DNU1C,DNU1C050-4B5DT,Sản xuất
DNU1C,DNU1C050-3B5DT,Sản xuất
DNU1C,DNU1C050-6B5PT,Sản xuất
DNU1C,DNU1C050-5B5PT,Sản xuất
DNU1C,DNU1C050-4B5PT,Sản xuất
DNU1C,DNU1C050-3B5PT,Sản xuất
DNU1C,DNU1C050-6B5PD,Sản xuất
DNU1C,DNU1C050-5B5PD,Sản xuất
DNU1C,DNU1C050-4B5PD,Sản xuất
DNU1C,DNU1C050-3B5PD,Sản xuất
DNU1C,DNU1C050-6B5MT,Sản xuất
DNU1C,DNU1C050-5B5MT,Sản xuất
DNU1C,DNU1C050-4B5MT,Sản xuất
DNU1C,DNU1C050-3B5MT,Sản xuất
DNU1C,DNU1C050-6B5ID,Sản xuất
DNU1C,DNU1C050-5B5ID,Sản xuất
DNU1C,DNU1C050-4B5ID,Sản xuất
DNU1C,DNU1C050-3B5ID,Sản xuất
DNU1C,DNU1C050-6B5SL,Sản xuất
DNU1C,DNU1C050-5B5SL,Sản xuất
DNU1C,DNU1C050-4B5SL,Sản xuất
DNU1C,DNU1C050-3B5SL,Sản xuất
DNU1C,DNU1C050-6P5HN,Sản xuất
DNU1C,DNU1C050-5P5HN,Sản xuất
DNU1C,DNU1C050-4P5HN,Sản xuất
DNU1C,DNU1C050-3P5HN,Sản xuất
DNU1C,DNU1C050-6P5HT,Sản xuất
DNU1C,DNU1C050-5P5HT,Sản xuất
DNU1C,DNU1C050-4P5HT,Sản xuất
DNU1C,DNU1C050-3P5HT,Sản xuất
DNU1C,DNU1C050-6P5HD,Sản xuất
DNU1C,DNU1C050-5P5HD,Sản xuất
DNU1C,DNU1C050-4P5HD,Sản xuất
DNU1C,DNU1C050-3P5HD,Sản xuất
DNU1C,DNU1C050-6P5DN,Sản xuất
DNU1C,DNU1C050-5P5DN,Sản xuất
DNU1C,DNU1C050-4P5DN,Sản xuất
DNU1C,DNU1C050-3P5DN,Sản xuất
DNU1C,DNU1C050-6P5DT,Sản xuất
DNU1C,DNU1C050-5P5DT,Sản xuất
DNU1C,DNU1C050-4P5DT,Sản xuất
DNU1C,DNU1C050-3P5DT,Sản xuất
DNU1C,DNU1C050-6P5PT,Sản xuất
DNU1C,DNU1C050-5P5PT,Sản xuất
DNU1C,DNU1C050-4P5PT,Sản xuất
DNU1C,DNU1C050-3P5PT,Sản xuất
DNU1C,DNU1C050-6P5PD,Sản xuất
DNU1C,DNU1C050-5P5PD,Sản xuất
DNU1C,DNU1C050-4P5PD,Sản xuất
DNU1C,DNU1C050-3P5PD,Sản xuất
DNU1C,DNU1C050-6P5MT,Sản xuất
DNU1C,DNU1C050-5P5MT,Sản xuất
DNU1C,DNU1C050-4P5MT,Sản xuất
DNU1C,DNU1C050-3P5MT,Sản xuất
DNU1C,DNU1C050-6P5ID,Sản xuất
DNU1C,DNU1C050-5P5ID,Sản xuất
DNU1C,DNU1C050-4P5ID,Sản xuất
DNU1C,DNU1C050-3P5ID,Sản xuất
DNU1C,DNU1C050-6P5SL,Sản xuất
DNU1C,DNU1C050-5P5SL,Sản xuất
DNU1C,DNU1C050-4P5SL,Sản xuất
DNU1C,DNU1C050-3P5SL,Sản xuất
DNU1C,DNU1C050-RTFHN,Sản xuất
DNU1C,DNU1C050-GTFHN,Sản xuất
DNU1C,DNU1C050-BTFHN,Sản xuất
DNU1C,DNU1C050-RTFHT,Sản xuất
DNU1C,DNU1C050-GTFHT,Sản xuất
DNU1C,DNU1C050-BTFHT,Sản xuất
DNU1C,DNU1C050-RTFHD,Sản xuất
DNU1C,DNU1C050-GTFHD,Sản xuất
DNU1C,DNU1C050-BTFHD,Sản xuất
DNU1C,DNU1C050-RTFDN,Sản xuất
DNU1C,DNU1C050-GTFDN,Sản xuất
DNU1C,DNU1C050-BTFDN,Sản xuất
DNU1C,DNU1C050-RTFDT,Sản xuất
DNU1C,DNU1C050-GTFDT,Sản xuất
DNU1C,DNU1C050-BTFDT,Sản xuất
DNU1C,DNU1C050-RTFPT,Sản xuất
DNU1C,DNU1C050-GTFPT,Sản xuất
DNU1C,DNU1C050-BTFPT,Sản xuất
DNU1C,DNU1C050-RTFPD,Sản xuất
DNU1C,DNU1C050-GTFPD,Sản xuất
DNU1C,DNU1C050-BTFPD,Sản xuất
DNU1C,DNU1C050-RTFMT,Sản xuất
DNU1C,DNU1C050-GTFMT,Sản xuất
DNU1C,DNU1C050-BTFMT,Sản xuất
DNU1C,DNU1C050-RTFID,Sản xuất
DNU1C,DNU1C050-GTFID,Sản xuất
DNU1C,DNU1C050-BTFID,Sản xuất
DNU1C,DNU1C050-RTFSL,Sản xuất
DNU1C,DNU1C050-GTFSL,Sản xuất
DNU1C,DNU1C050-BTFSL,Sản xuất
DNU1C,DNU1C050-CBCHC,Sản xuất
DNU1C,DNU1C100-6TFHN,Sản xuất
DNU1C,DNU1C100-5TFHN,Sản xuất
DNU1C,DNU1C100-4TFHN,Sản xuất
DNU1C,DNU1C100-3TFHN,Sản xuất
DNU1C,DNU1C100-6TFHT,Sản xuất
DNU1C,DNU1C100-5TFHT,Sản xuất
DNU1C,DNU1C100-4TFHT,Sản xuất
DNU1C,DNU1C100-3TFHT,Sản xuất
DNU1C,DNU1C100-6TFHD,Sản xuất
DNU1C,DNU1C100-5TFHD,Sản xuất
DNU1C,DNU1C100-4TFHD,Sản xuất
DNU1C,DNU1C100-3TFHD,Sản xuất
DNU1C,DNU1C100-6TFDN,Sản xuất
DNU1C,DNU1C100-5TFDN,Sản xuất
DNU1C,DNU1C100-4TFDN,Sản xuất
DNU1C,DNU1C100-3TFDN,Sản xuất
DNU1C,DNU1C100-6TFDT,Sản xuất
DNU1C,DNU1C100-5TFDT,Sản xuất
DNU1C,DNU1C100-4TFDT,Sản xuất
DNU1C,DNU1C100-3TFDT,Sản xuất
DNU1C,DNU1C100-6TFPT,Sản xuất
DNU1C,DNU1C100-5TFPT,Sản xuất
DNU1C,DNU1C100-4TFPT,Sản xuất
DNU1C,DNU1C100-3TFPT,Sản xuất
DNU1C,DNU1C100-6TFPD,Sản xuất
DNU1C,DNU1C100-5TFPD,Sản xuất
DNU1C,DNU1C100-4TFPD,Sản xuất
DNU1C,DNU1C100-3TFPD,Sản xuất
DNU1C,DNU1C100-6TFMT,Sản xuất
DNU1C,DNU1C100-5TFMT,Sản xuất
DNU1C,DNU1C100-4TFMT,Sản xuất
DNU1C,DNU1C100-3TFMT,Sản xuất
DNU1C,DNU1C100-6TFID,Sản xuất
DNU1C,DNU1C100-5TFID,Sản xuất
DNU1C,DNU1C100-4TFID,Sản xuất
DNU1C,DNU1C100-3TFID,Sản xuất
DNU1C,DNU1C100-6TFSL,Sản xuất
DNU1C,DNU1C100-5TFSL,Sản xuất
DNU1C,DNU1C100-4TFSL,Sản xuất
DNU1C,DNU1C100-3TFSL,Sản xuất
DNU1C,DNU1C100-6CRHN,Sản xuất
DNU1C,DNU1C100-5CRHN,Sản xuất
DNU1C,DNU1C100-4CRHN,Sản xuất
DNU1C,DNU1C100-3CRHN,Sản xuất
DNU1C,DNU1C100-6CRHT,Sản xuất
DNU1C,DNU1C100-5CRHT,Sản xuất
DNU1C,DNU1C100-4CRHT,Sản xuất
DNU1C,DNU1C100-3CRHT,Sản xuất
DNU1C,DNU1C100-6CRHD,Sản xuất
DNU1C,DNU1C100-5CRHD,Sản xuất
DNU1C,DNU1C100-4CRHD,Sản xuất
DNU1C,DNU1C100-3CRHD,Sản xuất
DNU1C,DNU1C100-6CRDN,Sản xuất
DNU1C,DNU1C100-5CRDN,Sản xuất
DNU1C,DNU1C100-4CRDN,Sản xuất
DNU1C,DNU1C100-3CRDN,Sản xuất
DNU1C,DNU1C100-6CRDT,Sản xuất
DNU1C,DNU1C100-5CRDT,Sản xuất
DNU1C,DNU1C100-4CRDT,Sản xuất
DNU1C,DNU1C100-3CRDT,Sản xuất
DNU1C,DNU1C100-6CRPT,Sản xuất
DNU1C,DNU1C100-5CRPT,Sản xuất
DNU1C,DNU1C100-4CRPT,Sản xuất
DNU1C,DNU1C100-3CRPT,Sản xuất
DNU1C,DNU1C100-6CRPD,Sản xuất
DNU1C,DNU1C100-5CRPD,Sản xuất
DNU1C,DNU1C100-4CRPD,Sản xuất
DNU1C,DNU1C100-3CRPD,Sản xuất
DNU1C,DNU1C100-6CRMT,Sản xuất
DNU1C,DNU1C100-5CRMT,Sản xuất
DNU1C,DNU1C100-4CRMT,Sản xuất
DNU1C,DNU1C100-3CRMT,Sản xuất
DNU1C,DNU1C100-6CRID,Sản xuất
DNU1C,DNU1C100-5CRID,Sản xuất
DNU1C,DNU1C100-4CRID,Sản xuất
DNU1C,DNU1C100-3CRID,Sản xuất
DNU1C,DNU1C100-6CRSL,Sản xuất
DNU1C,DNU1C100-5CRSL,Sản xuất
DNU1C,DNU1C100-4CRSL,Sản xuất
DNU1C,DNU1C100-3CRSL,Sản xuất
DNU1C,DNU1C100-6B5HN,Sản xuất
DNU1C,DNU1C100-5B5HN,Sản xuất
DNU1C,DNU1C100-4B5HN,Sản xuất
DNU1C,DNU1C100-3B5HN,Sản xuất
DNU1C,DNU1C100-6B5HT,Sản xuất
DNU1C,DNU1C100-5B5HT,Sản xuất
DNU1C,DNU1C100-4B5HT,Sản xuất
DNU1C,DNU1C100-3B5HT,Sản xuất
DNU1C,DNU1C100-6B5HD,Sản xuất
DNU1C,DNU1C100-5B5HD,Sản xuất
DNU1C,DNU1C100-4B5HD,Sản xuất
DNU1C,DNU1C100-3B5HD,Sản xuất
DNU1C,DNU1C100-6B5DN,Sản xuất
DNU1C,DNU1C100-5B5DN,Sản xuất
DNU1C,DNU1C100-4B5DN,Sản xuất
DNU1C,DNU1C100-3B5DN,Sản xuất
DNU1C,DNU1C100-6B5DT,Sản xuất
DNU1C,DNU1C100-5B5DT,Sản xuất
DNU1C,DNU1C100-4B5DT,Sản xuất
DNU1C,DNU1C100-3B5DT,Sản xuất
DNU1C,DNU1C100-6B5PT,Sản xuất
DNU1C,DNU1C100-5B5PT,Sản xuất
DNU1C,DNU1C100-4B5PT,Sản xuất
DNU1C,DNU1C100-3B5PT,Sản xuất
DNU1C,DNU1C100-6B5PD,Sản xuất
DNU1C,DNU1C100-5B5PD,Sản xuất
DNU1C,DNU1C100-4B5PD,Sản xuất
DNU1C,DNU1C100-3B5PD,Sản xuất
DNU1C,DNU1C100-6B5MT,Sản xuất
DNU1C,DNU1C100-5B5MT,Sản xuất
DNU1C,DNU1C100-4B5MT,Sản xuất
DNU1C,DNU1C100-3B5MT,Sản xuất
DNU1C,DNU1C100-6B5ID,Sản xuất
DNU1C,DNU1C100-5B5ID,Sản xuất
DNU1C,DNU1C100-4B5ID,Sản xuất
DNU1C,DNU1C100-3B5ID,Sản xuất
DNU1C,DNU1C100-6B5SL,Sản xuất
DNU1C,DNU1C100-5B5SL,Sản xuất
DNU1C,DNU1C100-4B5SL,Sản xuất
DNU1C,DNU1C100-3B5SL,Sản xuất
DNU1C,DNU1C100-6P5HN,Sản xuất
DNU1C,DNU1C100-5P5HN,Sản xuất
DNU1C,DNU1C100-4P5HN,Sản xuất
DNU1C,DNU1C100-3P5HN,Sản xuất
DNU1C,DNU1C100-6P5HT,Sản xuất
DNU1C,DNU1C100-5P5HT,Sản xuất
DNU1C,DNU1C100-4P5HT,Sản xuất
DNU1C,DNU1C100-3P5HT,Sản xuất
DNU1C,DNU1C100-6P5HD,Sản xuất
DNU1C,DNU1C100-5P5HD,Sản xuất
DNU1C,DNU1C100-4P5HD,Sản xuất
DNU1C,DNU1C100-3P5HD,Sản xuất
DNU1C,DNU1C100-6P5DN,Sản xuất
DNU1C,DNU1C100-5P5DN,Sản xuất
DNU1C,DNU1C100-4P5DN,Sản xuất
DNU1C,DNU1C100-3P5DN,Sản xuất
DNU1C,DNU1C100-6P5DT,Sản xuất
DNU1C,DNU1C100-5P5DT,Sản xuất
DNU1C,DNU1C100-4P5DT,Sản xuất
DNU1C,DNU1C100-3P5DT,Sản xuất
DNU1C,DNU1C100-6P5PT,Sản xuất
DNU1C,DNU1C100-5P5PT,Sản xuất
DNU1C,DNU1C100-4P5PT,Sản xuất
DNU1C,DNU1C100-3P5PT,Sản xuất
DNU1C,DNU1C100-6P5PD,Sản xuất
DNU1C,DNU1C100-5P5PD,Sản xuất
DNU1C,DNU1C100-4P5PD,Sản xuất
DNU1C,DNU1C100-3P5PD,Sản xuất
DNU1C,DNU1C100-6P5MT,Sản xuất
DNU1C,DNU1C100-5P5MT,Sản xuất
DNU1C,DNU1C100-4P5MT,Sản xuất
DNU1C,DNU1C100-3P5MT,Sản xuất
DNU1C,DNU1C100-6P5ID,Sản xuất
DNU1C,DNU1C100-5P5ID,Sản xuất
DNU1C,DNU1C100-4P5ID,Sản xuất
DNU1C,DNU1C100-3P5ID,Sản xuất
DNU1C,DNU1C100-6P5SL,Sản xuất
DNU1C,DNU1C100-5P5SL,Sản xuất
DNU1C,DNU1C100-4P5SL,Sản xuất
DNU1C,DNU1C100-3P5SL,Sản xuất
DNU1C,DNU1C100-RTFHN,Sản xuất
DNU1C,DNU1C100-GTFHN,Sản xuất
DNU1C,DNU1C100-BTFHN,Sản xuất
DNU1C,DNU1C100-RTFHT,Sản xuất
DNU1C,DNU1C100-GTFHT,Sản xuất
DNU1C,DNU1C100-BTFHT,Sản xuất
DNU1C,DNU1C100-RTFHD,Sản xuất
DNU1C,DNU1C100-GTFHD,Sản xuất
DNU1C,DNU1C100-BTFHD,Sản xuất
DNU1C,DNU1C100-RTFDN,Sản xuất
DNU1C,DNU1C100-GTFDN,Sản xuất
DNU1C,DNU1C100-BTFDN,Sản xuất
DNU1C,DNU1C100-RTFDT,Sản xuất
DNU1C,DNU1C100-GTFDT,Sản xuất
DNU1C,DNU1C100-BTFDT,Sản xuất
DNU1C,DNU1C100-RTFPT,Sản xuất
DNU1C,DNU1C100-GTFPT,Sản xuất
DNU1C,DNU1C100-BTFPT,Sản xuất
DNU1C,DNU1C100-RTFPD,Sản xuất
DNU1C,DNU1C100-GTFPD,Sản xuất
DNU1C,DNU1C100-BTFPD,Sản xuất
DNU1C,DNU1C100-RTFMT,Sản xuất
DNU1C,DNU1C100-GTFMT,Sản xuất
DNU1C,DNU1C100-BTFMT,Sản xuất
DNU1C,DNU1C100-RTFID,Sản xuất
DNU1C,DNU1C100-GTFID,Sản xuất
DNU1C,DNU1C100-BTFID,Sản xuất
DNU1C,DNU1C100-RTFSL,Sản xuất
DNU1C,DNU1C100-GTFSL,Sản xuất
DNU1C,DNU1C100-BTFSL,Sản xuất
DNU1C,DNU1C100-CBCHC,Sản xuất
DNU1C,DNU1C150-6B3HN,Sản xuất
DNU1C,DNU1C150-5B3HN,Sản xuất
DNU1C,DNU1C150-4B3HN,Sản xuất
DNU1C,DNU1C150-3B3HN,Sản xuất
DNU1C,DNU1C150-6B3HT,Sản xuất
DNU1C,DNU1C150-5B3HT,Sản xuất
DNU1C,DNU1C150-4B3HT,Sản xuất
DNU1C,DNU1C150-3B3HT,Sản xuất
DNU1C,DNU1C150-6B3HD,Sản xuất
DNU1C,DNU1C150-5B3HD,Sản xuất
DNU1C,DNU1C150-4B3HD,Sản xuất
DNU1C,DNU1C150-3B3HD,Sản xuất
DNU1C,DNU1C150-6B3DN,Sản xuất
DNU1C,DNU1C150-5B3DN,Sản xuất
DNU1C,DNU1C150-4B3DN,Sản xuất
DNU1C,DNU1C150-3B3DN,Sản xuất
DNU1C,DNU1C150-6B3DT,Sản xuất
DNU1C,DNU1C150-5B3DT,Sản xuất
DNU1C,DNU1C150-4B3DT,Sản xuất
DNU1C,DNU1C150-3B3DT,Sản xuất
DNU1C,DNU1C150-6B3PT,Sản xuất
DNU1C,DNU1C150-5B3PT,Sản xuất
DNU1C,DNU1C150-4B3PT,Sản xuất
DNU1C,DNU1C150-3B3PT,Sản xuất
DNU1C,DNU1C150-6B3PD,Sản xuất
DNU1C,DNU1C150-5B3PD,Sản xuất
DNU1C,DNU1C150-4B3PD,Sản xuất
DNU1C,DNU1C150-3B3PD,Sản xuất
DNU1C,DNU1C150-6B3MT,Sản xuất
DNU1C,DNU1C150-5B3MT,Sản xuất
DNU1C,DNU1C150-4B3MT,Sản xuất
DNU1C,DNU1C150-3B3MT,Sản xuất
DNU1C,DNU1C150-6B3ID,Sản xuất
DNU1C,DNU1C150-5B3ID,Sản xuất
DNU1C,DNU1C150-4B3ID,Sản xuất
DNU1C,DNU1C150-3B3ID,Sản xuất
DNU1C,DNU1C150-6B3SL,Sản xuất
DNU1C,DNU1C150-5B3SL,Sản xuất
DNU1C,DNU1C150-4B3SL,Sản xuất
DNU1C,DNU1C150-3B3SL,Sản xuất
DNU1C,DNU1C150-6P3HN,Sản xuất
DNU1C,DNU1C150-5P3HN,Sản xuất
DNU1C,DNU1C150-4P3HN,Sản xuất
DNU1C,DNU1C150-3P3HN,Sản xuất
DNU1C,DNU1C150-6P3HT,Sản xuất
DNU1C,DNU1C150-5P3HT,Sản xuất
DNU1C,DNU1C150-4P3HT,Sản xuất
DNU1C,DNU1C150-3P3HT,Sản xuất
DNU1C,DNU1C150-6P3HD,Sản xuất
DNU1C,DNU1C150-5P3HD,Sản xuất
DNU1C,DNU1C150-4P3HD,Sản xuất
DNU1C,DNU1C150-3P3HD,Sản xuất
DNU1C,DNU1C150-6P3DN,Sản xuất
DNU1C,DNU1C150-5P3DN,Sản xuất
DNU1C,DNU1C150-4P3DN,Sản xuất
DNU1C,DNU1C150-3P3DN,Sản xuất
DNU1C,DNU1C150-6P3DT,Sản xuất
DNU1C,DNU1C150-5P3DT,Sản xuất
DNU1C,DNU1C150-4P3DT,Sản xuất
DNU1C,DNU1C150-3P3DT,Sản xuất
DNU1C,DNU1C150-6P3PT,Sản xuất
DNU1C,DNU1C150-5P3PT,Sản xuất
DNU1C,DNU1C150-4P3PT,Sản xuất
DNU1C,DNU1C150-3P3PT,Sản xuất
DNU1C,DNU1C150-6P3PD,Sản xuất
DNU1C,DNU1C150-5P3PD,Sản xuất
DNU1C,DNU1C150-4P3PD,Sản xuất
DNU1C,DNU1C150-3P3PD,Sản xuất
DNU1C,DNU1C150-6P3MT,Sản xuất
DNU1C,DNU1C150-5P3MT,Sản xuất
DNU1C,DNU1C150-4P3MT,Sản xuất
DNU1C,DNU1C150-3P3MT,Sản xuất
DNU1C,DNU1C150-6P3ID,Sản xuất
DNU1C,DNU1C150-5P3ID,Sản xuất
DNU1C,DNU1C150-4P3ID,Sản xuất
DNU1C,DNU1C150-3P3ID,Sản xuất
DNU1C,DNU1C150-6P3SL,Sản xuất
DNU1C,DNU1C150-5P3SL,Sản xuất
DNU1C,DNU1C150-4P3SL,Sản xuất
DNU1C,DNU1C150-3P3SL,Sản xuất
DNU1C,DNU1C150-6B5HN,Sản xuất
DNU1C,DNU1C150-5B5HN,Sản xuất
DNU1C,DNU1C150-4B5HN,Sản xuất
DNU1C,DNU1C150-3B5HN,Sản xuất
DNU1C,DNU1C150-6B5HT,Sản xuất
DNU1C,DNU1C150-5B5HT,Sản xuất
DNU1C,DNU1C150-4B5HT,Sản xuất
DNU1C,DNU1C150-3B5HT,Sản xuất
DNU1C,DNU1C150-6B5HD,Sản xuất
DNU1C,DNU1C150-5B5HD,Sản xuất
DNU1C,DNU1C150-4B5HD,Sản xuất
DNU1C,DNU1C150-3B5HD,Sản xuất
DNU1C,DNU1C150-6B5DN,Sản xuất
DNU1C,DNU1C150-5B5DN,Sản xuất
DNU1C,DNU1C150-4B5DN,Sản xuất
DNU1C,DNU1C150-3B5DN,Sản xuất
DNU1C,DNU1C150-6B5DT,Sản xuất
DNU1C,DNU1C150-5B5DT,Sản xuất
DNU1C,DNU1C150-4B5DT,Sản xuất
DNU1C,DNU1C150-3B5DT,Sản xuất
DNU1C,DNU1C150-6B5PT,Sản xuất
DNU1C,DNU1C150-5B5PT,Sản xuất
DNU1C,DNU1C150-4B5PT,Sản xuất
DNU1C,DNU1C150-3B5PT,Sản xuất
DNU1C,DNU1C150-6B5PD,Sản xuất
DNU1C,DNU1C150-5B5PD,Sản xuất
DNU1C,DNU1C150-4B5PD,Sản xuất
DNU1C,DNU1C150-3B5PD,Sản xuất
DNU1C,DNU1C150-6B5MT,Sản xuất
DNU1C,DNU1C150-5B5MT,Sản xuất
DNU1C,DNU1C150-4B5MT,Sản xuất
DNU1C,DNU1C150-3B5MT,Sản xuất
DNU1C,DNU1C150-6B5ID,Sản xuất
DNU1C,DNU1C150-5B5ID,Sản xuất
DNU1C,DNU1C150-4B5ID,Sản xuất
DNU1C,DNU1C150-3B5ID,Sản xuất
DNU1C,DNU1C150-6B5SL,Sản xuất
DNU1C,DNU1C150-5B5SL,Sản xuất
DNU1C,DNU1C150-4B5SL,Sản xuất
DNU1C,DNU1C150-3B5SL,Sản xuất
DNU1C,DNU1C150-6P5HN,Sản xuất
DNU1C,DNU1C150-5P5HN,Sản xuất
DNU1C,DNU1C150-4P5HN,Sản xuất
DNU1C,DNU1C150-3P5HN,Sản xuất
DNU1C,DNU1C150-6P5HT,Sản xuất
DNU1C,DNU1C150-5P5HT,Sản xuất
DNU1C,DNU1C150-4P5HT,Sản xuất
DNU1C,DNU1C150-3P5HT,Sản xuất
DNU1C,DNU1C150-6P5HD,Sản xuất
DNU1C,DNU1C150-5P5HD,Sản xuất
DNU1C,DNU1C150-4P5HD,Sản xuất
DNU1C,DNU1C150-3P5HD,Sản xuất
DNU1C,DNU1C150-6P5DN,Sản xuất
DNU1C,DNU1C150-5P5DN,Sản xuất
DNU1C,DNU1C150-4P5DN,Sản xuất
DNU1C,DNU1C150-3P5DN,Sản xuất
DNU1C,DNU1C150-6P5DT,Sản xuất
DNU1C,DNU1C150-5P5DT,Sản xuất
DNU1C,DNU1C150-4P5DT,Sản xuất
DNU1C,DNU1C150-3P5DT,Sản xuất
DNU1C,DNU1C150-6P5PT,Sản xuất
DNU1C,DNU1C150-5P5PT,Sản xuất
DNU1C,DNU1C150-4P5PT,Sản xuất
DNU1C,DNU1C150-3P5PT,Sản xuất
DNU1C,DNU1C150-6P5PD,Sản xuất
DNU1C,DNU1C150-5P5PD,Sản xuất
DNU1C,DNU1C150-4P5PD,Sản xuất
DNU1C,DNU1C150-3P5PD,Sản xuất
DNU1C,DNU1C150-6P5MT,Sản xuất
DNU1C,DNU1C150-5P5MT,Sản xuất
DNU1C,DNU1C150-4P5MT,Sản xuất
DNU1C,DNU1C150-3P5MT,Sản xuất
DNU1C,DNU1C150-6P5ID,Sản xuất
DNU1C,DNU1C150-5P5ID,Sản xuất
DNU1C,DNU1C150-4P5ID,Sản xuất
DNU1C,DNU1C150-3P5ID,Sản xuất
DNU1C,DNU1C150-6P5SL,Sản xuất
DNU1C,DNU1C150-5P5SL,Sản xuất
DNU1C,DNU1C150-4P5SL,Sản xuất
DNU1C,DNU1C150-3P5SL,Sản xuất
DNU1C,DNU1C150-RTFHN,Sản xuất
DNU1C,DNU1C150-GTFHN,Sản xuất
DNU1C,DNU1C150-BTFHN,Sản xuất
DNU1C,DNU1C150-RTFHT,Sản xuất
DNU1C,DNU1C150-GTFHT,Sản xuất
DNU1C,DNU1C150-BTFHT,Sản xuất
DNU1C,DNU1C150-RTFHD,Sản xuất
DNU1C,DNU1C150-GTFHD,Sản xuất
DNU1C,DNU1C150-BTFHD,Sản xuất
DNU1C,DNU1C150-RTFDN,Sản xuất
DNU1C,DNU1C150-GTFDN,Sản xuất
DNU1C,DNU1C150-BTFDN,Sản xuất
DNU1C,DNU1C150-RTFDT,Sản xuất
DNU1C,DNU1C150-GTFDT,Sản xuất
DNU1C,DNU1C150-BTFDT,Sản xuất
DNU1C,DNU1C150-RTFPT,Sản xuất
DNU1C,DNU1C150-GTFPT,Sản xuất
DNU1C,DNU1C150-BTFPT,Sản xuất
DNU1C,DNU1C150-RTFPD,Sản xuất
DNU1C,DNU1C150-GTFPD,Sản xuất
DNU1C,DNU1C150-BTFPD,Sản xuất
DNU1C,DNU1C150-RTFMT,Sản xuất
DNU1C,DNU1C150-GTFMT,Sản xuất
DNU1C,DNU1C150-BTFMT,Sản xuất
DNU1C,DNU1C150-RTFID,Sản xuất
DNU1C,DNU1C150-GTFID,Sản xuất
DNU1C,DNU1C150-BTFID,Sản xuất
DNU1C,DNU1C150-RTFSL,Sản xuất
DNU1C,DNU1C150-GTFSL,Sản xuất
DNU1C,DNU1C150-BTFSL,Sản xuất
DNU1C,DNU1C150-CBCHC,Sản xuất
DNU1C,DNU1C200-6B3HN,Sản xuất
DNU1C,DNU1C200-5B3HN,Sản xuất
DNU1C,DNU1C200-4B3HN,Sản xuất
DNU1C,DNU1C200-3B3HN,Sản xuất
DNU1C,DNU1C200-6B3HT,Sản xuất
DNU1C,DNU1C200-5B3HT,Sản xuất
DNU1C,DNU1C200-4B3HT,Sản xuất
DNU1C,DNU1C200-3B3HT,Sản xuất
DNU1C,DNU1C200-6B3HD,Sản xuất
DNU1C,DNU1C200-5B3HD,Sản xuất
DNU1C,DNU1C200-4B3HD,Sản xuất
DNU1C,DNU1C200-3B3HD,Sản xuất
DNU1C,DNU1C200-6B3DN,Sản xuất
DNU1C,DNU1C200-5B3DN,Sản xuất
DNU1C,DNU1C200-4B3DN,Sản xuất
DNU1C,DNU1C200-3B3DN,Sản xuất
DNU1C,DNU1C200-6B3DT,Sản xuất
DNU1C,DNU1C200-5B3DT,Sản xuất
DNU1C,DNU1C200-4B3DT,Sản xuất
DNU1C,DNU1C200-3B3DT,Sản xuất
DNU1C,DNU1C200-6B3PT,Sản xuất
DNU1C,DNU1C200-5B3PT,Sản xuất
DNU1C,DNU1C200-4B3PT,Sản xuất
DNU1C,DNU1C200-3B3PT,Sản xuất
DNU1C,DNU1C200-6B3PD,Sản xuất
DNU1C,DNU1C200-5B3PD,Sản xuất
DNU1C,DNU1C200-4B3PD,Sản xuất
DNU1C,DNU1C200-3B3PD,Sản xuất
DNU1C,DNU1C200-6B3MT,Sản xuất
DNU1C,DNU1C200-5B3MT,Sản xuất
DNU1C,DNU1C200-4B3MT,Sản xuất
DNU1C,DNU1C200-3B3MT,Sản xuất
DNU1C,DNU1C200-6B3ID,Sản xuất
DNU1C,DNU1C200-5B3ID,Sản xuất
DNU1C,DNU1C200-4B3ID,Sản xuất
DNU1C,DNU1C200-3B3ID,Sản xuất
DNU1C,DNU1C200-6B3SL,Sản xuất
DNU1C,DNU1C200-5B3SL,Sản xuất
DNU1C,DNU1C200-4B3SL,Sản xuất
DNU1C,DNU1C200-3B3SL,Sản xuất
DNU1C,DNU1C200-6P3HN,Sản xuất
DNU1C,DNU1C200-5P3HN,Sản xuất
DNU1C,DNU1C200-4P3HN,Sản xuất
DNU1C,DNU1C200-3P3HN,Sản xuất
DNU1C,DNU1C200-6P3HT,Sản xuất
DNU1C,DNU1C200-5P3HT,Sản xuất
DNU1C,DNU1C200-4P3HT,Sản xuất
DNU1C,DNU1C200-3P3HT,Sản xuất
DNU1C,DNU1C200-6P3HD,Sản xuất
DNU1C,DNU1C200-5P3HD,Sản xuất
DNU1C,DNU1C200-4P3HD,Sản xuất
DNU1C,DNU1C200-3P3HD,Sản xuất
DNU1C,DNU1C200-6P3DN,Sản xuất
DNU1C,DNU1C200-5P3DN,Sản xuất
DNU1C,DNU1C200-4P3DN,Sản xuất
DNU1C,DNU1C200-3P3DN,Sản xuất
DNU1C,DNU1C200-6P3DT,Sản xuất
DNU1C,DNU1C200-5P3DT,Sản xuất
DNU1C,DNU1C200-4P3DT,Sản xuất
DNU1C,DNU1C200-3P3DT,Sản xuất
DNU1C,DNU1C200-6P3PT,Sản xuất
DNU1C,DNU1C200-5P3PT,Sản xuất
DNU1C,DNU1C200-4P3PT,Sản xuất
DNU1C,DNU1C200-3P3PT,Sản xuất
DNU1C,DNU1C200-6P3PD,Sản xuất
DNU1C,DNU1C200-5P3PD,Sản xuất
DNU1C,DNU1C200-4P3PD,Sản xuất
DNU1C,DNU1C200-3P3PD,Sản xuất
DNU1C,DNU1C200-6P3MT,Sản xuất
DNU1C,DNU1C200-5P3MT,Sản xuất
DNU1C,DNU1C200-4P3MT,Sản xuất
DNU1C,DNU1C200-3P3MT,Sản xuất
DNU1C,DNU1C200-6P3ID,Sản xuất
DNU1C,DNU1C200-5P3ID,Sản xuất
DNU1C,DNU1C200-4P3ID,Sản xuất
DNU1C,DNU1C200-3P3ID,Sản xuất
DNU1C,DNU1C200-6P3SL,Sản xuất
DNU1C,DNU1C200-5P3SL,Sản xuất
DNU1C,DNU1C200-4P3SL,Sản xuất
DNU1C,DNU1C200-3P3SL,Sản xuất
DNU1C,DNU1C200-6B5HN,Sản xuất
DNU1C,DNU1C200-5B5HN,Sản xuất
DNU1C,DNU1C200-4B5HN,Sản xuất
DNU1C,DNU1C200-3B5HN,Sản xuất
DNU1C,DNU1C200-6B5HT,Sản xuất
DNU1C,DNU1C200-5B5HT,Sản xuất
DNU1C,DNU1C200-4B5HT,Sản xuất
DNU1C,DNU1C200-3B5HT,Sản xuất
DNU1C,DNU1C200-6B5HD,Sản xuất
DNU1C,DNU1C200-5B5HD,Sản xuất
DNU1C,DNU1C200-4B5HD,Sản xuất
DNU1C,DNU1C200-3B5HD,Sản xuất
DNU1C,DNU1C200-6B5DN,Sản xuất
DNU1C,DNU1C200-5B5DN,Sản xuất
DNU1C,DNU1C200-4B5DN,Sản xuất
DNU1C,DNU1C200-3B5DN,Sản xuất
DNU1C,DNU1C200-6B5DT,Sản xuất
DNU1C,DNU1C200-5B5DT,Sản xuất
DNU1C,DNU1C200-4B5DT,Sản xuất
DNU1C,DNU1C200-3B5DT,Sản xuất
DNU1C,DNU1C200-6B5PT,Sản xuất
DNU1C,DNU1C200-5B5PT,Sản xuất
DNU1C,DNU1C200-4B5PT,Sản xuất
DNU1C,DNU1C200-3B5PT,Sản xuất
DNU1C,DNU1C200-6B5PD,Sản xuất
DNU1C,DNU1C200-5B5PD,Sản xuất
DNU1C,DNU1C200-4B5PD,Sản xuất
DNU1C,DNU1C200-3B5PD,Sản xuất
DNU1C,DNU1C200-6B5MT,Sản xuất
DNU1C,DNU1C200-5B5MT,Sản xuất
DNU1C,DNU1C200-4B5MT,Sản xuất
DNU1C,DNU1C200-3B5MT,Sản xuất
DNU1C,DNU1C200-6B5ID,Sản xuất
DNU1C,DNU1C200-5B5ID,Sản xuất
DNU1C,DNU1C200-4B5ID,Sản xuất
DNU1C,DNU1C200-3B5ID,Sản xuất
DNU1C,DNU1C200-6B5SL,Sản xuất
DNU1C,DNU1C200-5B5SL,Sản xuất
DNU1C,DNU1C200-4B5SL,Sản xuất
DNU1C,DNU1C200-3B5SL,Sản xuất
DNU1C,DNU1C200-6P5HN,Sản xuất
DNU1C,DNU1C200-5P5HN,Sản xuất
DNU1C,DNU1C200-4P5HN,Sản xuất
DNU1C,DNU1C200-3P5HN,Sản xuất
DNU1C,DNU1C200-6P5HT,Sản xuất
DNU1C,DNU1C200-5P5HT,Sản xuất
DNU1C,DNU1C200-4P5HT,Sản xuất
DNU1C,DNU1C200-3P5HT,Sản xuất
DNU1C,DNU1C200-6P5HD,Sản xuất
DNU1C,DNU1C200-5P5HD,Sản xuất
DNU1C,DNU1C200-4P5HD,Sản xuất
DNU1C,DNU1C200-3P5HD,Sản xuất
DNU1C,DNU1C200-6P5DN,Sản xuất
DNU1C,DNU1C200-5P5DN,Sản xuất
DNU1C,DNU1C200-4P5DN,Sản xuất
DNU1C,DNU1C200-3P5DN,Sản xuất
DNU1C,DNU1C200-6P5DT,Sản xuất
DNU1C,DNU1C200-5P5DT,Sản xuất
DNU1C,DNU1C200-4P5DT,Sản xuất
DNU1C,DNU1C200-3P5DT,Sản xuất
DNU1C,DNU1C200-6P5PT,Sản xuất
DNU1C,DNU1C200-5P5PT,Sản xuất
DNU1C,DNU1C200-4P5PT,Sản xuất
DNU1C,DNU1C200-3P5PT,Sản xuất
DNU1C,DNU1C200-6P5PD,Sản xuất
DNU1C,DNU1C200-5P5PD,Sản xuất
DNU1C,DNU1C200-4P5PD,Sản xuất
DNU1C,DNU1C200-3P5PD,Sản xuất
DNU1C,DNU1C200-6P5MT,Sản xuất
DNU1C,DNU1C200-5P5MT,Sản xuất
DNU1C,DNU1C200-4P5MT,Sản xuất
DNU1C,DNU1C200-3P5MT,Sản xuất
DNU1C,DNU1C200-6P5ID,Sản xuất
DNU1C,DNU1C200-5P5ID,Sản xuất
DNU1C,DNU1C200-4P5ID,Sản xuất
DNU1C,DNU1C200-3P5ID,Sản xuất
DNU1C,DNU1C200-6P5SL,Sản xuất
DNU1C,DNU1C200-5P5SL,Sản xuất
DNU1C,DNU1C200-4P5SL,Sản xuất
DNU1C,DNU1C200-3P5SL,Sản xuất
DNU1C,DNU1C200-RTFHN,Sản xuất
DNU1C,DNU1C200-GTFHN,Sản xuất
DNU1C,DNU1C200-BTFHN,Sản xuất
DNU1C,DNU1C200-RTFHT,Sản xuất
DNU1C,DNU1C200-GTFHT,Sản xuất
DNU1C,DNU1C200-BTFHT,Sản xuất
DNU1C,DNU1C200-RTFHD,Sản xuất
DNU1C,DNU1C200-GTFHD,Sản xuất
DNU1C,DNU1C200-BTFHD,Sản xuất
DNU1C,DNU1C200-RTFDN,Sản xuất
DNU1C,DNU1C200-GTFDN,Sản xuất
DNU1C,DNU1C200-BTFDN,Sản xuất
DNU1C,DNU1C200-RTFDT,Sản xuất
DNU1C,DNU1C200-GTFDT,Sản xuất
DNU1C,DNU1C200-BTFDT,Sản xuất
DNU1C,DNU1C200-RTFPT,Sản xuất
DNU1C,DNU1C200-GTFPT,Sản xuất
DNU1C,DNU1C200-BTFPT,Sản xuất
DNU1C,DNU1C200-RTFPD,Sản xuất
DNU1C,DNU1C200-GTFPD,Sản xuất
DNU1C,DNU1C200-BTFPD,Sản xuất
DNU1C,DNU1C200-RTFMT,Sản xuất
DNU1C,DNU1C200-GTFMT,Sản xuất
DNU1C,DNU1C200-BTFMT,Sản xuất
DNU1C,DNU1C200-RTFID,Sản xuất
DNU1C,DNU1C200-GTFID,Sản xuất
DNU1C,DNU1C200-BTFID,Sản xuất
DNU1C,DNU1C200-RTFSL,Sản xuất
DNU1C,DNU1C200-GTFSL,Sản xuất
DNU1C,DNU1C200-BTFSL,Sản xuất
DNU1C,DNU1C200-CBCHC,Sản xuất
DNU1C,DNU1C250-6B3HN,Sản xuất
DNU1C,DNU1C250-5B3HN,Sản xuất
DNU1C,DNU1C250-4B3HN,Sản xuất
DNU1C,DNU1C250-3B3HN,Sản xuất
DNU1C,DNU1C250-6B3HT,Sản xuất
DNU1C,DNU1C250-5B3HT,Sản xuất
DNU1C,DNU1C250-4B3HT,Sản xuất
DNU1C,DNU1C250-3B3HT,Sản xuất
DNU1C,DNU1C250-6B3HD,Sản xuất
DNU1C,DNU1C250-5B3HD,Sản xuất
DNU1C,DNU1C250-4B3HD,Sản xuất
DNU1C,DNU1C250-3B3HD,Sản xuất
DNU1C,DNU1C250-6B3DN,Sản xuất
DNU1C,DNU1C250-5B3DN,Sản xuất
DNU1C,DNU1C250-4B3DN,Sản xuất
DNU1C,DNU1C250-3B3DN,Sản xuất
DNU1C,DNU1C250-6B3DT,Sản xuất
DNU1C,DNU1C250-5B3DT,Sản xuất
DNU1C,DNU1C250-4B3DT,Sản xuất
DNU1C,DNU1C250-3B3DT,Sản xuất
DNU1C,DNU1C250-6B3PT,Sản xuất
DNU1C,DNU1C250-5B3PT,Sản xuất
DNU1C,DNU1C250-4B3PT,Sản xuất
DNU1C,DNU1C250-3B3PT,Sản xuất
DNU1C,DNU1C250-6B3PD,Sản xuất
DNU1C,DNU1C250-5B3PD,Sản xuất
DNU1C,DNU1C250-4B3PD,Sản xuất
DNU1C,DNU1C250-3B3PD,Sản xuất
DNU1C,DNU1C250-6B3MT,Sản xuất
DNU1C,DNU1C250-5B3MT,Sản xuất
DNU1C,DNU1C250-4B3MT,Sản xuất
DNU1C,DNU1C250-3B3MT,Sản xuất
DNU1C,DNU1C250-6B3ID,Sản xuất
DNU1C,DNU1C250-5B3ID,Sản xuất
DNU1C,DNU1C250-4B3ID,Sản xuất
DNU1C,DNU1C250-3B3ID,Sản xuất
DNU1C,DNU1C250-6B3SL,Sản xuất
DNU1C,DNU1C250-5B3SL,Sản xuất
DNU1C,DNU1C250-4B3SL,Sản xuất
DNU1C,DNU1C250-3B3SL,Sản xuất
DNU1C,DNU1C250-6P3HN,Sản xuất
DNU1C,DNU1C250-5P3HN,Sản xuất
DNU1C,DNU1C250-4P3HN,Sản xuất
DNU1C,DNU1C250-3P3HN,Sản xuất
DNU1C,DNU1C250-6P3HT,Sản xuất
DNU1C,DNU1C250-5P3HT,Sản xuất
DNU1C,DNU1C250-4P3HT,Sản xuất
DNU1C,DNU1C250-3P3HT,Sản xuất
DNU1C,DNU1C250-6P3HD,Sản xuất
DNU1C,DNU1C250-5P3HD,Sản xuất
DNU1C,DNU1C250-4P3HD,Sản xuất
DNU1C,DNU1C250-3P3HD,Sản xuất
DNU1C,DNU1C250-6P3DN,Sản xuất
DNU1C,DNU1C250-5P3DN,Sản xuất
DNU1C,DNU1C250-4P3DN,Sản xuất
DNU1C,DNU1C250-3P3DN,Sản xuất
DNU1C,DNU1C250-6P3DT,Sản xuất
DNU1C,DNU1C250-5P3DT,Sản xuất
DNU1C,DNU1C250-4P3DT,Sản xuất
DNU1C,DNU1C250-3P3DT,Sản xuất
DNU1C,DNU1C250-6P3PT,Sản xuất
DNU1C,DNU1C250-5P3PT,Sản xuất
DNU1C,DNU1C250-4P3PT,Sản xuất
DNU1C,DNU1C250-3P3PT,Sản xuất
DNU1C,DNU1C250-6P3PD,Sản xuất
DNU1C,DNU1C250-5P3PD,Sản xuất
DNU1C,DNU1C250-4P3PD,Sản xuất
DNU1C,DNU1C250-3P3PD,Sản xuất
DNU1C,DNU1C250-6P3MT,Sản xuất
DNU1C,DNU1C250-5P3MT,Sản xuất
DNU1C,DNU1C250-4P3MT,Sản xuất
DNU1C,DNU1C250-3P3MT,Sản xuất
DNU1C,DNU1C250-6P3ID,Sản xuất
DNU1C,DNU1C250-5P3ID,Sản xuất
DNU1C,DNU1C250-4P3ID,Sản xuất
DNU1C,DNU1C250-3P3ID,Sản xuất
DNU1C,DNU1C250-6P3SL,Sản xuất
DNU1C,DNU1C250-5P3SL,Sản xuất
DNU1C,DNU1C250-4P3SL,Sản xuất
DNU1C,DNU1C250-3P3SL,Sản xuất
DNU1C,DNU1C250-6B5HN,Sản xuất
DNU1C,DNU1C250-5B5HN,Sản xuất
DNU1C,DNU1C250-4B5HN,Sản xuất
DNU1C,DNU1C250-3B5HN,Sản xuất
DNU1C,DNU1C250-6B5HT,Sản xuất
DNU1C,DNU1C250-5B5HT,Sản xuất
DNU1C,DNU1C250-4B5HT,Sản xuất
DNU1C,DNU1C250-3B5HT,Sản xuất
DNU1C,DNU1C250-6B5HD,Sản xuất
DNU1C,DNU1C250-5B5HD,Sản xuất
DNU1C,DNU1C250-4B5HD,Sản xuất
DNU1C,DNU1C250-3B5HD,Sản xuất
DNU1C,DNU1C250-6B5DN,Sản xuất
DNU1C,DNU1C250-5B5DN,Sản xuất
DNU1C,DNU1C250-4B5DN,Sản xuất
DNU1C,DNU1C250-3B5DN,Sản xuất
DNU1C,DNU1C250-6B5DT,Sản xuất
DNU1C,DNU1C250-5B5DT,Sản xuất
DNU1C,DNU1C250-4B5DT,Sản xuất
DNU1C,DNU1C250-3B5DT,Sản xuất
DNU1C,DNU1C250-6B5PT,Sản xuất
DNU1C,DNU1C250-5B5PT,Sản xuất
DNU1C,DNU1C250-4B5PT,Sản xuất
DNU1C,DNU1C250-3B5PT,Sản xuất
DNU1C,DNU1C250-6B5PD,Sản xuất
DNU1C,DNU1C250-5B5PD,Sản xuất
DNU1C,DNU1C250-4B5PD,Sản xuất
DNU1C,DNU1C250-3B5PD,Sản xuất
DNU1C,DNU1C250-6B5MT,Sản xuất
DNU1C,DNU1C250-5B5MT,Sản xuất
DNU1C,DNU1C250-4B5MT,Sản xuất
DNU1C,DNU1C250-3B5MT,Sản xuất
DNU1C,DNU1C250-6B5ID,Sản xuất
DNU1C,DNU1C250-5B5ID,Sản xuất
DNU1C,DNU1C250-4B5ID,Sản xuất
DNU1C,DNU1C250-3B5ID,Sản xuất
DNU1C,DNU1C250-6B5SL,Sản xuất
DNU1C,DNU1C250-5B5SL,Sản xuất
DNU1C,DNU1C250-4B5SL,Sản xuất
DNU1C,DNU1C250-3B5SL,Sản xuất
DNU1C,DNU1C250-6P5HN,Sản xuất
DNU1C,DNU1C250-5P5HN,Sản xuất
DNU1C,DNU1C250-4P5HN,Sản xuất
DNU1C,DNU1C250-3P5HN,Sản xuất
DNU1C,DNU1C250-6P5HT,Sản xuất
DNU1C,DNU1C250-5P5HT,Sản xuất
DNU1C,DNU1C250-4P5HT,Sản xuất
DNU1C,DNU1C250-3P5HT,Sản xuất
DNU1C,DNU1C250-6P5HD,Sản xuất
DNU1C,DNU1C250-5P5HD,Sản xuất
DNU1C,DNU1C250-4P5HD,Sản xuất
DNU1C,DNU1C250-3P5HD,Sản xuất
DNU1C,DNU1C250-6P5DN,Sản xuất
DNU1C,DNU1C250-5P5DN,Sản xuất
DNU1C,DNU1C250-4P5DN,Sản xuất
DNU1C,DNU1C250-3P5DN,Sản xuất
DNU1C,DNU1C250-6P5DT,Sản xuất
DNU1C,DNU1C250-5P5DT,Sản xuất
DNU1C,DNU1C250-4P5DT,Sản xuất
DNU1C,DNU1C250-3P5DT,Sản xuất
DNU1C,DNU1C250-6P5PT,Sản xuất
DNU1C,DNU1C250-5P5PT,Sản xuất
DNU1C,DNU1C250-4P5PT,Sản xuất
DNU1C,DNU1C250-3P5PT,Sản xuất
DNU1C,DNU1C250-6P5PD,Sản xuất
DNU1C,DNU1C250-5P5PD,Sản xuất
DNU1C,DNU1C250-4P5PD,Sản xuất
DNU1C,DNU1C250-3P5PD,Sản xuất
DNU1C,DNU1C250-6P5MT,Sản xuất
DNU1C,DNU1C250-5P5MT,Sản xuất
DNU1C,DNU1C250-4P5MT,Sản xuất
DNU1C,DNU1C250-3P5MT,Sản xuất
DNU1C,DNU1C250-6P5ID,Sản xuất
DNU1C,DNU1C250-5P5ID,Sản xuất
DNU1C,DNU1C250-4P5ID,Sản xuất
DNU1C,DNU1C250-3P5ID,Sản xuất
DNU1C,DNU1C250-6P5SL,Sản xuất
DNU1C,DNU1C250-5P5SL,Sản xuất
DNU1C,DNU1C250-4P5SL,Sản xuất
DNU1C,DNU1C250-3P5SL,Sản xuất
DNU1C,DNU1C250-RTFHN,Sản xuất
DNU1C,DNU1C250-GTFHN,Sản xuất
DNU1C,DNU1C250-BTFHN,Sản xuất
DNU1C,DNU1C250-RTFHT,Sản xuất
DNU1C,DNU1C250-GTFHT,Sản xuất
DNU1C,DNU1C250-BTFHT,Sản xuất
DNU1C,DNU1C250-RTFHD,Sản xuất
DNU1C,DNU1C250-GTFHD,Sản xuất
DNU1C,DNU1C250-BTFHD,Sản xuất
DNU1C,DNU1C250-RTFDN,Sản xuất
DNU1C,DNU1C250-GTFDN,Sản xuất
DNU1C,DNU1C250-BTFDN,Sản xuất
DNU1C,DNU1C250-RTFDT,Sản xuất
DNU1C,DNU1C250-GTFDT,Sản xuất
DNU1C,DNU1C250-BTFDT,Sản xuất
DNU1C,DNU1C250-RTFPT,Sản xuất
DNU1C,DNU1C250-GTFPT,Sản xuất
DNU1C,DNU1C250-BTFPT,Sản xuất
DNU1C,DNU1C250-RTFPD,Sản xuất
DNU1C,DNU1C250-GTFPD,Sản xuất
DNU1C,DNU1C250-BTFPD,Sản xuất
DNU1C,DNU1C250-RTFMT,Sản xuất
DNU1C,DNU1C250-GTFMT,Sản xuất
DNU1C,DNU1C250-BTFMT,Sản xuất
DNU1C,DNU1C250-RTFID,Sản xuất
DNU1C,DNU1C250-GTFID,Sản xuất
DNU1C,DNU1C250-BTFID,Sản xuất
DNU1C,DNU1C250-RTFSL,Sản xuất
DNU1C,DNU1C250-GTFSL,Sản xuất
DNU1C,DNU1C250-BTFSL,Sản xuất
DNU1C,DNU1C250-CBCHC,Sản xuất
DDQLC,DDQLC030-6B3HN,Sản xuất
DDQLC,DDQLC030-5B3HN,Sản xuất
DDQLC,DDQLC030-4B3HN,Sản xuất
DDQLC,DDQLC030-3B3HN,Sản xuất
DDQLC,DDQLC030-6B3DN,Sản xuất
DDQLC,DDQLC030-5B3DN,Sản xuất
DDQLC,DDQLC030-4B3DN,Sản xuất
DDQLC,DDQLC030-3B3DN,Sản xuất
DDQLC,DDQLC030-6B3SL,Sản xuất
DDQLC,DDQLC030-5B3SL,Sản xuất
DDQLC,DDQLC030-4B3SL,Sản xuất
DDQLC,DDQLC030-3B3SL,Sản xuất
DDQLC,DDQLC030-6P3HN,Sản xuất
DDQLC,DDQLC030-5P3HN,Sản xuất
DDQLC,DDQLC030-4P3HN,Sản xuất
DDQLC,DDQLC030-3P3HN,Sản xuất
DDQLC,DDQLC030-6P3DN,Sản xuất
DDQLC,DDQLC030-5P3DN,Sản xuất
DDQLC,DDQLC030-4P3DN,Sản xuất
DDQLC,DDQLC030-3P3DN,Sản xuất
DDQLC,DDQLC030-6P3SL,Sản xuất
DDQLC,DDQLC030-5P3SL,Sản xuất
DDQLC,DDQLC030-4P3SL,Sản xuất
DDQLC,DDQLC030-3P3SL,Sản xuất
DDQLC,DDQLC030-RTFHN,Sản xuất
DDQLC,DDQLC030-GTFHN,Sản xuất
DDQLC,DDQLC030-BTFHN,Sản xuất
DDQLC,DDQLC030-RTFDN,Sản xuất
DDQLC,DDQLC030-GTFDN,Sản xuất
DDQLC,DDQLC030-BTFDN,Sản xuất
DDQLC,DDQLC030-RTFSL,Sản xuất
DDQLC,DDQLC030-GTFSL,Sản xuất
DDQLC,DDQLC030-BTFSL,Sản xuất
DDQLC,DDQLC030-CBCHC,Sản xuất
DDQLC,DDQLC050-6B3HN,Sản xuất
DDQLC,DDQLC050-5B3HN,Sản xuất
DDQLC,DDQLC050-4B3HN,Sản xuất
DDQLC,DDQLC050-3B3HN,Sản xuất
DDQLC,DDQLC050-6B3HT,Sản xuất
DDQLC,DDQLC050-5B3HT,Sản xuất
DDQLC,DDQLC050-4B3HT,Sản xuất
DDQLC,DDQLC050-3B3HT,Sản xuất
DDQLC,DDQLC050-6B3HD,Sản xuất
DDQLC,DDQLC050-5B3HD,Sản xuất
DDQLC,DDQLC050-4B3HD,Sản xuất
DDQLC,DDQLC050-3B3HD,Sản xuất
DDQLC,DDQLC050-6B3DN,Sản xuất
DDQLC,DDQLC050-5B3DN,Sản xuất
DDQLC,DDQLC050-4B3DN,Sản xuất
DDQLC,DDQLC050-3B3DN,Sản xuất
DDQLC,DDQLC050-6B3DT,Sản xuất
DDQLC,DDQLC050-5B3DT,Sản xuất
DDQLC,DDQLC050-4B3DT,Sản xuất
DDQLC,DDQLC050-3B3DT,Sản xuất
DDQLC,DDQLC050-6B3PT,Sản xuất
DDQLC,DDQLC050-5B3PT,Sản xuất
DDQLC,DDQLC050-4B3PT,Sản xuất
DDQLC,DDQLC050-3B3PT,Sản xuất
DDQLC,DDQLC050-6B3PD,Sản xuất
DDQLC,DDQLC050-5B3PD,Sản xuất
DDQLC,DDQLC050-4B3PD,Sản xuất
DDQLC,DDQLC050-3B3PD,Sản xuất
DDQLC,DDQLC050-6B3MT,Sản xuất
DDQLC,DDQLC050-5B3MT,Sản xuất
DDQLC,DDQLC050-4B3MT,Sản xuất
DDQLC,DDQLC050-3B3MT,Sản xuất
DDQLC,DDQLC050-6B3ID,Sản xuất
DDQLC,DDQLC050-5B3ID,Sản xuất
DDQLC,DDQLC050-4B3ID,Sản xuất
DDQLC,DDQLC050-3B3ID,Sản xuất
DDQLC,DDQLC050-6B3SL,Sản xuất
DDQLC,DDQLC050-5B3SL,Sản xuất
DDQLC,DDQLC050-4B3SL,Sản xuất
DDQLC,DDQLC050-3B3SL,Sản xuất
DDQLC,DDQLC050-6P3HN,Sản xuất
DDQLC,DDQLC050-5P3HN,Sản xuất
DDQLC,DDQLC050-4P3HN,Sản xuất
DDQLC,DDQLC050-3P3HN,Sản xuất
DDQLC,DDQLC050-6P3HT,Sản xuất
DDQLC,DDQLC050-5P3HT,Sản xuất
DDQLC,DDQLC050-4P3HT,Sản xuất
DDQLC,DDQLC050-3P3HT,Sản xuất
DDQLC,DDQLC050-6P3HD,Sản xuất
DDQLC,DDQLC050-5P3HD,Sản xuất
DDQLC,DDQLC050-4P3HD,Sản xuất
DDQLC,DDQLC050-3P3HD,Sản xuất
DDQLC,DDQLC050-6P3DN,Sản xuất
DDQLC,DDQLC050-5P3DN,Sản xuất
DDQLC,DDQLC050-4P3DN,Sản xuất
DDQLC,DDQLC050-3P3DN,Sản xuất
DDQLC,DDQLC050-6P3DT,Sản xuất
DDQLC,DDQLC050-5P3DT,Sản xuất
DDQLC,DDQLC050-4P3DT,Sản xuất
DDQLC,DDQLC050-3P3DT,Sản xuất
DDQLC,DDQLC050-6P3PT,Sản xuất
DDQLC,DDQLC050-5P3PT,Sản xuất
DDQLC,DDQLC050-4P3PT,Sản xuất
DDQLC,DDQLC050-3P3PT,Sản xuất
DDQLC,DDQLC050-6P3PD,Sản xuất
DDQLC,DDQLC050-5P3PD,Sản xuất
DDQLC,DDQLC050-4P3PD,Sản xuất
DDQLC,DDQLC050-3P3PD,Sản xuất
DDQLC,DDQLC050-6P3MT,Sản xuất
DDQLC,DDQLC050-5P3MT,Sản xuất
DDQLC,DDQLC050-4P3MT,Sản xuất
DDQLC,DDQLC050-3P3MT,Sản xuất
DDQLC,DDQLC050-6P3ID,Sản xuất
DDQLC,DDQLC050-5P3ID,Sản xuất
DDQLC,DDQLC050-4P3ID,Sản xuất
DDQLC,DDQLC050-3P3ID,Sản xuất
DDQLC,DDQLC050-6P3SL,Sản xuất
DDQLC,DDQLC050-5P3SL,Sản xuất
DDQLC,DDQLC050-4P3SL,Sản xuất
DDQLC,DDQLC050-3P3SL,Sản xuất
DDQLC,DDQLC050-6B5HN,Sản xuất
DDQLC,DDQLC050-5B5HN,Sản xuất
DDQLC,DDQLC050-4B5HN,Sản xuất
DDQLC,DDQLC050-3B5HN,Sản xuất
DDQLC,DDQLC050-6B5HT,Sản xuất
DDQLC,DDQLC050-5B5HT,Sản xuất
DDQLC,DDQLC050-4B5HT,Sản xuất
DDQLC,DDQLC050-3B5HT,Sản xuất
DDQLC,DDQLC050-6B5HD,Sản xuất
DDQLC,DDQLC050-5B5HD,Sản xuất
DDQLC,DDQLC050-4B5HD,Sản xuất
DDQLC,DDQLC050-3B5HD,Sản xuất
DDQLC,DDQLC050-6B5DN,Sản xuất
DDQLC,DDQLC050-5B5DN,Sản xuất
DDQLC,DDQLC050-4B5DN,Sản xuất
DDQLC,DDQLC050-3B5DN,Sản xuất
DDQLC,DDQLC050-6B5DT,Sản xuất
DDQLC,DDQLC050-5B5DT,Sản xuất
DDQLC,DDQLC050-4B5DT,Sản xuất
DDQLC,DDQLC050-3B5DT,Sản xuất
DDQLC,DDQLC050-6B5PT,Sản xuất
DDQLC,DDQLC050-5B5PT,Sản xuất
DDQLC,DDQLC050-4B5PT,Sản xuất
DDQLC,DDQLC050-3B5PT,Sản xuất
DDQLC,DDQLC050-6B5PD,Sản xuất
DDQLC,DDQLC050-5B5PD,Sản xuất
DDQLC,DDQLC050-4B5PD,Sản xuất
DDQLC,DDQLC050-3B5PD,Sản xuất
DDQLC,DDQLC050-6B5MT,Sản xuất
DDQLC,DDQLC050-5B5MT,Sản xuất
DDQLC,DDQLC050-4B5MT,Sản xuất
DDQLC,DDQLC050-3B5MT,Sản xuất
DDQLC,DDQLC050-6B5ID,Sản xuất
DDQLC,DDQLC050-5B5ID,Sản xuất
DDQLC,DDQLC050-4B5ID,Sản xuất
DDQLC,DDQLC050-3B5ID,Sản xuất
DDQLC,DDQLC050-6B5SL,Sản xuất
DDQLC,DDQLC050-5B5SL,Sản xuất
DDQLC,DDQLC050-4B5SL,Sản xuất
DDQLC,DDQLC050-3B5SL,Sản xuất
DDQLC,DDQLC050-6P5HN,Sản xuất
DDQLC,DDQLC050-5P5HN,Sản xuất
DDQLC,DDQLC050-4P5HN,Sản xuất
DDQLC,DDQLC050-3P5HN,Sản xuất
DDQLC,DDQLC050-6P5HT,Sản xuất
DDQLC,DDQLC050-5P5HT,Sản xuất
DDQLC,DDQLC050-4P5HT,Sản xuất
DDQLC,DDQLC050-3P5HT,Sản xuất
DDQLC,DDQLC050-6P5HD,Sản xuất
DDQLC,DDQLC050-5P5HD,Sản xuất
DDQLC,DDQLC050-4P5HD,Sản xuất
DDQLC,DDQLC050-3P5HD,Sản xuất
DDQLC,DDQLC050-6P5DN,Sản xuất
DDQLC,DDQLC050-5P5DN,Sản xuất
DDQLC,DDQLC050-4P5DN,Sản xuất
DDQLC,DDQLC050-3P5DN,Sản xuất
DDQLC,DDQLC050-6P5DT,Sản xuất
DDQLC,DDQLC050-5P5DT,Sản xuất
DDQLC,DDQLC050-4P5DT,Sản xuất
DDQLC,DDQLC050-3P5DT,Sản xuất
DDQLC,DDQLC050-6P5PT,Sản xuất
DDQLC,DDQLC050-5P5PT,Sản xuất
DDQLC,DDQLC050-4P5PT,Sản xuất
DDQLC,DDQLC050-3P5PT,Sản xuất
DDQLC,DDQLC050-6P5PD,Sản xuất
DDQLC,DDQLC050-5P5PD,Sản xuất
DDQLC,DDQLC050-4P5PD,Sản xuất
DDQLC,DDQLC050-3P5PD,Sản xuất
DDQLC,DDQLC050-6P5MT,Sản xuất
DDQLC,DDQLC050-5P5MT,Sản xuất
DDQLC,DDQLC050-4P5MT,Sản xuất
DDQLC,DDQLC050-3P5MT,Sản xuất
DDQLC,DDQLC050-6P5ID,Sản xuất
DDQLC,DDQLC050-5P5ID,Sản xuất
DDQLC,DDQLC050-4P5ID,Sản xuất
DDQLC,DDQLC050-3P5ID,Sản xuất
DDQLC,DDQLC050-6P5SL,Sản xuất
DDQLC,DDQLC050-5P5SL,Sản xuất
DDQLC,DDQLC050-4P5SL,Sản xuất
DDQLC,DDQLC050-3P5SL,Sản xuất
DDQLC,DDQLC050-RTFHN,Sản xuất
DDQLC,DDQLC050-GTFHN,Sản xuất
DDQLC,DDQLC050-BTFHN,Sản xuất
DDQLC,DDQLC050-RTFHT,Sản xuất
DDQLC,DDQLC050-GTFHT,Sản xuất
DDQLC,DDQLC050-BTFHT,Sản xuất
DDQLC,DDQLC050-RTFHD,Sản xuất
DDQLC,DDQLC050-GTFHD,Sản xuất
DDQLC,DDQLC050-BTFHD,Sản xuất
DDQLC,DDQLC050-RTFDN,Sản xuất
DDQLC,DDQLC050-GTFDN,Sản xuất
DDQLC,DDQLC050-BTFDN,Sản xuất
DDQLC,DDQLC050-RTFDT,Sản xuất
DDQLC,DDQLC050-GTFDT,Sản xuất
DDQLC,DDQLC050-BTFDT,Sản xuất
DDQLC,DDQLC050-RTFPT,Sản xuất
DDQLC,DDQLC050-GTFPT,Sản xuất
DDQLC,DDQLC050-BTFPT,Sản xuất
DDQLC,DDQLC050-RTFPD,Sản xuất
DDQLC,DDQLC050-GTFPD,Sản xuất
DDQLC,DDQLC050-BTFPD,Sản xuất
DDQLC,DDQLC050-RTFMT,Sản xuất
DDQLC,DDQLC050-GTFMT,Sản xuất
DDQLC,DDQLC050-BTFMT,Sản xuất
DDQLC,DDQLC050-RTFID,Sản xuất
DDQLC,DDQLC050-GTFID,Sản xuất
DDQLC,DDQLC050-BTFID,Sản xuất
DDQLC,DDQLC050-RTFSL,Sản xuất
DDQLC,DDQLC050-GTFSL,Sản xuất
DDQLC,DDQLC050-BTFSL,Sản xuất
DDQLC,DDQLC050-CBCHC,Sản xuất
DDQLC,DDQLC080-6TFHN,Sản xuất
DDQLC,DDQLC080-5TFHN,Sản xuất
DDQLC,DDQLC080-4TFHN,Sản xuất
DDQLC,DDQLC080-3TFHN,Sản xuất
DDQLC,DDQLC080-6TFHT,Sản xuất
DDQLC,DDQLC080-5TFHT,Sản xuất
DDQLC,DDQLC080-4TFHT,Sản xuất
DDQLC,DDQLC080-3TFHT,Sản xuất
DDQLC,DDQLC080-6TFHD,Sản xuất
DDQLC,DDQLC080-5TFHD,Sản xuất
DDQLC,DDQLC080-4TFHD,Sản xuất
DDQLC,DDQLC080-3TFHD,Sản xuất
DDQLC,DDQLC080-6TFDN,Sản xuất
DDQLC,DDQLC080-5TFDN,Sản xuất
DDQLC,DDQLC080-4TFDN,Sản xuất
DDQLC,DDQLC080-3TFDN,Sản xuất
DDQLC,DDQLC080-6TFDT,Sản xuất
DDQLC,DDQLC080-5TFDT,Sản xuất
DDQLC,DDQLC080-4TFDT,Sản xuất
DDQLC,DDQLC080-3TFDT,Sản xuất
DDQLC,DDQLC080-6TFPT,Sản xuất
DDQLC,DDQLC080-5TFPT,Sản xuất
DDQLC,DDQLC080-4TFPT,Sản xuất
DDQLC,DDQLC080-3TFPT,Sản xuất
DDQLC,DDQLC080-6TFPD,Sản xuất
DDQLC,DDQLC080-5TFPD,Sản xuất
DDQLC,DDQLC080-4TFPD,Sản xuất
DDQLC,DDQLC080-3TFPD,Sản xuất
DDQLC,DDQLC080-6TFMT,Sản xuất
DDQLC,DDQLC080-5TFMT,Sản xuất
DDQLC,DDQLC080-4TFMT,Sản xuất
DDQLC,DDQLC080-3TFMT,Sản xuất
DDQLC,DDQLC080-6TFID,Sản xuất
DDQLC,DDQLC080-5TFID,Sản xuất
DDQLC,DDQLC080-4TFID,Sản xuất
DDQLC,DDQLC080-3TFID,Sản xuất
DDQLC,DDQLC080-6TFSL,Sản xuất
DDQLC,DDQLC080-5TFSL,Sản xuất
DDQLC,DDQLC080-4TFSL,Sản xuất
DDQLC,DDQLC080-3TFSL,Sản xuất
DDQLC,DDQLC080-6CRHN,Sản xuất
DDQLC,DDQLC080-5CRHN,Sản xuất
DDQLC,DDQLC080-4CRHN,Sản xuất
DDQLC,DDQLC080-3CRHN,Sản xuất
DDQLC,DDQLC080-6CRHT,Sản xuất
DDQLC,DDQLC080-5CRHT,Sản xuất
DDQLC,DDQLC080-4CRHT,Sản xuất
DDQLC,DDQLC080-3CRHT,Sản xuất
DDQLC,DDQLC080-6CRHD,Sản xuất
DDQLC,DDQLC080-5CRHD,Sản xuất
DDQLC,DDQLC080-4CRHD,Sản xuất
DDQLC,DDQLC080-3CRHD,Sản xuất
DDQLC,DDQLC080-6CRDN,Sản xuất
DDQLC,DDQLC080-5CRDN,Sản xuất
DDQLC,DDQLC080-4CRDN,Sản xuất
DDQLC,DDQLC080-3CRDN,Sản xuất
DDQLC,DDQLC080-6CRDT,Sản xuất
DDQLC,DDQLC080-5CRDT,Sản xuất
DDQLC,DDQLC080-4CRDT,Sản xuất
DDQLC,DDQLC080-3CRDT,Sản xuất
DDQLC,DDQLC080-6CRPT,Sản xuất
DDQLC,DDQLC080-5CRPT,Sản xuất
DDQLC,DDQLC080-4CRPT,Sản xuất
DDQLC,DDQLC080-3CRPT,Sản xuất
DDQLC,DDQLC080-6CRPD,Sản xuất
DDQLC,DDQLC080-5CRPD,Sản xuất
DDQLC,DDQLC080-4CRPD,Sản xuất
DDQLC,DDQLC080-3CRPD,Sản xuất
DDQLC,DDQLC080-6CRMT,Sản xuất
DDQLC,DDQLC080-5CRMT,Sản xuất
DDQLC,DDQLC080-4CRMT,Sản xuất
DDQLC,DDQLC080-3CRMT,Sản xuất
DDQLC,DDQLC080-6CRID,Sản xuất
DDQLC,DDQLC080-5CRID,Sản xuất
DDQLC,DDQLC080-4CRID,Sản xuất
DDQLC,DDQLC080-3CRID,Sản xuất
DDQLC,DDQLC080-6CRSL,Sản xuất
DDQLC,DDQLC080-5CRSL,Sản xuất
DDQLC,DDQLC080-4CRSL,Sản xuất
DDQLC,DDQLC080-3CRSL,Sản xuất
DDQLC,DDQLC080-6B5HN,Sản xuất
DDQLC,DDQLC080-5B5HN,Sản xuất
DDQLC,DDQLC080-4B5HN,Sản xuất
DDQLC,DDQLC080-3B5HN,Sản xuất
DDQLC,DDQLC080-6B5HT,Sản xuất
DDQLC,DDQLC080-5B5HT,Sản xuất
DDQLC,DDQLC080-4B5HT,Sản xuất
DDQLC,DDQLC080-3B5HT,Sản xuất
DDQLC,DDQLC080-6B5HD,Sản xuất
DDQLC,DDQLC080-5B5HD,Sản xuất
DDQLC,DDQLC080-4B5HD,Sản xuất
DDQLC,DDQLC080-3B5HD,Sản xuất
DDQLC,DDQLC080-6B5DN,Sản xuất
DDQLC,DDQLC080-5B5DN,Sản xuất
DDQLC,DDQLC080-4B5DN,Sản xuất
DDQLC,DDQLC080-3B5DN,Sản xuất
DDQLC,DDQLC080-6B5DT,Sản xuất
DDQLC,DDQLC080-5B5DT,Sản xuất
DDQLC,DDQLC080-4B5DT,Sản xuất
DDQLC,DDQLC080-3B5DT,Sản xuất
DDQLC,DDQLC080-6B5PT,Sản xuất
DDQLC,DDQLC080-5B5PT,Sản xuất
DDQLC,DDQLC080-4B5PT,Sản xuất
DDQLC,DDQLC080-3B5PT,Sản xuất
DDQLC,DDQLC080-6B5PD,Sản xuất
DDQLC,DDQLC080-5B5PD,Sản xuất
DDQLC,DDQLC080-4B5PD,Sản xuất
DDQLC,DDQLC080-3B5PD,Sản xuất
DDQLC,DDQLC080-6B5MT,Sản xuất
DDQLC,DDQLC080-5B5MT,Sản xuất
DDQLC,DDQLC080-4B5MT,Sản xuất
DDQLC,DDQLC080-3B5MT,Sản xuất
DDQLC,DDQLC080-6B5ID,Sản xuất
DDQLC,DDQLC080-5B5ID,Sản xuất
DDQLC,DDQLC080-4B5ID,Sản xuất
DDQLC,DDQLC080-3B5ID,Sản xuất
DDQLC,DDQLC080-6B5SL,Sản xuất
DDQLC,DDQLC080-5B5SL,Sản xuất
DDQLC,DDQLC080-4B5SL,Sản xuất
DDQLC,DDQLC080-3B5SL,Sản xuất
DDQLC,DDQLC080-6P5HN,Sản xuất
DDQLC,DDQLC080-5P5HN,Sản xuất
DDQLC,DDQLC080-4P5HN,Sản xuất
DDQLC,DDQLC080-3P5HN,Sản xuất
DDQLC,DDQLC080-6P5HT,Sản xuất
DDQLC,DDQLC080-5P5HT,Sản xuất
DDQLC,DDQLC080-4P5HT,Sản xuất
DDQLC,DDQLC080-3P5HT,Sản xuất
DDQLC,DDQLC080-6P5HD,Sản xuất
DDQLC,DDQLC080-5P5HD,Sản xuất
DDQLC,DDQLC080-4P5HD,Sản xuất
DDQLC,DDQLC080-3P5HD,Sản xuất
DDQLC,DDQLC080-6P5DN,Sản xuất
DDQLC,DDQLC080-5P5DN,Sản xuất
DDQLC,DDQLC080-4P5DN,Sản xuất
DDQLC,DDQLC080-3P5DN,Sản xuất
DDQLC,DDQLC080-6P5DT,Sản xuất
DDQLC,DDQLC080-5P5DT,Sản xuất
DDQLC,DDQLC080-4P5DT,Sản xuất
DDQLC,DDQLC080-3P5DT,Sản xuất
DDQLC,DDQLC080-6P5PT,Sản xuất
DDQLC,DDQLC080-5P5PT,Sản xuất
DDQLC,DDQLC080-4P5PT,Sản xuất
DDQLC,DDQLC080-3P5PT,Sản xuất
DDQLC,DDQLC080-6P5PD,Sản xuất
DDQLC,DDQLC080-5P5PD,Sản xuất
DDQLC,DDQLC080-4P5PD,Sản xuất
DDQLC,DDQLC080-3P5PD,Sản xuất
DDQLC,DDQLC080-6P5MT,Sản xuất
DDQLC,DDQLC080-5P5MT,Sản xuất
DDQLC,DDQLC080-4P5MT,Sản xuất
DDQLC,DDQLC080-3P5MT,Sản xuất
DDQLC,DDQLC080-6P5ID,Sản xuất
DDQLC,DDQLC080-5P5ID,Sản xuất
DDQLC,DDQLC080-4P5ID,Sản xuất
DDQLC,DDQLC080-3P5ID,Sản xuất
DDQLC,DDQLC080-6P5SL,Sản xuất
DDQLC,DDQLC080-5P5SL,Sản xuất
DDQLC,DDQLC080-4P5SL,Sản xuất
DDQLC,DDQLC080-3P5SL,Sản xuất
DDQLC,DDQLC100-6B3HN,Sản xuất
DDQLC,DDQLC100-5B3HN,Sản xuất
DDQLC,DDQLC100-4B3HN,Sản xuất
DDQLC,DDQLC100-3B3HN,Sản xuất
DDQLC,DDQLC100-6B3HT,Sản xuất
DDQLC,DDQLC100-5B3HT,Sản xuất
DDQLC,DDQLC100-4B3HT,Sản xuất
DDQLC,DDQLC100-3B3HT,Sản xuất
DDQLC,DDQLC100-6B3HD,Sản xuất
DDQLC,DDQLC100-5B3HD,Sản xuất
DDQLC,DDQLC100-4B3HD,Sản xuất
DDQLC,DDQLC100-3B3HD,Sản xuất
DDQLC,DDQLC100-6B3DN,Sản xuất
DDQLC,DDQLC100-5B3DN,Sản xuất
DDQLC,DDQLC100-4B3DN,Sản xuất
DDQLC,DDQLC100-3B3DN,Sản xuất
DDQLC,DDQLC100-6B3DT,Sản xuất
DDQLC,DDQLC100-5B3DT,Sản xuất
DDQLC,DDQLC100-4B3DT,Sản xuất
DDQLC,DDQLC100-3B3DT,Sản xuất
DDQLC,DDQLC100-6B3PT,Sản xuất
DDQLC,DDQLC100-5B3PT,Sản xuất
DDQLC,DDQLC100-4B3PT,Sản xuất
DDQLC,DDQLC100-3B3PT,Sản xuất
DDQLC,DDQLC100-6B3PD,Sản xuất
DDQLC,DDQLC100-5B3PD,Sản xuất
DDQLC,DDQLC100-4B3PD,Sản xuất
DDQLC,DDQLC100-3B3PD,Sản xuất
DDQLC,DDQLC100-6B3MT,Sản xuất
DDQLC,DDQLC100-5B3MT,Sản xuất
DDQLC,DDQLC100-4B3MT,Sản xuất
DDQLC,DDQLC100-3B3MT,Sản xuất
DDQLC,DDQLC100-6B3ID,Sản xuất
DDQLC,DDQLC100-5B3ID,Sản xuất
DDQLC,DDQLC100-4B3ID,Sản xuất
DDQLC,DDQLC100-3B3ID,Sản xuất
DDQLC,DDQLC100-6B3SL,Sản xuất
DDQLC,DDQLC100-5B3SL,Sản xuất
DDQLC,DDQLC100-4B3SL,Sản xuất
DDQLC,DDQLC100-3B3SL,Sản xuất
DDQLC,DDQLC100-6P3HN,Sản xuất
DDQLC,DDQLC100-5P3HN,Sản xuất
DDQLC,DDQLC100-4P3HN,Sản xuất
DDQLC,DDQLC100-3P3HN,Sản xuất
DDQLC,DDQLC100-6P3HT,Sản xuất
DDQLC,DDQLC100-5P3HT,Sản xuất
DDQLC,DDQLC100-4P3HT,Sản xuất
DDQLC,DDQLC100-3P3HT,Sản xuất
DDQLC,DDQLC100-6P3HD,Sản xuất
DDQLC,DDQLC100-5P3HD,Sản xuất
DDQLC,DDQLC100-4P3HD,Sản xuất
DDQLC,DDQLC100-3P3HD,Sản xuất
DDQLC,DDQLC100-6P3DN,Sản xuất
DDQLC,DDQLC100-5P3DN,Sản xuất
DDQLC,DDQLC100-4P3DN,Sản xuất
DDQLC,DDQLC100-3P3DN,Sản xuất
DDQLC,DDQLC100-6P3DT,Sản xuất
DDQLC,DDQLC100-5P3DT,Sản xuất
DDQLC,DDQLC100-4P3DT,Sản xuất
DDQLC,DDQLC100-3P3DT,Sản xuất
DDQLC,DDQLC100-6P3PT,Sản xuất
DDQLC,DDQLC100-5P3PT,Sản xuất
DDQLC,DDQLC100-4P3PT,Sản xuất
DDQLC,DDQLC100-3P3PT,Sản xuất
DDQLC,DDQLC100-6P3PD,Sản xuất
DDQLC,DDQLC100-5P3PD,Sản xuất
DDQLC,DDQLC100-4P3PD,Sản xuất
DDQLC,DDQLC100-3P3PD,Sản xuất
DDQLC,DDQLC100-6P3MT,Sản xuất
DDQLC,DDQLC100-5P3MT,Sản xuất
DDQLC,DDQLC100-4P3MT,Sản xuất
DDQLC,DDQLC100-3P3MT,Sản xuất
DDQLC,DDQLC100-6P3ID,Sản xuất
DDQLC,DDQLC100-5P3ID,Sản xuất
DDQLC,DDQLC100-4P3ID,Sản xuất
DDQLC,DDQLC100-3P3ID,Sản xuất
DDQLC,DDQLC100-6P3SL,Sản xuất
DDQLC,DDQLC100-5P3SL,Sản xuất
DDQLC,DDQLC100-4P3SL,Sản xuất
DDQLC,DDQLC100-3P3SL,Sản xuất
DDQLC,DDQLC100-6B5HN,Sản xuất
DDQLC,DDQLC100-5B5HN,Sản xuất
DDQLC,DDQLC100-4B5HN,Sản xuất
DDQLC,DDQLC100-3B5HN,Sản xuất
DDQLC,DDQLC100-6B5HT,Sản xuất
DDQLC,DDQLC100-5B5HT,Sản xuất
DDQLC,DDQLC100-4B5HT,Sản xuất
DDQLC,DDQLC100-3B5HT,Sản xuất
DDQLC,DDQLC100-6B5HD,Sản xuất
DDQLC,DDQLC100-5B5HD,Sản xuất
DDQLC,DDQLC100-4B5HD,Sản xuất
DDQLC,DDQLC100-3B5HD,Sản xuất
DDQLC,DDQLC100-6B5DN,Sản xuất
DDQLC,DDQLC100-5B5DN,Sản xuất
DDQLC,DDQLC100-4B5DN,Sản xuất
DDQLC,DDQLC100-3B5DN,Sản xuất
DDQLC,DDQLC100-6B5DT,Sản xuất
DDQLC,DDQLC100-5B5DT,Sản xuất
DDQLC,DDQLC100-4B5DT,Sản xuất
DDQLC,DDQLC100-3B5DT,Sản xuất
DDQLC,DDQLC100-6B5PT,Sản xuất
DDQLC,DDQLC100-5B5PT,Sản xuất
DDQLC,DDQLC100-4B5PT,Sản xuất
DDQLC,DDQLC100-3B5PT,Sản xuất
DDQLC,DDQLC100-6B5PD,Sản xuất
DDQLC,DDQLC100-5B5PD,Sản xuất
DDQLC,DDQLC100-4B5PD,Sản xuất
DDQLC,DDQLC100-3B5PD,Sản xuất
DDQLC,DDQLC100-6B5MT,Sản xuất
DDQLC,DDQLC100-5B5MT,Sản xuất
DDQLC,DDQLC100-4B5MT,Sản xuất
DDQLC,DDQLC100-3B5MT,Sản xuất
DDQLC,DDQLC100-6B5ID,Sản xuất
DDQLC,DDQLC100-5B5ID,Sản xuất
DDQLC,DDQLC100-4B5ID,Sản xuất
DDQLC,DDQLC100-3B5ID,Sản xuất
DDQLC,DDQLC100-6B5SL,Sản xuất
DDQLC,DDQLC100-5B5SL,Sản xuất
DDQLC,DDQLC100-4B5SL,Sản xuất
DDQLC,DDQLC100-3B5SL,Sản xuất
DDQLC,DDQLC100-6P5HN,Sản xuất
DDQLC,DDQLC100-5P5HN,Sản xuất
DDQLC,DDQLC100-4P5HN,Sản xuất
DDQLC,DDQLC100-3P5HN,Sản xuất
DDQLC,DDQLC100-6P5HT,Sản xuất
DDQLC,DDQLC100-5P5HT,Sản xuất
DDQLC,DDQLC100-4P5HT,Sản xuất
DDQLC,DDQLC100-3P5HT,Sản xuất
DDQLC,DDQLC100-6P5HD,Sản xuất
DDQLC,DDQLC100-5P5HD,Sản xuất
DDQLC,DDQLC100-4P5HD,Sản xuất
DDQLC,DDQLC100-3P5HD,Sản xuất
DDQLC,DDQLC100-6P5DN,Sản xuất
DDQLC,DDQLC100-5P5DN,Sản xuất
DDQLC,DDQLC100-4P5DN,Sản xuất
DDQLC,DDQLC100-3P5DN,Sản xuất
DDQLC,DDQLC100-6P5DT,Sản xuất
DDQLC,DDQLC100-5P5DT,Sản xuất
DDQLC,DDQLC100-4P5DT,Sản xuất
DDQLC,DDQLC100-3P5DT,Sản xuất
DDQLC,DDQLC100-6P5PT,Sản xuất
DDQLC,DDQLC100-5P5PT,Sản xuất
DDQLC,DDQLC100-4P5PT,Sản xuất
DDQLC,DDQLC100-3P5PT,Sản xuất
DDQLC,DDQLC100-6P5PD,Sản xuất
DDQLC,DDQLC100-5P5PD,Sản xuất
DDQLC,DDQLC100-4P5PD,Sản xuất
DDQLC,DDQLC100-3P5PD,Sản xuất
DDQLC,DDQLC100-6P5MT,Sản xuất
DDQLC,DDQLC100-5P5MT,Sản xuất
DDQLC,DDQLC100-4P5MT,Sản xuất
DDQLC,DDQLC100-3P5MT,Sản xuất
DDQLC,DDQLC100-6P5ID,Sản xuất
DDQLC,DDQLC100-5P5ID,Sản xuất
DDQLC,DDQLC100-4P5ID,Sản xuất
DDQLC,DDQLC100-3P5ID,Sản xuất
DDQLC,DDQLC100-6P5SL,Sản xuất
DDQLC,DDQLC100-5P5SL,Sản xuất
DDQLC,DDQLC100-4P5SL,Sản xuất
DDQLC,DDQLC100-3P5SL,Sản xuất
DDQLC,DDQLC100-RTFHN,Sản xuất
DDQLC,DDQLC100-GTFHN,Sản xuất
DDQLC,DDQLC100-BTFHN,Sản xuất
DDQLC,DDQLC100-RTFHT,Sản xuất
DDQLC,DDQLC100-GTFHT,Sản xuất
DDQLC,DDQLC100-BTFHT,Sản xuất
DDQLC,DDQLC100-RTFHD,Sản xuất
DDQLC,DDQLC100-GTFHD,Sản xuất
DDQLC,DDQLC100-BTFHD,Sản xuất
DDQLC,DDQLC100-RTFDN,Sản xuất
DDQLC,DDQLC100-GTFDN,Sản xuất
DDQLC,DDQLC100-BTFDN,Sản xuất
DDQLC,DDQLC100-RTFDT,Sản xuất
DDQLC,DDQLC100-GTFDT,Sản xuất
DDQLC,DDQLC100-BTFDT,Sản xuất
DDQLC,DDQLC100-RTFPT,Sản xuất
DDQLC,DDQLC100-GTFPT,Sản xuất
DDQLC,DDQLC100-BTFPT,Sản xuất
DDQLC,DDQLC100-RTFPD,Sản xuất
DDQLC,DDQLC100-GTFPD,Sản xuất
DDQLC,DDQLC100-BTFPD,Sản xuất
DDQLC,DDQLC100-RTFMT,Sản xuất
DDQLC,DDQLC100-GTFMT,Sản xuất
DDQLC,DDQLC100-BTFMT,Sản xuất
DDQLC,DDQLC100-RTFID,Sản xuất
DDQLC,DDQLC100-GTFID,Sản xuất
DDQLC,DDQLC100-BTFID,Sản xuất
DDQLC,DDQLC100-RTFSL,Sản xuất
DDQLC,DDQLC100-GTFSL,Sản xuất
DDQLC,DDQLC100-BTFSL,Sản xuất
DDQLC,DDQLC100-CBCHC,Sản xuất
DDQLC,DDQLC150-6B3HN,Sản xuất
DDQLC,DDQLC150-5B3HN,Sản xuất
DDQLC,DDQLC150-4B3HN,Sản xuất
DDQLC,DDQLC150-3B3HN,Sản xuất
DDQLC,DDQLC150-6B3HT,Sản xuất
DDQLC,DDQLC150-5B3HT,Sản xuất
DDQLC,DDQLC150-4B3HT,Sản xuất
DDQLC,DDQLC150-3B3HT,Sản xuất
DDQLC,DDQLC150-6B3HD,Sản xuất
DDQLC,DDQLC150-5B3HD,Sản xuất
DDQLC,DDQLC150-4B3HD,Sản xuất
DDQLC,DDQLC150-3B3HD,Sản xuất
DDQLC,DDQLC150-6B3DN,Sản xuất
DDQLC,DDQLC150-5B3DN,Sản xuất
DDQLC,DDQLC150-4B3DN,Sản xuất
DDQLC,DDQLC150-3B3DN,Sản xuất
DDQLC,DDQLC150-6B3DT,Sản xuất
DDQLC,DDQLC150-5B3DT,Sản xuất
DDQLC,DDQLC150-4B3DT,Sản xuất
DDQLC,DDQLC150-3B3DT,Sản xuất
DDQLC,DDQLC150-6B3PT,Sản xuất
DDQLC,DDQLC150-5B3PT,Sản xuất
DDQLC,DDQLC150-4B3PT,Sản xuất
DDQLC,DDQLC150-3B3PT,Sản xuất
DDQLC,DDQLC150-6B3PD,Sản xuất
DDQLC,DDQLC150-5B3PD,Sản xuất
DDQLC,DDQLC150-4B3PD,Sản xuất
DDQLC,DDQLC150-3B3PD,Sản xuất
DDQLC,DDQLC150-6B3MT,Sản xuất
DDQLC,DDQLC150-5B3MT,Sản xuất
DDQLC,DDQLC150-4B3MT,Sản xuất
DDQLC,DDQLC150-3B3MT,Sản xuất
DDQLC,DDQLC150-6B3ID,Sản xuất
DDQLC,DDQLC150-5B3ID,Sản xuất
DDQLC,DDQLC150-4B3ID,Sản xuất
DDQLC,DDQLC150-3B3ID,Sản xuất
DDQLC,DDQLC150-6B3SL,Sản xuất
DDQLC,DDQLC150-5B3SL,Sản xuất
DDQLC,DDQLC150-4B3SL,Sản xuất
DDQLC,DDQLC150-3B3SL,Sản xuất
DDQLC,DDQLC150-6P3HN,Sản xuất
DDQLC,DDQLC150-5P3HN,Sản xuất
DDQLC,DDQLC150-4P3HN,Sản xuất
DDQLC,DDQLC150-3P3HN,Sản xuất
DDQLC,DDQLC150-6P3HT,Sản xuất
DDQLC,DDQLC150-5P3HT,Sản xuất
DDQLC,DDQLC150-4P3HT,Sản xuất
DDQLC,DDQLC150-3P3HT,Sản xuất
DDQLC,DDQLC150-6P3HD,Sản xuất
DDQLC,DDQLC150-5P3HD,Sản xuất
DDQLC,DDQLC150-4P3HD,Sản xuất
DDQLC,DDQLC150-3P3HD,Sản xuất
DDQLC,DDQLC150-6P3DN,Sản xuất
DDQLC,DDQLC150-5P3DN,Sản xuất
DDQLC,DDQLC150-4P3DN,Sản xuất
DDQLC,DDQLC150-3P3DN,Sản xuất
DDQLC,DDQLC150-6P3DT,Sản xuất
DDQLC,DDQLC150-5P3DT,Sản xuất
DDQLC,DDQLC150-4P3DT,Sản xuất
DDQLC,DDQLC150-3P3DT,Sản xuất
DDQLC,DDQLC150-6P3PT,Sản xuất
DDQLC,DDQLC150-5P3PT,Sản xuất
DDQLC,DDQLC150-4P3PT,Sản xuất
DDQLC,DDQLC150-3P3PT,Sản xuất
DDQLC,DDQLC150-6P3PD,Sản xuất
DDQLC,DDQLC150-5P3PD,Sản xuất
DDQLC,DDQLC150-4P3PD,Sản xuất
DDQLC,DDQLC150-3P3PD,Sản xuất
DDQLC,DDQLC150-6P3MT,Sản xuất
DDQLC,DDQLC150-5P3MT,Sản xuất
DDQLC,DDQLC150-4P3MT,Sản xuất
DDQLC,DDQLC150-3P3MT,Sản xuất
DDQLC,DDQLC150-6P3ID,Sản xuất
DDQLC,DDQLC150-5P3ID,Sản xuất
DDQLC,DDQLC150-4P3ID,Sản xuất
DDQLC,DDQLC150-3P3ID,Sản xuất
DDQLC,DDQLC150-6P3SL,Sản xuất
DDQLC,DDQLC150-5P3SL,Sản xuất
DDQLC,DDQLC150-4P3SL,Sản xuất
DDQLC,DDQLC150-3P3SL,Sản xuất
DDQLC,DDQLC150-6B5HN,Sản xuất
DDQLC,DDQLC150-5B5HN,Sản xuất
DDQLC,DDQLC150-4B5HN,Sản xuất
DDQLC,DDQLC150-3B5HN,Sản xuất
DDQLC,DDQLC150-6B5HT,Sản xuất
DDQLC,DDQLC150-5B5HT,Sản xuất
DDQLC,DDQLC150-4B5HT,Sản xuất
DDQLC,DDQLC150-3B5HT,Sản xuất
DDQLC,DDQLC150-6B5HD,Sản xuất
DDQLC,DDQLC150-5B5HD,Sản xuất
DDQLC,DDQLC150-4B5HD,Sản xuất
DDQLC,DDQLC150-3B5HD,Sản xuất
DDQLC,DDQLC150-6B5DN,Sản xuất
DDQLC,DDQLC150-5B5DN,Sản xuất
DDQLC,DDQLC150-4B5DN,Sản xuất
DDQLC,DDQLC150-3B5DN,Sản xuất
DDQLC,DDQLC150-6B5DT,Sản xuất
DDQLC,DDQLC150-5B5DT,Sản xuất
DDQLC,DDQLC150-4B5DT,Sản xuất
DDQLC,DDQLC150-3B5DT,Sản xuất
DDQLC,DDQLC150-6B5PT,Sản xuất
DDQLC,DDQLC150-5B5PT,Sản xuất
DDQLC,DDQLC150-4B5PT,Sản xuất
DDQLC,DDQLC150-3B5PT,Sản xuất
DDQLC,DDQLC150-6B5PD,Sản xuất
DDQLC,DDQLC150-5B5PD,Sản xuất
DDQLC,DDQLC150-4B5PD,Sản xuất
DDQLC,DDQLC150-3B5PD,Sản xuất
DDQLC,DDQLC150-6B5MT,Sản xuất
DDQLC,DDQLC150-5B5MT,Sản xuất
DDQLC,DDQLC150-4B5MT,Sản xuất
DDQLC,DDQLC150-3B5MT,Sản xuất
DDQLC,DDQLC150-6B5ID,Sản xuất
DDQLC,DDQLC150-5B5ID,Sản xuất
DDQLC,DDQLC150-4B5ID,Sản xuất
DDQLC,DDQLC150-3B5ID,Sản xuất
DDQLC,DDQLC150-6B5SL,Sản xuất
DDQLC,DDQLC150-5B5SL,Sản xuất
DDQLC,DDQLC150-4B5SL,Sản xuất
DDQLC,DDQLC150-3B5SL,Sản xuất
DDQLC,DDQLC150-6P5HN,Sản xuất
DDQLC,DDQLC150-5P5HN,Sản xuất
DDQLC,DDQLC150-4P5HN,Sản xuất
DDQLC,DDQLC150-3P5HN,Sản xuất
DDQLC,DDQLC150-6P5HT,Sản xuất
DDQLC,DDQLC150-5P5HT,Sản xuất
DDQLC,DDQLC150-4P5HT,Sản xuất
DDQLC,DDQLC150-3P5HT,Sản xuất
DDQLC,DDQLC150-6P5HD,Sản xuất
DDQLC,DDQLC150-5P5HD,Sản xuất
DDQLC,DDQLC150-4P5HD,Sản xuất
DDQLC,DDQLC150-3P5HD,Sản xuất
DDQLC,DDQLC150-6P5DN,Sản xuất
DDQLC,DDQLC150-5P5DN,Sản xuất
DDQLC,DDQLC150-4P5DN,Sản xuất
DDQLC,DDQLC150-3P5DN,Sản xuất
DDQLC,DDQLC150-6P5DT,Sản xuất
DDQLC,DDQLC150-5P5DT,Sản xuất
DDQLC,DDQLC150-4P5DT,Sản xuất
DDQLC,DDQLC150-3P5DT,Sản xuất
DDQLC,DDQLC150-6P5PT,Sản xuất
DDQLC,DDQLC150-5P5PT,Sản xuất
DDQLC,DDQLC150-4P5PT,Sản xuất
DDQLC,DDQLC150-3P5PT,Sản xuất
DDQLC,DDQLC150-6P5PD,Sản xuất
DDQLC,DDQLC150-5P5PD,Sản xuất
DDQLC,DDQLC150-4P5PD,Sản xuất
DDQLC,DDQLC150-3P5PD,Sản xuất
DDQLC,DDQLC150-6P5MT,Sản xuất
DDQLC,DDQLC150-5P5MT,Sản xuất
DDQLC,DDQLC150-4P5MT,Sản xuất
DDQLC,DDQLC150-3P5MT,Sản xuất
DDQLC,DDQLC150-6P5ID,Sản xuất
DDQLC,DDQLC150-5P5ID,Sản xuất
DDQLC,DDQLC150-4P5ID,Sản xuất
DDQLC,DDQLC150-3P5ID,Sản xuất
DDQLC,DDQLC150-6P5SL,Sản xuất
DDQLC,DDQLC150-5P5SL,Sản xuất
DDQLC,DDQLC150-4P5SL,Sản xuất
DDQLC,DDQLC150-3P5SL,Sản xuất
DDQLC,DDQLC150-RTFHN,Sản xuất
DDQLC,DDQLC150-GTFHN,Sản xuất
DDQLC,DDQLC150-BTFHN,Sản xuất
DDQLC,DDQLC150-RTFHT,Sản xuất
DDQLC,DDQLC150-GTFHT,Sản xuất
DDQLC,DDQLC150-BTFHT,Sản xuất
DDQLC,DDQLC150-RTFHD,Sản xuất
DDQLC,DDQLC150-GTFHD,Sản xuất
DDQLC,DDQLC150-BTFHD,Sản xuất
DDQLC,DDQLC150-RTFDN,Sản xuất
DDQLC,DDQLC150-GTFDN,Sản xuất
DDQLC,DDQLC150-BTFDN,Sản xuất
DDQLC,DDQLC150-RTFDT,Sản xuất
DDQLC,DDQLC150-GTFDT,Sản xuất
DDQLC,DDQLC150-BTFDT,Sản xuất
DDQLC,DDQLC150-RTFPT,Sản xuất
DDQLC,DDQLC150-GTFPT,Sản xuất
DDQLC,DDQLC150-BTFPT,Sản xuất
DDQLC,DDQLC150-RTFPD,Sản xuất
DDQLC,DDQLC150-GTFPD,Sản xuất
DDQLC,DDQLC150-BTFPD,Sản xuất
DDQLC,DDQLC150-RTFMT,Sản xuất
DDQLC,DDQLC150-GTFMT,Sản xuất
DDQLC,DDQLC150-BTFMT,Sản xuất
DDQLC,DDQLC150-RTFID,Sản xuất
DDQLC,DDQLC150-GTFID,Sản xuất
DDQLC,DDQLC150-BTFID,Sản xuất
DDQLC,DDQLC150-RTFSL,Sản xuất
DDQLC,DDQLC150-GTFSL,Sản xuất
DDQLC,DDQLC150-BTFSL,Sản xuất
DDQLC,DDQLC150-CBCHC,Sản xuất
DDQLC,DDQLC200-6B3HN,Sản xuất
DDQLC,DDQLC200-5B3HN,Sản xuất
DDQLC,DDQLC200-4B3HN,Sản xuất
DDQLC,DDQLC200-3B3HN,Sản xuất
DDQLC,DDQLC200-6B3HT,Sản xuất
DDQLC,DDQLC200-5B3HT,Sản xuất
DDQLC,DDQLC200-4B3HT,Sản xuất
DDQLC,DDQLC200-3B3HT,Sản xuất
DDQLC,DDQLC200-6B3HD,Sản xuất
DDQLC,DDQLC200-5B3HD,Sản xuất
DDQLC,DDQLC200-4B3HD,Sản xuất
DDQLC,DDQLC200-3B3HD,Sản xuất
DDQLC,DDQLC200-6B3DN,Sản xuất
DDQLC,DDQLC200-5B3DN,Sản xuất
DDQLC,DDQLC200-4B3DN,Sản xuất
DDQLC,DDQLC200-3B3DN,Sản xuất
DDQLC,DDQLC200-6B3DT,Sản xuất
DDQLC,DDQLC200-5B3DT,Sản xuất
DDQLC,DDQLC200-4B3DT,Sản xuất
DDQLC,DDQLC200-3B3DT,Sản xuất
DDQLC,DDQLC200-6B3PT,Sản xuất
DDQLC,DDQLC200-5B3PT,Sản xuất
DDQLC,DDQLC200-4B3PT,Sản xuất
DDQLC,DDQLC200-3B3PT,Sản xuất
DDQLC,DDQLC200-6B3PD,Sản xuất
DDQLC,DDQLC200-5B3PD,Sản xuất
DDQLC,DDQLC200-4B3PD,Sản xuất
DDQLC,DDQLC200-3B3PD,Sản xuất
DDQLC,DDQLC200-6B3MT,Sản xuất
DDQLC,DDQLC200-5B3MT,Sản xuất
DDQLC,DDQLC200-4B3MT,Sản xuất
DDQLC,DDQLC200-3B3MT,Sản xuất
DDQLC,DDQLC200-6B3ID,Sản xuất
DDQLC,DDQLC200-5B3ID,Sản xuất
DDQLC,DDQLC200-4B3ID,Sản xuất
DDQLC,DDQLC200-3B3ID,Sản xuất
DDQLC,DDQLC200-6B3SL,Sản xuất
DDQLC,DDQLC200-5B3SL,Sản xuất
DDQLC,DDQLC200-4B3SL,Sản xuất
DDQLC,DDQLC200-3B3SL,Sản xuất
DDQLC,DDQLC200-6P3HN,Sản xuất
DDQLC,DDQLC200-5P3HN,Sản xuất
DDQLC,DDQLC200-4P3HN,Sản xuất
DDQLC,DDQLC200-3P3HN,Sản xuất
DDQLC,DDQLC200-6P3HT,Sản xuất
DDQLC,DDQLC200-5P3HT,Sản xuất
DDQLC,DDQLC200-4P3HT,Sản xuất
DDQLC,DDQLC200-3P3HT,Sản xuất
DDQLC,DDQLC200-6P3HD,Sản xuất
DDQLC,DDQLC200-5P3HD,Sản xuất
DDQLC,DDQLC200-4P3HD,Sản xuất
DDQLC,DDQLC200-3P3HD,Sản xuất
DDQLC,DDQLC200-6P3DN,Sản xuất
DDQLC,DDQLC200-5P3DN,Sản xuất
DDQLC,DDQLC200-4P3DN,Sản xuất
DDQLC,DDQLC200-3P3DN,Sản xuất
DDQLC,DDQLC200-6P3DT,Sản xuất
DDQLC,DDQLC200-5P3DT,Sản xuất
DDQLC,DDQLC200-4P3DT,Sản xuất
DDQLC,DDQLC200-3P3DT,Sản xuất
DDQLC,DDQLC200-6P3PT,Sản xuất
DDQLC,DDQLC200-5P3PT,Sản xuất
DDQLC,DDQLC200-4P3PT,Sản xuất
DDQLC,DDQLC200-3P3PT,Sản xuất
DDQLC,DDQLC200-6P3PD,Sản xuất
DDQLC,DDQLC200-5P3PD,Sản xuất
DDQLC,DDQLC200-4P3PD,Sản xuất
DDQLC,DDQLC200-3P3PD,Sản xuất
DDQLC,DDQLC200-6P3MT,Sản xuất
DDQLC,DDQLC200-5P3MT,Sản xuất
DDQLC,DDQLC200-4P3MT,Sản xuất
DDQLC,DDQLC200-3P3MT,Sản xuất
DDQLC,DDQLC200-6P3ID,Sản xuất
DDQLC,DDQLC200-5P3ID,Sản xuất
DDQLC,DDQLC200-4P3ID,Sản xuất
DDQLC,DDQLC200-3P3ID,Sản xuất
DDQLC,DDQLC200-6P3SL,Sản xuất
DDQLC,DDQLC200-5P3SL,Sản xuất
DDQLC,DDQLC200-4P3SL,Sản xuất
DDQLC,DDQLC200-3P3SL,Sản xuất
DDQLC,DDQLC200-6B5HN,Sản xuất
DDQLC,DDQLC200-5B5HN,Sản xuất
DDQLC,DDQLC200-4B5HN,Sản xuất
DDQLC,DDQLC200-3B5HN,Sản xuất
DDQLC,DDQLC200-6B5HT,Sản xuất
DDQLC,DDQLC200-5B5HT,Sản xuất
DDQLC,DDQLC200-4B5HT,Sản xuất
DDQLC,DDQLC200-3B5HT,Sản xuất
DDQLC,DDQLC200-6B5HD,Sản xuất
DDQLC,DDQLC200-5B5HD,Sản xuất
DDQLC,DDQLC200-4B5HD,Sản xuất
DDQLC,DDQLC200-3B5HD,Sản xuất
DDQLC,DDQLC200-6B5DN,Sản xuất
DDQLC,DDQLC200-5B5DN,Sản xuất
DDQLC,DDQLC200-4B5DN,Sản xuất
DDQLC,DDQLC200-3B5DN,Sản xuất
DDQLC,DDQLC200-6B5DT,Sản xuất
DDQLC,DDQLC200-5B5DT,Sản xuất
DDQLC,DDQLC200-4B5DT,Sản xuất
DDQLC,DDQLC200-3B5DT,Sản xuất
DDQLC,DDQLC200-6B5PT,Sản xuất
DDQLC,DDQLC200-5B5PT,Sản xuất
DDQLC,DDQLC200-4B5PT,Sản xuất
DDQLC,DDQLC200-3B5PT,Sản xuất
DDQLC,DDQLC200-6B5PD,Sản xuất
DDQLC,DDQLC200-5B5PD,Sản xuất
DDQLC,DDQLC200-4B5PD,Sản xuất
DDQLC,DDQLC200-3B5PD,Sản xuất
DDQLC,DDQLC200-6B5MT,Sản xuất
DDQLC,DDQLC200-5B5MT,Sản xuất
DDQLC,DDQLC200-4B5MT,Sản xuất
DDQLC,DDQLC200-3B5MT,Sản xuất
DDQLC,DDQLC200-6B5ID,Sản xuất
DDQLC,DDQLC200-5B5ID,Sản xuất
DDQLC,DDQLC200-4B5ID,Sản xuất
DDQLC,DDQLC200-3B5ID,Sản xuất
DDQLC,DDQLC200-6B5SL,Sản xuất
DDQLC,DDQLC200-5B5SL,Sản xuất
DDQLC,DDQLC200-4B5SL,Sản xuất
DDQLC,DDQLC200-3B5SL,Sản xuất
DDQLC,DDQLC200-6P5HN,Sản xuất
DDQLC,DDQLC200-5P5HN,Sản xuất
DDQLC,DDQLC200-4P5HN,Sản xuất
DDQLC,DDQLC200-3P5HN,Sản xuất
DDQLC,DDQLC200-6P5HT,Sản xuất
DDQLC,DDQLC200-5P5HT,Sản xuất
DDQLC,DDQLC200-4P5HT,Sản xuất
DDQLC,DDQLC200-3P5HT,Sản xuất
DDQLC,DDQLC200-6P5HD,Sản xuất
DDQLC,DDQLC200-5P5HD,Sản xuất
DDQLC,DDQLC200-4P5HD,Sản xuất
DDQLC,DDQLC200-3P5HD,Sản xuất
DDQLC,DDQLC200-6P5DN,Sản xuất
DDQLC,DDQLC200-5P5DN,Sản xuất
DDQLC,DDQLC200-4P5DN,Sản xuất
DDQLC,DDQLC200-3P5DN,Sản xuất
DDQLC,DDQLC200-6P5DT,Sản xuất
DDQLC,DDQLC200-5P5DT,Sản xuất
DDQLC,DDQLC200-4P5DT,Sản xuất
DDQLC,DDQLC200-3P5DT,Sản xuất
DDQLC,DDQLC200-6P5PT,Sản xuất
DDQLC,DDQLC200-5P5PT,Sản xuất
DDQLC,DDQLC200-4P5PT,Sản xuất
DDQLC,DDQLC200-3P5PT,Sản xuất
DDQLC,DDQLC200-6P5PD,Sản xuất
DDQLC,DDQLC200-5P5PD,Sản xuất
DDQLC,DDQLC200-4P5PD,Sản xuất
DDQLC,DDQLC200-3P5PD,Sản xuất
DDQLC,DDQLC200-6P5MT,Sản xuất
DDQLC,DDQLC200-5P5MT,Sản xuất
DDQLC,DDQLC200-4P5MT,Sản xuất
DDQLC,DDQLC200-3P5MT,Sản xuất
DDQLC,DDQLC200-6P5ID,Sản xuất
DDQLC,DDQLC200-5P5ID,Sản xuất
DDQLC,DDQLC200-4P5ID,Sản xuất
DDQLC,DDQLC200-3P5ID,Sản xuất
DDQLC,DDQLC200-6P5SL,Sản xuất
DDQLC,DDQLC200-5P5SL,Sản xuất
DDQLC,DDQLC200-4P5SL,Sản xuất
DDQLC,DDQLC200-3P5SL,Sản xuất
DDQLC,DDQLC200-RTFHN,Sản xuất
DDQLC,DDQLC200-GTFHN,Sản xuất
DDQLC,DDQLC200-BTFHN,Sản xuất
DDQLC,DDQLC200-RTFHT,Sản xuất
DDQLC,DDQLC200-GTFHT,Sản xuất
DDQLC,DDQLC200-BTFHT,Sản xuất
DDQLC,DDQLC200-RTFHD,Sản xuất
DDQLC,DDQLC200-GTFHD,Sản xuất
DDQLC,DDQLC200-BTFHD,Sản xuất
DDQLC,DDQLC200-RTFDN,Sản xuất
DDQLC,DDQLC200-GTFDN,Sản xuất
DDQLC,DDQLC200-BTFDN,Sản xuất
DDQLC,DDQLC200-RTFDT,Sản xuất
DDQLC,DDQLC200-GTFDT,Sản xuất
DDQLC,DDQLC200-BTFDT,Sản xuất
DDQLC,DDQLC200-RTFPT,Sản xuất
DDQLC,DDQLC200-GTFPT,Sản xuất
DDQLC,DDQLC200-BTFPT,Sản xuất
DDQLC,DDQLC200-RTFPD,Sản xuất
DDQLC,DDQLC200-GTFPD,Sản xuất
DDQLC,DDQLC200-BTFPD,Sản xuất
DDQLC,DDQLC200-RTFMT,Sản xuất
DDQLC,DDQLC200-GTFMT,Sản xuất
DDQLC,DDQLC200-BTFMT,Sản xuất
DDQLC,DDQLC200-RTFID,Sản xuất
DDQLC,DDQLC200-GTFID,Sản xuất
DDQLC,DDQLC200-BTFID,Sản xuất
DDQLC,DDQLC200-RTFSL,Sản xuất
DDQLC,DDQLC200-GTFSL,Sản xuất
DDQLC,DDQLC200-BTFSL,Sản xuất
DDQLC,DDQLC200-CBCHC,Sản xuất
DDQLC,DDQLC250-6B3HN,Sản xuất
DDQLC,DDQLC250-5B3HN,Sản xuất
DDQLC,DDQLC250-4B3HN,Sản xuất
DDQLC,DDQLC250-3B3HN,Sản xuất
DDQLC,DDQLC250-6B3HT,Sản xuất
DDQLC,DDQLC250-5B3HT,Sản xuất
DDQLC,DDQLC250-4B3HT,Sản xuất
DDQLC,DDQLC250-3B3HT,Sản xuất
DDQLC,DDQLC250-6B3HD,Sản xuất
DDQLC,DDQLC250-5B3HD,Sản xuất
DDQLC,DDQLC250-4B3HD,Sản xuất
DDQLC,DDQLC250-3B3HD,Sản xuất
DDQLC,DDQLC250-6B3DN,Sản xuất
DDQLC,DDQLC250-5B3DN,Sản xuất
DDQLC,DDQLC250-4B3DN,Sản xuất
DDQLC,DDQLC250-3B3DN,Sản xuất
DDQLC,DDQLC250-6B3DT,Sản xuất
DDQLC,DDQLC250-5B3DT,Sản xuất
DDQLC,DDQLC250-4B3DT,Sản xuất
DDQLC,DDQLC250-3B3DT,Sản xuất
DDQLC,DDQLC250-6B3PT,Sản xuất
DDQLC,DDQLC250-5B3PT,Sản xuất
DDQLC,DDQLC250-4B3PT,Sản xuất
DDQLC,DDQLC250-3B3PT,Sản xuất
DDQLC,DDQLC250-6B3PD,Sản xuất
DDQLC,DDQLC250-5B3PD,Sản xuất
DDQLC,DDQLC250-4B3PD,Sản xuất
DDQLC,DDQLC250-3B3PD,Sản xuất
DDQLC,DDQLC250-6B3MT,Sản xuất
DDQLC,DDQLC250-5B3MT,Sản xuất
DDQLC,DDQLC250-4B3MT,Sản xuất
DDQLC,DDQLC250-3B3MT,Sản xuất
DDQLC,DDQLC250-6B3ID,Sản xuất
DDQLC,DDQLC250-5B3ID,Sản xuất
DDQLC,DDQLC250-4B3ID,Sản xuất
DDQLC,DDQLC250-3B3ID,Sản xuất
DDQLC,DDQLC250-6B3SL,Sản xuất
DDQLC,DDQLC250-5B3SL,Sản xuất
DDQLC,DDQLC250-4B3SL,Sản xuất
DDQLC,DDQLC250-3B3SL,Sản xuất
DDQLC,DDQLC250-6P3HN,Sản xuất
DDQLC,DDQLC250-5P3HN,Sản xuất
DDQLC,DDQLC250-4P3HN,Sản xuất
DDQLC,DDQLC250-3P3HN,Sản xuất
DDQLC,DDQLC250-6P3HT,Sản xuất
DDQLC,DDQLC250-5P3HT,Sản xuất
DDQLC,DDQLC250-4P3HT,Sản xuất
DDQLC,DDQLC250-3P3HT,Sản xuất
DDQLC,DDQLC250-6P3HD,Sản xuất
DDQLC,DDQLC250-5P3HD,Sản xuất
DDQLC,DDQLC250-4P3HD,Sản xuất
DDQLC,DDQLC250-3P3HD,Sản xuất
DDQLC,DDQLC250-6P3DN,Sản xuất
DDQLC,DDQLC250-5P3DN,Sản xuất
DDQLC,DDQLC250-4P3DN,Sản xuất
DDQLC,DDQLC250-3P3DN,Sản xuất
DDQLC,DDQLC250-6P3DT,Sản xuất
DDQLC,DDQLC250-5P3DT,Sản xuất
DDQLC,DDQLC250-4P3DT,Sản xuất
DDQLC,DDQLC250-3P3DT,Sản xuất
DDQLC,DDQLC250-6P3PT,Sản xuất
DDQLC,DDQLC250-5P3PT,Sản xuất
DDQLC,DDQLC250-4P3PT,Sản xuất
DDQLC,DDQLC250-3P3PT,Sản xuất
DDQLC,DDQLC250-6P3PD,Sản xuất
DDQLC,DDQLC250-5P3PD,Sản xuất
DDQLC,DDQLC250-4P3PD,Sản xuất
DDQLC,DDQLC250-3P3PD,Sản xuất
DDQLC,DDQLC250-6P3MT,Sản xuất
DDQLC,DDQLC250-5P3MT,Sản xuất
DDQLC,DDQLC250-4P3MT,Sản xuất
DDQLC,DDQLC250-3P3MT,Sản xuất
DDQLC,DDQLC250-6P3ID,Sản xuất
DDQLC,DDQLC250-5P3ID,Sản xuất
DDQLC,DDQLC250-4P3ID,Sản xuất
DDQLC,DDQLC250-3P3ID,Sản xuất
DDQLC,DDQLC250-6P3SL,Sản xuất
DDQLC,DDQLC250-5P3SL,Sản xuất
DDQLC,DDQLC250-4P3SL,Sản xuất
DDQLC,DDQLC250-3P3SL,Sản xuất
DDQLC,DDQLC250-6B5HN,Sản xuất
DDQLC,DDQLC250-5B5HN,Sản xuất
DDQLC,DDQLC250-4B5HN,Sản xuất
DDQLC,DDQLC250-3B5HN,Sản xuất
DDQLC,DDQLC250-6B5HT,Sản xuất
DDQLC,DDQLC250-5B5HT,Sản xuất
DDQLC,DDQLC250-4B5HT,Sản xuất
DDQLC,DDQLC250-3B5HT,Sản xuất
DDQLC,DDQLC250-6B5HD,Sản xuất
DDQLC,DDQLC250-5B5HD,Sản xuất
DDQLC,DDQLC250-4B5HD,Sản xuất
DDQLC,DDQLC250-3B5HD,Sản xuất
DDQLC,DDQLC250-6B5DN,Sản xuất
DDQLC,DDQLC250-5B5DN,Sản xuất
DDQLC,DDQLC250-4B5DN,Sản xuất
DDQLC,DDQLC250-3B5DN,Sản xuất
DDQLC,DDQLC250-6B5DT,Sản xuất
DDQLC,DDQLC250-5B5DT,Sản xuất
DDQLC,DDQLC250-4B5DT,Sản xuất
DDQLC,DDQLC250-3B5DT,Sản xuất
DDQLC,DDQLC250-6B5PT,Sản xuất
DDQLC,DDQLC250-5B5PT,Sản xuất
DDQLC,DDQLC250-4B5PT,Sản xuất
DDQLC,DDQLC250-3B5PT,Sản xuất
DDQLC,DDQLC250-6B5PD,Sản xuất
DDQLC,DDQLC250-5B5PD,Sản xuất
DDQLC,DDQLC250-4B5PD,Sản xuất
DDQLC,DDQLC250-3B5PD,Sản xuất
DDQLC,DDQLC250-6B5MT,Sản xuất
DDQLC,DDQLC250-5B5MT,Sản xuất
DDQLC,DDQLC250-4B5MT,Sản xuất
DDQLC,DDQLC250-3B5MT,Sản xuất
DDQLC,DDQLC250-6B5ID,Sản xuất
DDQLC,DDQLC250-5B5ID,Sản xuất
DDQLC,DDQLC250-4B5ID,Sản xuất
DDQLC,DDQLC250-3B5ID,Sản xuất
DDQLC,DDQLC250-6B5SL,Sản xuất
DDQLC,DDQLC250-5B5SL,Sản xuất
DDQLC,DDQLC250-4B5SL,Sản xuất
DDQLC,DDQLC250-3B5SL,Sản xuất
DDQLC,DDQLC250-6P5HN,Sản xuất
DDQLC,DDQLC250-5P5HN,Sản xuất
DDQLC,DDQLC250-4P5HN,Sản xuất
DDQLC,DDQLC250-3P5HN,Sản xuất
DDQLC,DDQLC250-6P5HT,Sản xuất
DDQLC,DDQLC250-5P5HT,Sản xuất
DDQLC,DDQLC250-4P5HT,Sản xuất
DDQLC,DDQLC250-3P5HT,Sản xuất
DDQLC,DDQLC250-6P5HD,Sản xuất
DDQLC,DDQLC250-5P5HD,Sản xuất
DDQLC,DDQLC250-4P5HD,Sản xuất
DDQLC,DDQLC250-3P5HD,Sản xuất
DDQLC,DDQLC250-6P5DN,Sản xuất
DDQLC,DDQLC250-5P5DN,Sản xuất
DDQLC,DDQLC250-4P5DN,Sản xuất
DDQLC,DDQLC250-3P5DN,Sản xuất
DDQLC,DDQLC250-6P5DT,Sản xuất
DDQLC,DDQLC250-5P5DT,Sản xuất
DDQLC,DDQLC250-4P5DT,Sản xuất
DDQLC,DDQLC250-3P5DT,Sản xuất
DDQLC,DDQLC250-6P5PT,Sản xuất
DDQLC,DDQLC250-5P5PT,Sản xuất
DDQLC,DDQLC250-4P5PT,Sản xuất
DDQLC,DDQLC250-3P5PT,Sản xuất
DDQLC,DDQLC250-6P5PD,Sản xuất
DDQLC,DDQLC250-5P5PD,Sản xuất
DDQLC,DDQLC250-4P5PD,Sản xuất
DDQLC,DDQLC250-3P5PD,Sản xuất
DDQLC,DDQLC250-6P5MT,Sản xuất
DDQLC,DDQLC250-5P5MT,Sản xuất
DDQLC,DDQLC250-4P5MT,Sản xuất
DDQLC,DDQLC250-3P5MT,Sản xuất
DDQLC,DDQLC250-6P5ID,Sản xuất
DDQLC,DDQLC250-5P5ID,Sản xuất
DDQLC,DDQLC250-4P5ID,Sản xuất
DDQLC,DDQLC250-3P5ID,Sản xuất
DDQLC,DDQLC250-6P5SL,Sản xuất
DDQLC,DDQLC250-5P5SL,Sản xuất
DDQLC,DDQLC250-4P5SL,Sản xuất
DDQLC,DDQLC250-3P5SL,Sản xuất
DDQLC,DDQLC250-RTFHN,Sản xuất
DDQLC,DDQLC250-GTFHN,Sản xuất
DDQLC,DDQLC250-BTFHN,Sản xuất
DDQLC,DDQLC250-RTFHT,Sản xuất
DDQLC,DDQLC250-GTFHT,Sản xuất
DDQLC,DDQLC250-BTFHT,Sản xuất
DDQLC,DDQLC250-RTFHD,Sản xuất
DDQLC,DDQLC250-GTFHD,Sản xuất
DDQLC,DDQLC250-BTFHD,Sản xuất
DDQLC,DDQLC250-RTFDN,Sản xuất
DDQLC,DDQLC250-GTFDN,Sản xuất
DDQLC,DDQLC250-BTFDN,Sản xuất
DDQLC,DDQLC250-RTFDT,Sản xuất
DDQLC,DDQLC250-GTFDT,Sản xuất
DDQLC,DDQLC250-BTFDT,Sản xuất
DDQLC,DDQLC250-RTFPT,Sản xuất
DDQLC,DDQLC250-GTFPT,Sản xuất
DDQLC,DDQLC250-BTFPT,Sản xuất
DDQLC,DDQLC250-RTFPD,Sản xuất
DDQLC,DDQLC250-GTFPD,Sản xuất
DDQLC,DDQLC250-BTFPD,Sản xuất
DDQLC,DDQLC250-RTFMT,Sản xuất
DDQLC,DDQLC250-GTFMT,Sản xuất
DDQLC,DDQLC250-BTFMT,Sản xuất
DDQLC,DDQLC250-RTFID,Sản xuất
DDQLC,DDQLC250-GTFID,Sản xuất
DDQLC,DDQLC250-BTFID,Sản xuất
DDQLC,DDQLC250-RTFSL,Sản xuất
DDQLC,DDQLC250-GTFSL,Sản xuất
DDQLC,DDQLC250-BTFSL,Sản xuất
DDQLC,DDQLC250-CBCHC,Sản xuất
DDQLC,DDQLC050-6B3HN-H,Sản xuất
DDQLC,DDQLC050-5B3HN-H,Sản xuất
DDQLC,DDQLC050-4B3HN-H,Sản xuất
DDQLC,DDQLC050-3B3HN-H,Sản xuất
DDQLC,DDQLC050-6B3HT-H,Sản xuất
DDQLC,DDQLC050-5B3HT-H,Sản xuất
DDQLC,DDQLC050-4B3HT-H,Sản xuất
DDQLC,DDQLC050-3B3HT-H,Sản xuất
DDQLC,DDQLC050-6B3HD-H,Sản xuất
DDQLC,DDQLC050-5B3HD-H,Sản xuất
DDQLC,DDQLC050-4B3HD-H,Sản xuất
DDQLC,DDQLC050-3B3HD-H,Sản xuất
DDQLC,DDQLC050-6B3DN-H,Sản xuất
DDQLC,DDQLC050-5B3DN-H,Sản xuất
DDQLC,DDQLC050-4B3DN-H,Sản xuất
DDQLC,DDQLC050-3B3DN-H,Sản xuất
DDQLC,DDQLC050-6B3DT-H,Sản xuất
DDQLC,DDQLC050-5B3DT-H,Sản xuất
DDQLC,DDQLC050-4B3DT-H,Sản xuất
DDQLC,DDQLC050-3B3DT-H,Sản xuất
DDQLC,DDQLC050-6B3PT-H,Sản xuất
DDQLC,DDQLC050-5B3PT-H,Sản xuất
DDQLC,DDQLC050-4B3PT-H,Sản xuất
DDQLC,DDQLC050-3B3PT-H,Sản xuất
DDQLC,DDQLC050-6B3PD-H,Sản xuất
DDQLC,DDQLC050-5B3PD-H,Sản xuất
DDQLC,DDQLC050-4B3PD-H,Sản xuất
DDQLC,DDQLC050-3B3PD-H,Sản xuất
DDQLC,DDQLC050-6B3MT-H,Sản xuất
DDQLC,DDQLC050-5B3MT-H,Sản xuất
DDQLC,DDQLC050-4B3MT-H,Sản xuất
DDQLC,DDQLC050-3B3MT-H,Sản xuất
DDQLC,DDQLC050-6B3ID-H,Sản xuất
DDQLC,DDQLC050-5B3ID-H,Sản xuất
DDQLC,DDQLC050-4B3ID-H,Sản xuất
DDQLC,DDQLC050-3B3ID-H,Sản xuất
DDQLC,DDQLC050-6B3SL-H,Sản xuất
DDQLC,DDQLC050-5B3SL-H,Sản xuất
DDQLC,DDQLC050-4B3SL-H,Sản xuất
DDQLC,DDQLC050-3B3SL-H,Sản xuất
DDQLC,DDQLC050-6P3HN-H,Sản xuất
DDQLC,DDQLC050-5P3HN-H,Sản xuất
DDQLC,DDQLC050-4P3HN-H,Sản xuất
DDQLC,DDQLC050-3P3HN-H,Sản xuất
DDQLC,DDQLC050-6P3HT-H,Sản xuất
DDQLC,DDQLC050-5P3HT-H,Sản xuất
DDQLC,DDQLC050-4P3HT-H,Sản xuất
DDQLC,DDQLC050-3P3HT-H,Sản xuất
DDQLC,DDQLC050-6P3HD-H,Sản xuất
DDQLC,DDQLC050-5P3HD-H,Sản xuất
DDQLC,DDQLC050-4P3HD-H,Sản xuất
DDQLC,DDQLC050-3P3HD-H,Sản xuất
DDQLC,DDQLC050-6P3DN-H,Sản xuất
DDQLC,DDQLC050-5P3DN-H,Sản xuất
DDQLC,DDQLC050-4P3DN-H,Sản xuất
DDQLC,DDQLC050-3P3DN-H,Sản xuất
DDQLC,DDQLC050-6P3DT-H,Sản xuất
DDQLC,DDQLC050-5P3DT-H,Sản xuất
DDQLC,DDQLC050-4P3DT-H,Sản xuất
DDQLC,DDQLC050-3P3DT-H,Sản xuất
DDQLC,DDQLC050-6P3PT-H,Sản xuất
DDQLC,DDQLC050-5P3PT-H,Sản xuất
DDQLC,DDQLC050-4P3PT-H,Sản xuất
DDQLC,DDQLC050-3P3PT-H,Sản xuất
DDQLC,DDQLC050-6P3PD-H,Sản xuất
DDQLC,DDQLC050-5P3PD-H,Sản xuất
DDQLC,DDQLC050-4P3PD-H,Sản xuất
DDQLC,DDQLC050-3P3PD-H,Sản xuất
DDQLC,DDQLC050-6P3MT-H,Sản xuất
DDQLC,DDQLC050-5P3MT-H,Sản xuất
DDQLC,DDQLC050-4P3MT-H,Sản xuất
DDQLC,DDQLC050-3P3MT-H,Sản xuất
DDQLC,DDQLC050-6P3ID-H,Sản xuất
DDQLC,DDQLC050-5P3ID-H,Sản xuất
DDQLC,DDQLC050-4P3ID-H,Sản xuất
DDQLC,DDQLC050-3P3ID-H,Sản xuất
DDQLC,DDQLC050-6P3SL-H,Sản xuất
DDQLC,DDQLC050-5P3SL-H,Sản xuất
DDQLC,DDQLC050-4P3SL-H,Sản xuất
DDQLC,DDQLC050-3P3SL-H,Sản xuất
DDQLC,DDQLC050-6B5HN-H,Sản xuất
DDQLC,DDQLC050-5B5HN-H,Sản xuất
DDQLC,DDQLC050-4B5HN-H,Sản xuất
DDQLC,DDQLC050-3B5HN-H,Sản xuất
DDQLC,DDQLC050-6B5HT-H,Sản xuất
DDQLC,DDQLC050-5B5HT-H,Sản xuất
DDQLC,DDQLC050-4B5HT-H,Sản xuất
DDQLC,DDQLC050-3B5HT-H,Sản xuất
DDQLC,DDQLC050-6B5HD-H,Sản xuất
DDQLC,DDQLC050-5B5HD-H,Sản xuất
DDQLC,DDQLC050-4B5HD-H,Sản xuất
DDQLC,DDQLC050-3B5HD-H,Sản xuất
DDQLC,DDQLC050-6B5DN-H,Sản xuất
DDQLC,DDQLC050-5B5DN-H,Sản xuất
DDQLC,DDQLC050-4B5DN-H,Sản xuất
DDQLC,DDQLC050-3B5DN-H,Sản xuất
DDQLC,DDQLC050-6B5DT-H,Sản xuất
DDQLC,DDQLC050-5B5DT-H,Sản xuất
DDQLC,DDQLC050-4B5DT-H,Sản xuất
DDQLC,DDQLC050-3B5DT-H,Sản xuất
DDQLC,DDQLC050-6B5PT-H,Sản xuất
DDQLC,DDQLC050-5B5PT-H,Sản xuất
DDQLC,DDQLC050-4B5PT-H,Sản xuất
DDQLC,DDQLC050-3B5PT-H,Sản xuất
DDQLC,DDQLC050-6B5PD-H,Sản xuất
DDQLC,DDQLC050-5B5PD-H,Sản xuất
DDQLC,DDQLC050-4B5PD-H,Sản xuất
DDQLC,DDQLC050-3B5PD-H,Sản xuất
DDQLC,DDQLC050-6B5MT-H,Sản xuất
DDQLC,DDQLC050-5B5MT-H,Sản xuất
DDQLC,DDQLC050-4B5MT-H,Sản xuất
DDQLC,DDQLC050-3B5MT-H,Sản xuất
DDQLC,DDQLC050-6B5ID-H,Sản xuất
DDQLC,DDQLC050-5B5ID-H,Sản xuất
DDQLC,DDQLC050-4B5ID-H,Sản xuất
DDQLC,DDQLC050-3B5ID-H,Sản xuất
DDQLC,DDQLC050-6B5SL-H,Sản xuất
DDQLC,DDQLC050-5B5SL-H,Sản xuất
DDQLC,DDQLC050-4B5SL-H,Sản xuất
DDQLC,DDQLC050-3B5SL-H,Sản xuất
DDQLC,DDQLC050-6P5HN-H,Sản xuất
DDQLC,DDQLC050-5P5HN-H,Sản xuất
DDQLC,DDQLC050-4P5HN-H,Sản xuất
DDQLC,DDQLC050-3P5HN-H,Sản xuất
DDQLC,DDQLC050-6P5HT-H,Sản xuất
DDQLC,DDQLC050-5P5HT-H,Sản xuất
DDQLC,DDQLC050-4P5HT-H,Sản xuất
DDQLC,DDQLC050-3P5HT-H,Sản xuất
DDQLC,DDQLC050-6P5HD-H,Sản xuất
DDQLC,DDQLC050-5P5HD-H,Sản xuất
DDQLC,DDQLC050-4P5HD-H,Sản xuất
DDQLC,DDQLC050-3P5HD-H,Sản xuất
DDQLC,DDQLC050-6P5DN-H,Sản xuất
DDQLC,DDQLC050-5P5DN-H,Sản xuất
DDQLC,DDQLC050-4P5DN-H,Sản xuất
DDQLC,DDQLC050-3P5DN-H,Sản xuất
DDQLC,DDQLC050-6P5DT-H,Sản xuất
DDQLC,DDQLC050-5P5DT-H,Sản xuất
DDQLC,DDQLC050-4P5DT-H,Sản xuất
DDQLC,DDQLC050-3P5DT-H,Sản xuất
DDQLC,DDQLC050-6P5PT-H,Sản xuất
DDQLC,DDQLC050-5P5PT-H,Sản xuất
DDQLC,DDQLC050-4P5PT-H,Sản xuất
DDQLC,DDQLC050-3P5PT-H,Sản xuất
DDQLC,DDQLC050-6P5PD-H,Sản xuất
DDQLC,DDQLC050-5P5PD-H,Sản xuất
DDQLC,DDQLC050-4P5PD-H,Sản xuất
DDQLC,DDQLC050-3P5PD-H,Sản xuất
DDQLC,DDQLC050-6P5MT-H,Sản xuất
DDQLC,DDQLC050-5P5MT-H,Sản xuất
DDQLC,DDQLC050-4P5MT-H,Sản xuất
DDQLC,DDQLC050-3P5MT-H,Sản xuất
DDQLC,DDQLC050-6P5ID-H,Sản xuất
DDQLC,DDQLC050-5P5ID-H,Sản xuất
DDQLC,DDQLC050-4P5ID-H,Sản xuất
DDQLC,DDQLC050-3P5ID-H,Sản xuất
DDQLC,DDQLC050-6P5SL-H,Sản xuất
DDQLC,DDQLC050-5P5SL-H,Sản xuất
DDQLC,DDQLC050-4P5SL-H,Sản xuất
DDQLC,DDQLC050-3P5SL-H,Sản xuất
DDQLC,DDQLC050-RTFHN-H,Sản xuất
DDQLC,DDQLC050-GTFHN-H,Sản xuất
DDQLC,DDQLC050-BTFHN-H,Sản xuất
DDQLC,DDQLC050-RTFHT-H,Sản xuất
DDQLC,DDQLC050-GTFHT-H,Sản xuất
DDQLC,DDQLC050-BTFHT-H,Sản xuất
DDQLC,DDQLC050-RTFHD-H,Sản xuất
DDQLC,DDQLC050-GTFHD-H,Sản xuất
DDQLC,DDQLC050-BTFHD-H,Sản xuất
DDQLC,DDQLC050-RTFDN-H,Sản xuất
DDQLC,DDQLC050-GTFDN-H,Sản xuất
DDQLC,DDQLC050-BTFDN-H,Sản xuất
DDQLC,DDQLC050-RTFDT-H,Sản xuất
DDQLC,DDQLC050-GTFDT-H,Sản xuất
DDQLC,DDQLC050-BTFDT-H,Sản xuất
DDQLC,DDQLC050-RTFPT-H,Sản xuất
DDQLC,DDQLC050-GTFPT-H,Sản xuất
DDQLC,DDQLC050-BTFPT-H,Sản xuất
DDQLC,DDQLC050-RTFPD-H,Sản xuất
DDQLC,DDQLC050-GTFPD-H,Sản xuất
DDQLC,DDQLC050-BTFPD-H,Sản xuất
DDQLC,DDQLC050-RTFMT-H,Sản xuất
DDQLC,DDQLC050-GTFMT-H,Sản xuất
DDQLC,DDQLC050-BTFMT-H,Sản xuất
DDQLC,DDQLC050-RTFID-H,Sản xuất
DDQLC,DDQLC050-GTFID-H,Sản xuất
DDQLC,DDQLC050-BTFID-H,Sản xuất
DDQLC,DDQLC050-RTFSL-H,Sản xuất
DDQLC,DDQLC050-GTFSL-H,Sản xuất
DDQLC,DDQLC050-BTFSL-H,Sản xuất
DDQLC,DDQLC050-CBCHC-H,Sản xuất
DDQLC,DDQLC080-6TFHN-H,Sản xuất
DDQLC,DDQLC080-5TFHN-H,Sản xuất
DDQLC,DDQLC080-4TFHN-H,Sản xuất
DDQLC,DDQLC080-3TFHN-H,Sản xuất
DDQLC,DDQLC080-6TFHT-H,Sản xuất
DDQLC,DDQLC080-5TFHT-H,Sản xuất
DDQLC,DDQLC080-4TFHT-H,Sản xuất
DDQLC,DDQLC080-3TFHT-H,Sản xuất
DDQLC,DDQLC080-6TFHD-H,Sản xuất
DDQLC,DDQLC080-5TFHD-H,Sản xuất
DDQLC,DDQLC080-4TFHD-H,Sản xuất
DDQLC,DDQLC080-3TFHD-H,Sản xuất
DDQLC,DDQLC080-6TFDN-H,Sản xuất
DDQLC,DDQLC080-5TFDN-H,Sản xuất
DDQLC,DDQLC080-4TFDN-H,Sản xuất
DDQLC,DDQLC080-3TFDN-H,Sản xuất
DDQLC,DDQLC080-6TFDT-H,Sản xuất
DDQLC,DDQLC080-5TFDT-H,Sản xuất
DDQLC,DDQLC080-4TFDT-H,Sản xuất
DDQLC,DDQLC080-3TFDT-H,Sản xuất
DDQLC,DDQLC080-6TFPT-H,Sản xuất
DDQLC,DDQLC080-5TFPT-H,Sản xuất
DDQLC,DDQLC080-4TFPT-H,Sản xuất
DDQLC,DDQLC080-3TFPT-H,Sản xuất
DDQLC,DDQLC080-6TFPD-H,Sản xuất
DDQLC,DDQLC080-5TFPD-H,Sản xuất
DDQLC,DDQLC080-4TFPD-H,Sản xuất
DDQLC,DDQLC080-3TFPD-H,Sản xuất
DDQLC,DDQLC080-6TFMT-H,Sản xuất
DDQLC,DDQLC080-5TFMT-H,Sản xuất
DDQLC,DDQLC080-4TFMT-H,Sản xuất
DDQLC,DDQLC080-3TFMT-H,Sản xuất
DDQLC,DDQLC080-6TFID-H,Sản xuất
DDQLC,DDQLC080-5TFID-H,Sản xuất
DDQLC,DDQLC080-4TFID-H,Sản xuất
DDQLC,DDQLC080-3TFID-H,Sản xuất
DDQLC,DDQLC080-6TFSL-H,Sản xuất
DDQLC,DDQLC080-5TFSL-H,Sản xuất
DDQLC,DDQLC080-4TFSL-H,Sản xuất
DDQLC,DDQLC080-3TFSL-H,Sản xuất
DDQLC,DDQLC080-6CRHN-H,Sản xuất
DDQLC,DDQLC080-5CRHN-H,Sản xuất
DDQLC,DDQLC080-4CRHN-H,Sản xuất
DDQLC,DDQLC080-3CRHN-H,Sản xuất
DDQLC,DDQLC080-6CRHT-H,Sản xuất
DDQLC,DDQLC080-5CRHT-H,Sản xuất
DDQLC,DDQLC080-4CRHT-H,Sản xuất
DDQLC,DDQLC080-3CRHT-H,Sản xuất
DDQLC,DDQLC080-6CRHD-H,Sản xuất
DDQLC,DDQLC080-5CRHD-H,Sản xuất
DDQLC,DDQLC080-4CRHD-H,Sản xuất
DDQLC,DDQLC080-3CRHD-H,Sản xuất
DDQLC,DDQLC080-6CRDN-H,Sản xuất
DDQLC,DDQLC080-5CRDN-H,Sản xuất
DDQLC,DDQLC080-4CRDN-H,Sản xuất
DDQLC,DDQLC080-3CRDN-H,Sản xuất
DDQLC,DDQLC080-6CRDT-H,Sản xuất
DDQLC,DDQLC080-5CRDT-H,Sản xuất
DDQLC,DDQLC080-4CRDT-H,Sản xuất
DDQLC,DDQLC080-3CRDT-H,Sản xuất
DDQLC,DDQLC080-6CRPT-H,Sản xuất
DDQLC,DDQLC080-5CRPT-H,Sản xuất
DDQLC,DDQLC080-4CRPT-H,Sản xuất
DDQLC,DDQLC080-3CRPT-H,Sản xuất
DDQLC,DDQLC080-6CRPD-H,Sản xuất
DDQLC,DDQLC080-5CRPD-H,Sản xuất
DDQLC,DDQLC080-4CRPD-H,Sản xuất
DDQLC,DDQLC080-3CRPD-H,Sản xuất
DDQLC,DDQLC080-6CRMT-H,Sản xuất
DDQLC,DDQLC080-5CRMT-H,Sản xuất
DDQLC,DDQLC080-4CRMT-H,Sản xuất
DDQLC,DDQLC080-3CRMT-H,Sản xuất
DDQLC,DDQLC080-6CRID-H,Sản xuất
DDQLC,DDQLC080-5CRID-H,Sản xuất
DDQLC,DDQLC080-4CRID-H,Sản xuất
DDQLC,DDQLC080-3CRID-H,Sản xuất
DDQLC,DDQLC080-6CRSL-H,Sản xuất
DDQLC,DDQLC080-5CRSL-H,Sản xuất
DDQLC,DDQLC080-4CRSL-H,Sản xuất
DDQLC,DDQLC080-3CRSL-H,Sản xuất
DDQLC,DDQLC080-6B5HN-H,Sản xuất
DDQLC,DDQLC080-5B5HN-H,Sản xuất
DDQLC,DDQLC080-4B5HN-H,Sản xuất
DDQLC,DDQLC080-3B5HN-H,Sản xuất
DDQLC,DDQLC080-6B5HT-H,Sản xuất
DDQLC,DDQLC080-5B5HT-H,Sản xuất
DDQLC,DDQLC080-4B5HT-H,Sản xuất
DDQLC,DDQLC080-3B5HT-H,Sản xuất
DDQLC,DDQLC080-6B5HD-H,Sản xuất
DDQLC,DDQLC080-5B5HD-H,Sản xuất
DDQLC,DDQLC080-4B5HD-H,Sản xuất
DDQLC,DDQLC080-3B5HD-H,Sản xuất
DDQLC,DDQLC080-6B5DN-H,Sản xuất
DDQLC,DDQLC080-5B5DN-H,Sản xuất
DDQLC,DDQLC080-4B5DN-H,Sản xuất
DDQLC,DDQLC080-3B5DN-H,Sản xuất
DDQLC,DDQLC080-6B5DT-H,Sản xuất
DDQLC,DDQLC080-5B5DT-H,Sản xuất
DDQLC,DDQLC080-4B5DT-H,Sản xuất
DDQLC,DDQLC080-3B5DT-H,Sản xuất
DDQLC,DDQLC080-6B5PT-H,Sản xuất
DDQLC,DDQLC080-5B5PT-H,Sản xuất
DDQLC,DDQLC080-4B5PT-H,Sản xuất
DDQLC,DDQLC080-3B5PT-H,Sản xuất
DDQLC,DDQLC080-6B5PD-H,Sản xuất
DDQLC,DDQLC080-5B5PD-H,Sản xuất
DDQLC,DDQLC080-4B5PD-H,Sản xuất
DDQLC,DDQLC080-3B5PD-H,Sản xuất
DDQLC,DDQLC080-6B5MT-H,Sản xuất
DDQLC,DDQLC080-5B5MT-H,Sản xuất
DDQLC,DDQLC080-4B5MT-H,Sản xuất
DDQLC,DDQLC080-3B5MT-H,Sản xuất
DDQLC,DDQLC080-6B5ID-H,Sản xuất
DDQLC,DDQLC080-5B5ID-H,Sản xuất
DDQLC,DDQLC080-4B5ID-H,Sản xuất
DDQLC,DDQLC080-3B5ID-H,Sản xuất
DDQLC,DDQLC080-6B5SL-H,Sản xuất
DDQLC,DDQLC080-5B5SL-H,Sản xuất
DDQLC,DDQLC080-4B5SL-H,Sản xuất
DDQLC,DDQLC080-3B5SL-H,Sản xuất
DDQLC,DDQLC080-6P5HN-H,Sản xuất
DDQLC,DDQLC080-5P5HN-H,Sản xuất
DDQLC,DDQLC080-4P5HN-H,Sản xuất
DDQLC,DDQLC080-3P5HN-H,Sản xuất
DDQLC,DDQLC080-6P5HT-H,Sản xuất
DDQLC,DDQLC080-5P5HT-H,Sản xuất
DDQLC,DDQLC080-4P5HT-H,Sản xuất
DDQLC,DDQLC080-3P5HT-H,Sản xuất
DDQLC,DDQLC080-6P5HD-H,Sản xuất
DDQLC,DDQLC080-5P5HD-H,Sản xuất
DDQLC,DDQLC080-4P5HD-H,Sản xuất
DDQLC,DDQLC080-3P5HD-H,Sản xuất
DDQLC,DDQLC080-6P5DN-H,Sản xuất
DDQLC,DDQLC080-5P5DN-H,Sản xuất
DDQLC,DDQLC080-4P5DN-H,Sản xuất
DDQLC,DDQLC080-3P5DN-H,Sản xuất
DDQLC,DDQLC080-6P5DT-H,Sản xuất
DDQLC,DDQLC080-5P5DT-H,Sản xuất
DDQLC,DDQLC080-4P5DT-H,Sản xuất
DDQLC,DDQLC080-3P5DT-H,Sản xuất
DDQLC,DDQLC080-6P5PT-H,Sản xuất
DDQLC,DDQLC080-5P5PT-H,Sản xuất
DDQLC,DDQLC080-4P5PT-H,Sản xuất
DDQLC,DDQLC080-3P5PT-H,Sản xuất
DDQLC,DDQLC080-6P5PD-H,Sản xuất
DDQLC,DDQLC080-5P5PD-H,Sản xuất
DDQLC,DDQLC080-4P5PD-H,Sản xuất
DDQLC,DDQLC080-3P5PD-H,Sản xuất
DDQLC,DDQLC080-6P5MT-H,Sản xuất
DDQLC,DDQLC080-5P5MT-H,Sản xuất
DDQLC,DDQLC080-4P5MT-H,Sản xuất
DDQLC,DDQLC080-3P5MT-H,Sản xuất
DDQLC,DDQLC080-6P5ID-H,Sản xuất
DDQLC,DDQLC080-5P5ID-H,Sản xuất
DDQLC,DDQLC080-4P5ID-H,Sản xuất
DDQLC,DDQLC080-3P5ID-H,Sản xuất
DDQLC,DDQLC080-6P5SL-H,Sản xuất
DDQLC,DDQLC080-5P5SL-H,Sản xuất
DDQLC,DDQLC080-4P5SL-H,Sản xuất
DDQLC,DDQLC080-3P5SL-H,Sản xuất
DDQLC,DDQLC100-6B3HN-H,Sản xuất
DDQLC,DDQLC100-5B3HN-H,Sản xuất
DDQLC,DDQLC100-4B3HN-H,Sản xuất
DDQLC,DDQLC100-3B3HN-H,Sản xuất
DDQLC,DDQLC100-6B3HT-H,Sản xuất
DDQLC,DDQLC100-5B3HT-H,Sản xuất
DDQLC,DDQLC100-4B3HT-H,Sản xuất
DDQLC,DDQLC100-3B3HT-H,Sản xuất
DDQLC,DDQLC100-6B3HD-H,Sản xuất
DDQLC,DDQLC100-5B3HD-H,Sản xuất
DDQLC,DDQLC100-4B3HD-H,Sản xuất
DDQLC,DDQLC100-3B3HD-H,Sản xuất
DDQLC,DDQLC100-6B3DN-H,Sản xuất
DDQLC,DDQLC100-5B3DN-H,Sản xuất
DDQLC,DDQLC100-4B3DN-H,Sản xuất
DDQLC,DDQLC100-3B3DN-H,Sản xuất
DDQLC,DDQLC100-6B3DT-H,Sản xuất
DDQLC,DDQLC100-5B3DT-H,Sản xuất
DDQLC,DDQLC100-4B3DT-H,Sản xuất
DDQLC,DDQLC100-3B3DT-H,Sản xuất
DDQLC,DDQLC100-6B3PT-H,Sản xuất
DDQLC,DDQLC100-5B3PT-H,Sản xuất
DDQLC,DDQLC100-4B3PT-H,Sản xuất
DDQLC,DDQLC100-3B3PT-H,Sản xuất
DDQLC,DDQLC100-6B3PD-H,Sản xuất
DDQLC,DDQLC100-5B3PD-H,Sản xuất
DDQLC,DDQLC100-4B3PD-H,Sản xuất
DDQLC,DDQLC100-3B3PD-H,Sản xuất
DDQLC,DDQLC100-6B3MT-H,Sản xuất
DDQLC,DDQLC100-5B3MT-H,Sản xuất
DDQLC,DDQLC100-4B3MT-H,Sản xuất
DDQLC,DDQLC100-3B3MT-H,Sản xuất
DDQLC,DDQLC100-6B3ID-H,Sản xuất
DDQLC,DDQLC100-5B3ID-H,Sản xuất
DDQLC,DDQLC100-4B3ID-H,Sản xuất
DDQLC,DDQLC100-3B3ID-H,Sản xuất
DDQLC,DDQLC100-6B3SL-H,Sản xuất
DDQLC,DDQLC100-5B3SL-H,Sản xuất
DDQLC,DDQLC100-4B3SL-H,Sản xuất
DDQLC,DDQLC100-3B3SL-H,Sản xuất
DDQLC,DDQLC100-6P3HN-H,Sản xuất
DDQLC,DDQLC100-5P3HN-H,Sản xuất
DDQLC,DDQLC100-4P3HN-H,Sản xuất
DDQLC,DDQLC100-3P3HN-H,Sản xuất
DDQLC,DDQLC100-6P3HT-H,Sản xuất
DDQLC,DDQLC100-5P3HT-H,Sản xuất
DDQLC,DDQLC100-4P3HT-H,Sản xuất
DDQLC,DDQLC100-3P3HT-H,Sản xuất
DDQLC,DDQLC100-6P3HD-H,Sản xuất
DDQLC,DDQLC100-5P3HD-H,Sản xuất
DDQLC,DDQLC100-4P3HD-H,Sản xuất
DDQLC,DDQLC100-3P3HD-H,Sản xuất
DDQLC,DDQLC100-6P3DN-H,Sản xuất
DDQLC,DDQLC100-5P3DN-H,Sản xuất
DDQLC,DDQLC100-4P3DN-H,Sản xuất
DDQLC,DDQLC100-3P3DN-H,Sản xuất
DDQLC,DDQLC100-6P3DT-H,Sản xuất
DDQLC,DDQLC100-5P3DT-H,Sản xuất
DDQLC,DDQLC100-4P3DT-H,Sản xuất
DDQLC,DDQLC100-3P3DT-H,Sản xuất
DDQLC,DDQLC100-6P3PT-H,Sản xuất
DDQLC,DDQLC100-5P3PT-H,Sản xuất
DDQLC,DDQLC100-4P3PT-H,Sản xuất
DDQLC,DDQLC100-3P3PT-H,Sản xuất
DDQLC,DDQLC100-6P3PD-H,Sản xuất
DDQLC,DDQLC100-5P3PD-H,Sản xuất
DDQLC,DDQLC100-4P3PD-H,Sản xuất
DDQLC,DDQLC100-3P3PD-H,Sản xuất
DDQLC,DDQLC100-6P3MT-H,Sản xuất
DDQLC,DDQLC100-5P3MT-H,Sản xuất
DDQLC,DDQLC100-4P3MT-H,Sản xuất
DDQLC,DDQLC100-3P3MT-H,Sản xuất
DDQLC,DDQLC100-6P3ID-H,Sản xuất
DDQLC,DDQLC100-5P3ID-H,Sản xuất
DDQLC,DDQLC100-4P3ID-H,Sản xuất
DDQLC,DDQLC100-3P3ID-H,Sản xuất
DDQLC,DDQLC100-6P3SL-H,Sản xuất
DDQLC,DDQLC100-5P3SL-H,Sản xuất
DDQLC,DDQLC100-4P3SL-H,Sản xuất
DDQLC,DDQLC100-3P3SL-H,Sản xuất
DDQLC,DDQLC100-6B5HN-H,Sản xuất
DDQLC,DDQLC100-5B5HN-H,Sản xuất
DDQLC,DDQLC100-4B5HN-H,Sản xuất
DDQLC,DDQLC100-3B5HN-H,Sản xuất
DDQLC,DDQLC100-6B5HT-H,Sản xuất
DDQLC,DDQLC100-5B5HT-H,Sản xuất
DDQLC,DDQLC100-4B5HT-H,Sản xuất
DDQLC,DDQLC100-3B5HT-H,Sản xuất
DDQLC,DDQLC100-6B5HD-H,Sản xuất
DDQLC,DDQLC100-5B5HD-H,Sản xuất
DDQLC,DDQLC100-4B5HD-H,Sản xuất
DDQLC,DDQLC100-3B5HD-H,Sản xuất
DDQLC,DDQLC100-6B5DN-H,Sản xuất
DDQLC,DDQLC100-5B5DN-H,Sản xuất
DDQLC,DDQLC100-4B5DN-H,Sản xuất
DDQLC,DDQLC100-3B5DN-H,Sản xuất
DDQLC,DDQLC100-6B5DT-H,Sản xuất
DDQLC,DDQLC100-5B5DT-H,Sản xuất
DDQLC,DDQLC100-4B5DT-H,Sản xuất
DDQLC,DDQLC100-3B5DT-H,Sản xuất
DDQLC,DDQLC100-6B5PT-H,Sản xuất
DDQLC,DDQLC100-5B5PT-H,Sản xuất
DDQLC,DDQLC100-4B5PT-H,Sản xuất
DDQLC,DDQLC100-3B5PT-H,Sản xuất
DDQLC,DDQLC100-6B5PD-H,Sản xuất
DDQLC,DDQLC100-5B5PD-H,Sản xuất
DDQLC,DDQLC100-4B5PD-H,Sản xuất
DDQLC,DDQLC100-3B5PD-H,Sản xuất
DDQLC,DDQLC100-6B5MT-H,Sản xuất
DDQLC,DDQLC100-5B5MT-H,Sản xuất
DDQLC,DDQLC100-4B5MT-H,Sản xuất
DDQLC,DDQLC100-3B5MT-H,Sản xuất
DDQLC,DDQLC100-6B5ID-H,Sản xuất
DDQLC,DDQLC100-5B5ID-H,Sản xuất
DDQLC,DDQLC100-4B5ID-H,Sản xuất
DDQLC,DDQLC100-3B5ID-H,Sản xuất
DDQLC,DDQLC100-6B5SL-H,Sản xuất
DDQLC,DDQLC100-5B5SL-H,Sản xuất
DDQLC,DDQLC100-4B5SL-H,Sản xuất
DDQLC,DDQLC100-3B5SL-H,Sản xuất
DDQLC,DDQLC100-6P5HN-H,Sản xuất
DDQLC,DDQLC100-5P5HN-H,Sản xuất
DDQLC,DDQLC100-4P5HN-H,Sản xuất
DDQLC,DDQLC100-3P5HN-H,Sản xuất
DDQLC,DDQLC100-6P5HT-H,Sản xuất
DDQLC,DDQLC100-5P5HT-H,Sản xuất
DDQLC,DDQLC100-4P5HT-H,Sản xuất
DDQLC,DDQLC100-3P5HT-H,Sản xuất
DDQLC,DDQLC100-6P5HD-H,Sản xuất
DDQLC,DDQLC100-5P5HD-H,Sản xuất
DDQLC,DDQLC100-4P5HD-H,Sản xuất
DDQLC,DDQLC100-3P5HD-H,Sản xuất
DDQLC,DDQLC100-6P5DN-H,Sản xuất
DDQLC,DDQLC100-5P5DN-H,Sản xuất
DDQLC,DDQLC100-4P5DN-H,Sản xuất
DDQLC,DDQLC100-3P5DN-H,Sản xuất
DDQLC,DDQLC100-6P5DT-H,Sản xuất
DDQLC,DDQLC100-5P5DT-H,Sản xuất
DDQLC,DDQLC100-4P5DT-H,Sản xuất
DDQLC,DDQLC100-3P5DT-H,Sản xuất
DDQLC,DDQLC100-6P5PT-H,Sản xuất
DDQLC,DDQLC100-5P5PT-H,Sản xuất
DDQLC,DDQLC100-4P5PT-H,Sản xuất
DDQLC,DDQLC100-3P5PT-H,Sản xuất
DDQLC,DDQLC100-6P5PD-H,Sản xuất
DDQLC,DDQLC100-5P5PD-H,Sản xuất
DDQLC,DDQLC100-4P5PD-H,Sản xuất
DDQLC,DDQLC100-3P5PD-H,Sản xuất
DDQLC,DDQLC100-6P5MT-H,Sản xuất
DDQLC,DDQLC100-5P5MT-H,Sản xuất
DDQLC,DDQLC100-4P5MT-H,Sản xuất
DDQLC,DDQLC100-3P5MT-H,Sản xuất
DDQLC,DDQLC100-6P5ID-H,Sản xuất
DDQLC,DDQLC100-5P5ID-H,Sản xuất
DDQLC,DDQLC100-4P5ID-H,Sản xuất
DDQLC,DDQLC100-3P5ID-H,Sản xuất
DDQLC,DDQLC100-6P5SL-H,Sản xuất
DDQLC,DDQLC100-5P5SL-H,Sản xuất
DDQLC,DDQLC100-4P5SL-H,Sản xuất
DDQLC,DDQLC100-3P5SL-H,Sản xuất
DDQLC,DDQLC100-RTFHN-H,Sản xuất
DDQLC,DDQLC100-GTFHN-H,Sản xuất
DDQLC,DDQLC100-BTFHN-H,Sản xuất
DDQLC,DDQLC100-RTFHT-H,Sản xuất
DDQLC,DDQLC100-GTFHT-H,Sản xuất
DDQLC,DDQLC100-BTFHT-H,Sản xuất
DDQLC,DDQLC100-RTFHD-H,Sản xuất
DDQLC,DDQLC100-GTFHD-H,Sản xuất
DDQLC,DDQLC100-BTFHD-H,Sản xuất
DDQLC,DDQLC100-RTFDN-H,Sản xuất
DDQLC,DDQLC100-GTFDN-H,Sản xuất
DDQLC,DDQLC100-BTFDN-H,Sản xuất
DDQLC,DDQLC100-RTFDT-H,Sản xuất
DDQLC,DDQLC100-GTFDT-H,Sản xuất
DDQLC,DDQLC100-BTFDT-H,Sản xuất
DDQLC,DDQLC100-RTFPT-H,Sản xuất
DDQLC,DDQLC100-GTFPT-H,Sản xuất
DDQLC,DDQLC100-BTFPT-H,Sản xuất
DDQLC,DDQLC100-RTFPD-H,Sản xuất
DDQLC,DDQLC100-GTFPD-H,Sản xuất
DDQLC,DDQLC100-BTFPD-H,Sản xuất
DDQLC,DDQLC100-RTFMT-H,Sản xuất
DDQLC,DDQLC100-GTFMT-H,Sản xuất
DDQLC,DDQLC100-BTFMT-H,Sản xuất
DDQLC,DDQLC100-RTFID-H,Sản xuất
DDQLC,DDQLC100-GTFID-H,Sản xuất
DDQLC,DDQLC100-BTFID-H,Sản xuất
DDQLC,DDQLC100-RTFSL-H,Sản xuất
DDQLC,DDQLC100-GTFSL-H,Sản xuất
DDQLC,DDQLC100-BTFSL-H,Sản xuất
DDQLC,DDQLC100-CBCHC-H,Sản xuất
DDQLC,DDQLC150-6B3HN-H,Sản xuất
DDQLC,DDQLC150-5B3HN-H,Sản xuất
DDQLC,DDQLC150-4B3HN-H,Sản xuất
DDQLC,DDQLC150-3B3HN-H,Sản xuất
DDQLC,DDQLC150-6B3HT-H,Sản xuất
DDQLC,DDQLC150-5B3HT-H,Sản xuất
DDQLC,DDQLC150-4B3HT-H,Sản xuất
DDQLC,DDQLC150-3B3HT-H,Sản xuất
DDQLC,DDQLC150-6B3HD-H,Sản xuất
DDQLC,DDQLC150-5B3HD-H,Sản xuất
DDQLC,DDQLC150-4B3HD-H,Sản xuất
DDQLC,DDQLC150-3B3HD-H,Sản xuất
DDQLC,DDQLC150-6B3DN-H,Sản xuất
DDQLC,DDQLC150-5B3DN-H,Sản xuất
DDQLC,DDQLC150-4B3DN-H,Sản xuất
DDQLC,DDQLC150-3B3DN-H,Sản xuất
DDQLC,DDQLC150-6B3DT-H,Sản xuất
DDQLC,DDQLC150-5B3DT-H,Sản xuất
DDQLC,DDQLC150-4B3DT-H,Sản xuất
DDQLC,DDQLC150-3B3DT-H,Sản xuất
DDQLC,DDQLC150-6B3PT-H,Sản xuất
DDQLC,DDQLC150-5B3PT-H,Sản xuất
DDQLC,DDQLC150-4B3PT-H,Sản xuất
DDQLC,DDQLC150-3B3PT-H,Sản xuất
DDQLC,DDQLC150-6B3PD-H,Sản xuất
DDQLC,DDQLC150-5B3PD-H,Sản xuất
DDQLC,DDQLC150-4B3PD-H,Sản xuất
DDQLC,DDQLC150-3B3PD-H,Sản xuất
DDQLC,DDQLC150-6B3MT-H,Sản xuất
DDQLC,DDQLC150-5B3MT-H,Sản xuất
DDQLC,DDQLC150-4B3MT-H,Sản xuất
DDQLC,DDQLC150-3B3MT-H,Sản xuất
DDQLC,DDQLC150-6B3ID-H,Sản xuất
DDQLC,DDQLC150-5B3ID-H,Sản xuất
DDQLC,DDQLC150-4B3ID-H,Sản xuất
DDQLC,DDQLC150-3B3ID-H,Sản xuất
DDQLC,DDQLC150-6B3SL-H,Sản xuất
DDQLC,DDQLC150-5B3SL-H,Sản xuất
DDQLC,DDQLC150-4B3SL-H,Sản xuất
DDQLC,DDQLC150-3B3SL-H,Sản xuất
DDQLC,DDQLC150-6P3HN-H,Sản xuất
DDQLC,DDQLC150-5P3HN-H,Sản xuất
DDQLC,DDQLC150-4P3HN-H,Sản xuất
DDQLC,DDQLC150-3P3HN-H,Sản xuất
DDQLC,DDQLC150-6P3HT-H,Sản xuất
DDQLC,DDQLC150-5P3HT-H,Sản xuất
DDQLC,DDQLC150-4P3HT-H,Sản xuất
DDQLC,DDQLC150-3P3HT-H,Sản xuất
DDQLC,DDQLC150-6P3HD-H,Sản xuất
DDQLC,DDQLC150-5P3HD-H,Sản xuất
DDQLC,DDQLC150-4P3HD-H,Sản xuất
DDQLC,DDQLC150-3P3HD-H,Sản xuất
DDQLC,DDQLC150-6P3DN-H,Sản xuất
DDQLC,DDQLC150-5P3DN-H,Sản xuất
DDQLC,DDQLC150-4P3DN-H,Sản xuất
DDQLC,DDQLC150-3P3DN-H,Sản xuất
DDQLC,DDQLC150-6P3DT-H,Sản xuất
DDQLC,DDQLC150-5P3DT-H,Sản xuất
DDQLC,DDQLC150-4P3DT-H,Sản xuất
DDQLC,DDQLC150-3P3DT-H,Sản xuất
DDQLC,DDQLC150-6P3PT-H,Sản xuất
DDQLC,DDQLC150-5P3PT-H,Sản xuất
DDQLC,DDQLC150-4P3PT-H,Sản xuất
DDQLC,DDQLC150-3P3PT-H,Sản xuất
DDQLC,DDQLC150-6P3PD-H,Sản xuất
DDQLC,DDQLC150-5P3PD-H,Sản xuất
DDQLC,DDQLC150-4P3PD-H,Sản xuất
DDQLC,DDQLC150-3P3PD-H,Sản xuất
DDQLC,DDQLC150-6P3MT-H,Sản xuất
DDQLC,DDQLC150-5P3MT-H,Sản xuất
DDQLC,DDQLC150-4P3MT-H,Sản xuất
DDQLC,DDQLC150-3P3MT-H,Sản xuất
DDQLC,DDQLC150-6P3ID-H,Sản xuất
DDQLC,DDQLC150-5P3ID-H,Sản xuất
DDQLC,DDQLC150-4P3ID-H,Sản xuất
DDQLC,DDQLC150-3P3ID-H,Sản xuất
DDQLC,DDQLC150-6P3SL-H,Sản xuất
DDQLC,DDQLC150-5P3SL-H,Sản xuất
DDQLC,DDQLC150-4P3SL-H,Sản xuất
DDQLC,DDQLC150-3P3SL-H,Sản xuất
DDQLC,DDQLC150-6B5HN-H,Sản xuất
DDQLC,DDQLC150-5B5HN-H,Sản xuất
DDQLC,DDQLC150-4B5HN-H,Sản xuất
DDQLC,DDQLC150-3B5HN-H,Sản xuất
DDQLC,DDQLC150-6B5HT-H,Sản xuất
DDQLC,DDQLC150-5B5HT-H,Sản xuất
DDQLC,DDQLC150-4B5HT-H,Sản xuất
DDQLC,DDQLC150-3B5HT-H,Sản xuất
DDQLC,DDQLC150-6B5HD-H,Sản xuất
DDQLC,DDQLC150-5B5HD-H,Sản xuất
DDQLC,DDQLC150-4B5HD-H,Sản xuất
DDQLC,DDQLC150-3B5HD-H,Sản xuất
DDQLC,DDQLC150-6B5DN-H,Sản xuất
DDQLC,DDQLC150-5B5DN-H,Sản xuất
DDQLC,DDQLC150-4B5DN-H,Sản xuất
DDQLC,DDQLC150-3B5DN-H,Sản xuất
DDQLC,DDQLC150-6B5DT-H,Sản xuất
DDQLC,DDQLC150-5B5DT-H,Sản xuất
DDQLC,DDQLC150-4B5DT-H,Sản xuất
DDQLC,DDQLC150-3B5DT-H,Sản xuất
DDQLC,DDQLC150-6B5PT-H,Sản xuất
DDQLC,DDQLC150-5B5PT-H,Sản xuất
DDQLC,DDQLC150-4B5PT-H,Sản xuất
DDQLC,DDQLC150-3B5PT-H,Sản xuất
DDQLC,DDQLC150-6B5PD-H,Sản xuất
DDQLC,DDQLC150-5B5PD-H,Sản xuất
DDQLC,DDQLC150-4B5PD-H,Sản xuất
DDQLC,DDQLC150-3B5PD-H,Sản xuất
DDQLC,DDQLC150-6B5MT-H,Sản xuất
DDQLC,DDQLC150-5B5MT-H,Sản xuất
DDQLC,DDQLC150-4B5MT-H,Sản xuất
DDQLC,DDQLC150-3B5MT-H,Sản xuất
DDQLC,DDQLC150-6B5ID-H,Sản xuất
DDQLC,DDQLC150-5B5ID-H,Sản xuất
DDQLC,DDQLC150-4B5ID-H,Sản xuất
DDQLC,DDQLC150-3B5ID-H,Sản xuất
DDQLC,DDQLC150-6B5SL-H,Sản xuất
DDQLC,DDQLC150-5B5SL-H,Sản xuất
DDQLC,DDQLC150-4B5SL-H,Sản xuất
DDQLC,DDQLC150-3B5SL-H,Sản xuất
DDQLC,DDQLC150-6P5HN-H,Sản xuất
DDQLC,DDQLC150-5P5HN-H,Sản xuất
DDQLC,DDQLC150-4P5HN-H,Sản xuất
DDQLC,DDQLC150-3P5HN-H,Sản xuất
DDQLC,DDQLC150-6P5HT-H,Sản xuất
DDQLC,DDQLC150-5P5HT-H,Sản xuất
DDQLC,DDQLC150-4P5HT-H,Sản xuất
DDQLC,DDQLC150-3P5HT-H,Sản xuất
DDQLC,DDQLC150-6P5HD-H,Sản xuất
DDQLC,DDQLC150-5P5HD-H,Sản xuất
DDQLC,DDQLC150-4P5HD-H,Sản xuất
DDQLC,DDQLC150-3P5HD-H,Sản xuất
DDQLC,DDQLC150-6P5DN-H,Sản xuất
DDQLC,DDQLC150-5P5DN-H,Sản xuất
DDQLC,DDQLC150-4P5DN-H,Sản xuất
DDQLC,DDQLC150-3P5DN-H,Sản xuất
DDQLC,DDQLC150-6P5DT-H,Sản xuất
DDQLC,DDQLC150-5P5DT-H,Sản xuất
DDQLC,DDQLC150-4P5DT-H,Sản xuất
DDQLC,DDQLC150-3P5DT-H,Sản xuất
DDQLC,DDQLC150-6P5PT-H,Sản xuất
DDQLC,DDQLC150-5P5PT-H,Sản xuất
DDQLC,DDQLC150-4P5PT-H,Sản xuất
DDQLC,DDQLC150-3P5PT-H,Sản xuất
DDQLC,DDQLC150-6P5PD-H,Sản xuất
DDQLC,DDQLC150-5P5PD-H,Sản xuất
DDQLC,DDQLC150-4P5PD-H,Sản xuất
DDQLC,DDQLC150-3P5PD-H,Sản xuất
DDQLC,DDQLC150-6P5MT-H,Sản xuất
DDQLC,DDQLC150-5P5MT-H,Sản xuất
DDQLC,DDQLC150-4P5MT-H,Sản xuất
DDQLC,DDQLC150-3P5MT-H,Sản xuất
DDQLC,DDQLC150-6P5ID-H,Sản xuất
DDQLC,DDQLC150-5P5ID-H,Sản xuất
DDQLC,DDQLC150-4P5ID-H,Sản xuất
DDQLC,DDQLC150-3P5ID-H,Sản xuất
DDQLC,DDQLC150-6P5SL-H,Sản xuất
DDQLC,DDQLC150-5P5SL-H,Sản xuất
DDQLC,DDQLC150-4P5SL-H,Sản xuất
DDQLC,DDQLC150-3P5SL-H,Sản xuất
DDQLC,DDQLC150-RTFHN-H,Sản xuất
DDQLC,DDQLC150-GTFHN-H,Sản xuất
DDQLC,DDQLC150-BTFHN-H,Sản xuất
DDQLC,DDQLC150-RTFHT-H,Sản xuất
DDQLC,DDQLC150-GTFHT-H,Sản xuất
DDQLC,DDQLC150-BTFHT-H,Sản xuất
DDQLC,DDQLC150-RTFHD-H,Sản xuất
DDQLC,DDQLC150-GTFHD-H,Sản xuất
DDQLC,DDQLC150-BTFHD-H,Sản xuất
DDQLC,DDQLC150-RTFDN-H,Sản xuất
DDQLC,DDQLC150-GTFDN-H,Sản xuất
DDQLC,DDQLC150-BTFDN-H,Sản xuất
DDQLC,DDQLC150-RTFDT-H,Sản xuất
DDQLC,DDQLC150-GTFDT-H,Sản xuất
DDQLC,DDQLC150-BTFDT-H,Sản xuất
DDQLC,DDQLC150-RTFPT-H,Sản xuất
DDQLC,DDQLC150-GTFPT-H,Sản xuất
DDQLC,DDQLC150-BTFPT-H,Sản xuất
DDQLC,DDQLC150-RTFPD-H,Sản xuất
DDQLC,DDQLC150-GTFPD-H,Sản xuất
DDQLC,DDQLC150-BTFPD-H,Sản xuất
DDQLC,DDQLC150-RTFMT-H,Sản xuất
DDQLC,DDQLC150-GTFMT-H,Sản xuất
DDQLC,DDQLC150-BTFMT-H,Sản xuất
DDQLC,DDQLC150-RTFID-H,Sản xuất
DDQLC,DDQLC150-GTFID-H,Sản xuất
DDQLC,DDQLC150-BTFID-H,Sản xuất
DDQLC,DDQLC150-RTFSL-H,Sản xuất
DDQLC,DDQLC150-GTFSL-H,Sản xuất
DDQLC,DDQLC150-BTFSL-H,Sản xuất
DDQLC,DDQLC150-CBCHC-H,Sản xuất
DDQLC,DDQLC200-6B3HN-H,Sản xuất
DDQLC,DDQLC200-5B3HN-H,Sản xuất
DDQLC,DDQLC200-4B3HN-H,Sản xuất
DDQLC,DDQLC200-3B3HN-H,Sản xuất
DDQLC,DDQLC200-6B3HT-H,Sản xuất
DDQLC,DDQLC200-5B3HT-H,Sản xuất
DDQLC,DDQLC200-4B3HT-H,Sản xuất
DDQLC,DDQLC200-3B3HT-H,Sản xuất
DDQLC,DDQLC200-6B3HD-H,Sản xuất
DDQLC,DDQLC200-5B3HD-H,Sản xuất
DDQLC,DDQLC200-4B3HD-H,Sản xuất
DDQLC,DDQLC200-3B3HD-H,Sản xuất
DDQLC,DDQLC200-6B3DN-H,Sản xuất
DDQLC,DDQLC200-5B3DN-H,Sản xuất
DDQLC,DDQLC200-4B3DN-H,Sản xuất
DDQLC,DDQLC200-3B3DN-H,Sản xuất
DDQLC,DDQLC200-6B3DT-H,Sản xuất
DDQLC,DDQLC200-5B3DT-H,Sản xuất
DDQLC,DDQLC200-4B3DT-H,Sản xuất
DDQLC,DDQLC200-3B3DT-H,Sản xuất
DDQLC,DDQLC200-6B3PT-H,Sản xuất
DDQLC,DDQLC200-5B3PT-H,Sản xuất
DDQLC,DDQLC200-4B3PT-H,Sản xuất
DDQLC,DDQLC200-3B3PT-H,Sản xuất
DDQLC,DDQLC200-6B3PD-H,Sản xuất
DDQLC,DDQLC200-5B3PD-H,Sản xuất
DDQLC,DDQLC200-4B3PD-H,Sản xuất
DDQLC,DDQLC200-3B3PD-H,Sản xuất
DDQLC,DDQLC200-6B3MT-H,Sản xuất
DDQLC,DDQLC200-5B3MT-H,Sản xuất
DDQLC,DDQLC200-4B3MT-H,Sản xuất
DDQLC,DDQLC200-3B3MT-H,Sản xuất
DDQLC,DDQLC200-6B3ID-H,Sản xuất
DDQLC,DDQLC200-5B3ID-H,Sản xuất
DDQLC,DDQLC200-4B3ID-H,Sản xuất
DDQLC,DDQLC200-3B3ID-H,Sản xuất
DDQLC,DDQLC200-6B3SL-H,Sản xuất
DDQLC,DDQLC200-5B3SL-H,Sản xuất
DDQLC,DDQLC200-4B3SL-H,Sản xuất
DDQLC,DDQLC200-3B3SL-H,Sản xuất
DDQLC,DDQLC200-6P3HN-H,Sản xuất
DDQLC,DDQLC200-5P3HN-H,Sản xuất
DDQLC,DDQLC200-4P3HN-H,Sản xuất
DDQLC,DDQLC200-3P3HN-H,Sản xuất
DDQLC,DDQLC200-6P3HT-H,Sản xuất
DDQLC,DDQLC200-5P3HT-H,Sản xuất
DDQLC,DDQLC200-4P3HT-H,Sản xuất
DDQLC,DDQLC200-3P3HT-H,Sản xuất
DDQLC,DDQLC200-6P3HD-H,Sản xuất
DDQLC,DDQLC200-5P3HD-H,Sản xuất
DDQLC,DDQLC200-4P3HD-H,Sản xuất
DDQLC,DDQLC200-3P3HD-H,Sản xuất
DDQLC,DDQLC200-6P3DN-H,Sản xuất
DDQLC,DDQLC200-5P3DN-H,Sản xuất
DDQLC,DDQLC200-4P3DN-H,Sản xuất
DDQLC,DDQLC200-3P3DN-H,Sản xuất
DDQLC,DDQLC200-6P3DT-H,Sản xuất
DDQLC,DDQLC200-5P3DT-H,Sản xuất
DDQLC,DDQLC200-4P3DT-H,Sản xuất
DDQLC,DDQLC200-3P3DT-H,Sản xuất
DDQLC,DDQLC200-6P3PT-H,Sản xuất
DDQLC,DDQLC200-5P3PT-H,Sản xuất
DDQLC,DDQLC200-4P3PT-H,Sản xuất
DDQLC,DDQLC200-3P3PT-H,Sản xuất
DDQLC,DDQLC200-6P3PD-H,Sản xuất
DDQLC,DDQLC200-5P3PD-H,Sản xuất
DDQLC,DDQLC200-4P3PD-H,Sản xuất
DDQLC,DDQLC200-3P3PD-H,Sản xuất
DDQLC,DDQLC200-6P3MT-H,Sản xuất
DDQLC,DDQLC200-5P3MT-H,Sản xuất
DDQLC,DDQLC200-4P3MT-H,Sản xuất
DDQLC,DDQLC200-3P3MT-H,Sản xuất
DDQLC,DDQLC200-6P3ID-H,Sản xuất
DDQLC,DDQLC200-5P3ID-H,Sản xuất
DDQLC,DDQLC200-4P3ID-H,Sản xuất
DDQLC,DDQLC200-3P3ID-H,Sản xuất
DDQLC,DDQLC200-6P3SL-H,Sản xuất
DDQLC,DDQLC200-5P3SL-H,Sản xuất
DDQLC,DDQLC200-4P3SL-H,Sản xuất
DDQLC,DDQLC200-3P3SL-H,Sản xuất
DDQLC,DDQLC200-6B5HN-H,Sản xuất
DDQLC,DDQLC200-5B5HN-H,Sản xuất
DDQLC,DDQLC200-4B5HN-H,Sản xuất
DDQLC,DDQLC200-3B5HN-H,Sản xuất
DDQLC,DDQLC200-6B5HT-H,Sản xuất
DDQLC,DDQLC200-5B5HT-H,Sản xuất
DDQLC,DDQLC200-4B5HT-H,Sản xuất
DDQLC,DDQLC200-3B5HT-H,Sản xuất
DDQLC,DDQLC200-6B5HD-H,Sản xuất
DDQLC,DDQLC200-5B5HD-H,Sản xuất
DDQLC,DDQLC200-4B5HD-H,Sản xuất
DDQLC,DDQLC200-3B5HD-H,Sản xuất
DDQLC,DDQLC200-6B5DN-H,Sản xuất
DDQLC,DDQLC200-5B5DN-H,Sản xuất
DDQLC,DDQLC200-4B5DN-H,Sản xuất
DDQLC,DDQLC200-3B5DN-H,Sản xuất
DDQLC,DDQLC200-6B5DT-H,Sản xuất
DDQLC,DDQLC200-5B5DT-H,Sản xuất
DDQLC,DDQLC200-4B5DT-H,Sản xuất
DDQLC,DDQLC200-3B5DT-H,Sản xuất
DDQLC,DDQLC200-6B5PT-H,Sản xuất
DDQLC,DDQLC200-5B5PT-H,Sản xuất
DDQLC,DDQLC200-4B5PT-H,Sản xuất
DDQLC,DDQLC200-3B5PT-H,Sản xuất
DDQLC,DDQLC200-6B5PD-H,Sản xuất
DDQLC,DDQLC200-5B5PD-H,Sản xuất
DDQLC,DDQLC200-4B5PD-H,Sản xuất
DDQLC,DDQLC200-3B5PD-H,Sản xuất
DDQLC,DDQLC200-6B5MT-H,Sản xuất
DDQLC,DDQLC200-5B5MT-H,Sản xuất
DDQLC,DDQLC200-4B5MT-H,Sản xuất
DDQLC,DDQLC200-3B5MT-H,Sản xuất
DDQLC,DDQLC200-6B5ID-H,Sản xuất
DDQLC,DDQLC200-5B5ID-H,Sản xuất
DDQLC,DDQLC200-4B5ID-H,Sản xuất
DDQLC,DDQLC200-3B5ID-H,Sản xuất
DDQLC,DDQLC200-6B5SL-H,Sản xuất
DDQLC,DDQLC200-5B5SL-H,Sản xuất
DDQLC,DDQLC200-4B5SL-H,Sản xuất
DDQLC,DDQLC200-3B5SL-H,Sản xuất
DDQLC,DDQLC200-6P5HN-H,Sản xuất
DDQLC,DDQLC200-5P5HN-H,Sản xuất
DDQLC,DDQLC200-4P5HN-H,Sản xuất
DDQLC,DDQLC200-3P5HN-H,Sản xuất
DDQLC,DDQLC200-6P5HT-H,Sản xuất
DDQLC,DDQLC200-5P5HT-H,Sản xuất
DDQLC,DDQLC200-4P5HT-H,Sản xuất
DDQLC,DDQLC200-3P5HT-H,Sản xuất
DDQLC,DDQLC200-6P5HD-H,Sản xuất
DDQLC,DDQLC200-5P5HD-H,Sản xuất
DDQLC,DDQLC200-4P5HD-H,Sản xuất
DDQLC,DDQLC200-3P5HD-H,Sản xuất
DDQLC,DDQLC200-6P5DN-H,Sản xuất
DDQLC,DDQLC200-5P5DN-H,Sản xuất
DDQLC,DDQLC200-4P5DN-H,Sản xuất
DDQLC,DDQLC200-3P5DN-H,Sản xuất
DDQLC,DDQLC200-6P5DT-H,Sản xuất
DDQLC,DDQLC200-5P5DT-H,Sản xuất
DDQLC,DDQLC200-4P5DT-H,Sản xuất
DDQLC,DDQLC200-3P5DT-H,Sản xuất
DDQLC,DDQLC200-6P5PT-H,Sản xuất
DDQLC,DDQLC200-5P5PT-H,Sản xuất
DDQLC,DDQLC200-4P5PT-H,Sản xuất
DDQLC,DDQLC200-3P5PT-H,Sản xuất
DDQLC,DDQLC200-6P5PD-H,Sản xuất
DDQLC,DDQLC200-5P5PD-H,Sản xuất
DDQLC,DDQLC200-4P5PD-H,Sản xuất
DDQLC,DDQLC200-3P5PD-H,Sản xuất
DDQLC,DDQLC200-6P5MT-H,Sản xuất
DDQLC,DDQLC200-5P5MT-H,Sản xuất
DDQLC,DDQLC200-4P5MT-H,Sản xuất
DDQLC,DDQLC200-3P5MT-H,Sản xuất
DDQLC,DDQLC200-6P5ID-H,Sản xuất
DDQLC,DDQLC200-5P5ID-H,Sản xuất
DDQLC,DDQLC200-4P5ID-H,Sản xuất
DDQLC,DDQLC200-3P5ID-H,Sản xuất
DDQLC,DDQLC200-6P5SL-H,Sản xuất
DDQLC,DDQLC200-5P5SL-H,Sản xuất
DDQLC,DDQLC200-4P5SL-H,Sản xuất
DDQLC,DDQLC200-3P5SL-H,Sản xuất
DDQLC,DDQLC200-RTFHN-H,Sản xuất
DDQLC,DDQLC200-GTFHN-H,Sản xuất
DDQLC,DDQLC200-BTFHN-H,Sản xuất
DDQLC,DDQLC200-RTFHT-H,Sản xuất
DDQLC,DDQLC200-GTFHT-H,Sản xuất
DDQLC,DDQLC200-BTFHT-H,Sản xuất
DDQLC,DDQLC200-RTFHD-H,Sản xuất
DDQLC,DDQLC200-GTFHD-H,Sản xuất
DDQLC,DDQLC200-BTFHD-H,Sản xuất
DDQLC,DDQLC200-RTFDN-H,Sản xuất
DDQLC,DDQLC200-GTFDN-H,Sản xuất
DDQLC,DDQLC200-BTFDN-H,Sản xuất
DDQLC,DDQLC200-RTFDT-H,Sản xuất
DDQLC,DDQLC200-GTFDT-H,Sản xuất
DDQLC,DDQLC200-BTFDT-H,Sản xuất
DDQLC,DDQLC200-RTFPT-H,Sản xuất
DDQLC,DDQLC200-GTFPT-H,Sản xuất
DDQLC,DDQLC200-BTFPT-H,Sản xuất
DDQLC,DDQLC200-RTFPD-H,Sản xuất
DDQLC,DDQLC200-GTFPD-H,Sản xuất
DDQLC,DDQLC200-BTFPD-H,Sản xuất
DDQLC,DDQLC200-RTFMT-H,Sản xuất
DDQLC,DDQLC200-GTFMT-H,Sản xuất
DDQLC,DDQLC200-BTFMT-H,Sản xuất
DDQLC,DDQLC200-RTFID-H,Sản xuất
DDQLC,DDQLC200-GTFID-H,Sản xuất
DDQLC,DDQLC200-BTFID-H,Sản xuất
DDQLC,DDQLC200-RTFSL-H,Sản xuất
DDQLC,DDQLC200-GTFSL-H,Sản xuất
DDQLC,DDQLC200-BTFSL-H,Sản xuất
DDQLC,DDQLC200-CBCHC-H,Sản xuất
DDQLC,DDQLC250-6B3HN-H,Sản xuất
DDQLC,DDQLC250-5B3HN-H,Sản xuất
DDQLC,DDQLC250-4B3HN-H,Sản xuất
DDQLC,DDQLC250-3B3HN-H,Sản xuất
DDQLC,DDQLC250-6B3HT-H,Sản xuất
DDQLC,DDQLC250-5B3HT-H,Sản xuất
DDQLC,DDQLC250-4B3HT-H,Sản xuất
DDQLC,DDQLC250-3B3HT-H,Sản xuất
DDQLC,DDQLC250-6B3HD-H,Sản xuất
DDQLC,DDQLC250-5B3HD-H,Sản xuất
DDQLC,DDQLC250-4B3HD-H,Sản xuất
DDQLC,DDQLC250-3B3HD-H,Sản xuất
DDQLC,DDQLC250-6B3DN-H,Sản xuất
DDQLC,DDQLC250-5B3DN-H,Sản xuất
DDQLC,DDQLC250-4B3DN-H,Sản xuất
DDQLC,DDQLC250-3B3DN-H,Sản xuất
DDQLC,DDQLC250-6B3DT-H,Sản xuất
DDQLC,DDQLC250-5B3DT-H,Sản xuất
DDQLC,DDQLC250-4B3DT-H,Sản xuất
DDQLC,DDQLC250-3B3DT-H,Sản xuất
DDQLC,DDQLC250-6B3PT-H,Sản xuất
DDQLC,DDQLC250-5B3PT-H,Sản xuất
DDQLC,DDQLC250-4B3PT-H,Sản xuất
DDQLC,DDQLC250-3B3PT-H,Sản xuất
DDQLC,DDQLC250-6B3PD-H,Sản xuất
DDQLC,DDQLC250-5B3PD-H,Sản xuất
DDQLC,DDQLC250-4B3PD-H,Sản xuất
DDQLC,DDQLC250-3B3PD-H,Sản xuất
DDQLC,DDQLC250-6B3MT-H,Sản xuất
DDQLC,DDQLC250-5B3MT-H,Sản xuất
DDQLC,DDQLC250-4B3MT-H,Sản xuất
DDQLC,DDQLC250-3B3MT-H,Sản xuất
DDQLC,DDQLC250-6B3ID-H,Sản xuất
DDQLC,DDQLC250-5B3ID-H,Sản xuất
DDQLC,DDQLC250-4B3ID-H,Sản xuất
DDQLC,DDQLC250-3B3ID-H,Sản xuất
DDQLC,DDQLC250-6B3SL-H,Sản xuất
DDQLC,DDQLC250-5B3SL-H,Sản xuất
DDQLC,DDQLC250-4B3SL-H,Sản xuất
DDQLC,DDQLC250-3B3SL-H,Sản xuất
DDQLC,DDQLC250-6P3HN-H,Sản xuất
DDQLC,DDQLC250-5P3HN-H,Sản xuất
DDQLC,DDQLC250-4P3HN-H,Sản xuất
DDQLC,DDQLC250-3P3HN-H,Sản xuất
DDQLC,DDQLC250-6P3HT-H,Sản xuất
DDQLC,DDQLC250-5P3HT-H,Sản xuất
DDQLC,DDQLC250-4P3HT-H,Sản xuất
DDQLC,DDQLC250-3P3HT-H,Sản xuất
DDQLC,DDQLC250-6P3HD-H,Sản xuất
DDQLC,DDQLC250-5P3HD-H,Sản xuất
DDQLC,DDQLC250-4P3HD-H,Sản xuất
DDQLC,DDQLC250-3P3HD-H,Sản xuất
DDQLC,DDQLC250-6P3DN-H,Sản xuất
DDQLC,DDQLC250-5P3DN-H,Sản xuất
DDQLC,DDQLC250-4P3DN-H,Sản xuất
DDQLC,DDQLC250-3P3DN-H,Sản xuất
DDQLC,DDQLC250-6P3DT-H,Sản xuất
DDQLC,DDQLC250-5P3DT-H,Sản xuất
DDQLC,DDQLC250-4P3DT-H,Sản xuất
DDQLC,DDQLC250-3P3DT-H,Sản xuất
DDQLC,DDQLC250-6P3PT-H,Sản xuất
DDQLC,DDQLC250-5P3PT-H,Sản xuất
DDQLC,DDQLC250-4P3PT-H,Sản xuất
DDQLC,DDQLC250-3P3PT-H,Sản xuất
DDQLC,DDQLC250-6P3PD-H,Sản xuất
DDQLC,DDQLC250-5P3PD-H,Sản xuất
DDQLC,DDQLC250-4P3PD-H,Sản xuất
DDQLC,DDQLC250-3P3PD-H,Sản xuất
DDQLC,DDQLC250-6P3MT-H,Sản xuất
DDQLC,DDQLC250-5P3MT-H,Sản xuất
DDQLC,DDQLC250-4P3MT-H,Sản xuất
DDQLC,DDQLC250-3P3MT-H,Sản xuất
DDQLC,DDQLC250-6P3ID-H,Sản xuất
DDQLC,DDQLC250-5P3ID-H,Sản xuất
DDQLC,DDQLC250-4P3ID-H,Sản xuất
DDQLC,DDQLC250-3P3ID-H,Sản xuất
DDQLC,DDQLC250-6P3SL-H,Sản xuất
DDQLC,DDQLC250-5P3SL-H,Sản xuất
DDQLC,DDQLC250-4P3SL-H,Sản xuất
DDQLC,DDQLC250-3P3SL-H,Sản xuất
DDQLC,DDQLC250-6B5HN-H,Sản xuất
DDQLC,DDQLC250-5B5HN-H,Sản xuất
DDQLC,DDQLC250-4B5HN-H,Sản xuất
DDQLC,DDQLC250-3B5HN-H,Sản xuất
DDQLC,DDQLC250-6B5HT-H,Sản xuất
DDQLC,DDQLC250-5B5HT-H,Sản xuất
DDQLC,DDQLC250-4B5HT-H,Sản xuất
DDQLC,DDQLC250-3B5HT-H,Sản xuất
DDQLC,DDQLC250-6B5HD-H,Sản xuất
DDQLC,DDQLC250-5B5HD-H,Sản xuất
DDQLC,DDQLC250-4B5HD-H,Sản xuất
DDQLC,DDQLC250-3B5HD-H,Sản xuất
DDQLC,DDQLC250-6B5DN-H,Sản xuất
DDQLC,DDQLC250-5B5DN-H,Sản xuất
DDQLC,DDQLC250-4B5DN-H,Sản xuất
DDQLC,DDQLC250-3B5DN-H,Sản xuất
DDQLC,DDQLC250-6B5DT-H,Sản xuất
DDQLC,DDQLC250-5B5DT-H,Sản xuất
DDQLC,DDQLC250-4B5DT-H,Sản xuất
DDQLC,DDQLC250-3B5DT-H,Sản xuất
DDQLC,DDQLC250-6B5PT-H,Sản xuất
DDQLC,DDQLC250-5B5PT-H,Sản xuất
DDQLC,DDQLC250-4B5PT-H,Sản xuất
DDQLC,DDQLC250-3B5PT-H,Sản xuất
DDQLC,DDQLC250-6B5PD-H,Sản xuất
DDQLC,DDQLC250-5B5PD-H,Sản xuất
DDQLC,DDQLC250-4B5PD-H,Sản xuất
DDQLC,DDQLC250-3B5PD-H,Sản xuất
DDQLC,DDQLC250-6B5MT-H,Sản xuất
DDQLC,DDQLC250-5B5MT-H,Sản xuất
DDQLC,DDQLC250-4B5MT-H,Sản xuất
DDQLC,DDQLC250-3B5MT-H,Sản xuất
DDQLC,DDQLC250-6B5ID-H,Sản xuất
DDQLC,DDQLC250-5B5ID-H,Sản xuất
DDQLC,DDQLC250-4B5ID-H,Sản xuất
DDQLC,DDQLC250-3B5ID-H,Sản xuất
DDQLC,DDQLC250-6B5SL-H,Sản xuất
DDQLC,DDQLC250-5B5SL-H,Sản xuất
DDQLC,DDQLC250-4B5SL-H,Sản xuất
DDQLC,DDQLC250-3B5SL-H,Sản xuất
DDQLC,DDQLC250-6P5HN-H,Sản xuất
DDQLC,DDQLC250-5P5HN-H,Sản xuất
DDQLC,DDQLC250-4P5HN-H,Sản xuất
DDQLC,DDQLC250-3P5HN-H,Sản xuất
DDQLC,DDQLC250-6P5HT-H,Sản xuất
DDQLC,DDQLC250-5P5HT-H,Sản xuất
DDQLC,DDQLC250-4P5HT-H,Sản xuất
DDQLC,DDQLC250-3P5HT-H,Sản xuất
DDQLC,DDQLC250-6P5HD-H,Sản xuất
DDQLC,DDQLC250-5P5HD-H,Sản xuất
DDQLC,DDQLC250-4P5HD-H,Sản xuất
DDQLC,DDQLC250-3P5HD-H,Sản xuất
DDQLC,DDQLC250-6P5DN-H,Sản xuất
DDQLC,DDQLC250-5P5DN-H,Sản xuất
DDQLC,DDQLC250-4P5DN-H,Sản xuất
DDQLC,DDQLC250-3P5DN-H,Sản xuất
DDQLC,DDQLC250-6P5DT-H,Sản xuất
DDQLC,DDQLC250-5P5DT-H,Sản xuất
DDQLC,DDQLC250-4P5DT-H,Sản xuất
DDQLC,DDQLC250-3P5DT-H,Sản xuất
DDQLC,DDQLC250-6P5PT-H,Sản xuất
DDQLC,DDQLC250-5P5PT-H,Sản xuất
DDQLC,DDQLC250-4P5PT-H,Sản xuất
DDQLC,DDQLC250-3P5PT-H,Sản xuất
DDQLC,DDQLC250-6P5PD-H,Sản xuất
DDQLC,DDQLC250-5P5PD-H,Sản xuất
DDQLC,DDQLC250-4P5PD-H,Sản xuất
DDQLC,DDQLC250-3P5PD-H,Sản xuất
DDQLC,DDQLC250-6P5MT-H,Sản xuất
DDQLC,DDQLC250-5P5MT-H,Sản xuất
DDQLC,DDQLC250-4P5MT-H,Sản xuất
DDQLC,DDQLC250-3P5MT-H,Sản xuất
DDQLC,DDQLC250-6P5ID-H,Sản xuất
DDQLC,DDQLC250-5P5ID-H,Sản xuất
DDQLC,DDQLC250-4P5ID-H,Sản xuất
DDQLC,DDQLC250-3P5ID-H,Sản xuất
DDQLC,DDQLC250-6P5SL-H,Sản xuất
DDQLC,DDQLC250-5P5SL-H,Sản xuất
DDQLC,DDQLC250-4P5SL-H,Sản xuất
DDQLC,DDQLC250-3P5SL-H,Sản xuất
DDQLC,DDQLC250-RTFHN-H,Sản xuất
DDQLC,DDQLC250-GTFHN-H,Sản xuất
DDQLC,DDQLC250-BTFHN-H,Sản xuất
DDQLC,DDQLC250-RTFHT-H,Sản xuất
DDQLC,DDQLC250-GTFHT-H,Sản xuất
DDQLC,DDQLC250-BTFHT-H,Sản xuất
DDQLC,DDQLC250-RTFHD-H,Sản xuất
DDQLC,DDQLC250-GTFHD-H,Sản xuất
DDQLC,DDQLC250-BTFHD-H,Sản xuất
DDQLC,DDQLC250-RTFDN-H,Sản xuất
DDQLC,DDQLC250-GTFDN-H,Sản xuất
DDQLC,DDQLC250-BTFDN-H,Sản xuất
DDQLC,DDQLC250-RTFDT-H,Sản xuất
DDQLC,DDQLC250-GTFDT-H,Sản xuất
DDQLC,DDQLC250-BTFDT-H,Sản xuất
DDQLC,DDQLC250-RTFPT-H,Sản xuất
DDQLC,DDQLC250-GTFPT-H,Sản xuất
DDQLC,DDQLC250-BTFPT-H,Sản xuất
DDQLC,DDQLC250-RTFPD-H,Sản xuất
DDQLC,DDQLC250-GTFPD-H,Sản xuất
DDQLC,DDQLC250-BTFPD-H,Sản xuất
DDQLC,DDQLC250-RTFMT-H,Sản xuất
DDQLC,DDQLC250-GTFMT-H,Sản xuất
DDQLC,DDQLC250-BTFMT-H,Sản xuất
DDQLC,DDQLC250-RTFID-H,Sản xuất
DDQLC,DDQLC250-GTFID-H,Sản xuất
DDQLC,DDQLC250-BTFID-H,Sản xuất
DDQLC,DDQLC250-RTFSL-H,Sản xuất
DDQLC,DDQLC250-GTFSL-H,Sản xuất
DDQLC,DDQLC250-BTFSL-H,Sản xuất
DDQLC,DDQLC250-CBCHC-H,Sản xuất
