Mã sản phẩm,Mã biến thể,Phương pháp bổ sung
DD11S,DD11S050-6B3HN,Sản xuất
DD11S,DD11S050-5B3HN,Sản xuất
DD11S,DD11S050-4B3HN,Sản xuất
DD11S,DD11S050-3B3HN,Sản xuất
DD11S,DD11S050-6B3HT,Sản xuất
DD11S,DD11S050-5B3HT,Sản xuất
DD11S,DD11S050-4B3HT,Sản xuất
DD11S,DD11S050-3B3HT,Sản xuất
DD11S,DD11S050-6B3HD,Sản xuất
DD11S,DD11S050-5B3HD,Sản xuất
DD11S,DD11S050-4B3HD,Sản xuất
DD11S,DD11S050-3B3HD,Sản xuất
DD11S,DD11S050-6B3DN,Sản xuất
DD11S,DD11S050-5B3DN,Sản xuất
DD11S,DD11S050-4B3DN,Sản xuất
DD11S,DD11S050-3B3DN,Sản xuất
DD11S,DD11S050-6B3DT,Sản xuất
DD11S,DD11S050-5B3DT,Sản xuất
DD11S,DD11S050-4B3DT,Sản xuất
DD11S,DD11S050-3B3DT,Sản xuất
DD11S,DD11S050-6B3PT,Sản xuất
DD11S,DD11S050-5B3PT,Sản xuất
DD11S,DD11S050-4B3PT,Sản xuất
DD11S,DD11S050-3B3PT,Sản xuất
DD11S,DD11S050-6B3PD,Sản xuất
DD11S,DD11S050-5B3PD,Sản xuất
DD11S,DD11S050-4B3PD,Sản xuất
DD11S,DD11S050-3B3PD,Sản xuất
DD11S,DD11S050-6B3MT,Sản xuất
DD11S,DD11S050-5B3MT,Sản xuất
DD11S,DD11S050-4B3MT,Sản xuất
DD11S,DD11S050-3B3MT,Sản xuất
DD11S,DD11S050-6B3ID,Sản xuất
DD11S,DD11S050-5B3ID,Sản xuất
DD11S,DD11S050-4B3ID,Sản xuất
DD11S,DD11S050-3B3ID,Sản xuất
DD11S,DD11S050-6B3SL,Sản xuất
DD11S,DD11S050-5B3SL,Sản xuất
DD11S,DD11S050-4B3SL,Sản xuất
DD11S,DD11S050-3B3SL,Sản xuất
DD11S,DD11S050-6P3HN,Sản xuất
DD11S,DD11S050-5P3HN,Sản xuất
DD11S,DD11S050-4P3HN,Sản xuất
DD11S,DD11S050-3P3HN,Sản xuất
DD11S,DD11S050-6P3HT,Sản xuất
DD11S,DD11S050-5P3HT,Sản xuất
DD11S,DD11S050-4P3HT,Sản xuất
DD11S,DD11S050-3P3HT,Sản xuất
DD11S,DD11S050-6P3HD,Sản xuất
DD11S,DD11S050-5P3HD,Sản xuất
DD11S,DD11S050-4P3HD,Sản xuất
DD11S,DD11S050-3P3HD,Sản xuất
DD11S,DD11S050-6P3DN,Sản xuất
DD11S,DD11S050-5P3DN,Sản xuất
DD11S,DD11S050-4P3DN,Sản xuất
DD11S,DD11S050-3P3DN,Sản xuất
DD11S,DD11S050-6P3DT,Sản xuất
DD11S,DD11S050-5P3DT,Sản xuất
DD11S,DD11S050-4P3DT,Sản xuất
DD11S,DD11S050-3P3DT,Sản xuất
DD11S,DD11S050-6P3PT,Sản xuất
DD11S,DD11S050-5P3PT,Sản xuất
DD11S,DD11S050-4P3PT,Sản xuất
DD11S,DD11S050-3P3PT,Sản xuất
DD11S,DD11S050-6P3PD,Sản xuất
DD11S,DD11S050-5P3PD,Sản xuất
DD11S,DD11S050-4P3PD,Sản xuất
DD11S,DD11S050-3P3PD,Sản xuất
DD11S,DD11S050-6P3MT,Sản xuất
DD11S,DD11S050-5P3MT,Sản xuất
DD11S,DD11S050-4P3MT,Sản xuất
DD11S,DD11S050-3P3MT,Sản xuất
DD11S,DD11S050-6P3ID,Sản xuất
DD11S,DD11S050-5P3ID,Sản xuất
DD11S,DD11S050-4P3ID,Sản xuất
DD11S,DD11S050-3P3ID,Sản xuất
DD11S,DD11S050-6P3SL,Sản xuất
DD11S,DD11S050-5P3SL,Sản xuất
DD11S,DD11S050-4P3SL,Sản xuất
DD11S,DD11S050-3P3SL,Sản xuất
DD11S,DD11S050-6B5HN,Sản xuất
DD11S,DD11S050-5B5HN,Sản xuất
DD11S,DD11S050-4B5HN,Sản xuất
DD11S,DD11S050-3B5HN,Sản xuất
DD11S,DD11S050-6B5HT,Sản xuất
DD11S,DD11S050-5B5HT,Sản xuất
DD11S,DD11S050-4B5HT,Sản xuất
DD11S,DD11S050-3B5HT,Sản xuất
DD11S,DD11S050-6B5HD,Sản xuất
DD11S,DD11S050-5B5HD,Sản xuất
DD11S,DD11S050-4B5HD,Sản xuất
DD11S,DD11S050-3B5HD,Sản xuất
DD11S,DD11S050-6B5DN,Sản xuất
DD11S,DD11S050-5B5DN,Sản xuất
DD11S,DD11S050-4B5DN,Sản xuất
DD11S,DD11S050-3B5DN,Sản xuất
DD11S,DD11S050-6B5DT,Sản xuất
DD11S,DD11S050-5B5DT,Sản xuất
DD11S,DD11S050-4B5DT,Sản xuất
DD11S,DD11S050-3B5DT,Sản xuất
DD11S,DD11S050-6B5PT,Sản xuất
DD11S,DD11S050-5B5PT,Sản xuất
DD11S,DD11S050-4B5PT,Sản xuất
DD11S,DD11S050-3B5PT,Sản xuất
DD11S,DD11S050-6B5PD,Sản xuất
DD11S,DD11S050-5B5PD,Sản xuất
DD11S,DD11S050-4B5PD,Sản xuất
DD11S,DD11S050-3B5PD,Sản xuất
DD11S,DD11S050-6B5MT,Sản xuất
DD11S,DD11S050-5B5MT,Sản xuất
DD11S,DD11S050-4B5MT,Sản xuất
DD11S,DD11S050-3B5MT,Sản xuất
DD11S,DD11S050-6B5ID,Sản xuất
DD11S,DD11S050-5B5ID,Sản xuất
DD11S,DD11S050-4B5ID,Sản xuất
DD11S,DD11S050-3B5ID,Sản xuất
DD11S,DD11S050-6B5SL,Sản xuất
DD11S,DD11S050-5B5SL,Sản xuất
DD11S,DD11S050-4B5SL,Sản xuất
DD11S,DD11S050-3B5SL,Sản xuất
DD11S,DD11S050-6P5HN,Sản xuất
DD11S,DD11S050-5P5HN,Sản xuất
DD11S,DD11S050-4P5HN,Sản xuất
DD11S,DD11S050-3P5HN,Sản xuất
DD11S,DD11S050-6P5HT,Sản xuất
DD11S,DD11S050-5P5HT,Sản xuất
DD11S,DD11S050-4P5HT,Sản xuất
DD11S,DD11S050-3P5HT,Sản xuất
DD11S,DD11S050-6P5HD,Sản xuất
DD11S,DD11S050-5P5HD,Sản xuất
DD11S,DD11S050-4P5HD,Sản xuất
DD11S,DD11S050-3P5HD,Sản xuất
DD11S,DD11S050-6P5DN,Sản xuất
DD11S,DD11S050-5P5DN,Sản xuất
DD11S,DD11S050-4P5DN,Sản xuất
DD11S,DD11S050-3P5DN,Sản xuất
DD11S,DD11S050-6P5DT,Sản xuất
DD11S,DD11S050-5P5DT,Sản xuất
DD11S,DD11S050-4P5DT,Sản xuất
DD11S,DD11S050-3P5DT,Sản xuất
DD11S,DD11S050-6P5PT,Sản xuất
DD11S,DD11S050-5P5PT,Sản xuất
DD11S,DD11S050-4P5PT,Sản xuất
DD11S,DD11S050-3P5PT,Sản xuất
DD11S,DD11S050-6P5PD,Sản xuất
DD11S,DD11S050-5P5PD,Sản xuất
DD11S,DD11S050-4P5PD,Sản xuất
DD11S,DD11S050-3P5PD,Sản xuất
DD11S,DD11S050-6P5MT,Sản xuất
DD11S,DD11S050-5P5MT,Sản xuất
DD11S,DD11S050-4P5MT,Sản xuất
DD11S,DD11S050-3P5MT,Sản xuất
DD11S,DD11S050-6P5ID,Sản xuất
DD11S,DD11S050-5P5ID,Sản xuất
DD11S,DD11S050-4P5ID,Sản xuất
DD11S,DD11S050-3P5ID,Sản xuất
DD11S,DD11S050-6P5SL,Sản xuất
DD11S,DD11S050-5P5SL,Sản xuất
DD11S,DD11S050-4P5SL,Sản xuất
DD11S,DD11S050-3P5SL,Sản xuất
DD11S,DD11S100-6B3HN,Sản xuất
DD11S,DD11S100-5B3HN,Sản xuất
DD11S,DD11S100-4B3HN,Sản xuất
DD11S,DD11S100-3B3HN,Sản xuất
DD11S,DD11S100-6B3HT,Sản xuất
DD11S,DD11S100-5B3HT,Sản xuất
DD11S,DD11S100-4B3HT,Sản xuất
DD11S,DD11S100-3B3HT,Sản xuất
DD11S,DD11S100-6B3HD,Sản xuất
DD11S,DD11S100-5B3HD,Sản xuất
DD11S,DD11S100-4B3HD,Sản xuất
DD11S,DD11S100-3B3HD,Sản xuất
DD11S,DD11S100-6B3DN,Sản xuất
DD11S,DD11S100-5B3DN,Sản xuất
DD11S,DD11S100-4B3DN,Sản xuất
DD11S,DD11S100-3B3DN,Sản xuất
DD11S,DD11S100-6B3DT,Sản xuất
DD11S,DD11S100-5B3DT,Sản xuất
DD11S,DD11S100-4B3DT,Sản xuất
DD11S,DD11S100-3B3DT,Sản xuất
DD11S,DD11S100-6B3PT,Sản xuất
DD11S,DD11S100-5B3PT,Sản xuất
DD11S,DD11S100-4B3PT,Sản xuất
DD11S,DD11S100-3B3PT,Sản xuất
DD11S,DD11S100-6B3PD,Sản xuất
DD11S,DD11S100-5B3PD,Sản xuất
DD11S,DD11S100-4B3PD,Sản xuất
DD11S,DD11S100-3B3PD,Sản xuất
DD11S,DD11S100-6B3MT,Sản xuất
DD11S,DD11S100-5B3MT,Sản xuất
DD11S,DD11S100-4B3MT,Sản xuất
DD11S,DD11S100-3B3MT,Sản xuất
DD11S,DD11S100-6B3ID,Sản xuất
DD11S,DD11S100-5B3ID,Sản xuất
DD11S,DD11S100-4B3ID,Sản xuất
DD11S,DD11S100-3B3ID,Sản xuất
DD11S,DD11S100-6B3SL,Sản xuất
DD11S,DD11S100-5B3SL,Sản xuất
DD11S,DD11S100-4B3SL,Sản xuất
DD11S,DD11S100-3B3SL,Sản xuất
DD11S,DD11S100-6P3HN,Sản xuất
DD11S,DD11S100-5P3HN,Sản xuất
DD11S,DD11S100-4P3HN,Sản xuất
DD11S,DD11S100-3P3HN,Sản xuất
DD11S,DD11S100-6P3HT,Sản xuất
DD11S,DD11S100-5P3HT,Sản xuất
DD11S,DD11S100-4P3HT,Sản xuất
DD11S,DD11S100-3P3HT,Sản xuất
DD11S,DD11S100-6P3HD,Sản xuất
DD11S,DD11S100-5P3HD,Sản xuất
DD11S,DD11S100-4P3HD,Sản xuất
DD11S,DD11S100-3P3HD,Sản xuất
DD11S,DD11S100-6P3DN,Sản xuất
DD11S,DD11S100-5P3DN,Sản xuất
DD11S,DD11S100-4P3DN,Sản xuất
DD11S,DD11S100-3P3DN,Sản xuất
DD11S,DD11S100-6P3DT,Sản xuất
DD11S,DD11S100-5P3DT,Sản xuất
DD11S,DD11S100-4P3DT,Sản xuất
DD11S,DD11S100-3P3DT,Sản xuất
DD11S,DD11S100-6P3PT,Sản xuất
DD11S,DD11S100-5P3PT,Sản xuất
DD11S,DD11S100-4P3PT,Sản xuất
DD11S,DD11S100-3P3PT,Sản xuất
DD11S,DD11S100-6P3PD,Sản xuất
DD11S,DD11S100-5P3PD,Sản xuất
DD11S,DD11S100-4P3PD,Sản xuất
DD11S,DD11S100-3P3PD,Sản xuất
DD11S,DD11S100-6P3MT,Sản xuất
DD11S,DD11S100-5P3MT,Sản xuất
DD11S,DD11S100-4P3MT,Sản xuất
DD11S,DD11S100-3P3MT,Sản xuất
DD11S,DD11S100-6P3ID,Sản xuất
DD11S,DD11S100-5P3ID,Sản xuất
DD11S,DD11S100-4P3ID,Sản xuất
DD11S,DD11S100-3P3ID,Sản xuất
DD11S,DD11S100-6P3SL,Sản xuất
DD11S,DD11S100-5P3SL,Sản xuất
DD11S,DD11S100-4P3SL,Sản xuất
DD11S,DD11S100-3P3SL,Sản xuất
DD11S,DD11S100-6B5HN,Sản xuất
DD11S,DD11S100-5B5HN,Sản xuất
DD11S,DD11S100-4B5HN,Sản xuất
DD11S,DD11S100-3B5HN,Sản xuất
DD11S,DD11S100-6B5HT,Sản xuất
DD11S,DD11S100-5B5HT,Sản xuất
DD11S,DD11S100-4B5HT,Sản xuất
DD11S,DD11S100-3B5HT,Sản xuất
DD11S,DD11S100-6B5HD,Sản xuất
DD11S,DD11S100-5B5HD,Sản xuất
DD11S,DD11S100-4B5HD,Sản xuất
DD11S,DD11S100-3B5HD,Sản xuất
DD11S,DD11S100-6B5DN,Sản xuất
DD11S,DD11S100-5B5DN,Sản xuất
DD11S,DD11S100-4B5DN,Sản xuất
DD11S,DD11S100-3B5DN,Sản xuất
DD11S,DD11S100-6B5DT,Sản xuất
DD11S,DD11S100-5B5DT,Sản xuất
DD11S,DD11S100-4B5DT,Sản xuất
DD11S,DD11S100-3B5DT,Sản xuất
DD11S,DD11S100-6B5PT,Sản xuất
DD11S,DD11S100-5B5PT,Sản xuất
DD11S,DD11S100-4B5PT,Sản xuất
DD11S,DD11S100-3B5PT,Sản xuất
DD11S,DD11S100-6B5PD,Sản xuất
DD11S,DD11S100-5B5PD,Sản xuất
DD11S,DD11S100-4B5PD,Sản xuất
DD11S,DD11S100-3B5PD,Sản xuất
DD11S,DD11S100-6B5MT,Sản xuất
DD11S,DD11S100-5B5MT,Sản xuất
DD11S,DD11S100-4B5MT,Sản xuất
DD11S,DD11S100-3B5MT,Sản xuất
DD11S,DD11S100-6B5ID,Sản xuất
DD11S,DD11S100-5B5ID,Sản xuất
DD11S,DD11S100-4B5ID,Sản xuất
DD11S,DD11S100-3B5ID,Sản xuất
DD11S,DD11S100-6B5SL,Sản xuất
DD11S,DD11S100-5B5SL,Sản xuất
DD11S,DD11S100-4B5SL,Sản xuất
DD11S,DD11S100-3B5SL,Sản xuất
DD11S,DD11S100-6P5HN,Sản xuất
DD11S,DD11S100-5P5HN,Sản xuất
DD11S,DD11S100-4P5HN,Sản xuất
DD11S,DD11S100-3P5HN,Sản xuất
DD11S,DD11S100-6P5HT,Sản xuất
DD11S,DD11S100-5P5HT,Sản xuất
DD11S,DD11S100-4P5HT,Sản xuất
DD11S,DD11S100-3P5HT,Sản xuất
DD11S,DD11S100-6P5HD,Sản xuất
DD11S,DD11S100-5P5HD,Sản xuất
DD11S,DD11S100-4P5HD,Sản xuất
DD11S,DD11S100-3P5HD,Sản xuất
DD11S,DD11S100-6P5DN,Sản xuất
DD11S,DD11S100-5P5DN,Sản xuất
DD11S,DD11S100-4P5DN,Sản xuất
DD11S,DD11S100-3P5DN,Sản xuất
DD11S,DD11S100-6P5DT,Sản xuất
DD11S,DD11S100-5P5DT,Sản xuất
DD11S,DD11S100-4P5DT,Sản xuất
DD11S,DD11S100-3P5DT,Sản xuất
DD11S,DD11S100-6P5PT,Sản xuất
DD11S,DD11S100-5P5PT,Sản xuất
DD11S,DD11S100-4P5PT,Sản xuất
DD11S,DD11S100-3P5PT,Sản xuất
DD11S,DD11S100-6P5PD,Sản xuất
DD11S,DD11S100-5P5PD,Sản xuất
DD11S,DD11S100-4P5PD,Sản xuất
DD11S,DD11S100-3P5PD,Sản xuất
DD11S,DD11S100-6P5MT,Sản xuất
DD11S,DD11S100-5P5MT,Sản xuất
DD11S,DD11S100-4P5MT,Sản xuất
DD11S,DD11S100-3P5MT,Sản xuất
DD11S,DD11S100-6P5ID,Sản xuất
DD11S,DD11S100-5P5ID,Sản xuất
DD11S,DD11S100-4P5ID,Sản xuất
DD11S,DD11S100-3P5ID,Sản xuất
DD11S,DD11S100-6P5SL,Sản xuất
DD11S,DD11S100-5P5SL,Sản xuất
DD11S,DD11S100-4P5SL,Sản xuất
DD11S,DD11S100-3P5SL,Sản xuất
DD11S,DD11S150-6B3HN,Sản xuất
DD11S,DD11S150-5B3HN,Sản xuất
DD11S,DD11S150-4B3HN,Sản xuất
DD11S,DD11S150-3B3HN,Sản xuất
DD11S,DD11S150-6B3HT,Sản xuất
DD11S,DD11S150-5B3HT,Sản xuất
DD11S,DD11S150-4B3HT,Sản xuất
DD11S,DD11S150-3B3HT,Sản xuất
DD11S,DD11S150-6B3HD,Sản xuất
DD11S,DD11S150-5B3HD,Sản xuất
DD11S,DD11S150-4B3HD,Sản xuất
DD11S,DD11S150-3B3HD,Sản xuất
DD11S,DD11S150-6B3DN,Sản xuất
DD11S,DD11S150-5B3DN,Sản xuất
DD11S,DD11S150-4B3DN,Sản xuất
DD11S,DD11S150-3B3DN,Sản xuất
DD11S,DD11S150-6B3DT,Sản xuất
DD11S,DD11S150-5B3DT,Sản xuất
DD11S,DD11S150-4B3DT,Sản xuất
DD11S,DD11S150-3B3DT,Sản xuất
DD11S,DD11S150-6B3PT,Sản xuất
DD11S,DD11S150-5B3PT,Sản xuất
DD11S,DD11S150-4B3PT,Sản xuất
DD11S,DD11S150-3B3PT,Sản xuất
DD11S,DD11S150-6B3PD,Sản xuất
DD11S,DD11S150-5B3PD,Sản xuất
DD11S,DD11S150-4B3PD,Sản xuất
DD11S,DD11S150-3B3PD,Sản xuất
DD11S,DD11S150-6B3MT,Sản xuất
DD11S,DD11S150-5B3MT,Sản xuất
DD11S,DD11S150-4B3MT,Sản xuất
DD11S,DD11S150-3B3MT,Sản xuất
DD11S,DD11S150-6B3ID,Sản xuất
DD11S,DD11S150-5B3ID,Sản xuất
DD11S,DD11S150-4B3ID,Sản xuất
DD11S,DD11S150-3B3ID,Sản xuất
DD11S,DD11S150-6B3SL,Sản xuất
DD11S,DD11S150-5B3SL,Sản xuất
DD11S,DD11S150-4B3SL,Sản xuất
DD11S,DD11S150-3B3SL,Sản xuất
DD11S,DD11S150-6P3HN,Sản xuất
DD11S,DD11S150-5P3HN,Sản xuất
DD11S,DD11S150-4P3HN,Sản xuất
DD11S,DD11S150-3P3HN,Sản xuất
DD11S,DD11S150-6P3HT,Sản xuất
DD11S,DD11S150-5P3HT,Sản xuất
DD11S,DD11S150-4P3HT,Sản xuất
DD11S,DD11S150-3P3HT,Sản xuất
DD11S,DD11S150-6P3HD,Sản xuất
DD11S,DD11S150-5P3HD,Sản xuất
DD11S,DD11S150-4P3HD,Sản xuất
DD11S,DD11S150-3P3HD,Sản xuất
DD11S,DD11S150-6P3DN,Sản xuất
DD11S,DD11S150-5P3DN,Sản xuất
DD11S,DD11S150-4P3DN,Sản xuất
DD11S,DD11S150-3P3DN,Sản xuất
DD11S,DD11S150-6P3DT,Sản xuất
DD11S,DD11S150-5P3DT,Sản xuất
DD11S,DD11S150-4P3DT,Sản xuất
DD11S,DD11S150-3P3DT,Sản xuất
DD11S,DD11S150-6P3PT,Sản xuất
DD11S,DD11S150-5P3PT,Sản xuất
DD11S,DD11S150-4P3PT,Sản xuất
DD11S,DD11S150-3P3PT,Sản xuất
DD11S,DD11S150-6P3PD,Sản xuất
DD11S,DD11S150-5P3PD,Sản xuất
DD11S,DD11S150-4P3PD,Sản xuất
DD11S,DD11S150-3P3PD,Sản xuất
DD11S,DD11S150-6P3MT,Sản xuất
DD11S,DD11S150-5P3MT,Sản xuất
DD11S,DD11S150-4P3MT,Sản xuất
DD11S,DD11S150-3P3MT,Sản xuất
DD11S,DD11S150-6P3ID,Sản xuất
DD11S,DD11S150-5P3ID,Sản xuất
DD11S,DD11S150-4P3ID,Sản xuất
DD11S,DD11S150-3P3ID,Sản xuất
DD11S,DD11S150-6P3SL,Sản xuất
DD11S,DD11S150-5P3SL,Sản xuất
DD11S,DD11S150-4P3SL,Sản xuất
DD11S,DD11S150-3P3SL,Sản xuất
DD11S,DD11S150-6B5HN,Sản xuất
DD11S,DD11S150-5B5HN,Sản xuất
DD11S,DD11S150-4B5HN,Sản xuất
DD11S,DD11S150-3B5HN,Sản xuất
DD11S,DD11S150-6B5HT,Sản xuất
DD11S,DD11S150-5B5HT,Sản xuất
DD11S,DD11S150-4B5HT,Sản xuất
DD11S,DD11S150-3B5HT,Sản xuất
DD11S,DD11S150-6B5HD,Sản xuất
DD11S,DD11S150-5B5HD,Sản xuất
DD11S,DD11S150-4B5HD,Sản xuất
DD11S,DD11S150-3B5HD,Sản xuất
DD11S,DD11S150-6B5DN,Sản xuất
DD11S,DD11S150-5B5DN,Sản xuất
DD11S,DD11S150-4B5DN,Sản xuất
DD11S,DD11S150-3B5DN,Sản xuất
DD11S,DD11S150-6B5DT,Sản xuất
DD11S,DD11S150-5B5DT,Sản xuất
DD11S,DD11S150-4B5DT,Sản xuất
DD11S,DD11S150-3B5DT,Sản xuất
DD11S,DD11S150-6B5PT,Sản xuất
DD11S,DD11S150-5B5PT,Sản xuất
DD11S,DD11S150-4B5PT,Sản xuất
DD11S,DD11S150-3B5PT,Sản xuất
DD11S,DD11S150-6B5PD,Sản xuất
DD11S,DD11S150-5B5PD,Sản xuất
DD11S,DD11S150-4B5PD,Sản xuất
DD11S,DD11S150-3B5PD,Sản xuất
DD11S,DD11S150-6B5MT,Sản xuất
DD11S,DD11S150-5B5MT,Sản xuất
DD11S,DD11S150-4B5MT,Sản xuất
DD11S,DD11S150-3B5MT,Sản xuất
DD11S,DD11S150-6B5ID,Sản xuất
DD11S,DD11S150-5B5ID,Sản xuất
DD11S,DD11S150-4B5ID,Sản xuất
DD11S,DD11S150-3B5ID,Sản xuất
DD11S,DD11S150-6B5SL,Sản xuất
DD11S,DD11S150-5B5SL,Sản xuất
DD11S,DD11S150-4B5SL,Sản xuất
DD11S,DD11S150-3B5SL,Sản xuất
DD11S,DD11S150-6P5HN,Sản xuất
DD11S,DD11S150-5P5HN,Sản xuất
DD11S,DD11S150-4P5HN,Sản xuất
DD11S,DD11S150-3P5HN,Sản xuất
DD11S,DD11S150-6P5HT,Sản xuất
DD11S,DD11S150-5P5HT,Sản xuất
DD11S,DD11S150-4P5HT,Sản xuất
DD11S,DD11S150-3P5HT,Sản xuất
DD11S,DD11S150-6P5HD,Sản xuất
DD11S,DD11S150-5P5HD,Sản xuất
DD11S,DD11S150-4P5HD,Sản xuất
DD11S,DD11S150-3P5HD,Sản xuất
DD11S,DD11S150-6P5DN,Sản xuất
DD11S,DD11S150-5P5DN,Sản xuất
DD11S,DD11S150-4P5DN,Sản xuất
DD11S,DD11S150-3P5DN,Sản xuất
DD11S,DD11S150-6P5DT,Sản xuất
DD11S,DD11S150-5P5DT,Sản xuất
DD11S,DD11S150-4P5DT,Sản xuất
DD11S,DD11S150-3P5DT,Sản xuất
DD11S,DD11S150-6P5PT,Sản xuất
DD11S,DD11S150-5P5PT,Sản xuất
DD11S,DD11S150-4P5PT,Sản xuất
DD11S,DD11S150-3P5PT,Sản xuất
DD11S,DD11S150-6P5PD,Sản xuất
DD11S,DD11S150-5P5PD,Sản xuất
DD11S,DD11S150-4P5PD,Sản xuất
DD11S,DD11S150-3P5PD,Sản xuất
DD11S,DD11S150-6P5MT,Sản xuất
DD11S,DD11S150-5P5MT,Sản xuất
DD11S,DD11S150-4P5MT,Sản xuất
DD11S,DD11S150-3P5MT,Sản xuất
DD11S,DD11S150-6P5ID,Sản xuất
DD11S,DD11S150-5P5ID,Sản xuất
DD11S,DD11S150-4P5ID,Sản xuất
DD11S,DD11S150-3P5ID,Sản xuất
DD11S,DD11S150-6P5SL,Sản xuất
DD11S,DD11S150-5P5SL,Sản xuất
DD11S,DD11S150-4P5SL,Sản xuất
DD11S,DD11S150-3P5SL,Sản xuất
DD11S,DD11S200-6B3HN,Sản xuất
DD11S,DD11S200-5B3HN,Sản xuất
DD11S,DD11S200-4B3HN,Sản xuất
DD11S,DD11S200-3B3HN,Sản xuất
DD11S,DD11S200-6B3HT,Sản xuất
DD11S,DD11S200-5B3HT,Sản xuất
DD11S,DD11S200-4B3HT,Sản xuất
DD11S,DD11S200-3B3HT,Sản xuất
DD11S,DD11S200-6B3HD,Sản xuất
DD11S,DD11S200-5B3HD,Sản xuất
DD11S,DD11S200-4B3HD,Sản xuất
DD11S,DD11S200-3B3HD,Sản xuất
DD11S,DD11S200-6B3DN,Sản xuất
DD11S,DD11S200-5B3DN,Sản xuất
DD11S,DD11S200-4B3DN,Sản xuất
DD11S,DD11S200-3B3DN,Sản xuất
DD11S,DD11S200-6B3DT,Sản xuất
DD11S,DD11S200-5B3DT,Sản xuất
DD11S,DD11S200-4B3DT,Sản xuất
DD11S,DD11S200-3B3DT,Sản xuất
DD11S,DD11S200-6B3PT,Sản xuất
DD11S,DD11S200-5B3PT,Sản xuất
DD11S,DD11S200-4B3PT,Sản xuất
DD11S,DD11S200-3B3PT,Sản xuất
DD11S,DD11S200-6B3PD,Sản xuất
DD11S,DD11S200-5B3PD,Sản xuất
DD11S,DD11S200-4B3PD,Sản xuất
DD11S,DD11S200-3B3PD,Sản xuất
DD11S,DD11S200-6B3MT,Sản xuất
DD11S,DD11S200-5B3MT,Sản xuất
DD11S,DD11S200-4B3MT,Sản xuất
DD11S,DD11S200-3B3MT,Sản xuất
DD11S,DD11S200-6B3ID,Sản xuất
DD11S,DD11S200-5B3ID,Sản xuất
DD11S,DD11S200-4B3ID,Sản xuất
DD11S,DD11S200-3B3ID,Sản xuất
DD11S,DD11S200-6B3SL,Sản xuất
DD11S,DD11S200-5B3SL,Sản xuất
DD11S,DD11S200-4B3SL,Sản xuất
DD11S,DD11S200-3B3SL,Sản xuất
DD11S,DD11S200-6P3HN,Sản xuất
DD11S,DD11S200-5P3HN,Sản xuất
DD11S,DD11S200-4P3HN,Sản xuất
DD11S,DD11S200-3P3HN,Sản xuất
DD11S,DD11S200-6P3HT,Sản xuất
DD11S,DD11S200-5P3HT,Sản xuất
DD11S,DD11S200-4P3HT,Sản xuất
DD11S,DD11S200-3P3HT,Sản xuất
DD11S,DD11S200-6P3HD,Sản xuất
DD11S,DD11S200-5P3HD,Sản xuất
DD11S,DD11S200-4P3HD,Sản xuất
DD11S,DD11S200-3P3HD,Sản xuất
DD11S,DD11S200-6P3DN,Sản xuất
DD11S,DD11S200-5P3DN,Sản xuất
DD11S,DD11S200-4P3DN,Sản xuất
DD11S,DD11S200-3P3DN,Sản xuất
DD11S,DD11S200-6P3DT,Sản xuất
DD11S,DD11S200-5P3DT,Sản xuất
DD11S,DD11S200-4P3DT,Sản xuất
DD11S,DD11S200-3P3DT,Sản xuất
DD11S,DD11S200-6P3PT,Sản xuất
DD11S,DD11S200-5P3PT,Sản xuất
DD11S,DD11S200-4P3PT,Sản xuất
DD11S,DD11S200-3P3PT,Sản xuất
DD11S,DD11S200-6P3PD,Sản xuất
DD11S,DD11S200-5P3PD,Sản xuất
DD11S,DD11S200-4P3PD,Sản xuất
DD11S,DD11S200-3P3PD,Sản xuất
DD11S,DD11S200-6P3MT,Sản xuất
DD11S,DD11S200-5P3MT,Sản xuất
DD11S,DD11S200-4P3MT,Sản xuất
DD11S,DD11S200-3P3MT,Sản xuất
DD11S,DD11S200-6P3ID,Sản xuất
DD11S,DD11S200-5P3ID,Sản xuất
DD11S,DD11S200-4P3ID,Sản xuất
DD11S,DD11S200-3P3ID,Sản xuất
DD11S,DD11S200-6P3SL,Sản xuất
DD11S,DD11S200-5P3SL,Sản xuất
DD11S,DD11S200-4P3SL,Sản xuất
DD11S,DD11S200-3P3SL,Sản xuất
DD11S,DD11S200-6B5HN,Sản xuất
DD11S,DD11S200-5B5HN,Sản xuất
DD11S,DD11S200-4B5HN,Sản xuất
DD11S,DD11S200-3B5HN,Sản xuất
DD11S,DD11S200-6B5HT,Sản xuất
DD11S,DD11S200-5B5HT,Sản xuất
DD11S,DD11S200-4B5HT,Sản xuất
DD11S,DD11S200-3B5HT,Sản xuất
DD11S,DD11S200-6B5HD,Sản xuất
DD11S,DD11S200-5B5HD,Sản xuất
DD11S,DD11S200-4B5HD,Sản xuất
DD11S,DD11S200-3B5HD,Sản xuất
DD11S,DD11S200-6B5DN,Sản xuất
DD11S,DD11S200-5B5DN,Sản xuất
DD11S,DD11S200-4B5DN,Sản xuất
DD11S,DD11S200-3B5DN,Sản xuất
DD11S,DD11S200-6B5DT,Sản xuất
DD11S,DD11S200-5B5DT,Sản xuất
DD11S,DD11S200-4B5DT,Sản xuất
DD11S,DD11S200-3B5DT,Sản xuất
DD11S,DD11S200-6B5PT,Sản xuất
DD11S,DD11S200-5B5PT,Sản xuất
DD11S,DD11S200-4B5PT,Sản xuất
DD11S,DD11S200-3B5PT,Sản xuất
DD11S,DD11S200-6B5PD,Sản xuất
DD11S,DD11S200-5B5PD,Sản xuất
DD11S,DD11S200-4B5PD,Sản xuất
DD11S,DD11S200-3B5PD,Sản xuất
DD11S,DD11S200-6B5MT,Sản xuất
DD11S,DD11S200-5B5MT,Sản xuất
DD11S,DD11S200-4B5MT,Sản xuất
DD11S,DD11S200-3B5MT,Sản xuất
DD11S,DD11S200-6B5ID,Sản xuất
DD11S,DD11S200-5B5ID,Sản xuất
DD11S,DD11S200-4B5ID,Sản xuất
DD11S,DD11S200-3B5ID,Sản xuất
DD11S,DD11S200-6B5SL,Sản xuất
DD11S,DD11S200-5B5SL,Sản xuất
DD11S,DD11S200-4B5SL,Sản xuất
DD11S,DD11S200-3B5SL,Sản xuất
DD11S,DD11S200-6P5HN,Sản xuất
DD11S,DD11S200-5P5HN,Sản xuất
DD11S,DD11S200-4P5HN,Sản xuất
DD11S,DD11S200-3P5HN,Sản xuất
DD11S,DD11S200-6P5HT,Sản xuất
DD11S,DD11S200-5P5HT,Sản xuất
DD11S,DD11S200-4P5HT,Sản xuất
DD11S,DD11S200-3P5HT,Sản xuất
DD11S,DD11S200-6P5HD,Sản xuất
DD11S,DD11S200-5P5HD,Sản xuất
DD11S,DD11S200-4P5HD,Sản xuất
DD11S,DD11S200-3P5HD,Sản xuất
DD11S,DD11S200-6P5DN,Sản xuất
DD11S,DD11S200-5P5DN,Sản xuất
DD11S,DD11S200-4P5DN,Sản xuất
DD11S,DD11S200-3P5DN,Sản xuất
DD11S,DD11S200-6P5DT,Sản xuất
DD11S,DD11S200-5P5DT,Sản xuất
DD11S,DD11S200-4P5DT,Sản xuất
DD11S,DD11S200-3P5DT,Sản xuất
DD11S,DD11S200-6P5PT,Sản xuất
DD11S,DD11S200-5P5PT,Sản xuất
DD11S,DD11S200-4P5PT,Sản xuất
DD11S,DD11S200-3P5PT,Sản xuất
DD11S,DD11S200-6P5PD,Sản xuất
DD11S,DD11S200-5P5PD,Sản xuất
DD11S,DD11S200-4P5PD,Sản xuất
DD11S,DD11S200-3P5PD,Sản xuất
DD11S,DD11S200-6P5MT,Sản xuất
DD11S,DD11S200-5P5MT,Sản xuất
DD11S,DD11S200-4P5MT,Sản xuất
DD11S,DD11S200-3P5MT,Sản xuất
DD11S,DD11S200-6P5ID,Sản xuất
DD11S,DD11S200-5P5ID,Sản xuất
DD11S,DD11S200-4P5ID,Sản xuất
DD11S,DD11S200-3P5ID,Sản xuất
DD11S,DD11S200-6P5SL,Sản xuất
DD11S,DD11S200-5P5SL,Sản xuất
DD11S,DD11S200-4P5SL,Sản xuất
DD11S,DD11S200-3P5SL,Sản xuất
DD11S,DD11S250-6B3HN,Sản xuất
DD11S,DD11S250-5B3HN,Sản xuất
DD11S,DD11S250-4B3HN,Sản xuất
DD11S,DD11S250-3B3HN,Sản xuất
DD11S,DD11S250-6B3HT,Sản xuất
DD11S,DD11S250-5B3HT,Sản xuất
DD11S,DD11S250-4B3HT,Sản xuất
DD11S,DD11S250-3B3HT,Sản xuất
DD11S,DD11S250-6B3HD,Sản xuất
DD11S,DD11S250-5B3HD,Sản xuất
DD11S,DD11S250-4B3HD,Sản xuất
DD11S,DD11S250-3B3HD,Sản xuất
DD11S,DD11S250-6B3DN,Sản xuất
DD11S,DD11S250-5B3DN,Sản xuất
DD11S,DD11S250-4B3DN,Sản xuất
DD11S,DD11S250-3B3DN,Sản xuất
DD11S,DD11S250-6B3DT,Sản xuất
DD11S,DD11S250-5B3DT,Sản xuất
DD11S,DD11S250-4B3DT,Sản xuất
DD11S,DD11S250-3B3DT,Sản xuất
DD11S,DD11S250-6B3PT,Sản xuất
DD11S,DD11S250-5B3PT,Sản xuất
DD11S,DD11S250-4B3PT,Sản xuất
DD11S,DD11S250-3B3PT,Sản xuất
DD11S,DD11S250-6B3PD,Sản xuất
DD11S,DD11S250-5B3PD,Sản xuất
DD11S,DD11S250-4B3PD,Sản xuất
DD11S,DD11S250-3B3PD,Sản xuất
DD11S,DD11S250-6B3MT,Sản xuất
DD11S,DD11S250-5B3MT,Sản xuất
DD11S,DD11S250-4B3MT,Sản xuất
DD11S,DD11S250-3B3MT,Sản xuất
DD11S,DD11S250-6B3ID,Sản xuất
DD11S,DD11S250-5B3ID,Sản xuất
DD11S,DD11S250-4B3ID,Sản xuất
DD11S,DD11S250-3B3ID,Sản xuất
DD11S,DD11S250-6B3SL,Sản xuất
DD11S,DD11S250-5B3SL,Sản xuất
DD11S,DD11S250-4B3SL,Sản xuất
DD11S,DD11S250-3B3SL,Sản xuất
DD11S,DD11S250-6P3HN,Sản xuất
DD11S,DD11S250-5P3HN,Sản xuất
DD11S,DD11S250-4P3HN,Sản xuất
DD11S,DD11S250-3P3HN,Sản xuất
DD11S,DD11S250-6P3HT,Sản xuất
DD11S,DD11S250-5P3HT,Sản xuất
DD11S,DD11S250-4P3HT,Sản xuất
DD11S,DD11S250-3P3HT,Sản xuất
DD11S,DD11S250-6P3HD,Sản xuất
DD11S,DD11S250-5P3HD,Sản xuất
DD11S,DD11S250-4P3HD,Sản xuất
DD11S,DD11S250-3P3HD,Sản xuất
DD11S,DD11S250-6P3DN,Sản xuất
DD11S,DD11S250-5P3DN,Sản xuất
DD11S,DD11S250-4P3DN,Sản xuất
DD11S,DD11S250-3P3DN,Sản xuất
DD11S,DD11S250-6P3DT,Sản xuất
DD11S,DD11S250-5P3DT,Sản xuất
DD11S,DD11S250-4P3DT,Sản xuất
DD11S,DD11S250-3P3DT,Sản xuất
DD11S,DD11S250-6P3PT,Sản xuất
DD11S,DD11S250-5P3PT,Sản xuất
DD11S,DD11S250-4P3PT,Sản xuất
DD11S,DD11S250-3P3PT,Sản xuất
DD11S,DD11S250-6P3PD,Sản xuất
DD11S,DD11S250-5P3PD,Sản xuất
DD11S,DD11S250-4P3PD,Sản xuất
DD11S,DD11S250-3P3PD,Sản xuất
DD11S,DD11S250-6P3MT,Sản xuất
DD11S,DD11S250-5P3MT,Sản xuất
DD11S,DD11S250-4P3MT,Sản xuất
DD11S,DD11S250-3P3MT,Sản xuất
DD11S,DD11S250-6P3ID,Sản xuất
DD11S,DD11S250-5P3ID,Sản xuất
DD11S,DD11S250-4P3ID,Sản xuất
DD11S,DD11S250-3P3ID,Sản xuất
DD11S,DD11S250-6P3SL,Sản xuất
DD11S,DD11S250-5P3SL,Sản xuất
DD11S,DD11S250-4P3SL,Sản xuất
DD11S,DD11S250-3P3SL,Sản xuất
DD11S,DD11S250-6B5HN,Sản xuất
DD11S,DD11S250-5B5HN,Sản xuất
DD11S,DD11S250-4B5HN,Sản xuất
DD11S,DD11S250-3B5HN,Sản xuất
DD11S,DD11S250-6B5HT,Sản xuất
DD11S,DD11S250-5B5HT,Sản xuất
DD11S,DD11S250-4B5HT,Sản xuất
DD11S,DD11S250-3B5HT,Sản xuất
DD11S,DD11S250-6B5HD,Sản xuất
DD11S,DD11S250-5B5HD,Sản xuất
DD11S,DD11S250-4B5HD,Sản xuất
DD11S,DD11S250-3B5HD,Sản xuất
DD11S,DD11S250-6B5DN,Sản xuất
DD11S,DD11S250-5B5DN,Sản xuất
DD11S,DD11S250-4B5DN,Sản xuất
DD11S,DD11S250-3B5DN,Sản xuất
DD11S,DD11S250-6B5DT,Sản xuất
DD11S,DD11S250-5B5DT,Sản xuất
DD11S,DD11S250-4B5DT,Sản xuất
DD11S,DD11S250-3B5DT,Sản xuất
DD11S,DD11S250-6B5PT,Sản xuất
DD11S,DD11S250-5B5PT,Sản xuất
DD11S,DD11S250-4B5PT,Sản xuất
DD11S,DD11S250-3B5PT,Sản xuất
DD11S,DD11S250-6B5PD,Sản xuất
DD11S,DD11S250-5B5PD,Sản xuất
DD11S,DD11S250-4B5PD,Sản xuất
DD11S,DD11S250-3B5PD,Sản xuất
DD11S,DD11S250-6B5MT,Sản xuất
DD11S,DD11S250-5B5MT,Sản xuất
DD11S,DD11S250-4B5MT,Sản xuất
DD11S,DD11S250-3B5MT,Sản xuất
DD11S,DD11S250-6B5ID,Sản xuất
DD11S,DD11S250-5B5ID,Sản xuất
DD11S,DD11S250-4B5ID,Sản xuất
DD11S,DD11S250-3B5ID,Sản xuất
DD11S,DD11S250-6B5SL,Sản xuất
DD11S,DD11S250-5B5SL,Sản xuất
DD11S,DD11S250-4B5SL,Sản xuất
DD11S,DD11S250-3B5SL,Sản xuất
DD11S,DD11S250-6P5HN,Sản xuất
DD11S,DD11S250-5P5HN,Sản xuất
DD11S,DD11S250-4P5HN,Sản xuất
DD11S,DD11S250-3P5HN,Sản xuất
DD11S,DD11S250-6P5HT,Sản xuất
DD11S,DD11S250-5P5HT,Sản xuất
DD11S,DD11S250-4P5HT,Sản xuất
DD11S,DD11S250-3P5HT,Sản xuất
DD11S,DD11S250-6P5HD,Sản xuất
DD11S,DD11S250-5P5HD,Sản xuất
DD11S,DD11S250-4P5HD,Sản xuất
DD11S,DD11S250-3P5HD,Sản xuất
DD11S,DD11S250-6P5DN,Sản xuất
DD11S,DD11S250-5P5DN,Sản xuất
DD11S,DD11S250-4P5DN,Sản xuất
DD11S,DD11S250-3P5DN,Sản xuất
DD11S,DD11S250-6P5DT,Sản xuất
DD11S,DD11S250-5P5DT,Sản xuất
DD11S,DD11S250-4P5DT,Sản xuất
DD11S,DD11S250-3P5DT,Sản xuất
DD11S,DD11S250-6P5PT,Sản xuất
DD11S,DD11S250-5P5PT,Sản xuất
DD11S,DD11S250-4P5PT,Sản xuất
DD11S,DD11S250-3P5PT,Sản xuất
DD11S,DD11S250-6P5PD,Sản xuất
DD11S,DD11S250-5P5PD,Sản xuất
DD11S,DD11S250-4P5PD,Sản xuất
DD11S,DD11S250-3P5PD,Sản xuất
DD11S,DD11S250-6P5MT,Sản xuất
DD11S,DD11S250-5P5MT,Sản xuất
DD11S,DD11S250-4P5MT,Sản xuất
DD11S,DD11S250-3P5MT,Sản xuất
DD11S,DD11S250-6P5ID,Sản xuất
DD11S,DD11S250-5P5ID,Sản xuất
DD11S,DD11S250-4P5ID,Sản xuất
DD11S,DD11S250-3P5ID,Sản xuất
DD11S,DD11S250-6P5SL,Sản xuất
DD11S,DD11S250-5P5SL,Sản xuất
DD11S,DD11S250-4P5SL,Sản xuất
DD11S,DD11S250-3P5SL,Sản xuất
DD11S,DD11S300-6B3HN,Sản xuất
DD11S,DD11S300-5B3HN,Sản xuất
DD11S,DD11S300-4B3HN,Sản xuất
DD11S,DD11S300-3B3HN,Sản xuất
DD11S,DD11S300-6B3HT,Sản xuất
DD11S,DD11S300-5B3HT,Sản xuất
DD11S,DD11S300-4B3HT,Sản xuất
DD11S,DD11S300-3B3HT,Sản xuất
DD11S,DD11S300-6B3HD,Sản xuất
DD11S,DD11S300-5B3HD,Sản xuất
DD11S,DD11S300-4B3HD,Sản xuất
DD11S,DD11S300-3B3HD,Sản xuất
DD11S,DD11S300-6B3DN,Sản xuất
DD11S,DD11S300-5B3DN,Sản xuất
DD11S,DD11S300-4B3DN,Sản xuất
DD11S,DD11S300-3B3DN,Sản xuất
DD11S,DD11S300-6B3DT,Sản xuất
DD11S,DD11S300-5B3DT,Sản xuất
DD11S,DD11S300-4B3DT,Sản xuất
DD11S,DD11S300-3B3DT,Sản xuất
DD11S,DD11S300-6B3PT,Sản xuất
DD11S,DD11S300-5B3PT,Sản xuất
DD11S,DD11S300-4B3PT,Sản xuất
DD11S,DD11S300-3B3PT,Sản xuất
DD11S,DD11S300-6B3PD,Sản xuất
DD11S,DD11S300-5B3PD,Sản xuất
DD11S,DD11S300-4B3PD,Sản xuất
DD11S,DD11S300-3B3PD,Sản xuất
DD11S,DD11S300-6B3MT,Sản xuất
DD11S,DD11S300-5B3MT,Sản xuất
DD11S,DD11S300-4B3MT,Sản xuất
DD11S,DD11S300-3B3MT,Sản xuất
DD11S,DD11S300-6B3ID,Sản xuất
DD11S,DD11S300-5B3ID,Sản xuất
DD11S,DD11S300-4B3ID,Sản xuất
DD11S,DD11S300-3B3ID,Sản xuất
DD11S,DD11S300-6B3SL,Sản xuất
DD11S,DD11S300-5B3SL,Sản xuất
DD11S,DD11S300-4B3SL,Sản xuất
DD11S,DD11S300-3B3SL,Sản xuất
DD11S,DD11S300-6P3HN,Sản xuất
DD11S,DD11S300-5P3HN,Sản xuất
DD11S,DD11S300-4P3HN,Sản xuất
DD11S,DD11S300-3P3HN,Sản xuất
DD11S,DD11S300-6P3HT,Sản xuất
DD11S,DD11S300-5P3HT,Sản xuất
DD11S,DD11S300-4P3HT,Sản xuất
DD11S,DD11S300-3P3HT,Sản xuất
DD11S,DD11S300-6P3HD,Sản xuất
DD11S,DD11S300-5P3HD,Sản xuất
DD11S,DD11S300-4P3HD,Sản xuất
DD11S,DD11S300-3P3HD,Sản xuất
DD11S,DD11S300-6P3DN,Sản xuất
DD11S,DD11S300-5P3DN,Sản xuất
DD11S,DD11S300-4P3DN,Sản xuất
DD11S,DD11S300-3P3DN,Sản xuất
DD11S,DD11S300-6P3DT,Sản xuất
DD11S,DD11S300-5P3DT,Sản xuất
DD11S,DD11S300-4P3DT,Sản xuất
DD11S,DD11S300-3P3DT,Sản xuất
DD11S,DD11S300-6P3PT,Sản xuất
DD11S,DD11S300-5P3PT,Sản xuất
DD11S,DD11S300-4P3PT,Sản xuất
DD11S,DD11S300-3P3PT,Sản xuất
DD11S,DD11S300-6P3PD,Sản xuất
DD11S,DD11S300-5P3PD,Sản xuất
DD11S,DD11S300-4P3PD,Sản xuất
DD11S,DD11S300-3P3PD,Sản xuất
DD11S,DD11S300-6P3MT,Sản xuất
DD11S,DD11S300-5P3MT,Sản xuất
DD11S,DD11S300-4P3MT,Sản xuất
DD11S,DD11S300-3P3MT,Sản xuất
DD11S,DD11S300-6P3ID,Sản xuất
DD11S,DD11S300-5P3ID,Sản xuất
DD11S,DD11S300-4P3ID,Sản xuất
DD11S,DD11S300-3P3ID,Sản xuất
DD11S,DD11S300-6P3SL,Sản xuất
DD11S,DD11S300-5P3SL,Sản xuất
DD11S,DD11S300-4P3SL,Sản xuất
DD11S,DD11S300-3P3SL,Sản xuất
DD11S,DD11S300-6B5HN,Sản xuất
DD11S,DD11S300-5B5HN,Sản xuất
DD11S,DD11S300-4B5HN,Sản xuất
DD11S,DD11S300-3B5HN,Sản xuất
DD11S,DD11S300-6B5HT,Sản xuất
DD11S,DD11S300-5B5HT,Sản xuất
DD11S,DD11S300-4B5HT,Sản xuất
DD11S,DD11S300-3B5HT,Sản xuất
DD11S,DD11S300-6B5HD,Sản xuất
DD11S,DD11S300-5B5HD,Sản xuất
DD11S,DD11S300-4B5HD,Sản xuất
DD11S,DD11S300-3B5HD,Sản xuất
DD11S,DD11S300-6B5DN,Sản xuất
DD11S,DD11S300-5B5DN,Sản xuất
DD11S,DD11S300-4B5DN,Sản xuất
DD11S,DD11S300-3B5DN,Sản xuất
DD11S,DD11S300-6B5DT,Sản xuất
DD11S,DD11S300-5B5DT,Sản xuất
DD11S,DD11S300-4B5DT,Sản xuất
DD11S,DD11S300-3B5DT,Sản xuất
DD11S,DD11S300-6B5PT,Sản xuất
DD11S,DD11S300-5B5PT,Sản xuất
DD11S,DD11S300-4B5PT,Sản xuất
DD11S,DD11S300-3B5PT,Sản xuất
DD11S,DD11S300-6B5PD,Sản xuất
DD11S,DD11S300-5B5PD,Sản xuất
DD11S,DD11S300-4B5PD,Sản xuất
DD11S,DD11S300-3B5PD,Sản xuất
DD11S,DD11S300-6B5MT,Sản xuất
DD11S,DD11S300-5B5MT,Sản xuất
DD11S,DD11S300-4B5MT,Sản xuất
DD11S,DD11S300-3B5MT,Sản xuất
DD11S,DD11S300-6B5ID,Sản xuất
DD11S,DD11S300-5B5ID,Sản xuất
DD11S,DD11S300-4B5ID,Sản xuất
DD11S,DD11S300-3B5ID,Sản xuất
DD11S,DD11S300-6B5SL,Sản xuất
DD11S,DD11S300-5B5SL,Sản xuất
DD11S,DD11S300-4B5SL,Sản xuất
DD11S,DD11S300-3B5SL,Sản xuất
DD11S,DD11S300-6P5HN,Sản xuất
DD11S,DD11S300-5P5HN,Sản xuất
DD11S,DD11S300-4P5HN,Sản xuất
DD11S,DD11S300-3P5HN,Sản xuất
DD11S,DD11S300-6P5HT,Sản xuất
DD11S,DD11S300-5P5HT,Sản xuất
DD11S,DD11S300-4P5HT,Sản xuất
DD11S,DD11S300-3P5HT,Sản xuất
DD11S,DD11S300-6P5HD,Sản xuất
DD11S,DD11S300-5P5HD,Sản xuất
DD11S,DD11S300-4P5HD,Sản xuất
DD11S,DD11S300-3P5HD,Sản xuất
DD11S,DD11S300-6P5DN,Sản xuất
DD11S,DD11S300-5P5DN,Sản xuất
DD11S,DD11S300-4P5DN,Sản xuất
DD11S,DD11S300-3P5DN,Sản xuất
DD11S,DD11S300-6P5DT,Sản xuất
DD11S,DD11S300-5P5DT,Sản xuất
DD11S,DD11S300-4P5DT,Sản xuất
DD11S,DD11S300-3P5DT,Sản xuất
DD11S,DD11S300-6P5PT,Sản xuất
DD11S,DD11S300-5P5PT,Sản xuất
DD11S,DD11S300-4P5PT,Sản xuất
DD11S,DD11S300-3P5PT,Sản xuất
DD11S,DD11S300-6P5PD,Sản xuất
DD11S,DD11S300-5P5PD,Sản xuất
DD11S,DD11S300-4P5PD,Sản xuất
DD11S,DD11S300-3P5PD,Sản xuất
DD11S,DD11S300-6P5MT,Sản xuất
DD11S,DD11S300-5P5MT,Sản xuất
DD11S,DD11S300-4P5MT,Sản xuất
DD11S,DD11S300-3P5MT,Sản xuất
DD11S,DD11S300-6P5ID,Sản xuất
DD11S,DD11S300-5P5ID,Sản xuất
DD11S,DD11S300-4P5ID,Sản xuất
DD11S,DD11S300-3P5ID,Sản xuất
DD11S,DD11S300-6P5SL,Sản xuất
DD11S,DD11S300-5P5SL,Sản xuất
DD11S,DD11S300-4P5SL,Sản xuất
DD11S,DD11S300-3P5SL,Sản xuất
DD12S,DD12S050-6B3HN,Sản xuất
DD12S,DD12S050-5B3HN,Sản xuất
DD12S,DD12S050-4B3HN,Sản xuất
DD12S,DD12S050-3B3HN,Sản xuất
DD12S,DD12S050-6B3HT,Sản xuất
DD12S,DD12S050-5B3HT,Sản xuất
DD12S,DD12S050-4B3HT,Sản xuất
DD12S,DD12S050-3B3HT,Sản xuất
DD12S,DD12S050-6B3HD,Sản xuất
DD12S,DD12S050-5B3HD,Sản xuất
DD12S,DD12S050-4B3HD,Sản xuất
DD12S,DD12S050-3B3HD,Sản xuất
DD12S,DD12S050-6B3DN,Sản xuất
DD12S,DD12S050-5B3DN,Sản xuất
DD12S,DD12S050-4B3DN,Sản xuất
DD12S,DD12S050-3B3DN,Sản xuất
DD12S,DD12S050-6B3DT,Sản xuất
DD12S,DD12S050-5B3DT,Sản xuất
DD12S,DD12S050-4B3DT,Sản xuất
DD12S,DD12S050-3B3DT,Sản xuất
DD12S,DD12S050-6B3PT,Sản xuất
DD12S,DD12S050-5B3PT,Sản xuất
DD12S,DD12S050-4B3PT,Sản xuất
DD12S,DD12S050-3B3PT,Sản xuất
DD12S,DD12S050-6B3PD,Sản xuất
DD12S,DD12S050-5B3PD,Sản xuất
DD12S,DD12S050-4B3PD,Sản xuất
DD12S,DD12S050-3B3PD,Sản xuất
DD12S,DD12S050-6B3MT,Sản xuất
DD12S,DD12S050-5B3MT,Sản xuất
DD12S,DD12S050-4B3MT,Sản xuất
DD12S,DD12S050-3B3MT,Sản xuất
DD12S,DD12S050-6B3ID,Sản xuất
DD12S,DD12S050-5B3ID,Sản xuất
DD12S,DD12S050-4B3ID,Sản xuất
DD12S,DD12S050-3B3ID,Sản xuất
DD12S,DD12S050-6B3SL,Sản xuất
DD12S,DD12S050-5B3SL,Sản xuất
DD12S,DD12S050-4B3SL,Sản xuất
DD12S,DD12S050-3B3SL,Sản xuất
DD12S,DD12S050-6P3HN,Sản xuất
DD12S,DD12S050-5P3HN,Sản xuất
DD12S,DD12S050-4P3HN,Sản xuất
DD12S,DD12S050-3P3HN,Sản xuất
DD12S,DD12S050-6P3HT,Sản xuất
DD12S,DD12S050-5P3HT,Sản xuất
DD12S,DD12S050-4P3HT,Sản xuất
DD12S,DD12S050-3P3HT,Sản xuất
DD12S,DD12S050-6P3HD,Sản xuất
DD12S,DD12S050-5P3HD,Sản xuất
DD12S,DD12S050-4P3HD,Sản xuất
DD12S,DD12S050-3P3HD,Sản xuất
DD12S,DD12S050-6P3DN,Sản xuất
DD12S,DD12S050-5P3DN,Sản xuất
DD12S,DD12S050-4P3DN,Sản xuất
DD12S,DD12S050-3P3DN,Sản xuất
DD12S,DD12S050-6P3DT,Sản xuất
DD12S,DD12S050-5P3DT,Sản xuất
DD12S,DD12S050-4P3DT,Sản xuất
DD12S,DD12S050-3P3DT,Sản xuất
DD12S,DD12S050-6P3PT,Sản xuất
DD12S,DD12S050-5P3PT,Sản xuất
DD12S,DD12S050-4P3PT,Sản xuất
DD12S,DD12S050-3P3PT,Sản xuất
DD12S,DD12S050-6P3PD,Sản xuất
DD12S,DD12S050-5P3PD,Sản xuất
DD12S,DD12S050-4P3PD,Sản xuất
DD12S,DD12S050-3P3PD,Sản xuất
DD12S,DD12S050-6P3MT,Sản xuất
DD12S,DD12S050-5P3MT,Sản xuất
DD12S,DD12S050-4P3MT,Sản xuất
DD12S,DD12S050-3P3MT,Sản xuất
DD12S,DD12S050-6P3ID,Sản xuất
DD12S,DD12S050-5P3ID,Sản xuất
DD12S,DD12S050-4P3ID,Sản xuất
DD12S,DD12S050-3P3ID,Sản xuất
DD12S,DD12S050-6P3SL,Sản xuất
DD12S,DD12S050-5P3SL,Sản xuất
DD12S,DD12S050-4P3SL,Sản xuất
DD12S,DD12S050-3P3SL,Sản xuất
DD12S,DD12S050-6B5HN,Sản xuất
DD12S,DD12S050-5B5HN,Sản xuất
DD12S,DD12S050-4B5HN,Sản xuất
DD12S,DD12S050-3B5HN,Sản xuất
DD12S,DD12S050-6B5HT,Sản xuất
DD12S,DD12S050-5B5HT,Sản xuất
DD12S,DD12S050-4B5HT,Sản xuất
DD12S,DD12S050-3B5HT,Sản xuất
DD12S,DD12S050-6B5HD,Sản xuất
DD12S,DD12S050-5B5HD,Sản xuất
DD12S,DD12S050-4B5HD,Sản xuất
DD12S,DD12S050-3B5HD,Sản xuất
DD12S,DD12S050-6B5DN,Sản xuất
DD12S,DD12S050-5B5DN,Sản xuất
DD12S,DD12S050-4B5DN,Sản xuất
DD12S,DD12S050-3B5DN,Sản xuất
DD12S,DD12S050-6B5DT,Sản xuất
DD12S,DD12S050-5B5DT,Sản xuất
DD12S,DD12S050-4B5DT,Sản xuất
DD12S,DD12S050-3B5DT,Sản xuất
DD12S,DD12S050-6B5PT,Sản xuất
DD12S,DD12S050-5B5PT,Sản xuất
DD12S,DD12S050-4B5PT,Sản xuất
DD12S,DD12S050-3B5PT,Sản xuất
DD12S,DD12S050-6B5PD,Sản xuất
DD12S,DD12S050-5B5PD,Sản xuất
DD12S,DD12S050-4B5PD,Sản xuất
DD12S,DD12S050-3B5PD,Sản xuất
DD12S,DD12S050-6B5MT,Sản xuất
DD12S,DD12S050-5B5MT,Sản xuất
DD12S,DD12S050-4B5MT,Sản xuất
DD12S,DD12S050-3B5MT,Sản xuất
DD12S,DD12S050-6B5ID,Sản xuất
DD12S,DD12S050-5B5ID,Sản xuất
DD12S,DD12S050-4B5ID,Sản xuất
DD12S,DD12S050-3B5ID,Sản xuất
DD12S,DD12S050-6B5SL,Sản xuất
DD12S,DD12S050-5B5SL,Sản xuất
DD12S,DD12S050-4B5SL,Sản xuất
DD12S,DD12S050-3B5SL,Sản xuất
DD12S,DD12S050-6P5HN,Sản xuất
DD12S,DD12S050-5P5HN,Sản xuất
DD12S,DD12S050-4P5HN,Sản xuất
DD12S,DD12S050-3P5HN,Sản xuất
DD12S,DD12S050-6P5HT,Sản xuất
DD12S,DD12S050-5P5HT,Sản xuất
DD12S,DD12S050-4P5HT,Sản xuất
DD12S,DD12S050-3P5HT,Sản xuất
DD12S,DD12S050-6P5HD,Sản xuất
DD12S,DD12S050-5P5HD,Sản xuất
DD12S,DD12S050-4P5HD,Sản xuất
DD12S,DD12S050-3P5HD,Sản xuất
DD12S,DD12S050-6P5DN,Sản xuất
DD12S,DD12S050-5P5DN,Sản xuất
DD12S,DD12S050-4P5DN,Sản xuất
DD12S,DD12S050-3P5DN,Sản xuất
DD12S,DD12S050-6P5DT,Sản xuất
DD12S,DD12S050-5P5DT,Sản xuất
DD12S,DD12S050-4P5DT,Sản xuất
DD12S,DD12S050-3P5DT,Sản xuất
DD12S,DD12S050-6P5PT,Sản xuất
DD12S,DD12S050-5P5PT,Sản xuất
DD12S,DD12S050-4P5PT,Sản xuất
DD12S,DD12S050-3P5PT,Sản xuất
DD12S,DD12S050-6P5PD,Sản xuất
DD12S,DD12S050-5P5PD,Sản xuất
DD12S,DD12S050-4P5PD,Sản xuất
DD12S,DD12S050-3P5PD,Sản xuất
DD12S,DD12S050-6P5MT,Sản xuất
DD12S,DD12S050-5P5MT,Sản xuất
DD12S,DD12S050-4P5MT,Sản xuất
DD12S,DD12S050-3P5MT,Sản xuất
DD12S,DD12S050-6P5ID,Sản xuất
DD12S,DD12S050-5P5ID,Sản xuất
DD12S,DD12S050-4P5ID,Sản xuất
DD12S,DD12S050-3P5ID,Sản xuất
DD12S,DD12S050-6P5SL,Sản xuất
DD12S,DD12S050-5P5SL,Sản xuất
DD12S,DD12S050-4P5SL,Sản xuất
DD12S,DD12S050-3P5SL,Sản xuất
DD12S,DD12S100-6B3HN,Sản xuất
DD12S,DD12S100-5B3HN,Sản xuất
DD12S,DD12S100-4B3HN,Sản xuất
DD12S,DD12S100-3B3HN,Sản xuất
DD12S,DD12S100-6B3HT,Sản xuất
DD12S,DD12S100-5B3HT,Sản xuất
DD12S,DD12S100-4B3HT,Sản xuất
DD12S,DD12S100-3B3HT,Sản xuất
DD12S,DD12S100-6B3HD,Sản xuất
DD12S,DD12S100-5B3HD,Sản xuất
DD12S,DD12S100-4B3HD,Sản xuất
DD12S,DD12S100-3B3HD,Sản xuất
DD12S,DD12S100-6B3DN,Sản xuất
DD12S,DD12S100-5B3DN,Sản xuất
DD12S,DD12S100-4B3DN,Sản xuất
DD12S,DD12S100-3B3DN,Sản xuất
DD12S,DD12S100-6B3DT,Sản xuất
DD12S,DD12S100-5B3DT,Sản xuất
DD12S,DD12S100-4B3DT,Sản xuất
DD12S,DD12S100-3B3DT,Sản xuất
DD12S,DD12S100-6B3PT,Sản xuất
DD12S,DD12S100-5B3PT,Sản xuất
DD12S,DD12S100-4B3PT,Sản xuất
DD12S,DD12S100-3B3PT,Sản xuất
DD12S,DD12S100-6B3PD,Sản xuất
DD12S,DD12S100-5B3PD,Sản xuất
DD12S,DD12S100-4B3PD,Sản xuất
DD12S,DD12S100-3B3PD,Sản xuất
DD12S,DD12S100-6B3MT,Sản xuất
DD12S,DD12S100-5B3MT,Sản xuất
DD12S,DD12S100-4B3MT,Sản xuất
DD12S,DD12S100-3B3MT,Sản xuất
DD12S,DD12S100-6B3ID,Sản xuất
DD12S,DD12S100-5B3ID,Sản xuất
DD12S,DD12S100-4B3ID,Sản xuất
DD12S,DD12S100-3B3ID,Sản xuất
DD12S,DD12S100-6B3SL,Sản xuất
DD12S,DD12S100-5B3SL,Sản xuất
DD12S,DD12S100-4B3SL,Sản xuất
DD12S,DD12S100-3B3SL,Sản xuất
DD12S,DD12S100-6P3HN,Sản xuất
DD12S,DD12S100-5P3HN,Sản xuất
DD12S,DD12S100-4P3HN,Sản xuất
DD12S,DD12S100-3P3HN,Sản xuất
DD12S,DD12S100-6P3HT,Sản xuất
DD12S,DD12S100-5P3HT,Sản xuất
DD12S,DD12S100-4P3HT,Sản xuất
DD12S,DD12S100-3P3HT,Sản xuất
DD12S,DD12S100-6P3HD,Sản xuất
DD12S,DD12S100-5P3HD,Sản xuất
DD12S,DD12S100-4P3HD,Sản xuất
DD12S,DD12S100-3P3HD,Sản xuất
DD12S,DD12S100-6P3DN,Sản xuất
DD12S,DD12S100-5P3DN,Sản xuất
DD12S,DD12S100-4P3DN,Sản xuất
DD12S,DD12S100-3P3DN,Sản xuất
DD12S,DD12S100-6P3DT,Sản xuất
DD12S,DD12S100-5P3DT,Sản xuất
DD12S,DD12S100-4P3DT,Sản xuất
DD12S,DD12S100-3P3DT,Sản xuất
DD12S,DD12S100-6P3PT,Sản xuất
DD12S,DD12S100-5P3PT,Sản xuất
DD12S,DD12S100-4P3PT,Sản xuất
DD12S,DD12S100-3P3PT,Sản xuất
DD12S,DD12S100-6P3PD,Sản xuất
DD12S,DD12S100-5P3PD,Sản xuất
DD12S,DD12S100-4P3PD,Sản xuất
DD12S,DD12S100-3P3PD,Sản xuất
DD12S,DD12S100-6P3MT,Sản xuất
DD12S,DD12S100-5P3MT,Sản xuất
DD12S,DD12S100-4P3MT,Sản xuất
DD12S,DD12S100-3P3MT,Sản xuất
DD12S,DD12S100-6P3ID,Sản xuất
DD12S,DD12S100-5P3ID,Sản xuất
DD12S,DD12S100-4P3ID,Sản xuất
DD12S,DD12S100-3P3ID,Sản xuất
DD12S,DD12S100-6P3SL,Sản xuất
DD12S,DD12S100-5P3SL,Sản xuất
DD12S,DD12S100-4P3SL,Sản xuất
DD12S,DD12S100-3P3SL,Sản xuất
DD12S,DD12S100-6B5HN,Sản xuất
DD12S,DD12S100-5B5HN,Sản xuất
DD12S,DD12S100-4B5HN,Sản xuất
DD12S,DD12S100-3B5HN,Sản xuất
DD12S,DD12S100-6B5HT,Sản xuất
DD12S,DD12S100-5B5HT,Sản xuất
DD12S,DD12S100-4B5HT,Sản xuất
DD12S,DD12S100-3B5HT,Sản xuất
DD12S,DD12S100-6B5HD,Sản xuất
DD12S,DD12S100-5B5HD,Sản xuất
DD12S,DD12S100-4B5HD,Sản xuất
DD12S,DD12S100-3B5HD,Sản xuất
DD12S,DD12S100-6B5DN,Sản xuất
DD12S,DD12S100-5B5DN,Sản xuất
DD12S,DD12S100-4B5DN,Sản xuất
DD12S,DD12S100-3B5DN,Sản xuất
DD12S,DD12S100-6B5DT,Sản xuất
DD12S,DD12S100-5B5DT,Sản xuất
DD12S,DD12S100-4B5DT,Sản xuất
DD12S,DD12S100-3B5DT,Sản xuất
DD12S,DD12S100-6B5PT,Sản xuất
DD12S,DD12S100-5B5PT,Sản xuất
DD12S,DD12S100-4B5PT,Sản xuất
DD12S,DD12S100-3B5PT,Sản xuất
DD12S,DD12S100-6B5PD,Sản xuất
DD12S,DD12S100-5B5PD,Sản xuất
DD12S,DD12S100-4B5PD,Sản xuất
DD12S,DD12S100-3B5PD,Sản xuất
DD12S,DD12S100-6B5MT,Sản xuất
DD12S,DD12S100-5B5MT,Sản xuất
DD12S,DD12S100-4B5MT,Sản xuất
DD12S,DD12S100-3B5MT,Sản xuất
DD12S,DD12S100-6B5ID,Sản xuất
DD12S,DD12S100-5B5ID,Sản xuất
DD12S,DD12S100-4B5ID,Sản xuất
DD12S,DD12S100-3B5ID,Sản xuất
DD12S,DD12S100-6B5SL,Sản xuất
DD12S,DD12S100-5B5SL,Sản xuất
DD12S,DD12S100-4B5SL,Sản xuất
DD12S,DD12S100-3B5SL,Sản xuất
DD12S,DD12S100-6P5HN,Sản xuất
DD12S,DD12S100-5P5HN,Sản xuất
DD12S,DD12S100-4P5HN,Sản xuất
DD12S,DD12S100-3P5HN,Sản xuất
DD12S,DD12S100-6P5HT,Sản xuất
DD12S,DD12S100-5P5HT,Sản xuất
DD12S,DD12S100-4P5HT,Sản xuất
DD12S,DD12S100-3P5HT,Sản xuất
DD12S,DD12S100-6P5HD,Sản xuất
DD12S,DD12S100-5P5HD,Sản xuất
DD12S,DD12S100-4P5HD,Sản xuất
DD12S,DD12S100-3P5HD,Sản xuất
DD12S,DD12S100-6P5DN,Sản xuất
DD12S,DD12S100-5P5DN,Sản xuất
DD12S,DD12S100-4P5DN,Sản xuất
DD12S,DD12S100-3P5DN,Sản xuất
DD12S,DD12S100-6P5DT,Sản xuất
DD12S,DD12S100-5P5DT,Sản xuất
DD12S,DD12S100-4P5DT,Sản xuất
DD12S,DD12S100-3P5DT,Sản xuất
DD12S,DD12S100-6P5PT,Sản xuất
DD12S,DD12S100-5P5PT,Sản xuất
DD12S,DD12S100-4P5PT,Sản xuất
DD12S,DD12S100-3P5PT,Sản xuất
DD12S,DD12S100-6P5PD,Sản xuất
DD12S,DD12S100-5P5PD,Sản xuất
DD12S,DD12S100-4P5PD,Sản xuất
DD12S,DD12S100-3P5PD,Sản xuất
DD12S,DD12S100-6P5MT,Sản xuất
DD12S,DD12S100-5P5MT,Sản xuất
DD12S,DD12S100-4P5MT,Sản xuất
DD12S,DD12S100-3P5MT,Sản xuất
DD12S,DD12S100-6P5ID,Sản xuất
DD12S,DD12S100-5P5ID,Sản xuất
DD12S,DD12S100-4P5ID,Sản xuất
DD12S,DD12S100-3P5ID,Sản xuất
DD12S,DD12S100-6P5SL,Sản xuất
DD12S,DD12S100-5P5SL,Sản xuất
DD12S,DD12S100-4P5SL,Sản xuất
DD12S,DD12S100-3P5SL,Sản xuất
DD12S,DD12S150-6B3HN,Sản xuất
DD12S,DD12S150-5B3HN,Sản xuất
DD12S,DD12S150-4B3HN,Sản xuất
DD12S,DD12S150-3B3HN,Sản xuất
DD12S,DD12S150-6B3HT,Sản xuất
DD12S,DD12S150-5B3HT,Sản xuất
DD12S,DD12S150-4B3HT,Sản xuất
DD12S,DD12S150-3B3HT,Sản xuất
DD12S,DD12S150-6B3HD,Sản xuất
DD12S,DD12S150-5B3HD,Sản xuất
DD12S,DD12S150-4B3HD,Sản xuất
DD12S,DD12S150-3B3HD,Sản xuất
DD12S,DD12S150-6B3DN,Sản xuất
DD12S,DD12S150-5B3DN,Sản xuất
DD12S,DD12S150-4B3DN,Sản xuất
DD12S,DD12S150-3B3DN,Sản xuất
DD12S,DD12S150-6B3DT,Sản xuất
DD12S,DD12S150-5B3DT,Sản xuất
DD12S,DD12S150-4B3DT,Sản xuất
DD12S,DD12S150-3B3DT,Sản xuất
DD12S,DD12S150-6B3PT,Sản xuất
DD12S,DD12S150-5B3PT,Sản xuất
DD12S,DD12S150-4B3PT,Sản xuất
DD12S,DD12S150-3B3PT,Sản xuất
DD12S,DD12S150-6B3PD,Sản xuất
DD12S,DD12S150-5B3PD,Sản xuất
DD12S,DD12S150-4B3PD,Sản xuất
DD12S,DD12S150-3B3PD,Sản xuất
DD12S,DD12S150-6B3MT,Sản xuất
DD12S,DD12S150-5B3MT,Sản xuất
DD12S,DD12S150-4B3MT,Sản xuất
DD12S,DD12S150-3B3MT,Sản xuất
DD12S,DD12S150-6B3ID,Sản xuất
DD12S,DD12S150-5B3ID,Sản xuất
DD12S,DD12S150-4B3ID,Sản xuất
DD12S,DD12S150-3B3ID,Sản xuất
DD12S,DD12S150-6B3SL,Sản xuất
DD12S,DD12S150-5B3SL,Sản xuất
DD12S,DD12S150-4B3SL,Sản xuất
DD12S,DD12S150-3B3SL,Sản xuất
DD12S,DD12S150-6P3HN,Sản xuất
DD12S,DD12S150-5P3HN,Sản xuất
DD12S,DD12S150-4P3HN,Sản xuất
DD12S,DD12S150-3P3HN,Sản xuất
DD12S,DD12S150-6P3HT,Sản xuất
DD12S,DD12S150-5P3HT,Sản xuất
DD12S,DD12S150-4P3HT,Sản xuất
DD12S,DD12S150-3P3HT,Sản xuất
DD12S,DD12S150-6P3HD,Sản xuất
DD12S,DD12S150-5P3HD,Sản xuất
DD12S,DD12S150-4P3HD,Sản xuất
DD12S,DD12S150-3P3HD,Sản xuất
DD12S,DD12S150-6P3DN,Sản xuất
DD12S,DD12S150-5P3DN,Sản xuất
DD12S,DD12S150-4P3DN,Sản xuất
DD12S,DD12S150-3P3DN,Sản xuất
DD12S,DD12S150-6P3DT,Sản xuất
DD12S,DD12S150-5P3DT,Sản xuất
DD12S,DD12S150-4P3DT,Sản xuất
DD12S,DD12S150-3P3DT,Sản xuất
DD12S,DD12S150-6P3PT,Sản xuất
DD12S,DD12S150-5P3PT,Sản xuất
DD12S,DD12S150-4P3PT,Sản xuất
DD12S,DD12S150-3P3PT,Sản xuất
DD12S,DD12S150-6P3PD,Sản xuất
DD12S,DD12S150-5P3PD,Sản xuất
DD12S,DD12S150-4P3PD,Sản xuất
DD12S,DD12S150-3P3PD,Sản xuất
DD12S,DD12S150-6P3MT,Sản xuất
DD12S,DD12S150-5P3MT,Sản xuất
DD12S,DD12S150-4P3MT,Sản xuất
DD12S,DD12S150-3P3MT,Sản xuất
DD12S,DD12S150-6P3ID,Sản xuất
DD12S,DD12S150-5P3ID,Sản xuất
DD12S,DD12S150-4P3ID,Sản xuất
DD12S,DD12S150-3P3ID,Sản xuất
DD12S,DD12S150-6P3SL,Sản xuất
DD12S,DD12S150-5P3SL,Sản xuất
DD12S,DD12S150-4P3SL,Sản xuất
DD12S,DD12S150-3P3SL,Sản xuất
DD12S,DD12S150-6B5HN,Sản xuất
DD12S,DD12S150-5B5HN,Sản xuất
DD12S,DD12S150-4B5HN,Sản xuất
DD12S,DD12S150-3B5HN,Sản xuất
DD12S,DD12S150-6B5HT,Sản xuất
DD12S,DD12S150-5B5HT,Sản xuất
DD12S,DD12S150-4B5HT,Sản xuất
DD12S,DD12S150-3B5HT,Sản xuất
DD12S,DD12S150-6B5HD,Sản xuất
DD12S,DD12S150-5B5HD,Sản xuất
DD12S,DD12S150-4B5HD,Sản xuất
DD12S,DD12S150-3B5HD,Sản xuất
DD12S,DD12S150-6B5DN,Sản xuất
DD12S,DD12S150-5B5DN,Sản xuất
DD12S,DD12S150-4B5DN,Sản xuất
DD12S,DD12S150-3B5DN,Sản xuất
DD12S,DD12S150-6B5DT,Sản xuất
DD12S,DD12S150-5B5DT,Sản xuất
DD12S,DD12S150-4B5DT,Sản xuất
DD12S,DD12S150-3B5DT,Sản xuất
DD12S,DD12S150-6B5PT,Sản xuất
DD12S,DD12S150-5B5PT,Sản xuất
DD12S,DD12S150-4B5PT,Sản xuất
DD12S,DD12S150-3B5PT,Sản xuất
DD12S,DD12S150-6B5PD,Sản xuất
DD12S,DD12S150-5B5PD,Sản xuất
DD12S,DD12S150-4B5PD,Sản xuất
DD12S,DD12S150-3B5PD,Sản xuất
DD12S,DD12S150-6B5MT,Sản xuất
DD12S,DD12S150-5B5MT,Sản xuất
DD12S,DD12S150-4B5MT,Sản xuất
DD12S,DD12S150-3B5MT,Sản xuất
DD12S,DD12S150-6B5ID,Sản xuất
DD12S,DD12S150-5B5ID,Sản xuất
DD12S,DD12S150-4B5ID,Sản xuất
DD12S,DD12S150-3B5ID,Sản xuất
DD12S,DD12S150-6B5SL,Sản xuất
DD12S,DD12S150-5B5SL,Sản xuất
DD12S,DD12S150-4B5SL,Sản xuất
DD12S,DD12S150-3B5SL,Sản xuất
DD12S,DD12S150-6P5HN,Sản xuất
DD12S,DD12S150-5P5HN,Sản xuất
DD12S,DD12S150-4P5HN,Sản xuất
DD12S,DD12S150-3P5HN,Sản xuất
DD12S,DD12S150-6P5HT,Sản xuất
DD12S,DD12S150-5P5HT,Sản xuất
DD12S,DD12S150-4P5HT,Sản xuất
DD12S,DD12S150-3P5HT,Sản xuất
DD12S,DD12S150-6P5HD,Sản xuất
DD12S,DD12S150-5P5HD,Sản xuất
DD12S,DD12S150-4P5HD,Sản xuất
DD12S,DD12S150-3P5HD,Sản xuất
DD12S,DD12S150-6P5DN,Sản xuất
DD12S,DD12S150-5P5DN,Sản xuất
DD12S,DD12S150-4P5DN,Sản xuất
DD12S,DD12S150-3P5DN,Sản xuất
DD12S,DD12S150-6P5DT,Sản xuất
DD12S,DD12S150-5P5DT,Sản xuất
DD12S,DD12S150-4P5DT,Sản xuất
DD12S,DD12S150-3P5DT,Sản xuất
DD12S,DD12S150-6P5PT,Sản xuất
DD12S,DD12S150-5P5PT,Sản xuất
DD12S,DD12S150-4P5PT,Sản xuất
DD12S,DD12S150-3P5PT,Sản xuất
DD12S,DD12S150-6P5PD,Sản xuất
DD12S,DD12S150-5P5PD,Sản xuất
DD12S,DD12S150-4P5PD,Sản xuất
DD12S,DD12S150-3P5PD,Sản xuất
DD12S,DD12S150-6P5MT,Sản xuất
DD12S,DD12S150-5P5MT,Sản xuất
DD12S,DD12S150-4P5MT,Sản xuất
DD12S,DD12S150-3P5MT,Sản xuất
DD12S,DD12S150-6P5ID,Sản xuất
DD12S,DD12S150-5P5ID,Sản xuất
DD12S,DD12S150-4P5ID,Sản xuất
DD12S,DD12S150-3P5ID,Sản xuất
DD12S,DD12S150-6P5SL,Sản xuất
DD12S,DD12S150-5P5SL,Sản xuất
DD12S,DD12S150-4P5SL,Sản xuất
DD12S,DD12S150-3P5SL,Sản xuất
DD12S,DD12S200-6B3HN,Sản xuất
DD12S,DD12S200-5B3HN,Sản xuất
DD12S,DD12S200-4B3HN,Sản xuất
DD12S,DD12S200-3B3HN,Sản xuất
DD12S,DD12S200-6B3HT,Sản xuất
DD12S,DD12S200-5B3HT,Sản xuất
DD12S,DD12S200-4B3HT,Sản xuất
DD12S,DD12S200-3B3HT,Sản xuất
DD12S,DD12S200-6B3HD,Sản xuất
DD12S,DD12S200-5B3HD,Sản xuất
DD12S,DD12S200-4B3HD,Sản xuất
DD12S,DD12S200-3B3HD,Sản xuất
DD12S,DD12S200-6B3DN,Sản xuất
DD12S,DD12S200-5B3DN,Sản xuất
DD12S,DD12S200-4B3DN,Sản xuất
DD12S,DD12S200-3B3DN,Sản xuất
DD12S,DD12S200-6B3DT,Sản xuất
DD12S,DD12S200-5B3DT,Sản xuất
DD12S,DD12S200-4B3DT,Sản xuất
DD12S,DD12S200-3B3DT,Sản xuất
DD12S,DD12S200-6B3PT,Sản xuất
DD12S,DD12S200-5B3PT,Sản xuất
DD12S,DD12S200-4B3PT,Sản xuất
DD12S,DD12S200-3B3PT,Sản xuất
DD12S,DD12S200-6B3PD,Sản xuất
DD12S,DD12S200-5B3PD,Sản xuất
DD12S,DD12S200-4B3PD,Sản xuất
DD12S,DD12S200-3B3PD,Sản xuất
DD12S,DD12S200-6B3MT,Sản xuất
DD12S,DD12S200-5B3MT,Sản xuất
DD12S,DD12S200-4B3MT,Sản xuất
DD12S,DD12S200-3B3MT,Sản xuất
DD12S,DD12S200-6B3ID,Sản xuất
DD12S,DD12S200-5B3ID,Sản xuất
DD12S,DD12S200-4B3ID,Sản xuất
DD12S,DD12S200-3B3ID,Sản xuất
DD12S,DD12S200-6B3SL,Sản xuất
DD12S,DD12S200-5B3SL,Sản xuất
DD12S,DD12S200-4B3SL,Sản xuất
DD12S,DD12S200-3B3SL,Sản xuất
DD12S,DD12S200-6P3HN,Sản xuất
DD12S,DD12S200-5P3HN,Sản xuất
DD12S,DD12S200-4P3HN,Sản xuất
DD12S,DD12S200-3P3HN,Sản xuất
DD12S,DD12S200-6P3HT,Sản xuất
DD12S,DD12S200-5P3HT,Sản xuất
DD12S,DD12S200-4P3HT,Sản xuất
DD12S,DD12S200-3P3HT,Sản xuất
DD12S,DD12S200-6P3HD,Sản xuất
DD12S,DD12S200-5P3HD,Sản xuất
DD12S,DD12S200-4P3HD,Sản xuất
DD12S,DD12S200-3P3HD,Sản xuất
DD12S,DD12S200-6P3DN,Sản xuất
DD12S,DD12S200-5P3DN,Sản xuất
DD12S,DD12S200-4P3DN,Sản xuất
DD12S,DD12S200-3P3DN,Sản xuất
DD12S,DD12S200-6P3DT,Sản xuất
DD12S,DD12S200-5P3DT,Sản xuất
DD12S,DD12S200-4P3DT,Sản xuất
DD12S,DD12S200-3P3DT,Sản xuất
DD12S,DD12S200-6P3PT,Sản xuất
DD12S,DD12S200-5P3PT,Sản xuất
DD12S,DD12S200-4P3PT,Sản xuất
DD12S,DD12S200-3P3PT,Sản xuất
DD12S,DD12S200-6P3PD,Sản xuất
DD12S,DD12S200-5P3PD,Sản xuất
DD12S,DD12S200-4P3PD,Sản xuất
DD12S,DD12S200-3P3PD,Sản xuất
DD12S,DD12S200-6P3MT,Sản xuất
DD12S,DD12S200-5P3MT,Sản xuất
DD12S,DD12S200-4P3MT,Sản xuất
DD12S,DD12S200-3P3MT,Sản xuất
DD12S,DD12S200-6P3ID,Sản xuất
DD12S,DD12S200-5P3ID,Sản xuất
DD12S,DD12S200-4P3ID,Sản xuất
DD12S,DD12S200-3P3ID,Sản xuất
DD12S,DD12S200-6P3SL,Sản xuất
DD12S,DD12S200-5P3SL,Sản xuất
DD12S,DD12S200-4P3SL,Sản xuất
DD12S,DD12S200-3P3SL,Sản xuất
DD12S,DD12S200-6B5HN,Sản xuất
DD12S,DD12S200-5B5HN,Sản xuất
DD12S,DD12S200-4B5HN,Sản xuất
DD12S,DD12S200-3B5HN,Sản xuất
DD12S,DD12S200-6B5HT,Sản xuất
DD12S,DD12S200-5B5HT,Sản xuất
DD12S,DD12S200-4B5HT,Sản xuất
DD12S,DD12S200-3B5HT,Sản xuất
DD12S,DD12S200-6B5HD,Sản xuất
DD12S,DD12S200-5B5HD,Sản xuất
DD12S,DD12S200-4B5HD,Sản xuất
DD12S,DD12S200-3B5HD,Sản xuất
DD12S,DD12S200-6B5DN,Sản xuất
DD12S,DD12S200-5B5DN,Sản xuất
DD12S,DD12S200-4B5DN,Sản xuất
DD12S,DD12S200-3B5DN,Sản xuất
DD12S,DD12S200-6B5DT,Sản xuất
DD12S,DD12S200-5B5DT,Sản xuất
DD12S,DD12S200-4B5DT,Sản xuất
DD12S,DD12S200-3B5DT,Sản xuất
DD12S,DD12S200-6B5PT,Sản xuất
DD12S,DD12S200-5B5PT,Sản xuất
DD12S,DD12S200-4B5PT,Sản xuất
DD12S,DD12S200-3B5PT,Sản xuất
DD12S,DD12S200-6B5PD,Sản xuất
DD12S,DD12S200-5B5PD,Sản xuất
DD12S,DD12S200-4B5PD,Sản xuất
DD12S,DD12S200-3B5PD,Sản xuất
DD12S,DD12S200-6B5MT,Sản xuất
DD12S,DD12S200-5B5MT,Sản xuất
DD12S,DD12S200-4B5MT,Sản xuất
DD12S,DD12S200-3B5MT,Sản xuất
DD12S,DD12S200-6B5ID,Sản xuất
DD12S,DD12S200-5B5ID,Sản xuất
DD12S,DD12S200-4B5ID,Sản xuất
DD12S,DD12S200-3B5ID,Sản xuất
DD12S,DD12S200-6B5SL,Sản xuất
DD12S,DD12S200-5B5SL,Sản xuất
DD12S,DD12S200-4B5SL,Sản xuất
DD12S,DD12S200-3B5SL,Sản xuất
DD12S,DD12S200-6P5HN,Sản xuất
DD12S,DD12S200-5P5HN,Sản xuất
DD12S,DD12S200-4P5HN,Sản xuất
DD12S,DD12S200-3P5HN,Sản xuất
DD12S,DD12S200-6P5HT,Sản xuất
DD12S,DD12S200-5P5HT,Sản xuất
DD12S,DD12S200-4P5HT,Sản xuất
DD12S,DD12S200-3P5HT,Sản xuất
DD12S,DD12S200-6P5HD,Sản xuất
DD12S,DD12S200-5P5HD,Sản xuất
DD12S,DD12S200-4P5HD,Sản xuất
DD12S,DD12S200-3P5HD,Sản xuất
DD12S,DD12S200-6P5DN,Sản xuất
DD12S,DD12S200-5P5DN,Sản xuất
DD12S,DD12S200-4P5DN,Sản xuất
DD12S,DD12S200-3P5DN,Sản xuất
DD12S,DD12S200-6P5DT,Sản xuất
DD12S,DD12S200-5P5DT,Sản xuất
DD12S,DD12S200-4P5DT,Sản xuất
DD12S,DD12S200-3P5DT,Sản xuất
DD12S,DD12S200-6P5PT,Sản xuất
DD12S,DD12S200-5P5PT,Sản xuất
DD12S,DD12S200-4P5PT,Sản xuất
DD12S,DD12S200-3P5PT,Sản xuất
DD12S,DD12S200-6P5PD,Sản xuất
DD12S,DD12S200-5P5PD,Sản xuất
DD12S,DD12S200-4P5PD,Sản xuất
DD12S,DD12S200-3P5PD,Sản xuất
DD12S,DD12S200-6P5MT,Sản xuất
DD12S,DD12S200-5P5MT,Sản xuất
DD12S,DD12S200-4P5MT,Sản xuất
DD12S,DD12S200-3P5MT,Sản xuất
DD12S,DD12S200-6P5ID,Sản xuất
DD12S,DD12S200-5P5ID,Sản xuất
DD12S,DD12S200-4P5ID,Sản xuất
DD12S,DD12S200-3P5ID,Sản xuất
DD12S,DD12S200-6P5SL,Sản xuất
DD12S,DD12S200-5P5SL,Sản xuất
DD12S,DD12S200-4P5SL,Sản xuất
DD12S,DD12S200-3P5SL,Sản xuất
DD12S,DD12S250-6B3HN,Sản xuất
DD12S,DD12S250-5B3HN,Sản xuất
DD12S,DD12S250-4B3HN,Sản xuất
DD12S,DD12S250-3B3HN,Sản xuất
DD12S,DD12S250-6B3HT,Sản xuất
DD12S,DD12S250-5B3HT,Sản xuất
DD12S,DD12S250-4B3HT,Sản xuất
DD12S,DD12S250-3B3HT,Sản xuất
DD12S,DD12S250-6B3HD,Sản xuất
DD12S,DD12S250-5B3HD,Sản xuất
DD12S,DD12S250-4B3HD,Sản xuất
DD12S,DD12S250-3B3HD,Sản xuất
DD12S,DD12S250-6B3DN,Sản xuất
DD12S,DD12S250-5B3DN,Sản xuất
DD12S,DD12S250-4B3DN,Sản xuất
DD12S,DD12S250-3B3DN,Sản xuất
DD12S,DD12S250-6B3DT,Sản xuất
DD12S,DD12S250-5B3DT,Sản xuất
DD12S,DD12S250-4B3DT,Sản xuất
DD12S,DD12S250-3B3DT,Sản xuất
DD12S,DD12S250-6B3PT,Sản xuất
DD12S,DD12S250-5B3PT,Sản xuất
DD12S,DD12S250-4B3PT,Sản xuất
DD12S,DD12S250-3B3PT,Sản xuất
DD12S,DD12S250-6B3PD,Sản xuất
DD12S,DD12S250-5B3PD,Sản xuất
DD12S,DD12S250-4B3PD,Sản xuất
DD12S,DD12S250-3B3PD,Sản xuất
DD12S,DD12S250-6B3MT,Sản xuất
DD12S,DD12S250-5B3MT,Sản xuất
DD12S,DD12S250-4B3MT,Sản xuất
DD12S,DD12S250-3B3MT,Sản xuất
DD12S,DD12S250-6B3ID,Sản xuất
DD12S,DD12S250-5B3ID,Sản xuất
DD12S,DD12S250-4B3ID,Sản xuất
DD12S,DD12S250-3B3ID,Sản xuất
DD12S,DD12S250-6B3SL,Sản xuất
DD12S,DD12S250-5B3SL,Sản xuất
DD12S,DD12S250-4B3SL,Sản xuất
DD12S,DD12S250-3B3SL,Sản xuất
DD12S,DD12S250-6P3HN,Sản xuất
DD12S,DD12S250-5P3HN,Sản xuất
DD12S,DD12S250-4P3HN,Sản xuất
DD12S,DD12S250-3P3HN,Sản xuất
DD12S,DD12S250-6P3HT,Sản xuất
DD12S,DD12S250-5P3HT,Sản xuất
DD12S,DD12S250-4P3HT,Sản xuất
DD12S,DD12S250-3P3HT,Sản xuất
DD12S,DD12S250-6P3HD,Sản xuất
DD12S,DD12S250-5P3HD,Sản xuất
DD12S,DD12S250-4P3HD,Sản xuất
DD12S,DD12S250-3P3HD,Sản xuất
DD12S,DD12S250-6P3DN,Sản xuất
DD12S,DD12S250-5P3DN,Sản xuất
DD12S,DD12S250-4P3DN,Sản xuất
DD12S,DD12S250-3P3DN,Sản xuất
DD12S,DD12S250-6P3DT,Sản xuất
DD12S,DD12S250-5P3DT,Sản xuất
DD12S,DD12S250-4P3DT,Sản xuất
DD12S,DD12S250-3P3DT,Sản xuất
DD12S,DD12S250-6P3PT,Sản xuất
DD12S,DD12S250-5P3PT,Sản xuất
DD12S,DD12S250-4P3PT,Sản xuất
DD12S,DD12S250-3P3PT,Sản xuất
DD12S,DD12S250-6P3PD,Sản xuất
DD12S,DD12S250-5P3PD,Sản xuất
DD12S,DD12S250-4P3PD,Sản xuất
DD12S,DD12S250-3P3PD,Sản xuất
DD12S,DD12S250-6P3MT,Sản xuất
DD12S,DD12S250-5P3MT,Sản xuất
DD12S,DD12S250-4P3MT,Sản xuất
DD12S,DD12S250-3P3MT,Sản xuất
DD12S,DD12S250-6P3ID,Sản xuất
DD12S,DD12S250-5P3ID,Sản xuất
DD12S,DD12S250-4P3ID,Sản xuất
DD12S,DD12S250-3P3ID,Sản xuất
DD12S,DD12S250-6P3SL,Sản xuất
DD12S,DD12S250-5P3SL,Sản xuất
DD12S,DD12S250-4P3SL,Sản xuất
DD12S,DD12S250-3P3SL,Sản xuất
DD12S,DD12S250-6B5HN,Sản xuất
DD12S,DD12S250-5B5HN,Sản xuất
DD12S,DD12S250-4B5HN,Sản xuất
DD12S,DD12S250-3B5HN,Sản xuất
DD12S,DD12S250-6B5HT,Sản xuất
DD12S,DD12S250-5B5HT,Sản xuất
DD12S,DD12S250-4B5HT,Sản xuất
DD12S,DD12S250-3B5HT,Sản xuất
DD12S,DD12S250-6B5HD,Sản xuất
DD12S,DD12S250-5B5HD,Sản xuất
DD12S,DD12S250-4B5HD,Sản xuất
DD12S,DD12S250-3B5HD,Sản xuất
DD12S,DD12S250-6B5DN,Sản xuất
DD12S,DD12S250-5B5DN,Sản xuất
DD12S,DD12S250-4B5DN,Sản xuất
DD12S,DD12S250-3B5DN,Sản xuất
DD12S,DD12S250-6B5DT,Sản xuất
DD12S,DD12S250-5B5DT,Sản xuất
DD12S,DD12S250-4B5DT,Sản xuất
DD12S,DD12S250-3B5DT,Sản xuất
DD12S,DD12S250-6B5PT,Sản xuất
DD12S,DD12S250-5B5PT,Sản xuất
DD12S,DD12S250-4B5PT,Sản xuất
DD12S,DD12S250-3B5PT,Sản xuất
DD12S,DD12S250-6B5PD,Sản xuất
DD12S,DD12S250-5B5PD,Sản xuất
DD12S,DD12S250-4B5PD,Sản xuất
DD12S,DD12S250-3B5PD,Sản xuất
DD12S,DD12S250-6B5MT,Sản xuất
DD12S,DD12S250-5B5MT,Sản xuất
DD12S,DD12S250-4B5MT,Sản xuất
DD12S,DD12S250-3B5MT,Sản xuất
DD12S,DD12S250-6B5ID,Sản xuất
DD12S,DD12S250-5B5ID,Sản xuất
DD12S,DD12S250-4B5ID,Sản xuất
DD12S,DD12S250-3B5ID,Sản xuất
DD12S,DD12S250-6B5SL,Sản xuất
DD12S,DD12S250-5B5SL,Sản xuất
DD12S,DD12S250-4B5SL,Sản xuất
DD12S,DD12S250-3B5SL,Sản xuất
DD12S,DD12S250-6P5HN,Sản xuất
DD12S,DD12S250-5P5HN,Sản xuất
DD12S,DD12S250-4P5HN,Sản xuất
DD12S,DD12S250-3P5HN,Sản xuất
DD12S,DD12S250-6P5HT,Sản xuất
DD12S,DD12S250-5P5HT,Sản xuất
DD12S,DD12S250-4P5HT,Sản xuất
DD12S,DD12S250-3P5HT,Sản xuất
DD12S,DD12S250-6P5HD,Sản xuất
DD12S,DD12S250-5P5HD,Sản xuất
DD12S,DD12S250-4P5HD,Sản xuất
DD12S,DD12S250-3P5HD,Sản xuất
DD12S,DD12S250-6P5DN,Sản xuất
DD12S,DD12S250-5P5DN,Sản xuất
DD12S,DD12S250-4P5DN,Sản xuất
DD12S,DD12S250-3P5DN,Sản xuất
DD12S,DD12S250-6P5DT,Sản xuất
DD12S,DD12S250-5P5DT,Sản xuất
DD12S,DD12S250-4P5DT,Sản xuất
DD12S,DD12S250-3P5DT,Sản xuất
DD12S,DD12S250-6P5PT,Sản xuất
DD12S,DD12S250-5P5PT,Sản xuất
DD12S,DD12S250-4P5PT,Sản xuất
DD12S,DD12S250-3P5PT,Sản xuất
DD12S,DD12S250-6P5PD,Sản xuất
DD12S,DD12S250-5P5PD,Sản xuất
DD12S,DD12S250-4P5PD,Sản xuất
DD12S,DD12S250-3P5PD,Sản xuất
DD12S,DD12S250-6P5MT,Sản xuất
DD12S,DD12S250-5P5MT,Sản xuất
DD12S,DD12S250-4P5MT,Sản xuất
DD12S,DD12S250-3P5MT,Sản xuất
DD12S,DD12S250-6P5ID,Sản xuất
DD12S,DD12S250-5P5ID,Sản xuất
DD12S,DD12S250-4P5ID,Sản xuất
DD12S,DD12S250-3P5ID,Sản xuất
DD12S,DD12S250-6P5SL,Sản xuất
DD12S,DD12S250-5P5SL,Sản xuất
DD12S,DD12S250-4P5SL,Sản xuất
DD12S,DD12S250-3P5SL,Sản xuất
DD12S,DD12S300-6B3HN,Sản xuất
DD12S,DD12S300-5B3HN,Sản xuất
DD12S,DD12S300-4B3HN,Sản xuất
DD12S,DD12S300-3B3HN,Sản xuất
DD12S,DD12S300-6B3HT,Sản xuất
DD12S,DD12S300-5B3HT,Sản xuất
DD12S,DD12S300-4B3HT,Sản xuất
DD12S,DD12S300-3B3HT,Sản xuất
DD12S,DD12S300-6B3HD,Sản xuất
DD12S,DD12S300-5B3HD,Sản xuất
DD12S,DD12S300-4B3HD,Sản xuất
DD12S,DD12S300-3B3HD,Sản xuất
DD12S,DD12S300-6B3DN,Sản xuất
DD12S,DD12S300-5B3DN,Sản xuất
DD12S,DD12S300-4B3DN,Sản xuất
DD12S,DD12S300-3B3DN,Sản xuất
DD12S,DD12S300-6B3DT,Sản xuất
DD12S,DD12S300-5B3DT,Sản xuất
DD12S,DD12S300-4B3DT,Sản xuất
DD12S,DD12S300-3B3DT,Sản xuất
DD12S,DD12S300-6B3PT,Sản xuất
DD12S,DD12S300-5B3PT,Sản xuất
DD12S,DD12S300-4B3PT,Sản xuất
DD12S,DD12S300-3B3PT,Sản xuất
DD12S,DD12S300-6B3PD,Sản xuất
DD12S,DD12S300-5B3PD,Sản xuất
DD12S,DD12S300-4B3PD,Sản xuất
DD12S,DD12S300-3B3PD,Sản xuất
DD12S,DD12S300-6B3MT,Sản xuất
DD12S,DD12S300-5B3MT,Sản xuất
DD12S,DD12S300-4B3MT,Sản xuất
DD12S,DD12S300-3B3MT,Sản xuất
DD12S,DD12S300-6B3ID,Sản xuất
DD12S,DD12S300-5B3ID,Sản xuất
DD12S,DD12S300-4B3ID,Sản xuất
DD12S,DD12S300-3B3ID,Sản xuất
DD12S,DD12S300-6B3SL,Sản xuất
DD12S,DD12S300-5B3SL,Sản xuất
DD12S,DD12S300-4B3SL,Sản xuất
DD12S,DD12S300-3B3SL,Sản xuất
DD12S,DD12S300-6P3HN,Sản xuất
DD12S,DD12S300-5P3HN,Sản xuất
DD12S,DD12S300-4P3HN,Sản xuất
DD12S,DD12S300-3P3HN,Sản xuất
DD12S,DD12S300-6P3HT,Sản xuất
DD12S,DD12S300-5P3HT,Sản xuất
DD12S,DD12S300-4P3HT,Sản xuất
DD12S,DD12S300-3P3HT,Sản xuất
DD12S,DD12S300-6P3HD,Sản xuất
DD12S,DD12S300-5P3HD,Sản xuất
DD12S,DD12S300-4P3HD,Sản xuất
DD12S,DD12S300-3P3HD,Sản xuất
DD12S,DD12S300-6P3DN,Sản xuất
DD12S,DD12S300-5P3DN,Sản xuất
DD12S,DD12S300-4P3DN,Sản xuất
DD12S,DD12S300-3P3DN,Sản xuất
DD12S,DD12S300-6P3DT,Sản xuất
DD12S,DD12S300-5P3DT,Sản xuất
DD12S,DD12S300-4P3DT,Sản xuất
DD12S,DD12S300-3P3DT,Sản xuất
DD12S,DD12S300-6P3PT,Sản xuất
DD12S,DD12S300-5P3PT,Sản xuất
DD12S,DD12S300-4P3PT,Sản xuất
DD12S,DD12S300-3P3PT,Sản xuất
DD12S,DD12S300-6P3PD,Sản xuất
DD12S,DD12S300-5P3PD,Sản xuất
DD12S,DD12S300-4P3PD,Sản xuất
DD12S,DD12S300-3P3PD,Sản xuất
DD12S,DD12S300-6P3MT,Sản xuất
DD12S,DD12S300-5P3MT,Sản xuất
DD12S,DD12S300-4P3MT,Sản xuất
DD12S,DD12S300-3P3MT,Sản xuất
DD12S,DD12S300-6P3ID,Sản xuất
DD12S,DD12S300-5P3ID,Sản xuất
DD12S,DD12S300-4P3ID,Sản xuất
DD12S,DD12S300-3P3ID,Sản xuất
DD12S,DD12S300-6P3SL,Sản xuất
DD12S,DD12S300-5P3SL,Sản xuất
DD12S,DD12S300-4P3SL,Sản xuất
DD12S,DD12S300-3P3SL,Sản xuất
DD12S,DD12S300-6B5HN,Sản xuất
DD12S,DD12S300-5B5HN,Sản xuất
DD12S,DD12S300-4B5HN,Sản xuất
DD12S,DD12S300-3B5HN,Sản xuất
DD12S,DD12S300-6B5HT,Sản xuất
DD12S,DD12S300-5B5HT,Sản xuất
DD12S,DD12S300-4B5HT,Sản xuất
DD12S,DD12S300-3B5HT,Sản xuất
DD12S,DD12S300-6B5HD,Sản xuất
DD12S,DD12S300-5B5HD,Sản xuất
DD12S,DD12S300-4B5HD,Sản xuất
DD12S,DD12S300-3B5HD,Sản xuất
DD12S,DD12S300-6B5DN,Sản xuất
DD12S,DD12S300-5B5DN,Sản xuất
DD12S,DD12S300-4B5DN,Sản xuất
DD12S,DD12S300-3B5DN,Sản xuất
DD12S,DD12S300-6B5DT,Sản xuất
DD12S,DD12S300-5B5DT,Sản xuất
DD12S,DD12S300-4B5DT,Sản xuất
DD12S,DD12S300-3B5DT,Sản xuất
DD12S,DD12S300-6B5PT,Sản xuất
DD12S,DD12S300-5B5PT,Sản xuất
DD12S,DD12S300-4B5PT,Sản xuất
DD12S,DD12S300-3B5PT,Sản xuất
DD12S,DD12S300-6B5PD,Sản xuất
DD12S,DD12S300-5B5PD,Sản xuất
DD12S,DD12S300-4B5PD,Sản xuất
DD12S,DD12S300-3B5PD,Sản xuất
DD12S,DD12S300-6B5MT,Sản xuất
DD12S,DD12S300-5B5MT,Sản xuất
DD12S,DD12S300-4B5MT,Sản xuất
DD12S,DD12S300-3B5MT,Sản xuất
DD12S,DD12S300-6B5ID,Sản xuất
DD12S,DD12S300-5B5ID,Sản xuất
DD12S,DD12S300-4B5ID,Sản xuất
DD12S,DD12S300-3B5ID,Sản xuất
DD12S,DD12S300-6B5SL,Sản xuất
DD12S,DD12S300-5B5SL,Sản xuất
DD12S,DD12S300-4B5SL,Sản xuất
DD12S,DD12S300-3B5SL,Sản xuất
DD12S,DD12S300-6P5HN,Sản xuất
DD12S,DD12S300-5P5HN,Sản xuất
DD12S,DD12S300-4P5HN,Sản xuất
DD12S,DD12S300-3P5HN,Sản xuất
DD12S,DD12S300-6P5HT,Sản xuất
DD12S,DD12S300-5P5HT,Sản xuất
DD12S,DD12S300-4P5HT,Sản xuất
DD12S,DD12S300-3P5HT,Sản xuất
DD12S,DD12S300-6P5HD,Sản xuất
DD12S,DD12S300-5P5HD,Sản xuất
DD12S,DD12S300-4P5HD,Sản xuất
DD12S,DD12S300-3P5HD,Sản xuất
DD12S,DD12S300-6P5DN,Sản xuất
DD12S,DD12S300-5P5DN,Sản xuất
DD12S,DD12S300-4P5DN,Sản xuất
DD12S,DD12S300-3P5DN,Sản xuất
DD12S,DD12S300-6P5DT,Sản xuất
DD12S,DD12S300-5P5DT,Sản xuất
DD12S,DD12S300-4P5DT,Sản xuất
DD12S,DD12S300-3P5DT,Sản xuất
DD12S,DD12S300-6P5PT,Sản xuất
DD12S,DD12S300-5P5PT,Sản xuất
DD12S,DD12S300-4P5PT,Sản xuất
DD12S,DD12S300-3P5PT,Sản xuất
DD12S,DD12S300-6P5PD,Sản xuất
DD12S,DD12S300-5P5PD,Sản xuất
DD12S,DD12S300-4P5PD,Sản xuất
DD12S,DD12S300-3P5PD,Sản xuất
DD12S,DD12S300-6P5MT,Sản xuất
DD12S,DD12S300-5P5MT,Sản xuất
DD12S,DD12S300-4P5MT,Sản xuất
DD12S,DD12S300-3P5MT,Sản xuất
DD12S,DD12S300-6P5ID,Sản xuất
DD12S,DD12S300-5P5ID,Sản xuất
DD12S,DD12S300-4P5ID,Sản xuất
DD12S,DD12S300-3P5ID,Sản xuất
DD12S,DD12S300-6P5SL,Sản xuất
DD12S,DD12S300-5P5SL,Sản xuất
DD12S,DD12S300-4P5SL,Sản xuất
DD12S,DD12S300-3P5SL,Sản xuất
DD13S,DD13S050-6B3HN,Sản xuất
DD13S,DD13S050-5B3HN,Sản xuất
DD13S,DD13S050-4B3HN,Sản xuất
DD13S,DD13S050-3B3HN,Sản xuất
DD13S,DD13S050-6B3HT,Sản xuất
DD13S,DD13S050-5B3HT,Sản xuất
DD13S,DD13S050-4B3HT,Sản xuất
DD13S,DD13S050-3B3HT,Sản xuất
DD13S,DD13S050-6B3HD,Sản xuất
DD13S,DD13S050-5B3HD,Sản xuất
DD13S,DD13S050-4B3HD,Sản xuất
DD13S,DD13S050-3B3HD,Sản xuất
DD13S,DD13S050-6B3DN,Sản xuất
DD13S,DD13S050-5B3DN,Sản xuất
DD13S,DD13S050-4B3DN,Sản xuất
DD13S,DD13S050-3B3DN,Sản xuất
DD13S,DD13S050-6B3DT,Sản xuất
DD13S,DD13S050-5B3DT,Sản xuất
DD13S,DD13S050-4B3DT,Sản xuất
DD13S,DD13S050-3B3DT,Sản xuất
DD13S,DD13S050-6B3PT,Sản xuất
DD13S,DD13S050-5B3PT,Sản xuất
DD13S,DD13S050-4B3PT,Sản xuất
DD13S,DD13S050-3B3PT,Sản xuất
DD13S,DD13S050-6B3PD,Sản xuất
DD13S,DD13S050-5B3PD,Sản xuất
DD13S,DD13S050-4B3PD,Sản xuất
DD13S,DD13S050-3B3PD,Sản xuất
DD13S,DD13S050-6B3MT,Sản xuất
DD13S,DD13S050-5B3MT,Sản xuất
DD13S,DD13S050-4B3MT,Sản xuất
DD13S,DD13S050-3B3MT,Sản xuất
DD13S,DD13S050-6B3ID,Sản xuất
DD13S,DD13S050-5B3ID,Sản xuất
DD13S,DD13S050-4B3ID,Sản xuất
DD13S,DD13S050-3B3ID,Sản xuất
DD13S,DD13S050-6B3SL,Sản xuất
DD13S,DD13S050-5B3SL,Sản xuất
DD13S,DD13S050-4B3SL,Sản xuất
DD13S,DD13S050-3B3SL,Sản xuất
DD13S,DD13S050-6P3HN,Sản xuất
DD13S,DD13S050-5P3HN,Sản xuất
DD13S,DD13S050-4P3HN,Sản xuất
DD13S,DD13S050-3P3HN,Sản xuất
DD13S,DD13S050-6P3HT,Sản xuất
DD13S,DD13S050-5P3HT,Sản xuất
DD13S,DD13S050-4P3HT,Sản xuất
DD13S,DD13S050-3P3HT,Sản xuất
DD13S,DD13S050-6P3HD,Sản xuất
DD13S,DD13S050-5P3HD,Sản xuất
DD13S,DD13S050-4P3HD,Sản xuất
DD13S,DD13S050-3P3HD,Sản xuất
DD13S,DD13S050-6P3DN,Sản xuất
DD13S,DD13S050-5P3DN,Sản xuất
DD13S,DD13S050-4P3DN,Sản xuất
DD13S,DD13S050-3P3DN,Sản xuất
DD13S,DD13S050-6P3DT,Sản xuất
DD13S,DD13S050-5P3DT,Sản xuất
DD13S,DD13S050-4P3DT,Sản xuất
DD13S,DD13S050-3P3DT,Sản xuất
DD13S,DD13S050-6P3PT,Sản xuất
DD13S,DD13S050-5P3PT,Sản xuất
DD13S,DD13S050-4P3PT,Sản xuất
DD13S,DD13S050-3P3PT,Sản xuất
DD13S,DD13S050-6P3PD,Sản xuất
DD13S,DD13S050-5P3PD,Sản xuất
DD13S,DD13S050-4P3PD,Sản xuất
DD13S,DD13S050-3P3PD,Sản xuất
DD13S,DD13S050-6P3MT,Sản xuất
DD13S,DD13S050-5P3MT,Sản xuất
DD13S,DD13S050-4P3MT,Sản xuất
DD13S,DD13S050-3P3MT,Sản xuất
DD13S,DD13S050-6P3ID,Sản xuất
DD13S,DD13S050-5P3ID,Sản xuất
DD13S,DD13S050-4P3ID,Sản xuất
DD13S,DD13S050-3P3ID,Sản xuất
DD13S,DD13S050-6P3SL,Sản xuất
DD13S,DD13S050-5P3SL,Sản xuất
DD13S,DD13S050-4P3SL,Sản xuất
DD13S,DD13S050-3P3SL,Sản xuất
DD13S,DD13S050-6B5HN,Sản xuất
DD13S,DD13S050-5B5HN,Sản xuất
DD13S,DD13S050-4B5HN,Sản xuất
DD13S,DD13S050-3B5HN,Sản xuất
DD13S,DD13S050-6B5HT,Sản xuất
DD13S,DD13S050-5B5HT,Sản xuất
DD13S,DD13S050-4B5HT,Sản xuất
DD13S,DD13S050-3B5HT,Sản xuất
DD13S,DD13S050-6B5HD,Sản xuất
DD13S,DD13S050-5B5HD,Sản xuất
DD13S,DD13S050-4B5HD,Sản xuất
DD13S,DD13S050-3B5HD,Sản xuất
DD13S,DD13S050-6B5DN,Sản xuất
DD13S,DD13S050-5B5DN,Sản xuất
DD13S,DD13S050-4B5DN,Sản xuất
DD13S,DD13S050-3B5DN,Sản xuất
DD13S,DD13S050-6B5DT,Sản xuất
DD13S,DD13S050-5B5DT,Sản xuất
DD13S,DD13S050-4B5DT,Sản xuất
DD13S,DD13S050-3B5DT,Sản xuất
DD13S,DD13S050-6B5PT,Sản xuất
DD13S,DD13S050-5B5PT,Sản xuất
DD13S,DD13S050-4B5PT,Sản xuất
DD13S,DD13S050-3B5PT,Sản xuất
DD13S,DD13S050-6B5PD,Sản xuất
DD13S,DD13S050-5B5PD,Sản xuất
DD13S,DD13S050-4B5PD,Sản xuất
DD13S,DD13S050-3B5PD,Sản xuất
DD13S,DD13S050-6B5MT,Sản xuất
DD13S,DD13S050-5B5MT,Sản xuất
DD13S,DD13S050-4B5MT,Sản xuất
DD13S,DD13S050-3B5MT,Sản xuất
DD13S,DD13S050-6B5ID,Sản xuất
DD13S,DD13S050-5B5ID,Sản xuất
DD13S,DD13S050-4B5ID,Sản xuất
DD13S,DD13S050-3B5ID,Sản xuất
DD13S,DD13S050-6B5SL,Sản xuất
DD13S,DD13S050-5B5SL,Sản xuất
DD13S,DD13S050-4B5SL,Sản xuất
DD13S,DD13S050-3B5SL,Sản xuất
DD13S,DD13S050-6P5HN,Sản xuất
DD13S,DD13S050-5P5HN,Sản xuất
DD13S,DD13S050-4P5HN,Sản xuất
DD13S,DD13S050-3P5HN,Sản xuất
DD13S,DD13S050-6P5HT,Sản xuất
DD13S,DD13S050-5P5HT,Sản xuất
DD13S,DD13S050-4P5HT,Sản xuất
DD13S,DD13S050-3P5HT,Sản xuất
DD13S,DD13S050-6P5HD,Sản xuất
DD13S,DD13S050-5P5HD,Sản xuất
DD13S,DD13S050-4P5HD,Sản xuất
DD13S,DD13S050-3P5HD,Sản xuất
DD13S,DD13S050-6P5DN,Sản xuất
DD13S,DD13S050-5P5DN,Sản xuất
DD13S,DD13S050-4P5DN,Sản xuất
DD13S,DD13S050-3P5DN,Sản xuất
DD13S,DD13S050-6P5DT,Sản xuất
DD13S,DD13S050-5P5DT,Sản xuất
DD13S,DD13S050-4P5DT,Sản xuất
DD13S,DD13S050-3P5DT,Sản xuất
DD13S,DD13S050-6P5PT,Sản xuất
DD13S,DD13S050-5P5PT,Sản xuất
DD13S,DD13S050-4P5PT,Sản xuất
DD13S,DD13S050-3P5PT,Sản xuất
DD13S,DD13S050-6P5PD,Sản xuất
DD13S,DD13S050-5P5PD,Sản xuất
DD13S,DD13S050-4P5PD,Sản xuất
DD13S,DD13S050-3P5PD,Sản xuất
DD13S,DD13S050-6P5MT,Sản xuất
DD13S,DD13S050-5P5MT,Sản xuất
DD13S,DD13S050-4P5MT,Sản xuất
DD13S,DD13S050-3P5MT,Sản xuất
DD13S,DD13S050-6P5ID,Sản xuất
DD13S,DD13S050-5P5ID,Sản xuất
DD13S,DD13S050-4P5ID,Sản xuất
DD13S,DD13S050-3P5ID,Sản xuất
DD13S,DD13S050-6P5SL,Sản xuất
DD13S,DD13S050-5P5SL,Sản xuất
DD13S,DD13S050-4P5SL,Sản xuất
DD13S,DD13S050-3P5SL,Sản xuất
DD13S,DD13S100-6B3HN,Sản xuất
DD13S,DD13S100-5B3HN,Sản xuất
DD13S,DD13S100-4B3HN,Sản xuất
DD13S,DD13S100-3B3HN,Sản xuất
DD13S,DD13S100-6B3HT,Sản xuất
DD13S,DD13S100-5B3HT,Sản xuất
DD13S,DD13S100-4B3HT,Sản xuất
DD13S,DD13S100-3B3HT,Sản xuất
DD13S,DD13S100-6B3HD,Sản xuất
DD13S,DD13S100-5B3HD,Sản xuất
DD13S,DD13S100-4B3HD,Sản xuất
DD13S,DD13S100-3B3HD,Sản xuất
DD13S,DD13S100-6B3DN,Sản xuất
DD13S,DD13S100-5B3DN,Sản xuất
DD13S,DD13S100-4B3DN,Sản xuất
DD13S,DD13S100-3B3DN,Sản xuất
DD13S,DD13S100-6B3DT,Sản xuất
DD13S,DD13S100-5B3DT,Sản xuất
DD13S,DD13S100-4B3DT,Sản xuất
DD13S,DD13S100-3B3DT,Sản xuất
DD13S,DD13S100-6B3PT,Sản xuất
DD13S,DD13S100-5B3PT,Sản xuất
DD13S,DD13S100-4B3PT,Sản xuất
DD13S,DD13S100-3B3PT,Sản xuất
DD13S,DD13S100-6B3PD,Sản xuất
DD13S,DD13S100-5B3PD,Sản xuất
DD13S,DD13S100-4B3PD,Sản xuất
DD13S,DD13S100-3B3PD,Sản xuất
DD13S,DD13S100-6B3MT,Sản xuất
DD13S,DD13S100-5B3MT,Sản xuất
DD13S,DD13S100-4B3MT,Sản xuất
DD13S,DD13S100-3B3MT,Sản xuất
DD13S,DD13S100-6B3ID,Sản xuất
DD13S,DD13S100-5B3ID,Sản xuất
DD13S,DD13S100-4B3ID,Sản xuất
DD13S,DD13S100-3B3ID,Sản xuất
DD13S,DD13S100-6B3SL,Sản xuất
DD13S,DD13S100-5B3SL,Sản xuất
DD13S,DD13S100-4B3SL,Sản xuất
DD13S,DD13S100-3B3SL,Sản xuất
DD13S,DD13S100-6P3HN,Sản xuất
DD13S,DD13S100-5P3HN,Sản xuất
DD13S,DD13S100-4P3HN,Sản xuất
DD13S,DD13S100-3P3HN,Sản xuất
DD13S,DD13S100-6P3HT,Sản xuất
DD13S,DD13S100-5P3HT,Sản xuất
DD13S,DD13S100-4P3HT,Sản xuất
DD13S,DD13S100-3P3HT,Sản xuất
DD13S,DD13S100-6P3HD,Sản xuất
DD13S,DD13S100-5P3HD,Sản xuất
DD13S,DD13S100-4P3HD,Sản xuất
DD13S,DD13S100-3P3HD,Sản xuất
DD13S,DD13S100-6P3DN,Sản xuất
DD13S,DD13S100-5P3DN,Sản xuất
DD13S,DD13S100-4P3DN,Sản xuất
DD13S,DD13S100-3P3DN,Sản xuất
DD13S,DD13S100-6P3DT,Sản xuất
DD13S,DD13S100-5P3DT,Sản xuất
DD13S,DD13S100-4P3DT,Sản xuất
DD13S,DD13S100-3P3DT,Sản xuất
DD13S,DD13S100-6P3PT,Sản xuất
DD13S,DD13S100-5P3PT,Sản xuất
DD13S,DD13S100-4P3PT,Sản xuất
DD13S,DD13S100-3P3PT,Sản xuất
DD13S,DD13S100-6P3PD,Sản xuất
DD13S,DD13S100-5P3PD,Sản xuất
DD13S,DD13S100-4P3PD,Sản xuất
DD13S,DD13S100-3P3PD,Sản xuất
DD13S,DD13S100-6P3MT,Sản xuất
DD13S,DD13S100-5P3MT,Sản xuất
DD13S,DD13S100-4P3MT,Sản xuất
DD13S,DD13S100-3P3MT,Sản xuất
DD13S,DD13S100-6P3ID,Sản xuất
DD13S,DD13S100-5P3ID,Sản xuất
DD13S,DD13S100-4P3ID,Sản xuất
DD13S,DD13S100-3P3ID,Sản xuất
DD13S,DD13S100-6P3SL,Sản xuất
DD13S,DD13S100-5P3SL,Sản xuất
DD13S,DD13S100-4P3SL,Sản xuất
DD13S,DD13S100-3P3SL,Sản xuất
DD13S,DD13S100-6B5HN,Sản xuất
DD13S,DD13S100-5B5HN,Sản xuất
DD13S,DD13S100-4B5HN,Sản xuất
DD13S,DD13S100-3B5HN,Sản xuất
DD13S,DD13S100-6B5HT,Sản xuất
DD13S,DD13S100-5B5HT,Sản xuất
DD13S,DD13S100-4B5HT,Sản xuất
DD13S,DD13S100-3B5HT,Sản xuất
DD13S,DD13S100-6B5HD,Sản xuất
DD13S,DD13S100-5B5HD,Sản xuất
DD13S,DD13S100-4B5HD,Sản xuất
DD13S,DD13S100-3B5HD,Sản xuất
DD13S,DD13S100-6B5DN,Sản xuất
DD13S,DD13S100-5B5DN,Sản xuất
DD13S,DD13S100-4B5DN,Sản xuất
DD13S,DD13S100-3B5DN,Sản xuất
DD13S,DD13S100-6B5DT,Sản xuất
DD13S,DD13S100-5B5DT,Sản xuất
DD13S,DD13S100-4B5DT,Sản xuất
DD13S,DD13S100-3B5DT,Sản xuất
DD13S,DD13S100-6B5PT,Sản xuất
DD13S,DD13S100-5B5PT,Sản xuất
DD13S,DD13S100-4B5PT,Sản xuất
DD13S,DD13S100-3B5PT,Sản xuất
DD13S,DD13S100-6B5PD,Sản xuất
DD13S,DD13S100-5B5PD,Sản xuất
DD13S,DD13S100-4B5PD,Sản xuất
DD13S,DD13S100-3B5PD,Sản xuất
DD13S,DD13S100-6B5MT,Sản xuất
DD13S,DD13S100-5B5MT,Sản xuất
DD13S,DD13S100-4B5MT,Sản xuất
DD13S,DD13S100-3B5MT,Sản xuất
DD13S,DD13S100-6B5ID,Sản xuất
DD13S,DD13S100-5B5ID,Sản xuất
DD13S,DD13S100-4B5ID,Sản xuất
DD13S,DD13S100-3B5ID,Sản xuất
DD13S,DD13S100-6B5SL,Sản xuất
DD13S,DD13S100-5B5SL,Sản xuất
DD13S,DD13S100-4B5SL,Sản xuất
DD13S,DD13S100-3B5SL,Sản xuất
DD13S,DD13S100-6P5HN,Sản xuất
DD13S,DD13S100-5P5HN,Sản xuất
DD13S,DD13S100-4P5HN,Sản xuất
DD13S,DD13S100-3P5HN,Sản xuất
DD13S,DD13S100-6P5HT,Sản xuất
DD13S,DD13S100-5P5HT,Sản xuất
DD13S,DD13S100-4P5HT,Sản xuất
DD13S,DD13S100-3P5HT,Sản xuất
DD13S,DD13S100-6P5HD,Sản xuất
DD13S,DD13S100-5P5HD,Sản xuất
DD13S,DD13S100-4P5HD,Sản xuất
DD13S,DD13S100-3P5HD,Sản xuất
DD13S,DD13S100-6P5DN,Sản xuất
DD13S,DD13S100-5P5DN,Sản xuất
DD13S,DD13S100-4P5DN,Sản xuất
DD13S,DD13S100-3P5DN,Sản xuất
DD13S,DD13S100-6P5DT,Sản xuất
DD13S,DD13S100-5P5DT,Sản xuất
DD13S,DD13S100-4P5DT,Sản xuất
DD13S,DD13S100-3P5DT,Sản xuất
DD13S,DD13S100-6P5PT,Sản xuất
DD13S,DD13S100-5P5PT,Sản xuất
DD13S,DD13S100-4P5PT,Sản xuất
DD13S,DD13S100-3P5PT,Sản xuất
DD13S,DD13S100-6P5PD,Sản xuất
DD13S,DD13S100-5P5PD,Sản xuất
DD13S,DD13S100-4P5PD,Sản xuất
DD13S,DD13S100-3P5PD,Sản xuất
DD13S,DD13S100-6P5MT,Sản xuất
DD13S,DD13S100-5P5MT,Sản xuất
DD13S,DD13S100-4P5MT,Sản xuất
DD13S,DD13S100-3P5MT,Sản xuất
DD13S,DD13S100-6P5ID,Sản xuất
DD13S,DD13S100-5P5ID,Sản xuất
DD13S,DD13S100-4P5ID,Sản xuất
DD13S,DD13S100-3P5ID,Sản xuất
DD13S,DD13S100-6P5SL,Sản xuất
DD13S,DD13S100-5P5SL,Sản xuất
DD13S,DD13S100-4P5SL,Sản xuất
DD13S,DD13S100-3P5SL,Sản xuất
DD13S,DD13S150-6B3HN,Sản xuất
DD13S,DD13S150-5B3HN,Sản xuất
DD13S,DD13S150-4B3HN,Sản xuất
DD13S,DD13S150-3B3HN,Sản xuất
DD13S,DD13S150-6B3HT,Sản xuất
DD13S,DD13S150-5B3HT,Sản xuất
DD13S,DD13S150-4B3HT,Sản xuất
DD13S,DD13S150-3B3HT,Sản xuất
DD13S,DD13S150-6B3HD,Sản xuất
DD13S,DD13S150-5B3HD,Sản xuất
DD13S,DD13S150-4B3HD,Sản xuất
DD13S,DD13S150-3B3HD,Sản xuất
DD13S,DD13S150-6B3DN,Sản xuất
DD13S,DD13S150-5B3DN,Sản xuất
DD13S,DD13S150-4B3DN,Sản xuất
DD13S,DD13S150-3B3DN,Sản xuất
DD13S,DD13S150-6B3DT,Sản xuất
DD13S,DD13S150-5B3DT,Sản xuất
DD13S,DD13S150-4B3DT,Sản xuất
DD13S,DD13S150-3B3DT,Sản xuất
DD13S,DD13S150-6B3PT,Sản xuất
DD13S,DD13S150-5B3PT,Sản xuất
DD13S,DD13S150-4B3PT,Sản xuất
DD13S,DD13S150-3B3PT,Sản xuất
DD13S,DD13S150-6B3PD,Sản xuất
DD13S,DD13S150-5B3PD,Sản xuất
DD13S,DD13S150-4B3PD,Sản xuất
DD13S,DD13S150-3B3PD,Sản xuất
DD13S,DD13S150-6B3MT,Sản xuất
DD13S,DD13S150-5B3MT,Sản xuất
DD13S,DD13S150-4B3MT,Sản xuất
DD13S,DD13S150-3B3MT,Sản xuất
DD13S,DD13S150-6B3ID,Sản xuất
DD13S,DD13S150-5B3ID,Sản xuất
DD13S,DD13S150-4B3ID,Sản xuất
DD13S,DD13S150-3B3ID,Sản xuất
DD13S,DD13S150-6B3SL,Sản xuất
DD13S,DD13S150-5B3SL,Sản xuất
DD13S,DD13S150-4B3SL,Sản xuất
DD13S,DD13S150-3B3SL,Sản xuất
DD13S,DD13S150-6P3HN,Sản xuất
DD13S,DD13S150-5P3HN,Sản xuất
DD13S,DD13S150-4P3HN,Sản xuất
DD13S,DD13S150-3P3HN,Sản xuất
DD13S,DD13S150-6P3HT,Sản xuất
DD13S,DD13S150-5P3HT,Sản xuất
DD13S,DD13S150-4P3HT,Sản xuất
DD13S,DD13S150-3P3HT,Sản xuất
DD13S,DD13S150-6P3HD,Sản xuất
DD13S,DD13S150-5P3HD,Sản xuất
DD13S,DD13S150-4P3HD,Sản xuất
DD13S,DD13S150-3P3HD,Sản xuất
DD13S,DD13S150-6P3DN,Sản xuất
DD13S,DD13S150-5P3DN,Sản xuất
DD13S,DD13S150-4P3DN,Sản xuất
DD13S,DD13S150-3P3DN,Sản xuất
DD13S,DD13S150-6P3DT,Sản xuất
DD13S,DD13S150-5P3DT,Sản xuất
DD13S,DD13S150-4P3DT,Sản xuất
DD13S,DD13S150-3P3DT,Sản xuất
DD13S,DD13S150-6P3PT,Sản xuất
DD13S,DD13S150-5P3PT,Sản xuất
DD13S,DD13S150-4P3PT,Sản xuất
DD13S,DD13S150-3P3PT,Sản xuất
DD13S,DD13S150-6P3PD,Sản xuất
DD13S,DD13S150-5P3PD,Sản xuất
DD13S,DD13S150-4P3PD,Sản xuất
DD13S,DD13S150-3P3PD,Sản xuất
DD13S,DD13S150-6P3MT,Sản xuất
DD13S,DD13S150-5P3MT,Sản xuất
DD13S,DD13S150-4P3MT,Sản xuất
DD13S,DD13S150-3P3MT,Sản xuất
DD13S,DD13S150-6P3ID,Sản xuất
DD13S,DD13S150-5P3ID,Sản xuất
DD13S,DD13S150-4P3ID,Sản xuất
DD13S,DD13S150-3P3ID,Sản xuất
DD13S,DD13S150-6P3SL,Sản xuất
DD13S,DD13S150-5P3SL,Sản xuất
DD13S,DD13S150-4P3SL,Sản xuất
DD13S,DD13S150-3P3SL,Sản xuất
DD13S,DD13S150-6B5HN,Sản xuất
DD13S,DD13S150-5B5HN,Sản xuất
DD13S,DD13S150-4B5HN,Sản xuất
DD13S,DD13S150-3B5HN,Sản xuất
DD13S,DD13S150-6B5HT,Sản xuất
DD13S,DD13S150-5B5HT,Sản xuất
DD13S,DD13S150-4B5HT,Sản xuất
DD13S,DD13S150-3B5HT,Sản xuất
DD13S,DD13S150-6B5HD,Sản xuất
DD13S,DD13S150-5B5HD,Sản xuất
DD13S,DD13S150-4B5HD,Sản xuất
DD13S,DD13S150-3B5HD,Sản xuất
DD13S,DD13S150-6B5DN,Sản xuất
DD13S,DD13S150-5B5DN,Sản xuất
DD13S,DD13S150-4B5DN,Sản xuất
DD13S,DD13S150-3B5DN,Sản xuất
DD13S,DD13S150-6B5DT,Sản xuất
DD13S,DD13S150-5B5DT,Sản xuất
DD13S,DD13S150-4B5DT,Sản xuất
DD13S,DD13S150-3B5DT,Sản xuất
DD13S,DD13S150-6B5PT,Sản xuất
DD13S,DD13S150-5B5PT,Sản xuất
DD13S,DD13S150-4B5PT,Sản xuất
DD13S,DD13S150-3B5PT,Sản xuất
DD13S,DD13S150-6B5PD,Sản xuất
DD13S,DD13S150-5B5PD,Sản xuất
DD13S,DD13S150-4B5PD,Sản xuất
DD13S,DD13S150-3B5PD,Sản xuất
DD13S,DD13S150-6B5MT,Sản xuất
DD13S,DD13S150-5B5MT,Sản xuất
DD13S,DD13S150-4B5MT,Sản xuất
DD13S,DD13S150-3B5MT,Sản xuất
DD13S,DD13S150-6B5ID,Sản xuất
DD13S,DD13S150-5B5ID,Sản xuất
DD13S,DD13S150-4B5ID,Sản xuất
DD13S,DD13S150-3B5ID,Sản xuất
DD13S,DD13S150-6B5SL,Sản xuất
DD13S,DD13S150-5B5SL,Sản xuất
DD13S,DD13S150-4B5SL,Sản xuất
DD13S,DD13S150-3B5SL,Sản xuất
DD13S,DD13S150-6P5HN,Sản xuất
DD13S,DD13S150-5P5HN,Sản xuất
DD13S,DD13S150-4P5HN,Sản xuất
DD13S,DD13S150-3P5HN,Sản xuất
DD13S,DD13S150-6P5HT,Sản xuất
DD13S,DD13S150-5P5HT,Sản xuất
DD13S,DD13S150-4P5HT,Sản xuất
DD13S,DD13S150-3P5HT,Sản xuất
DD13S,DD13S150-6P5HD,Sản xuất
DD13S,DD13S150-5P5HD,Sản xuất
DD13S,DD13S150-4P5HD,Sản xuất
DD13S,DD13S150-3P5HD,Sản xuất
DD13S,DD13S150-6P5DN,Sản xuất
DD13S,DD13S150-5P5DN,Sản xuất
DD13S,DD13S150-4P5DN,Sản xuất
DD13S,DD13S150-3P5DN,Sản xuất
DD13S,DD13S150-6P5DT,Sản xuất
DD13S,DD13S150-5P5DT,Sản xuất
DD13S,DD13S150-4P5DT,Sản xuất
DD13S,DD13S150-3P5DT,Sản xuất
DD13S,DD13S150-6P5PT,Sản xuất
DD13S,DD13S150-5P5PT,Sản xuất
DD13S,DD13S150-4P5PT,Sản xuất
DD13S,DD13S150-3P5PT,Sản xuất
DD13S,DD13S150-6P5PD,Sản xuất
DD13S,DD13S150-5P5PD,Sản xuất
DD13S,DD13S150-4P5PD,Sản xuất
DD13S,DD13S150-3P5PD,Sản xuất
DD13S,DD13S150-6P5MT,Sản xuất
DD13S,DD13S150-5P5MT,Sản xuất
DD13S,DD13S150-4P5MT,Sản xuất
DD13S,DD13S150-3P5MT,Sản xuất
DD13S,DD13S150-6P5ID,Sản xuất
DD13S,DD13S150-5P5ID,Sản xuất
DD13S,DD13S150-4P5ID,Sản xuất
DD13S,DD13S150-3P5ID,Sản xuất
DD13S,DD13S150-6P5SL,Sản xuất
DD13S,DD13S150-5P5SL,Sản xuất
DD13S,DD13S150-4P5SL,Sản xuất
DD13S,DD13S150-3P5SL,Sản xuất
DD13S,DD13S200-6B3HN,Sản xuất
DD13S,DD13S200-5B3HN,Sản xuất
DD13S,DD13S200-4B3HN,Sản xuất
DD13S,DD13S200-3B3HN,Sản xuất
DD13S,DD13S200-6B3HT,Sản xuất
DD13S,DD13S200-5B3HT,Sản xuất
DD13S,DD13S200-4B3HT,Sản xuất
DD13S,DD13S200-3B3HT,Sản xuất
DD13S,DD13S200-6B3HD,Sản xuất
DD13S,DD13S200-5B3HD,Sản xuất
DD13S,DD13S200-4B3HD,Sản xuất
DD13S,DD13S200-3B3HD,Sản xuất
DD13S,DD13S200-6B3DN,Sản xuất
DD13S,DD13S200-5B3DN,Sản xuất
DD13S,DD13S200-4B3DN,Sản xuất
DD13S,DD13S200-3B3DN,Sản xuất
DD13S,DD13S200-6B3DT,Sản xuất
DD13S,DD13S200-5B3DT,Sản xuất
DD13S,DD13S200-4B3DT,Sản xuất
DD13S,DD13S200-3B3DT,Sản xuất
DD13S,DD13S200-6B3PT,Sản xuất
DD13S,DD13S200-5B3PT,Sản xuất
DD13S,DD13S200-4B3PT,Sản xuất
DD13S,DD13S200-3B3PT,Sản xuất
DD13S,DD13S200-6B3PD,Sản xuất
DD13S,DD13S200-5B3PD,Sản xuất
DD13S,DD13S200-4B3PD,Sản xuất
DD13S,DD13S200-3B3PD,Sản xuất
DD13S,DD13S200-6B3MT,Sản xuất
DD13S,DD13S200-5B3MT,Sản xuất
DD13S,DD13S200-4B3MT,Sản xuất
DD13S,DD13S200-3B3MT,Sản xuất
DD13S,DD13S200-6B3ID,Sản xuất
DD13S,DD13S200-5B3ID,Sản xuất
DD13S,DD13S200-4B3ID,Sản xuất
DD13S,DD13S200-3B3ID,Sản xuất
DD13S,DD13S200-6B3SL,Sản xuất
DD13S,DD13S200-5B3SL,Sản xuất
DD13S,DD13S200-4B3SL,Sản xuất
DD13S,DD13S200-3B3SL,Sản xuất
DD13S,DD13S200-6P3HN,Sản xuất
DD13S,DD13S200-5P3HN,Sản xuất
DD13S,DD13S200-4P3HN,Sản xuất
DD13S,DD13S200-3P3HN,Sản xuất
DD13S,DD13S200-6P3HT,Sản xuất
DD13S,DD13S200-5P3HT,Sản xuất
DD13S,DD13S200-4P3HT,Sản xuất
DD13S,DD13S200-3P3HT,Sản xuất
DD13S,DD13S200-6P3HD,Sản xuất
DD13S,DD13S200-5P3HD,Sản xuất
DD13S,DD13S200-4P3HD,Sản xuất
DD13S,DD13S200-3P3HD,Sản xuất
DD13S,DD13S200-6P3DN,Sản xuất
DD13S,DD13S200-5P3DN,Sản xuất
DD13S,DD13S200-4P3DN,Sản xuất
DD13S,DD13S200-3P3DN,Sản xuất
DD13S,DD13S200-6P3DT,Sản xuất
DD13S,DD13S200-5P3DT,Sản xuất
DD13S,DD13S200-4P3DT,Sản xuất
DD13S,DD13S200-3P3DT,Sản xuất
DD13S,DD13S200-6P3PT,Sản xuất
DD13S,DD13S200-5P3PT,Sản xuất
DD13S,DD13S200-4P3PT,Sản xuất
DD13S,DD13S200-3P3PT,Sản xuất
DD13S,DD13S200-6P3PD,Sản xuất
DD13S,DD13S200-5P3PD,Sản xuất
DD13S,DD13S200-4P3PD,Sản xuất
DD13S,DD13S200-3P3PD,Sản xuất
DD13S,DD13S200-6P3MT,Sản xuất
DD13S,DD13S200-5P3MT,Sản xuất
DD13S,DD13S200-4P3MT,Sản xuất
DD13S,DD13S200-3P3MT,Sản xuất
DD13S,DD13S200-6P3ID,Sản xuất
DD13S,DD13S200-5P3ID,Sản xuất
DD13S,DD13S200-4P3ID,Sản xuất
DD13S,DD13S200-3P3ID,Sản xuất
DD13S,DD13S200-6P3SL,Sản xuất
DD13S,DD13S200-5P3SL,Sản xuất
DD13S,DD13S200-4P3SL,Sản xuất
DD13S,DD13S200-3P3SL,Sản xuất
DD13S,DD13S200-6B5HN,Sản xuất
DD13S,DD13S200-5B5HN,Sản xuất
DD13S,DD13S200-4B5HN,Sản xuất
DD13S,DD13S200-3B5HN,Sản xuất
DD13S,DD13S200-6B5HT,Sản xuất
DD13S,DD13S200-5B5HT,Sản xuất
DD13S,DD13S200-4B5HT,Sản xuất
DD13S,DD13S200-3B5HT,Sản xuất
DD13S,DD13S200-6B5HD,Sản xuất
DD13S,DD13S200-5B5HD,Sản xuất
DD13S,DD13S200-4B5HD,Sản xuất
DD13S,DD13S200-3B5HD,Sản xuất
DD13S,DD13S200-6B5DN,Sản xuất
DD13S,DD13S200-5B5DN,Sản xuất
DD13S,DD13S200-4B5DN,Sản xuất
DD13S,DD13S200-3B5DN,Sản xuất
DD13S,DD13S200-6B5DT,Sản xuất
DD13S,DD13S200-5B5DT,Sản xuất
DD13S,DD13S200-4B5DT,Sản xuất
DD13S,DD13S200-3B5DT,Sản xuất
DD13S,DD13S200-6B5PT,Sản xuất
DD13S,DD13S200-5B5PT,Sản xuất
DD13S,DD13S200-4B5PT,Sản xuất
DD13S,DD13S200-3B5PT,Sản xuất
DD13S,DD13S200-6B5PD,Sản xuất
DD13S,DD13S200-5B5PD,Sản xuất
DD13S,DD13S200-4B5PD,Sản xuất
DD13S,DD13S200-3B5PD,Sản xuất
DD13S,DD13S200-6B5MT,Sản xuất
DD13S,DD13S200-5B5MT,Sản xuất
DD13S,DD13S200-4B5MT,Sản xuất
DD13S,DD13S200-3B5MT,Sản xuất
DD13S,DD13S200-6B5ID,Sản xuất
DD13S,DD13S200-5B5ID,Sản xuất
DD13S,DD13S200-4B5ID,Sản xuất
DD13S,DD13S200-3B5ID,Sản xuất
DD13S,DD13S200-6B5SL,Sản xuất
DD13S,DD13S200-5B5SL,Sản xuất
DD13S,DD13S200-4B5SL,Sản xuất
DD13S,DD13S200-3B5SL,Sản xuất
DD13S,DD13S200-6P5HN,Sản xuất
DD13S,DD13S200-5P5HN,Sản xuất
DD13S,DD13S200-4P5HN,Sản xuất
DD13S,DD13S200-3P5HN,Sản xuất
DD13S,DD13S200-6P5HT,Sản xuất
DD13S,DD13S200-5P5HT,Sản xuất
DD13S,DD13S200-4P5HT,Sản xuất
DD13S,DD13S200-3P5HT,Sản xuất
DD13S,DD13S200-6P5HD,Sản xuất
DD13S,DD13S200-5P5HD,Sản xuất
DD13S,DD13S200-4P5HD,Sản xuất
DD13S,DD13S200-3P5HD,Sản xuất
DD13S,DD13S200-6P5DN,Sản xuất
DD13S,DD13S200-5P5DN,Sản xuất
DD13S,DD13S200-4P5DN,Sản xuất
DD13S,DD13S200-3P5DN,Sản xuất
DD13S,DD13S200-6P5DT,Sản xuất
DD13S,DD13S200-5P5DT,Sản xuất
DD13S,DD13S200-4P5DT,Sản xuất
DD13S,DD13S200-3P5DT,Sản xuất
DD13S,DD13S200-6P5PT,Sản xuất
DD13S,DD13S200-5P5PT,Sản xuất
DD13S,DD13S200-4P5PT,Sản xuất
DD13S,DD13S200-3P5PT,Sản xuất
DD13S,DD13S200-6P5PD,Sản xuất
DD13S,DD13S200-5P5PD,Sản xuất
DD13S,DD13S200-4P5PD,Sản xuất
DD13S,DD13S200-3P5PD,Sản xuất
DD13S,DD13S200-6P5MT,Sản xuất
DD13S,DD13S200-5P5MT,Sản xuất
DD13S,DD13S200-4P5MT,Sản xuất
DD13S,DD13S200-3P5MT,Sản xuất
DD13S,DD13S200-6P5ID,Sản xuất
DD13S,DD13S200-5P5ID,Sản xuất
DD13S,DD13S200-4P5ID,Sản xuất
DD13S,DD13S200-3P5ID,Sản xuất
DD13S,DD13S200-6P5SL,Sản xuất
DD13S,DD13S200-5P5SL,Sản xuất
DD13S,DD13S200-4P5SL,Sản xuất
DD13S,DD13S200-3P5SL,Sản xuất
DD13S,DD13S250-6B3HN,Sản xuất
DD13S,DD13S250-5B3HN,Sản xuất
DD13S,DD13S250-4B3HN,Sản xuất
DD13S,DD13S250-3B3HN,Sản xuất
DD13S,DD13S250-6B3HT,Sản xuất
DD13S,DD13S250-5B3HT,Sản xuất
DD13S,DD13S250-4B3HT,Sản xuất
DD13S,DD13S250-3B3HT,Sản xuất
DD13S,DD13S250-6B3HD,Sản xuất
DD13S,DD13S250-5B3HD,Sản xuất
DD13S,DD13S250-4B3HD,Sản xuất
DD13S,DD13S250-3B3HD,Sản xuất
DD13S,DD13S250-6B3DN,Sản xuất
DD13S,DD13S250-5B3DN,Sản xuất
DD13S,DD13S250-4B3DN,Sản xuất
DD13S,DD13S250-3B3DN,Sản xuất
DD13S,DD13S250-6B3DT,Sản xuất
DD13S,DD13S250-5B3DT,Sản xuất
DD13S,DD13S250-4B3DT,Sản xuất
DD13S,DD13S250-3B3DT,Sản xuất
DD13S,DD13S250-6B3PT,Sản xuất
DD13S,DD13S250-5B3PT,Sản xuất
DD13S,DD13S250-4B3PT,Sản xuất
DD13S,DD13S250-3B3PT,Sản xuất
DD13S,DD13S250-6B3PD,Sản xuất
DD13S,DD13S250-5B3PD,Sản xuất
DD13S,DD13S250-4B3PD,Sản xuất
DD13S,DD13S250-3B3PD,Sản xuất
DD13S,DD13S250-6B3MT,Sản xuất
DD13S,DD13S250-5B3MT,Sản xuất
DD13S,DD13S250-4B3MT,Sản xuất
DD13S,DD13S250-3B3MT,Sản xuất
DD13S,DD13S250-6B3ID,Sản xuất
DD13S,DD13S250-5B3ID,Sản xuất
DD13S,DD13S250-4B3ID,Sản xuất
DD13S,DD13S250-3B3ID,Sản xuất
DD13S,DD13S250-6B3SL,Sản xuất
DD13S,DD13S250-5B3SL,Sản xuất
DD13S,DD13S250-4B3SL,Sản xuất
DD13S,DD13S250-3B3SL,Sản xuất
DD13S,DD13S250-6P3HN,Sản xuất
DD13S,DD13S250-5P3HN,Sản xuất
DD13S,DD13S250-4P3HN,Sản xuất
DD13S,DD13S250-3P3HN,Sản xuất
DD13S,DD13S250-6P3HT,Sản xuất
DD13S,DD13S250-5P3HT,Sản xuất
DD13S,DD13S250-4P3HT,Sản xuất
DD13S,DD13S250-3P3HT,Sản xuất
DD13S,DD13S250-6P3HD,Sản xuất
DD13S,DD13S250-5P3HD,Sản xuất
DD13S,DD13S250-4P3HD,Sản xuất
DD13S,DD13S250-3P3HD,Sản xuất
DD13S,DD13S250-6P3DN,Sản xuất
DD13S,DD13S250-5P3DN,Sản xuất
DD13S,DD13S250-4P3DN,Sản xuất
DD13S,DD13S250-3P3DN,Sản xuất
DD13S,DD13S250-6P3DT,Sản xuất
DD13S,DD13S250-5P3DT,Sản xuất
DD13S,DD13S250-4P3DT,Sản xuất
DD13S,DD13S250-3P3DT,Sản xuất
DD13S,DD13S250-6P3PT,Sản xuất
DD13S,DD13S250-5P3PT,Sản xuất
DD13S,DD13S250-4P3PT,Sản xuất
DD13S,DD13S250-3P3PT,Sản xuất
DD13S,DD13S250-6P3PD,Sản xuất
DD13S,DD13S250-5P3PD,Sản xuất
DD13S,DD13S250-4P3PD,Sản xuất
DD13S,DD13S250-3P3PD,Sản xuất
DD13S,DD13S250-6P3MT,Sản xuất
DD13S,DD13S250-5P3MT,Sản xuất
DD13S,DD13S250-4P3MT,Sản xuất
DD13S,DD13S250-3P3MT,Sản xuất
DD13S,DD13S250-6P3ID,Sản xuất
DD13S,DD13S250-5P3ID,Sản xuất
DD13S,DD13S250-4P3ID,Sản xuất
DD13S,DD13S250-3P3ID,Sản xuất
DD13S,DD13S250-6P3SL,Sản xuất
DD13S,DD13S250-5P3SL,Sản xuất
DD13S,DD13S250-4P3SL,Sản xuất
DD13S,DD13S250-3P3SL,Sản xuất
DD13S,DD13S250-6B5HN,Sản xuất
DD13S,DD13S250-5B5HN,Sản xuất
DD13S,DD13S250-4B5HN,Sản xuất
DD13S,DD13S250-3B5HN,Sản xuất
DD13S,DD13S250-6B5HT,Sản xuất
DD13S,DD13S250-5B5HT,Sản xuất
DD13S,DD13S250-4B5HT,Sản xuất
DD13S,DD13S250-3B5HT,Sản xuất
DD13S,DD13S250-6B5HD,Sản xuất
DD13S,DD13S250-5B5HD,Sản xuất
DD13S,DD13S250-4B5HD,Sản xuất
DD13S,DD13S250-3B5HD,Sản xuất
DD13S,DD13S250-6B5DN,Sản xuất
DD13S,DD13S250-5B5DN,Sản xuất
DD13S,DD13S250-4B5DN,Sản xuất
DD13S,DD13S250-3B5DN,Sản xuất
DD13S,DD13S250-6B5DT,Sản xuất
DD13S,DD13S250-5B5DT,Sản xuất
DD13S,DD13S250-4B5DT,Sản xuất
DD13S,DD13S250-3B5DT,Sản xuất
DD13S,DD13S250-6B5PT,Sản xuất
DD13S,DD13S250-5B5PT,Sản xuất
DD13S,DD13S250-4B5PT,Sản xuất
DD13S,DD13S250-3B5PT,Sản xuất
DD13S,DD13S250-6B5PD,Sản xuất
DD13S,DD13S250-5B5PD,Sản xuất
DD13S,DD13S250-4B5PD,Sản xuất
DD13S,DD13S250-3B5PD,Sản xuất
DD13S,DD13S250-6B5MT,Sản xuất
DD13S,DD13S250-5B5MT,Sản xuất
DD13S,DD13S250-4B5MT,Sản xuất
DD13S,DD13S250-3B5MT,Sản xuất
DD13S,DD13S250-6B5ID,Sản xuất
DD13S,DD13S250-5B5ID,Sản xuất
DD13S,DD13S250-4B5ID,Sản xuất
DD13S,DD13S250-3B5ID,Sản xuất
DD13S,DD13S250-6B5SL,Sản xuất
DD13S,DD13S250-5B5SL,Sản xuất
DD13S,DD13S250-4B5SL,Sản xuất
DD13S,DD13S250-3B5SL,Sản xuất
DD13S,DD13S250-6P5HN,Sản xuất
DD13S,DD13S250-5P5HN,Sản xuất
DD13S,DD13S250-4P5HN,Sản xuất
DD13S,DD13S250-3P5HN,Sản xuất
DD13S,DD13S250-6P5HT,Sản xuất
DD13S,DD13S250-5P5HT,Sản xuất
DD13S,DD13S250-4P5HT,Sản xuất
DD13S,DD13S250-3P5HT,Sản xuất
DD13S,DD13S250-6P5HD,Sản xuất
DD13S,DD13S250-5P5HD,Sản xuất
DD13S,DD13S250-4P5HD,Sản xuất
DD13S,DD13S250-3P5HD,Sản xuất
DD13S,DD13S250-6P5DN,Sản xuất
DD13S,DD13S250-5P5DN,Sản xuất
DD13S,DD13S250-4P5DN,Sản xuất
DD13S,DD13S250-3P5DN,Sản xuất
DD13S,DD13S250-6P5DT,Sản xuất
DD13S,DD13S250-5P5DT,Sản xuất
DD13S,DD13S250-4P5DT,Sản xuất
DD13S,DD13S250-3P5DT,Sản xuất
DD13S,DD13S250-6P5PT,Sản xuất
DD13S,DD13S250-5P5PT,Sản xuất
DD13S,DD13S250-4P5PT,Sản xuất
DD13S,DD13S250-3P5PT,Sản xuất
DD13S,DD13S250-6P5PD,Sản xuất
DD13S,DD13S250-5P5PD,Sản xuất
DD13S,DD13S250-4P5PD,Sản xuất
DD13S,DD13S250-3P5PD,Sản xuất
DD13S,DD13S250-6P5MT,Sản xuất
DD13S,DD13S250-5P5MT,Sản xuất
DD13S,DD13S250-4P5MT,Sản xuất
DD13S,DD13S250-3P5MT,Sản xuất
DD13S,DD13S250-6P5ID,Sản xuất
DD13S,DD13S250-5P5ID,Sản xuất
DD13S,DD13S250-4P5ID,Sản xuất
DD13S,DD13S250-3P5ID,Sản xuất
DD13S,DD13S250-6P5SL,Sản xuất
DD13S,DD13S250-5P5SL,Sản xuất
DD13S,DD13S250-4P5SL,Sản xuất
DD13S,DD13S250-3P5SL,Sản xuất
DD13S,DD13S300-6B3HN,Sản xuất
DD13S,DD13S300-5B3HN,Sản xuất
DD13S,DD13S300-4B3HN,Sản xuất
DD13S,DD13S300-3B3HN,Sản xuất
DD13S,DD13S300-6B3HT,Sản xuất
DD13S,DD13S300-5B3HT,Sản xuất
DD13S,DD13S300-4B3HT,Sản xuất
DD13S,DD13S300-3B3HT,Sản xuất
DD13S,DD13S300-6B3HD,Sản xuất
DD13S,DD13S300-5B3HD,Sản xuất
DD13S,DD13S300-4B3HD,Sản xuất
DD13S,DD13S300-3B3HD,Sản xuất
DD13S,DD13S300-6B3DN,Sản xuất
DD13S,DD13S300-5B3DN,Sản xuất
DD13S,DD13S300-4B3DN,Sản xuất
DD13S,DD13S300-3B3DN,Sản xuất
DD13S,DD13S300-6B3DT,Sản xuất
DD13S,DD13S300-5B3DT,Sản xuất
DD13S,DD13S300-4B3DT,Sản xuất
DD13S,DD13S300-3B3DT,Sản xuất
DD13S,DD13S300-6B3PT,Sản xuất
DD13S,DD13S300-5B3PT,Sản xuất
DD13S,DD13S300-4B3PT,Sản xuất
DD13S,DD13S300-3B3PT,Sản xuất
DD13S,DD13S300-6B3PD,Sản xuất
DD13S,DD13S300-5B3PD,Sản xuất
DD13S,DD13S300-4B3PD,Sản xuất
DD13S,DD13S300-3B3PD,Sản xuất
DD13S,DD13S300-6B3MT,Sản xuất
DD13S,DD13S300-5B3MT,Sản xuất
DD13S,DD13S300-4B3MT,Sản xuất
DD13S,DD13S300-3B3MT,Sản xuất
DD13S,DD13S300-6B3ID,Sản xuất
DD13S,DD13S300-5B3ID,Sản xuất
DD13S,DD13S300-4B3ID,Sản xuất
DD13S,DD13S300-3B3ID,Sản xuất
DD13S,DD13S300-6B3SL,Sản xuất
DD13S,DD13S300-5B3SL,Sản xuất
DD13S,DD13S300-4B3SL,Sản xuất
DD13S,DD13S300-3B3SL,Sản xuất
DD13S,DD13S300-6P3HN,Sản xuất
DD13S,DD13S300-5P3HN,Sản xuất
DD13S,DD13S300-4P3HN,Sản xuất
DD13S,DD13S300-3P3HN,Sản xuất
DD13S,DD13S300-6P3HT,Sản xuất
DD13S,DD13S300-5P3HT,Sản xuất
DD13S,DD13S300-4P3HT,Sản xuất
DD13S,DD13S300-3P3HT,Sản xuất
DD13S,DD13S300-6P3HD,Sản xuất
DD13S,DD13S300-5P3HD,Sản xuất
DD13S,DD13S300-4P3HD,Sản xuất
DD13S,DD13S300-3P3HD,Sản xuất
DD13S,DD13S300-6P3DN,Sản xuất
DD13S,DD13S300-5P3DN,Sản xuất
DD13S,DD13S300-4P3DN,Sản xuất
DD13S,DD13S300-3P3DN,Sản xuất
DD13S,DD13S300-6P3DT,Sản xuất
DD13S,DD13S300-5P3DT,Sản xuất
DD13S,DD13S300-4P3DT,Sản xuất
DD13S,DD13S300-3P3DT,Sản xuất
DD13S,DD13S300-6P3PT,Sản xuất
DD13S,DD13S300-5P3PT,Sản xuất
DD13S,DD13S300-4P3PT,Sản xuất
DD13S,DD13S300-3P3PT,Sản xuất
DD13S,DD13S300-6P3PD,Sản xuất
DD13S,DD13S300-5P3PD,Sản xuất
DD13S,DD13S300-4P3PD,Sản xuất
DD13S,DD13S300-3P3PD,Sản xuất
DD13S,DD13S300-6P3MT,Sản xuất
DD13S,DD13S300-5P3MT,Sản xuất
DD13S,DD13S300-4P3MT,Sản xuất
DD13S,DD13S300-3P3MT,Sản xuất
DD13S,DD13S300-6P3ID,Sản xuất
DD13S,DD13S300-5P3ID,Sản xuất
DD13S,DD13S300-4P3ID,Sản xuất
DD13S,DD13S300-3P3ID,Sản xuất
DD13S,DD13S300-6P3SL,Sản xuất
DD13S,DD13S300-5P3SL,Sản xuất
DD13S,DD13S300-4P3SL,Sản xuất
DD13S,DD13S300-3P3SL,Sản xuất
DD13S,DD13S300-6B5HN,Sản xuất
DD13S,DD13S300-5B5HN,Sản xuất
DD13S,DD13S300-4B5HN,Sản xuất
DD13S,DD13S300-3B5HN,Sản xuất
DD13S,DD13S300-6B5HT,Sản xuất
DD13S,DD13S300-5B5HT,Sản xuất
DD13S,DD13S300-4B5HT,Sản xuất
DD13S,DD13S300-3B5HT,Sản xuất
DD13S,DD13S300-6B5HD,Sản xuất
DD13S,DD13S300-5B5HD,Sản xuất
DD13S,DD13S300-4B5HD,Sản xuất
DD13S,DD13S300-3B5HD,Sản xuất
DD13S,DD13S300-6B5DN,Sản xuất
DD13S,DD13S300-5B5DN,Sản xuất
DD13S,DD13S300-4B5DN,Sản xuất
DD13S,DD13S300-3B5DN,Sản xuất
DD13S,DD13S300-6B5DT,Sản xuất
DD13S,DD13S300-5B5DT,Sản xuất
DD13S,DD13S300-4B5DT,Sản xuất
DD13S,DD13S300-3B5DT,Sản xuất
DD13S,DD13S300-6B5PT,Sản xuất
DD13S,DD13S300-5B5PT,Sản xuất
DD13S,DD13S300-4B5PT,Sản xuất
DD13S,DD13S300-3B5PT,Sản xuất
DD13S,DD13S300-6B5PD,Sản xuất
DD13S,DD13S300-5B5PD,Sản xuất
DD13S,DD13S300-4B5PD,Sản xuất
DD13S,DD13S300-3B5PD,Sản xuất
DD13S,DD13S300-6B5MT,Sản xuất
DD13S,DD13S300-5B5MT,Sản xuất
DD13S,DD13S300-4B5MT,Sản xuất
DD13S,DD13S300-3B5MT,Sản xuất
DD13S,DD13S300-6B5ID,Sản xuất
DD13S,DD13S300-5B5ID,Sản xuất
DD13S,DD13S300-4B5ID,Sản xuất
DD13S,DD13S300-3B5ID,Sản xuất
DD13S,DD13S300-6B5SL,Sản xuất
DD13S,DD13S300-5B5SL,Sản xuất
DD13S,DD13S300-4B5SL,Sản xuất
DD13S,DD13S300-3B5SL,Sản xuất
DD13S,DD13S300-6P5HN,Sản xuất
DD13S,DD13S300-5P5HN,Sản xuất
DD13S,DD13S300-4P5HN,Sản xuất
DD13S,DD13S300-3P5HN,Sản xuất
DD13S,DD13S300-6P5HT,Sản xuất
DD13S,DD13S300-5P5HT,Sản xuất
DD13S,DD13S300-4P5HT,Sản xuất
DD13S,DD13S300-3P5HT,Sản xuất
DD13S,DD13S300-6P5HD,Sản xuất
DD13S,DD13S300-5P5HD,Sản xuất
DD13S,DD13S300-4P5HD,Sản xuất
DD13S,DD13S300-3P5HD,Sản xuất
DD13S,DD13S300-6P5DN,Sản xuất
DD13S,DD13S300-5P5DN,Sản xuất
DD13S,DD13S300-4P5DN,Sản xuất
DD13S,DD13S300-3P5DN,Sản xuất
DD13S,DD13S300-6P5DT,Sản xuất
DD13S,DD13S300-5P5DT,Sản xuất
DD13S,DD13S300-4P5DT,Sản xuất
DD13S,DD13S300-3P5DT,Sản xuất
DD13S,DD13S300-6P5PT,Sản xuất
DD13S,DD13S300-5P5PT,Sản xuất
DD13S,DD13S300-4P5PT,Sản xuất
DD13S,DD13S300-3P5PT,Sản xuất
DD13S,DD13S300-6P5PD,Sản xuất
DD13S,DD13S300-5P5PD,Sản xuất
DD13S,DD13S300-4P5PD,Sản xuất
DD13S,DD13S300-3P5PD,Sản xuất
DD13S,DD13S300-6P5MT,Sản xuất
DD13S,DD13S300-5P5MT,Sản xuất
DD13S,DD13S300-4P5MT,Sản xuất
DD13S,DD13S300-3P5MT,Sản xuất
DD13S,DD13S300-6P5ID,Sản xuất
DD13S,DD13S300-5P5ID,Sản xuất
DD13S,DD13S300-4P5ID,Sản xuất
DD13S,DD13S300-3P5ID,Sản xuất
DD13S,DD13S300-6P5SL,Sản xuất
DD13S,DD13S300-5P5SL,Sản xuất
DD13S,DD13S300-4P5SL,Sản xuất
DD13S,DD13S300-3P5SL,Sản xuất
DD14S,DD14S050-6B3HN,Sản xuất
DD14S,DD14S050-5B3HN,Sản xuất
DD14S,DD14S050-4B3HN,Sản xuất
DD14S,DD14S050-3B3HN,Sản xuất
DD14S,DD14S050-6B3HT,Sản xuất
DD14S,DD14S050-5B3HT,Sản xuất
DD14S,DD14S050-4B3HT,Sản xuất
DD14S,DD14S050-3B3HT,Sản xuất
DD14S,DD14S050-6B3HD,Sản xuất
DD14S,DD14S050-5B3HD,Sản xuất
DD14S,DD14S050-4B3HD,Sản xuất
DD14S,DD14S050-3B3HD,Sản xuất
DD14S,DD14S050-6B3DN,Sản xuất
DD14S,DD14S050-5B3DN,Sản xuất
DD14S,DD14S050-4B3DN,Sản xuất
DD14S,DD14S050-3B3DN,Sản xuất
DD14S,DD14S050-6B3DT,Sản xuất
DD14S,DD14S050-5B3DT,Sản xuất
DD14S,DD14S050-4B3DT,Sản xuất
DD14S,DD14S050-3B3DT,Sản xuất
DD14S,DD14S050-6B3PT,Sản xuất
DD14S,DD14S050-5B3PT,Sản xuất
DD14S,DD14S050-4B3PT,Sản xuất
DD14S,DD14S050-3B3PT,Sản xuất
DD14S,DD14S050-6B3PD,Sản xuất
DD14S,DD14S050-5B3PD,Sản xuất
DD14S,DD14S050-4B3PD,Sản xuất
DD14S,DD14S050-3B3PD,Sản xuất
DD14S,DD14S050-6B3MT,Sản xuất
DD14S,DD14S050-5B3MT,Sản xuất
DD14S,DD14S050-4B3MT,Sản xuất
DD14S,DD14S050-3B3MT,Sản xuất
DD14S,DD14S050-6B3ID,Sản xuất
DD14S,DD14S050-5B3ID,Sản xuất
DD14S,DD14S050-4B3ID,Sản xuất
DD14S,DD14S050-3B3ID,Sản xuất
DD14S,DD14S050-6B3SL,Sản xuất
DD14S,DD14S050-5B3SL,Sản xuất
DD14S,DD14S050-4B3SL,Sản xuất
DD14S,DD14S050-3B3SL,Sản xuất
DD14S,DD14S050-6P3HN,Sản xuất
DD14S,DD14S050-5P3HN,Sản xuất
DD14S,DD14S050-4P3HN,Sản xuất
DD14S,DD14S050-3P3HN,Sản xuất
DD14S,DD14S050-6P3HT,Sản xuất
DD14S,DD14S050-5P3HT,Sản xuất
DD14S,DD14S050-4P3HT,Sản xuất
DD14S,DD14S050-3P3HT,Sản xuất
DD14S,DD14S050-6P3HD,Sản xuất
DD14S,DD14S050-5P3HD,Sản xuất
DD14S,DD14S050-4P3HD,Sản xuất
DD14S,DD14S050-3P3HD,Sản xuất
DD14S,DD14S050-6P3DN,Sản xuất
DD14S,DD14S050-5P3DN,Sản xuất
DD14S,DD14S050-4P3DN,Sản xuất
DD14S,DD14S050-3P3DN,Sản xuất
DD14S,DD14S050-6P3DT,Sản xuất
DD14S,DD14S050-5P3DT,Sản xuất
DD14S,DD14S050-4P3DT,Sản xuất
DD14S,DD14S050-3P3DT,Sản xuất
DD14S,DD14S050-6P3PT,Sản xuất
DD14S,DD14S050-5P3PT,Sản xuất
DD14S,DD14S050-4P3PT,Sản xuất
DD14S,DD14S050-3P3PT,Sản xuất
DD14S,DD14S050-6P3PD,Sản xuất
DD14S,DD14S050-5P3PD,Sản xuất
DD14S,DD14S050-4P3PD,Sản xuất
DD14S,DD14S050-3P3PD,Sản xuất
DD14S,DD14S050-6P3MT,Sản xuất
DD14S,DD14S050-5P3MT,Sản xuất
DD14S,DD14S050-4P3MT,Sản xuất
DD14S,DD14S050-3P3MT,Sản xuất
DD14S,DD14S050-6P3ID,Sản xuất
DD14S,DD14S050-5P3ID,Sản xuất
DD14S,DD14S050-4P3ID,Sản xuất
DD14S,DD14S050-3P3ID,Sản xuất
DD14S,DD14S050-6P3SL,Sản xuất
DD14S,DD14S050-5P3SL,Sản xuất
DD14S,DD14S050-4P3SL,Sản xuất
DD14S,DD14S050-3P3SL,Sản xuất
DD14S,DD14S050-6B5HN,Sản xuất
DD14S,DD14S050-5B5HN,Sản xuất
DD14S,DD14S050-4B5HN,Sản xuất
DD14S,DD14S050-3B5HN,Sản xuất
DD14S,DD14S050-6B5HT,Sản xuất
DD14S,DD14S050-5B5HT,Sản xuất
DD14S,DD14S050-4B5HT,Sản xuất
DD14S,DD14S050-3B5HT,Sản xuất
DD14S,DD14S050-6B5HD,Sản xuất
DD14S,DD14S050-5B5HD,Sản xuất
DD14S,DD14S050-4B5HD,Sản xuất
DD14S,DD14S050-3B5HD,Sản xuất
DD14S,DD14S050-6B5DN,Sản xuất
DD14S,DD14S050-5B5DN,Sản xuất
DD14S,DD14S050-4B5DN,Sản xuất
DD14S,DD14S050-3B5DN,Sản xuất
DD14S,DD14S050-6B5DT,Sản xuất
DD14S,DD14S050-5B5DT,Sản xuất
DD14S,DD14S050-4B5DT,Sản xuất
DD14S,DD14S050-3B5DT,Sản xuất
DD14S,DD14S050-6B5PT,Sản xuất
DD14S,DD14S050-5B5PT,Sản xuất
DD14S,DD14S050-4B5PT,Sản xuất
DD14S,DD14S050-3B5PT,Sản xuất
DD14S,DD14S050-6B5PD,Sản xuất
DD14S,DD14S050-5B5PD,Sản xuất
DD14S,DD14S050-4B5PD,Sản xuất
DD14S,DD14S050-3B5PD,Sản xuất
DD14S,DD14S050-6B5MT,Sản xuất
DD14S,DD14S050-5B5MT,Sản xuất
DD14S,DD14S050-4B5MT,Sản xuất
DD14S,DD14S050-3B5MT,Sản xuất
DD14S,DD14S050-6B5ID,Sản xuất
DD14S,DD14S050-5B5ID,Sản xuất
DD14S,DD14S050-4B5ID,Sản xuất
DD14S,DD14S050-3B5ID,Sản xuất
DD14S,DD14S050-6B5SL,Sản xuất
DD14S,DD14S050-5B5SL,Sản xuất
DD14S,DD14S050-4B5SL,Sản xuất
DD14S,DD14S050-3B5SL,Sản xuất
DD14S,DD14S050-6P5HN,Sản xuất
DD14S,DD14S050-5P5HN,Sản xuất
DD14S,DD14S050-4P5HN,Sản xuất
DD14S,DD14S050-3P5HN,Sản xuất
DD14S,DD14S050-6P5HT,Sản xuất
DD14S,DD14S050-5P5HT,Sản xuất
DD14S,DD14S050-4P5HT,Sản xuất
DD14S,DD14S050-3P5HT,Sản xuất
DD14S,DD14S050-6P5HD,Sản xuất
DD14S,DD14S050-5P5HD,Sản xuất
DD14S,DD14S050-4P5HD,Sản xuất
DD14S,DD14S050-3P5HD,Sản xuất
DD14S,DD14S050-6P5DN,Sản xuất
DD14S,DD14S050-5P5DN,Sản xuất
DD14S,DD14S050-4P5DN,Sản xuất
DD14S,DD14S050-3P5DN,Sản xuất
DD14S,DD14S050-6P5DT,Sản xuất
DD14S,DD14S050-5P5DT,Sản xuất
DD14S,DD14S050-4P5DT,Sản xuất
DD14S,DD14S050-3P5DT,Sản xuất
DD14S,DD14S050-6P5PT,Sản xuất
DD14S,DD14S050-5P5PT,Sản xuất
DD14S,DD14S050-4P5PT,Sản xuất
DD14S,DD14S050-3P5PT,Sản xuất
DD14S,DD14S050-6P5PD,Sản xuất
DD14S,DD14S050-5P5PD,Sản xuất
DD14S,DD14S050-4P5PD,Sản xuất
DD14S,DD14S050-3P5PD,Sản xuất
DD14S,DD14S050-6P5MT,Sản xuất
DD14S,DD14S050-5P5MT,Sản xuất
DD14S,DD14S050-4P5MT,Sản xuất
DD14S,DD14S050-3P5MT,Sản xuất
DD14S,DD14S050-6P5ID,Sản xuất
DD14S,DD14S050-5P5ID,Sản xuất
DD14S,DD14S050-4P5ID,Sản xuất
DD14S,DD14S050-3P5ID,Sản xuất
DD14S,DD14S050-6P5SL,Sản xuất
DD14S,DD14S050-5P5SL,Sản xuất
DD14S,DD14S050-4P5SL,Sản xuất
DD14S,DD14S050-3P5SL,Sản xuất
DD14S,DD14S100-6B3HN,Sản xuất
DD14S,DD14S100-5B3HN,Sản xuất
DD14S,DD14S100-4B3HN,Sản xuất
DD14S,DD14S100-3B3HN,Sản xuất
DD14S,DD14S100-6B3HT,Sản xuất
DD14S,DD14S100-5B3HT,Sản xuất
DD14S,DD14S100-4B3HT,Sản xuất
DD14S,DD14S100-3B3HT,Sản xuất
DD14S,DD14S100-6B3HD,Sản xuất
DD14S,DD14S100-5B3HD,Sản xuất
DD14S,DD14S100-4B3HD,Sản xuất
DD14S,DD14S100-3B3HD,Sản xuất
DD14S,DD14S100-6B3DN,Sản xuất
DD14S,DD14S100-5B3DN,Sản xuất
DD14S,DD14S100-4B3DN,Sản xuất
DD14S,DD14S100-3B3DN,Sản xuất
DD14S,DD14S100-6B3DT,Sản xuất
DD14S,DD14S100-5B3DT,Sản xuất
DD14S,DD14S100-4B3DT,Sản xuất
DD14S,DD14S100-3B3DT,Sản xuất
DD14S,DD14S100-6B3PT,Sản xuất
DD14S,DD14S100-5B3PT,Sản xuất
DD14S,DD14S100-4B3PT,Sản xuất
DD14S,DD14S100-3B3PT,Sản xuất
DD14S,DD14S100-6B3PD,Sản xuất
DD14S,DD14S100-5B3PD,Sản xuất
DD14S,DD14S100-4B3PD,Sản xuất
DD14S,DD14S100-3B3PD,Sản xuất
DD14S,DD14S100-6B3MT,Sản xuất
DD14S,DD14S100-5B3MT,Sản xuất
DD14S,DD14S100-4B3MT,Sản xuất
DD14S,DD14S100-3B3MT,Sản xuất
DD14S,DD14S100-6B3ID,Sản xuất
DD14S,DD14S100-5B3ID,Sản xuất
DD14S,DD14S100-4B3ID,Sản xuất
DD14S,DD14S100-3B3ID,Sản xuất
DD14S,DD14S100-6B3SL,Sản xuất
DD14S,DD14S100-5B3SL,Sản xuất
DD14S,DD14S100-4B3SL,Sản xuất
DD14S,DD14S100-3B3SL,Sản xuất
DD14S,DD14S100-6P3HN,Sản xuất
DD14S,DD14S100-5P3HN,Sản xuất
DD14S,DD14S100-4P3HN,Sản xuất
DD14S,DD14S100-3P3HN,Sản xuất
DD14S,DD14S100-6P3HT,Sản xuất
DD14S,DD14S100-5P3HT,Sản xuất
DD14S,DD14S100-4P3HT,Sản xuất
DD14S,DD14S100-3P3HT,Sản xuất
DD14S,DD14S100-6P3HD,Sản xuất
DD14S,DD14S100-5P3HD,Sản xuất
DD14S,DD14S100-4P3HD,Sản xuất
DD14S,DD14S100-3P3HD,Sản xuất
DD14S,DD14S100-6P3DN,Sản xuất
DD14S,DD14S100-5P3DN,Sản xuất
DD14S,DD14S100-4P3DN,Sản xuất
DD14S,DD14S100-3P3DN,Sản xuất
DD14S,DD14S100-6P3DT,Sản xuất
DD14S,DD14S100-5P3DT,Sản xuất
DD14S,DD14S100-4P3DT,Sản xuất
DD14S,DD14S100-3P3DT,Sản xuất
DD14S,DD14S100-6P3PT,Sản xuất
DD14S,DD14S100-5P3PT,Sản xuất
DD14S,DD14S100-4P3PT,Sản xuất
DD14S,DD14S100-3P3PT,Sản xuất
DD14S,DD14S100-6P3PD,Sản xuất
DD14S,DD14S100-5P3PD,Sản xuất
DD14S,DD14S100-4P3PD,Sản xuất
DD14S,DD14S100-3P3PD,Sản xuất
DD14S,DD14S100-6P3MT,Sản xuất
DD14S,DD14S100-5P3MT,Sản xuất
DD14S,DD14S100-4P3MT,Sản xuất
DD14S,DD14S100-3P3MT,Sản xuất
DD14S,DD14S100-6P3ID,Sản xuất
DD14S,DD14S100-5P3ID,Sản xuất
DD14S,DD14S100-4P3ID,Sản xuất
DD14S,DD14S100-3P3ID,Sản xuất
DD14S,DD14S100-6P3SL,Sản xuất
DD14S,DD14S100-5P3SL,Sản xuất
DD14S,DD14S100-4P3SL,Sản xuất
DD14S,DD14S100-3P3SL,Sản xuất
DD14S,DD14S100-6B5HN,Sản xuất
DD14S,DD14S100-5B5HN,Sản xuất
DD14S,DD14S100-4B5HN,Sản xuất
DD14S,DD14S100-3B5HN,Sản xuất
DD14S,DD14S100-6B5HT,Sản xuất
DD14S,DD14S100-5B5HT,Sản xuất
DD14S,DD14S100-4B5HT,Sản xuất
DD14S,DD14S100-3B5HT,Sản xuất
DD14S,DD14S100-6B5HD,Sản xuất
DD14S,DD14S100-5B5HD,Sản xuất
DD14S,DD14S100-4B5HD,Sản xuất
DD14S,DD14S100-3B5HD,Sản xuất
DD14S,DD14S100-6B5DN,Sản xuất
DD14S,DD14S100-5B5DN,Sản xuất
DD14S,DD14S100-4B5DN,Sản xuất
DD14S,DD14S100-3B5DN,Sản xuất
DD14S,DD14S100-6B5DT,Sản xuất
DD14S,DD14S100-5B5DT,Sản xuất
DD14S,DD14S100-4B5DT,Sản xuất
DD14S,DD14S100-3B5DT,Sản xuất
DD14S,DD14S100-6B5PT,Sản xuất
DD14S,DD14S100-5B5PT,Sản xuất
DD14S,DD14S100-4B5PT,Sản xuất
DD14S,DD14S100-3B5PT,Sản xuất
DD14S,DD14S100-6B5PD,Sản xuất
DD14S,DD14S100-5B5PD,Sản xuất
DD14S,DD14S100-4B5PD,Sản xuất
DD14S,DD14S100-3B5PD,Sản xuất
DD14S,DD14S100-6B5MT,Sản xuất
DD14S,DD14S100-5B5MT,Sản xuất
DD14S,DD14S100-4B5MT,Sản xuất
DD14S,DD14S100-3B5MT,Sản xuất
DD14S,DD14S100-6B5ID,Sản xuất
DD14S,DD14S100-5B5ID,Sản xuất
DD14S,DD14S100-4B5ID,Sản xuất
DD14S,DD14S100-3B5ID,Sản xuất
DD14S,DD14S100-6B5SL,Sản xuất
DD14S,DD14S100-5B5SL,Sản xuất
DD14S,DD14S100-4B5SL,Sản xuất
DD14S,DD14S100-3B5SL,Sản xuất
DD14S,DD14S100-6P5HN,Sản xuất
DD14S,DD14S100-5P5HN,Sản xuất
DD14S,DD14S100-4P5HN,Sản xuất
DD14S,DD14S100-3P5HN,Sản xuất
DD14S,DD14S100-6P5HT,Sản xuất
DD14S,DD14S100-5P5HT,Sản xuất
DD14S,DD14S100-4P5HT,Sản xuất
DD14S,DD14S100-3P5HT,Sản xuất
DD14S,DD14S100-6P5HD,Sản xuất
DD14S,DD14S100-5P5HD,Sản xuất
DD14S,DD14S100-4P5HD,Sản xuất
DD14S,DD14S100-3P5HD,Sản xuất
DD14S,DD14S100-6P5DN,Sản xuất
DD14S,DD14S100-5P5DN,Sản xuất
DD14S,DD14S100-4P5DN,Sản xuất
DD14S,DD14S100-3P5DN,Sản xuất
DD14S,DD14S100-6P5DT,Sản xuất
DD14S,DD14S100-5P5DT,Sản xuất
DD14S,DD14S100-4P5DT,Sản xuất
DD14S,DD14S100-3P5DT,Sản xuất
DD14S,DD14S100-6P5PT,Sản xuất
DD14S,DD14S100-5P5PT,Sản xuất
DD14S,DD14S100-4P5PT,Sản xuất
DD14S,DD14S100-3P5PT,Sản xuất
DD14S,DD14S100-6P5PD,Sản xuất
DD14S,DD14S100-5P5PD,Sản xuất
DD14S,DD14S100-4P5PD,Sản xuất
DD14S,DD14S100-3P5PD,Sản xuất
DD14S,DD14S100-6P5MT,Sản xuất
DD14S,DD14S100-5P5MT,Sản xuất
DD14S,DD14S100-4P5MT,Sản xuất
DD14S,DD14S100-3P5MT,Sản xuất
DD14S,DD14S100-6P5ID,Sản xuất
DD14S,DD14S100-5P5ID,Sản xuất
DD14S,DD14S100-4P5ID,Sản xuất
DD14S,DD14S100-3P5ID,Sản xuất
DD14S,DD14S100-6P5SL,Sản xuất
DD14S,DD14S100-5P5SL,Sản xuất
DD14S,DD14S100-4P5SL,Sản xuất
DD14S,DD14S100-3P5SL,Sản xuất
DD14S,DD14S150-6B3HN,Sản xuất
DD14S,DD14S150-5B3HN,Sản xuất
DD14S,DD14S150-4B3HN,Sản xuất
DD14S,DD14S150-3B3HN,Sản xuất
DD14S,DD14S150-6B3HT,Sản xuất
DD14S,DD14S150-5B3HT,Sản xuất
DD14S,DD14S150-4B3HT,Sản xuất
DD14S,DD14S150-3B3HT,Sản xuất
DD14S,DD14S150-6B3HD,Sản xuất
DD14S,DD14S150-5B3HD,Sản xuất
DD14S,DD14S150-4B3HD,Sản xuất
DD14S,DD14S150-3B3HD,Sản xuất
DD14S,DD14S150-6B3DN,Sản xuất
DD14S,DD14S150-5B3DN,Sản xuất
DD14S,DD14S150-4B3DN,Sản xuất
DD14S,DD14S150-3B3DN,Sản xuất
DD14S,DD14S150-6B3DT,Sản xuất
DD14S,DD14S150-5B3DT,Sản xuất
DD14S,DD14S150-4B3DT,Sản xuất
DD14S,DD14S150-3B3DT,Sản xuất
DD14S,DD14S150-6B3PT,Sản xuất
DD14S,DD14S150-5B3PT,Sản xuất
DD14S,DD14S150-4B3PT,Sản xuất
DD14S,DD14S150-3B3PT,Sản xuất
DD14S,DD14S150-6B3PD,Sản xuất
DD14S,DD14S150-5B3PD,Sản xuất
DD14S,DD14S150-4B3PD,Sản xuất
DD14S,DD14S150-3B3PD,Sản xuất
DD14S,DD14S150-6B3MT,Sản xuất
DD14S,DD14S150-5B3MT,Sản xuất
DD14S,DD14S150-4B3MT,Sản xuất
DD14S,DD14S150-3B3MT,Sản xuất
DD14S,DD14S150-6B3ID,Sản xuất
DD14S,DD14S150-5B3ID,Sản xuất
DD14S,DD14S150-4B3ID,Sản xuất
DD14S,DD14S150-3B3ID,Sản xuất
DD14S,DD14S150-6B3SL,Sản xuất
DD14S,DD14S150-5B3SL,Sản xuất
DD14S,DD14S150-4B3SL,Sản xuất
DD14S,DD14S150-3B3SL,Sản xuất
DD14S,DD14S150-6P3HN,Sản xuất
DD14S,DD14S150-5P3HN,Sản xuất
DD14S,DD14S150-4P3HN,Sản xuất
DD14S,DD14S150-3P3HN,Sản xuất
DD14S,DD14S150-6P3HT,Sản xuất
DD14S,DD14S150-5P3HT,Sản xuất
DD14S,DD14S150-4P3HT,Sản xuất
DD14S,DD14S150-3P3HT,Sản xuất
DD14S,DD14S150-6P3HD,Sản xuất
DD14S,DD14S150-5P3HD,Sản xuất
DD14S,DD14S150-4P3HD,Sản xuất
DD14S,DD14S150-3P3HD,Sản xuất
DD14S,DD14S150-6P3DN,Sản xuất
DD14S,DD14S150-5P3DN,Sản xuất
DD14S,DD14S150-4P3DN,Sản xuất
DD14S,DD14S150-3P3DN,Sản xuất
DD14S,DD14S150-6P3DT,Sản xuất
DD14S,DD14S150-5P3DT,Sản xuất
DD14S,DD14S150-4P3DT,Sản xuất
DD14S,DD14S150-3P3DT,Sản xuất
DD14S,DD14S150-6P3PT,Sản xuất
DD14S,DD14S150-5P3PT,Sản xuất
DD14S,DD14S150-4P3PT,Sản xuất
DD14S,DD14S150-3P3PT,Sản xuất
DD14S,DD14S150-6P3PD,Sản xuất
DD14S,DD14S150-5P3PD,Sản xuất
DD14S,DD14S150-4P3PD,Sản xuất
DD14S,DD14S150-3P3PD,Sản xuất
DD14S,DD14S150-6P3MT,Sản xuất
DD14S,DD14S150-5P3MT,Sản xuất
DD14S,DD14S150-4P3MT,Sản xuất
DD14S,DD14S150-3P3MT,Sản xuất
DD14S,DD14S150-6P3ID,Sản xuất
DD14S,DD14S150-5P3ID,Sản xuất
DD14S,DD14S150-4P3ID,Sản xuất
DD14S,DD14S150-3P3ID,Sản xuất
DD14S,DD14S150-6P3SL,Sản xuất
DD14S,DD14S150-5P3SL,Sản xuất
DD14S,DD14S150-4P3SL,Sản xuất
DD14S,DD14S150-3P3SL,Sản xuất
DD14S,DD14S150-6B5HN,Sản xuất
DD14S,DD14S150-5B5HN,Sản xuất
DD14S,DD14S150-4B5HN,Sản xuất
DD14S,DD14S150-3B5HN,Sản xuất
DD14S,DD14S150-6B5HT,Sản xuất
DD14S,DD14S150-5B5HT,Sản xuất
DD14S,DD14S150-4B5HT,Sản xuất
DD14S,DD14S150-3B5HT,Sản xuất
DD14S,DD14S150-6B5HD,Sản xuất
DD14S,DD14S150-5B5HD,Sản xuất
DD14S,DD14S150-4B5HD,Sản xuất
DD14S,DD14S150-3B5HD,Sản xuất
DD14S,DD14S150-6B5DN,Sản xuất
DD14S,DD14S150-5B5DN,Sản xuất
DD14S,DD14S150-4B5DN,Sản xuất
DD14S,DD14S150-3B5DN,Sản xuất
DD14S,DD14S150-6B5DT,Sản xuất
DD14S,DD14S150-5B5DT,Sản xuất
DD14S,DD14S150-4B5DT,Sản xuất
DD14S,DD14S150-3B5DT,Sản xuất
DD14S,DD14S150-6B5PT,Sản xuất
DD14S,DD14S150-5B5PT,Sản xuất
DD14S,DD14S150-4B5PT,Sản xuất
DD14S,DD14S150-3B5PT,Sản xuất
DD14S,DD14S150-6B5PD,Sản xuất
DD14S,DD14S150-5B5PD,Sản xuất
DD14S,DD14S150-4B5PD,Sản xuất
DD14S,DD14S150-3B5PD,Sản xuất
DD14S,DD14S150-6B5MT,Sản xuất
DD14S,DD14S150-5B5MT,Sản xuất
DD14S,DD14S150-4B5MT,Sản xuất
DD14S,DD14S150-3B5MT,Sản xuất
DD14S,DD14S150-6B5ID,Sản xuất
DD14S,DD14S150-5B5ID,Sản xuất
DD14S,DD14S150-4B5ID,Sản xuất
DD14S,DD14S150-3B5ID,Sản xuất
DD14S,DD14S150-6B5SL,Sản xuất
DD14S,DD14S150-5B5SL,Sản xuất
DD14S,DD14S150-4B5SL,Sản xuất
DD14S,DD14S150-3B5SL,Sản xuất
DD14S,DD14S150-6P5HN,Sản xuất
DD14S,DD14S150-5P5HN,Sản xuất
DD14S,DD14S150-4P5HN,Sản xuất
DD14S,DD14S150-3P5HN,Sản xuất
DD14S,DD14S150-6P5HT,Sản xuất
DD14S,DD14S150-5P5HT,Sản xuất
DD14S,DD14S150-4P5HT,Sản xuất
DD14S,DD14S150-3P5HT,Sản xuất
DD14S,DD14S150-6P5HD,Sản xuất
DD14S,DD14S150-5P5HD,Sản xuất
DD14S,DD14S150-4P5HD,Sản xuất
DD14S,DD14S150-3P5HD,Sản xuất
DD14S,DD14S150-6P5DN,Sản xuất
DD14S,DD14S150-5P5DN,Sản xuất
DD14S,DD14S150-4P5DN,Sản xuất
DD14S,DD14S150-3P5DN,Sản xuất
DD14S,DD14S150-6P5DT,Sản xuất
DD14S,DD14S150-5P5DT,Sản xuất
DD14S,DD14S150-4P5DT,Sản xuất
DD14S,DD14S150-3P5DT,Sản xuất
DD14S,DD14S150-6P5PT,Sản xuất
DD14S,DD14S150-5P5PT,Sản xuất
DD14S,DD14S150-4P5PT,Sản xuất
DD14S,DD14S150-3P5PT,Sản xuất
DD14S,DD14S150-6P5PD,Sản xuất
DD14S,DD14S150-5P5PD,Sản xuất
DD14S,DD14S150-4P5PD,Sản xuất
DD14S,DD14S150-3P5PD,Sản xuất
DD14S,DD14S150-6P5MT,Sản xuất
DD14S,DD14S150-5P5MT,Sản xuất
DD14S,DD14S150-4P5MT,Sản xuất
DD14S,DD14S150-3P5MT,Sản xuất
DD14S,DD14S150-6P5ID,Sản xuất
DD14S,DD14S150-5P5ID,Sản xuất
DD14S,DD14S150-4P5ID,Sản xuất
DD14S,DD14S150-3P5ID,Sản xuất
DD14S,DD14S150-6P5SL,Sản xuất
DD14S,DD14S150-5P5SL,Sản xuất
DD14S,DD14S150-4P5SL,Sản xuất
DD14S,DD14S150-3P5SL,Sản xuất
DD14S,DD14S200-6B3HN,Sản xuất
DD14S,DD14S200-5B3HN,Sản xuất
DD14S,DD14S200-4B3HN,Sản xuất
DD14S,DD14S200-3B3HN,Sản xuất
DD14S,DD14S200-6B3HT,Sản xuất
DD14S,DD14S200-5B3HT,Sản xuất
DD14S,DD14S200-4B3HT,Sản xuất
DD14S,DD14S200-3B3HT,Sản xuất
DD14S,DD14S200-6B3HD,Sản xuất
DD14S,DD14S200-5B3HD,Sản xuất
DD14S,DD14S200-4B3HD,Sản xuất
DD14S,DD14S200-3B3HD,Sản xuất
DD14S,DD14S200-6B3DN,Sản xuất
DD14S,DD14S200-5B3DN,Sản xuất
DD14S,DD14S200-4B3DN,Sản xuất
DD14S,DD14S200-3B3DN,Sản xuất
DD14S,DD14S200-6B3DT,Sản xuất
DD14S,DD14S200-5B3DT,Sản xuất
DD14S,DD14S200-4B3DT,Sản xuất
DD14S,DD14S200-3B3DT,Sản xuất
DD14S,DD14S200-6B3PT,Sản xuất
DD14S,DD14S200-5B3PT,Sản xuất
DD14S,DD14S200-4B3PT,Sản xuất
DD14S,DD14S200-3B3PT,Sản xuất
DD14S,DD14S200-6B3PD,Sản xuất
DD14S,DD14S200-5B3PD,Sản xuất
DD14S,DD14S200-4B3PD,Sản xuất
DD14S,DD14S200-3B3PD,Sản xuất
DD14S,DD14S200-6B3MT,Sản xuất
DD14S,DD14S200-5B3MT,Sản xuất
DD14S,DD14S200-4B3MT,Sản xuất
DD14S,DD14S200-3B3MT,Sản xuất
DD14S,DD14S200-6B3ID,Sản xuất
DD14S,DD14S200-5B3ID,Sản xuất
DD14S,DD14S200-4B3ID,Sản xuất
DD14S,DD14S200-3B3ID,Sản xuất
DD14S,DD14S200-6B3SL,Sản xuất
DD14S,DD14S200-5B3SL,Sản xuất
DD14S,DD14S200-4B3SL,Sản xuất
DD14S,DD14S200-3B3SL,Sản xuất
DD14S,DD14S200-6P3HN,Sản xuất
DD14S,DD14S200-5P3HN,Sản xuất
DD14S,DD14S200-4P3HN,Sản xuất
DD14S,DD14S200-3P3HN,Sản xuất
DD14S,DD14S200-6P3HT,Sản xuất
DD14S,DD14S200-5P3HT,Sản xuất
DD14S,DD14S200-4P3HT,Sản xuất
DD14S,DD14S200-3P3HT,Sản xuất
DD14S,DD14S200-6P3HD,Sản xuất
DD14S,DD14S200-5P3HD,Sản xuất
DD14S,DD14S200-4P3HD,Sản xuất
DD14S,DD14S200-3P3HD,Sản xuất
DD14S,DD14S200-6P3DN,Sản xuất
DD14S,DD14S200-5P3DN,Sản xuất
DD14S,DD14S200-4P3DN,Sản xuất
DD14S,DD14S200-3P3DN,Sản xuất
DD14S,DD14S200-6P3DT,Sản xuất
DD14S,DD14S200-5P3DT,Sản xuất
DD14S,DD14S200-4P3DT,Sản xuất
DD14S,DD14S200-3P3DT,Sản xuất
DD14S,DD14S200-6P3PT,Sản xuất
DD14S,DD14S200-5P3PT,Sản xuất
DD14S,DD14S200-4P3PT,Sản xuất
DD14S,DD14S200-3P3PT,Sản xuất
DD14S,DD14S200-6P3PD,Sản xuất
DD14S,DD14S200-5P3PD,Sản xuất
DD14S,DD14S200-4P3PD,Sản xuất
DD14S,DD14S200-3P3PD,Sản xuất
DD14S,DD14S200-6P3MT,Sản xuất
DD14S,DD14S200-5P3MT,Sản xuất
DD14S,DD14S200-4P3MT,Sản xuất
DD14S,DD14S200-3P3MT,Sản xuất
DD14S,DD14S200-6P3ID,Sản xuất
DD14S,DD14S200-5P3ID,Sản xuất
DD14S,DD14S200-4P3ID,Sản xuất
DD14S,DD14S200-3P3ID,Sản xuất
DD14S,DD14S200-6P3SL,Sản xuất
DD14S,DD14S200-5P3SL,Sản xuất
DD14S,DD14S200-4P3SL,Sản xuất
DD14S,DD14S200-3P3SL,Sản xuất
DD14S,DD14S200-6B5HN,Sản xuất
DD14S,DD14S200-5B5HN,Sản xuất
DD14S,DD14S200-4B5HN,Sản xuất
DD14S,DD14S200-3B5HN,Sản xuất
DD14S,DD14S200-6B5HT,Sản xuất
DD14S,DD14S200-5B5HT,Sản xuất
DD14S,DD14S200-4B5HT,Sản xuất
DD14S,DD14S200-3B5HT,Sản xuất
DD14S,DD14S200-6B5HD,Sản xuất
DD14S,DD14S200-5B5HD,Sản xuất
DD14S,DD14S200-4B5HD,Sản xuất
DD14S,DD14S200-3B5HD,Sản xuất
DD14S,DD14S200-6B5DN,Sản xuất
DD14S,DD14S200-5B5DN,Sản xuất
DD14S,DD14S200-4B5DN,Sản xuất
DD14S,DD14S200-3B5DN,Sản xuất
DD14S,DD14S200-6B5DT,Sản xuất
DD14S,DD14S200-5B5DT,Sản xuất
DD14S,DD14S200-4B5DT,Sản xuất
DD14S,DD14S200-3B5DT,Sản xuất
DD14S,DD14S200-6B5PT,Sản xuất
DD14S,DD14S200-5B5PT,Sản xuất
DD14S,DD14S200-4B5PT,Sản xuất
DD14S,DD14S200-3B5PT,Sản xuất
DD14S,DD14S200-6B5PD,Sản xuất
DD14S,DD14S200-5B5PD,Sản xuất
DD14S,DD14S200-4B5PD,Sản xuất
DD14S,DD14S200-3B5PD,Sản xuất
DD14S,DD14S200-6B5MT,Sản xuất
DD14S,DD14S200-5B5MT,Sản xuất
DD14S,DD14S200-4B5MT,Sản xuất
DD14S,DD14S200-3B5MT,Sản xuất
DD14S,DD14S200-6B5ID,Sản xuất
DD14S,DD14S200-5B5ID,Sản xuất
DD14S,DD14S200-4B5ID,Sản xuất
DD14S,DD14S200-3B5ID,Sản xuất
DD14S,DD14S200-6B5SL,Sản xuất
DD14S,DD14S200-5B5SL,Sản xuất
DD14S,DD14S200-4B5SL,Sản xuất
DD14S,DD14S200-3B5SL,Sản xuất
DD14S,DD14S200-6P5HN,Sản xuất
DD14S,DD14S200-5P5HN,Sản xuất
DD14S,DD14S200-4P5HN,Sản xuất
DD14S,DD14S200-3P5HN,Sản xuất
DD14S,DD14S200-6P5HT,Sản xuất
DD14S,DD14S200-5P5HT,Sản xuất
DD14S,DD14S200-4P5HT,Sản xuất
DD14S,DD14S200-3P5HT,Sản xuất
DD14S,DD14S200-6P5HD,Sản xuất
DD14S,DD14S200-5P5HD,Sản xuất
DD14S,DD14S200-4P5HD,Sản xuất
DD14S,DD14S200-3P5HD,Sản xuất
DD14S,DD14S200-6P5DN,Sản xuất
DD14S,DD14S200-5P5DN,Sản xuất
DD14S,DD14S200-4P5DN,Sản xuất
DD14S,DD14S200-3P5DN,Sản xuất
DD14S,DD14S200-6P5DT,Sản xuất
DD14S,DD14S200-5P5DT,Sản xuất
DD14S,DD14S200-4P5DT,Sản xuất
DD14S,DD14S200-3P5DT,Sản xuất
DD14S,DD14S200-6P5PT,Sản xuất
DD14S,DD14S200-5P5PT,Sản xuất
DD14S,DD14S200-4P5PT,Sản xuất
DD14S,DD14S200-3P5PT,Sản xuất
DD14S,DD14S200-6P5PD,Sản xuất
DD14S,DD14S200-5P5PD,Sản xuất
DD14S,DD14S200-4P5PD,Sản xuất
DD14S,DD14S200-3P5PD,Sản xuất
DD14S,DD14S200-6P5MT,Sản xuất
DD14S,DD14S200-5P5MT,Sản xuất
DD14S,DD14S200-4P5MT,Sản xuất
DD14S,DD14S200-3P5MT,Sản xuất
DD14S,DD14S200-6P5ID,Sản xuất
DD14S,DD14S200-5P5ID,Sản xuất
DD14S,DD14S200-4P5ID,Sản xuất
DD14S,DD14S200-3P5ID,Sản xuất
DD14S,DD14S200-6P5SL,Sản xuất
DD14S,DD14S200-5P5SL,Sản xuất
DD14S,DD14S200-4P5SL,Sản xuất
DD14S,DD14S200-3P5SL,Sản xuất
DD14S,DD14S250-6B3HN,Sản xuất
DD14S,DD14S250-5B3HN,Sản xuất
DD14S,DD14S250-4B3HN,Sản xuất
DD14S,DD14S250-3B3HN,Sản xuất
DD14S,DD14S250-6B3HT,Sản xuất
DD14S,DD14S250-5B3HT,Sản xuất
DD14S,DD14S250-4B3HT,Sản xuất
DD14S,DD14S250-3B3HT,Sản xuất
DD14S,DD14S250-6B3HD,Sản xuất
DD14S,DD14S250-5B3HD,Sản xuất
DD14S,DD14S250-4B3HD,Sản xuất
DD14S,DD14S250-3B3HD,Sản xuất
DD14S,DD14S250-6B3DN,Sản xuất
DD14S,DD14S250-5B3DN,Sản xuất
DD14S,DD14S250-4B3DN,Sản xuất
DD14S,DD14S250-3B3DN,Sản xuất
DD14S,DD14S250-6B3DT,Sản xuất
DD14S,DD14S250-5B3DT,Sản xuất
DD14S,DD14S250-4B3DT,Sản xuất
DD14S,DD14S250-3B3DT,Sản xuất
DD14S,DD14S250-6B3PT,Sản xuất
DD14S,DD14S250-5B3PT,Sản xuất
DD14S,DD14S250-4B3PT,Sản xuất
DD14S,DD14S250-3B3PT,Sản xuất
DD14S,DD14S250-6B3PD,Sản xuất
DD14S,DD14S250-5B3PD,Sản xuất
DD14S,DD14S250-4B3PD,Sản xuất
DD14S,DD14S250-3B3PD,Sản xuất
DD14S,DD14S250-6B3MT,Sản xuất
DD14S,DD14S250-5B3MT,Sản xuất
DD14S,DD14S250-4B3MT,Sản xuất
DD14S,DD14S250-3B3MT,Sản xuất
DD14S,DD14S250-6B3ID,Sản xuất
DD14S,DD14S250-5B3ID,Sản xuất
DD14S,DD14S250-4B3ID,Sản xuất
DD14S,DD14S250-3B3ID,Sản xuất
DD14S,DD14S250-6B3SL,Sản xuất
DD14S,DD14S250-5B3SL,Sản xuất
DD14S,DD14S250-4B3SL,Sản xuất
DD14S,DD14S250-3B3SL,Sản xuất
DD14S,DD14S250-6P3HN,Sản xuất
DD14S,DD14S250-5P3HN,Sản xuất
DD14S,DD14S250-4P3HN,Sản xuất
DD14S,DD14S250-3P3HN,Sản xuất
DD14S,DD14S250-6P3HT,Sản xuất
DD14S,DD14S250-5P3HT,Sản xuất
DD14S,DD14S250-4P3HT,Sản xuất
DD14S,DD14S250-3P3HT,Sản xuất
DD14S,DD14S250-6P3HD,Sản xuất
DD14S,DD14S250-5P3HD,Sản xuất
DD14S,DD14S250-4P3HD,Sản xuất
DD14S,DD14S250-3P3HD,Sản xuất
DD14S,DD14S250-6P3DN,Sản xuất
DD14S,DD14S250-5P3DN,Sản xuất
DD14S,DD14S250-4P3DN,Sản xuất
DD14S,DD14S250-3P3DN,Sản xuất
DD14S,DD14S250-6P3DT,Sản xuất
DD14S,DD14S250-5P3DT,Sản xuất
DD14S,DD14S250-4P3DT,Sản xuất
DD14S,DD14S250-3P3DT,Sản xuất
DD14S,DD14S250-6P3PT,Sản xuất
DD14S,DD14S250-5P3PT,Sản xuất
DD14S,DD14S250-4P3PT,Sản xuất
DD14S,DD14S250-3P3PT,Sản xuất
DD14S,DD14S250-6P3PD,Sản xuất
DD14S,DD14S250-5P3PD,Sản xuất
DD14S,DD14S250-4P3PD,Sản xuất
DD14S,DD14S250-3P3PD,Sản xuất
DD14S,DD14S250-6P3MT,Sản xuất
DD14S,DD14S250-5P3MT,Sản xuất
DD14S,DD14S250-4P3MT,Sản xuất
DD14S,DD14S250-3P3MT,Sản xuất
DD14S,DD14S250-6P3ID,Sản xuất
DD14S,DD14S250-5P3ID,Sản xuất
DD14S,DD14S250-4P3ID,Sản xuất
DD14S,DD14S250-3P3ID,Sản xuất
DD14S,DD14S250-6P3SL,Sản xuất
DD14S,DD14S250-5P3SL,Sản xuất
DD14S,DD14S250-4P3SL,Sản xuất
DD14S,DD14S250-3P3SL,Sản xuất
DD14S,DD14S250-6B5HN,Sản xuất
DD14S,DD14S250-5B5HN,Sản xuất
DD14S,DD14S250-4B5HN,Sản xuất
DD14S,DD14S250-3B5HN,Sản xuất
DD14S,DD14S250-6B5HT,Sản xuất
DD14S,DD14S250-5B5HT,Sản xuất
DD14S,DD14S250-4B5HT,Sản xuất
DD14S,DD14S250-3B5HT,Sản xuất
DD14S,DD14S250-6B5HD,Sản xuất
DD14S,DD14S250-5B5HD,Sản xuất
DD14S,DD14S250-4B5HD,Sản xuất
DD14S,DD14S250-3B5HD,Sản xuất
DD14S,DD14S250-6B5DN,Sản xuất
DD14S,DD14S250-5B5DN,Sản xuất
DD14S,DD14S250-4B5DN,Sản xuất
DD14S,DD14S250-3B5DN,Sản xuất
DD14S,DD14S250-6B5DT,Sản xuất
DD14S,DD14S250-5B5DT,Sản xuất
DD14S,DD14S250-4B5DT,Sản xuất
DD14S,DD14S250-3B5DT,Sản xuất
DD14S,DD14S250-6B5PT,Sản xuất
DD14S,DD14S250-5B5PT,Sản xuất
DD14S,DD14S250-4B5PT,Sản xuất
DD14S,DD14S250-3B5PT,Sản xuất
DD14S,DD14S250-6B5PD,Sản xuất
DD14S,DD14S250-5B5PD,Sản xuất
DD14S,DD14S250-4B5PD,Sản xuất
DD14S,DD14S250-3B5PD,Sản xuất
DD14S,DD14S250-6B5MT,Sản xuất
DD14S,DD14S250-5B5MT,Sản xuất
DD14S,DD14S250-4B5MT,Sản xuất
DD14S,DD14S250-3B5MT,Sản xuất
DD14S,DD14S250-6B5ID,Sản xuất
DD14S,DD14S250-5B5ID,Sản xuất
DD14S,DD14S250-4B5ID,Sản xuất
DD14S,DD14S250-3B5ID,Sản xuất
DD14S,DD14S250-6B5SL,Sản xuất
DD14S,DD14S250-5B5SL,Sản xuất
DD14S,DD14S250-4B5SL,Sản xuất
DD14S,DD14S250-3B5SL,Sản xuất
DD14S,DD14S250-6P5HN,Sản xuất
DD14S,DD14S250-5P5HN,Sản xuất
DD14S,DD14S250-4P5HN,Sản xuất
DD14S,DD14S250-3P5HN,Sản xuất
DD14S,DD14S250-6P5HT,Sản xuất
DD14S,DD14S250-5P5HT,Sản xuất
DD14S,DD14S250-4P5HT,Sản xuất
DD14S,DD14S250-3P5HT,Sản xuất
DD14S,DD14S250-6P5HD,Sản xuất
DD14S,DD14S250-5P5HD,Sản xuất
DD14S,DD14S250-4P5HD,Sản xuất
DD14S,DD14S250-3P5HD,Sản xuất
DD14S,DD14S250-6P5DN,Sản xuất
DD14S,DD14S250-5P5DN,Sản xuất
DD14S,DD14S250-4P5DN,Sản xuất
DD14S,DD14S250-3P5DN,Sản xuất
DD14S,DD14S250-6P5DT,Sản xuất
DD14S,DD14S250-5P5DT,Sản xuất
DD14S,DD14S250-4P5DT,Sản xuất
DD14S,DD14S250-3P5DT,Sản xuất
DD14S,DD14S250-6P5PT,Sản xuất
DD14S,DD14S250-5P5PT,Sản xuất
DD14S,DD14S250-4P5PT,Sản xuất
DD14S,DD14S250-3P5PT,Sản xuất
DD14S,DD14S250-6P5PD,Sản xuất
DD14S,DD14S250-5P5PD,Sản xuất
DD14S,DD14S250-4P5PD,Sản xuất
DD14S,DD14S250-3P5PD,Sản xuất
DD14S,DD14S250-6P5MT,Sản xuất
DD14S,DD14S250-5P5MT,Sản xuất
DD14S,DD14S250-4P5MT,Sản xuất
DD14S,DD14S250-3P5MT,Sản xuất
DD14S,DD14S250-6P5ID,Sản xuất
DD14S,DD14S250-5P5ID,Sản xuất
DD14S,DD14S250-4P5ID,Sản xuất
DD14S,DD14S250-3P5ID,Sản xuất
DD14S,DD14S250-6P5SL,Sản xuất
DD14S,DD14S250-5P5SL,Sản xuất
DD14S,DD14S250-4P5SL,Sản xuất
DD14S,DD14S250-3P5SL,Sản xuất
DD14S,DD14S300-6B3HN,Sản xuất
DD14S,DD14S300-5B3HN,Sản xuất
DD14S,DD14S300-4B3HN,Sản xuất
DD14S,DD14S300-3B3HN,Sản xuất
DD14S,DD14S300-6B3HT,Sản xuất
DD14S,DD14S300-5B3HT,Sản xuất
DD14S,DD14S300-4B3HT,Sản xuất
DD14S,DD14S300-3B3HT,Sản xuất
DD14S,DD14S300-6B3HD,Sản xuất
DD14S,DD14S300-5B3HD,Sản xuất
DD14S,DD14S300-4B3HD,Sản xuất
DD14S,DD14S300-3B3HD,Sản xuất
DD14S,DD14S300-6B3DN,Sản xuất
DD14S,DD14S300-5B3DN,Sản xuất
DD14S,DD14S300-4B3DN,Sản xuất
DD14S,DD14S300-3B3DN,Sản xuất
DD14S,DD14S300-6B3DT,Sản xuất
DD14S,DD14S300-5B3DT,Sản xuất
DD14S,DD14S300-4B3DT,Sản xuất
DD14S,DD14S300-3B3DT,Sản xuất
DD14S,DD14S300-6B3PT,Sản xuất
DD14S,DD14S300-5B3PT,Sản xuất
DD14S,DD14S300-4B3PT,Sản xuất
DD14S,DD14S300-3B3PT,Sản xuất
DD14S,DD14S300-6B3PD,Sản xuất
DD14S,DD14S300-5B3PD,Sản xuất
DD14S,DD14S300-4B3PD,Sản xuất
DD14S,DD14S300-3B3PD,Sản xuất
DD14S,DD14S300-6B3MT,Sản xuất
DD14S,DD14S300-5B3MT,Sản xuất
DD14S,DD14S300-4B3MT,Sản xuất
DD14S,DD14S300-3B3MT,Sản xuất
DD14S,DD14S300-6B3ID,Sản xuất
DD14S,DD14S300-5B3ID,Sản xuất
DD14S,DD14S300-4B3ID,Sản xuất
DD14S,DD14S300-3B3ID,Sản xuất
DD14S,DD14S300-6B3SL,Sản xuất
DD14S,DD14S300-5B3SL,Sản xuất
DD14S,DD14S300-4B3SL,Sản xuất
DD14S,DD14S300-3B3SL,Sản xuất
DD14S,DD14S300-6P3HN,Sản xuất
DD14S,DD14S300-5P3HN,Sản xuất
DD14S,DD14S300-4P3HN,Sản xuất
DD14S,DD14S300-3P3HN,Sản xuất
DD14S,DD14S300-6P3HT,Sản xuất
DD14S,DD14S300-5P3HT,Sản xuất
DD14S,DD14S300-4P3HT,Sản xuất
DD14S,DD14S300-3P3HT,Sản xuất
DD14S,DD14S300-6P3HD,Sản xuất
DD14S,DD14S300-5P3HD,Sản xuất
DD14S,DD14S300-4P3HD,Sản xuất
DD14S,DD14S300-3P3HD,Sản xuất
DD14S,DD14S300-6P3DN,Sản xuất
DD14S,DD14S300-5P3DN,Sản xuất
DD14S,DD14S300-4P3DN,Sản xuất
DD14S,DD14S300-3P3DN,Sản xuất
DD14S,DD14S300-6P3DT,Sản xuất
DD14S,DD14S300-5P3DT,Sản xuất
DD14S,DD14S300-4P3DT,Sản xuất
DD14S,DD14S300-3P3DT,Sản xuất
DD14S,DD14S300-6P3PT,Sản xuất
DD14S,DD14S300-5P3PT,Sản xuất
DD14S,DD14S300-4P3PT,Sản xuất
DD14S,DD14S300-3P3PT,Sản xuất
DD14S,DD14S300-6P3PD,Sản xuất
DD14S,DD14S300-5P3PD,Sản xuất
DD14S,DD14S300-4P3PD,Sản xuất
DD14S,DD14S300-3P3PD,Sản xuất
DD14S,DD14S300-6P3MT,Sản xuất
DD14S,DD14S300-5P3MT,Sản xuất
DD14S,DD14S300-4P3MT,Sản xuất
DD14S,DD14S300-3P3MT,Sản xuất
DD14S,DD14S300-6P3ID,Sản xuất
DD14S,DD14S300-5P3ID,Sản xuất
DD14S,DD14S300-4P3ID,Sản xuất
DD14S,DD14S300-3P3ID,Sản xuất
DD14S,DD14S300-6P3SL,Sản xuất
DD14S,DD14S300-5P3SL,Sản xuất
DD14S,DD14S300-4P3SL,Sản xuất
DD14S,DD14S300-3P3SL,Sản xuất
DD14S,DD14S300-6B5HN,Sản xuất
DD14S,DD14S300-5B5HN,Sản xuất
DD14S,DD14S300-4B5HN,Sản xuất
DD14S,DD14S300-3B5HN,Sản xuất
DD14S,DD14S300-6B5HT,Sản xuất
DD14S,DD14S300-5B5HT,Sản xuất
DD14S,DD14S300-4B5HT,Sản xuất
DD14S,DD14S300-3B5HT,Sản xuất
DD14S,DD14S300-6B5HD,Sản xuất
DD14S,DD14S300-5B5HD,Sản xuất
DD14S,DD14S300-4B5HD,Sản xuất
DD14S,DD14S300-3B5HD,Sản xuất
DD14S,DD14S300-6B5DN,Sản xuất
DD14S,DD14S300-5B5DN,Sản xuất
DD14S,DD14S300-4B5DN,Sản xuất
DD14S,DD14S300-3B5DN,Sản xuất
DD14S,DD14S300-6B5DT,Sản xuất
DD14S,DD14S300-5B5DT,Sản xuất
DD14S,DD14S300-4B5DT,Sản xuất
DD14S,DD14S300-3B5DT,Sản xuất
DD14S,DD14S300-6B5PT,Sản xuất
DD14S,DD14S300-5B5PT,Sản xuất
DD14S,DD14S300-4B5PT,Sản xuất
DD14S,DD14S300-3B5PT,Sản xuất
DD14S,DD14S300-6B5PD,Sản xuất
DD14S,DD14S300-5B5PD,Sản xuất
DD14S,DD14S300-4B5PD,Sản xuất
DD14S,DD14S300-3B5PD,Sản xuất
DD14S,DD14S300-6B5MT,Sản xuất
DD14S,DD14S300-5B5MT,Sản xuất
DD14S,DD14S300-4B5MT,Sản xuất
DD14S,DD14S300-3B5MT,Sản xuất
DD14S,DD14S300-6B5ID,Sản xuất
DD14S,DD14S300-5B5ID,Sản xuất
DD14S,DD14S300-4B5ID,Sản xuất
DD14S,DD14S300-3B5ID,Sản xuất
DD14S,DD14S300-6B5SL,Sản xuất
DD14S,DD14S300-5B5SL,Sản xuất
DD14S,DD14S300-4B5SL,Sản xuất
DD14S,DD14S300-3B5SL,Sản xuất
DD14S,DD14S300-6P5HN,Sản xuất
DD14S,DD14S300-5P5HN,Sản xuất
DD14S,DD14S300-4P5HN,Sản xuất
DD14S,DD14S300-3P5HN,Sản xuất
DD14S,DD14S300-6P5HT,Sản xuất
DD14S,DD14S300-5P5HT,Sản xuất
DD14S,DD14S300-4P5HT,Sản xuất
DD14S,DD14S300-3P5HT,Sản xuất
DD14S,DD14S300-6P5HD,Sản xuất
DD14S,DD14S300-5P5HD,Sản xuất
DD14S,DD14S300-4P5HD,Sản xuất
DD14S,DD14S300-3P5HD,Sản xuất
DD14S,DD14S300-6P5DN,Sản xuất
DD14S,DD14S300-5P5DN,Sản xuất
DD14S,DD14S300-4P5DN,Sản xuất
DD14S,DD14S300-3P5DN,Sản xuất
DD14S,DD14S300-6P5DT,Sản xuất
DD14S,DD14S300-5P5DT,Sản xuất
DD14S,DD14S300-4P5DT,Sản xuất
DD14S,DD14S300-3P5DT,Sản xuất
DD14S,DD14S300-6P5PT,Sản xuất
DD14S,DD14S300-5P5PT,Sản xuất
DD14S,DD14S300-4P5PT,Sản xuất
DD14S,DD14S300-3P5PT,Sản xuất
DD14S,DD14S300-6P5PD,Sản xuất
DD14S,DD14S300-5P5PD,Sản xuất
DD14S,DD14S300-4P5PD,Sản xuất
DD14S,DD14S300-3P5PD,Sản xuất
DD14S,DD14S300-6P5MT,Sản xuất
DD14S,DD14S300-5P5MT,Sản xuất
DD14S,DD14S300-4P5MT,Sản xuất
DD14S,DD14S300-3P5MT,Sản xuất
DD14S,DD14S300-6P5ID,Sản xuất
DD14S,DD14S300-5P5ID,Sản xuất
DD14S,DD14S300-4P5ID,Sản xuất
DD14S,DD14S300-3P5ID,Sản xuất
DD14S,DD14S300-6P5SL,Sản xuất
DD14S,DD14S300-5P5SL,Sản xuất
DD14S,DD14S300-4P5SL,Sản xuất
DD14S,DD14S300-3P5SL,Sản xuất
DD15S,DD15S050-6B3HN,Sản xuất
DD15S,DD15S050-5B3HN,Sản xuất
DD15S,DD15S050-4B3HN,Sản xuất
DD15S,DD15S050-3B3HN,Sản xuất
DD15S,DD15S050-6B3HT,Sản xuất
DD15S,DD15S050-5B3HT,Sản xuất
DD15S,DD15S050-4B3HT,Sản xuất
DD15S,DD15S050-3B3HT,Sản xuất
DD15S,DD15S050-6B3HD,Sản xuất
DD15S,DD15S050-5B3HD,Sản xuất
DD15S,DD15S050-4B3HD,Sản xuất
DD15S,DD15S050-3B3HD,Sản xuất
DD15S,DD15S050-6B3DN,Sản xuất
DD15S,DD15S050-5B3DN,Sản xuất
DD15S,DD15S050-4B3DN,Sản xuất
DD15S,DD15S050-3B3DN,Sản xuất
DD15S,DD15S050-6B3DT,Sản xuất
DD15S,DD15S050-5B3DT,Sản xuất
DD15S,DD15S050-4B3DT,Sản xuất
DD15S,DD15S050-3B3DT,Sản xuất
DD15S,DD15S050-6B3PT,Sản xuất
DD15S,DD15S050-5B3PT,Sản xuất
DD15S,DD15S050-4B3PT,Sản xuất
DD15S,DD15S050-3B3PT,Sản xuất
DD15S,DD15S050-6B3PD,Sản xuất
DD15S,DD15S050-5B3PD,Sản xuất
DD15S,DD15S050-4B3PD,Sản xuất
DD15S,DD15S050-3B3PD,Sản xuất
DD15S,DD15S050-6B3MT,Sản xuất
DD15S,DD15S050-5B3MT,Sản xuất
DD15S,DD15S050-4B3MT,Sản xuất
DD15S,DD15S050-3B3MT,Sản xuất
DD15S,DD15S050-6B3ID,Sản xuất
DD15S,DD15S050-5B3ID,Sản xuất
DD15S,DD15S050-4B3ID,Sản xuất
DD15S,DD15S050-3B3ID,Sản xuất
DD15S,DD15S050-6B3SL,Sản xuất
DD15S,DD15S050-5B3SL,Sản xuất
DD15S,DD15S050-4B3SL,Sản xuất
DD15S,DD15S050-3B3SL,Sản xuất
DD15S,DD15S050-6P3HN,Sản xuất
DD15S,DD15S050-5P3HN,Sản xuất
DD15S,DD15S050-4P3HN,Sản xuất
DD15S,DD15S050-3P3HN,Sản xuất
DD15S,DD15S050-6P3HT,Sản xuất
DD15S,DD15S050-5P3HT,Sản xuất
DD15S,DD15S050-4P3HT,Sản xuất
DD15S,DD15S050-3P3HT,Sản xuất
DD15S,DD15S050-6P3HD,Sản xuất
DD15S,DD15S050-5P3HD,Sản xuất
DD15S,DD15S050-4P3HD,Sản xuất
DD15S,DD15S050-3P3HD,Sản xuất
DD15S,DD15S050-6P3DN,Sản xuất
DD15S,DD15S050-5P3DN,Sản xuất
DD15S,DD15S050-4P3DN,Sản xuất
DD15S,DD15S050-3P3DN,Sản xuất
DD15S,DD15S050-6P3DT,Sản xuất
DD15S,DD15S050-5P3DT,Sản xuất
DD15S,DD15S050-4P3DT,Sản xuất
DD15S,DD15S050-3P3DT,Sản xuất
DD15S,DD15S050-6P3PT,Sản xuất
DD15S,DD15S050-5P3PT,Sản xuất
DD15S,DD15S050-4P3PT,Sản xuất
DD15S,DD15S050-3P3PT,Sản xuất
DD15S,DD15S050-6P3PD,Sản xuất
DD15S,DD15S050-5P3PD,Sản xuất
DD15S,DD15S050-4P3PD,Sản xuất
DD15S,DD15S050-3P3PD,Sản xuất
DD15S,DD15S050-6P3MT,Sản xuất
DD15S,DD15S050-5P3MT,Sản xuất
DD15S,DD15S050-4P3MT,Sản xuất
DD15S,DD15S050-3P3MT,Sản xuất
DD15S,DD15S050-6P3ID,Sản xuất
DD15S,DD15S050-5P3ID,Sản xuất
DD15S,DD15S050-4P3ID,Sản xuất
DD15S,DD15S050-3P3ID,Sản xuất
DD15S,DD15S050-6P3SL,Sản xuất
DD15S,DD15S050-5P3SL,Sản xuất
DD15S,DD15S050-4P3SL,Sản xuất
DD15S,DD15S050-3P3SL,Sản xuất
DD15S,DD15S050-6B5HN,Sản xuất
DD15S,DD15S050-5B5HN,Sản xuất
DD15S,DD15S050-4B5HN,Sản xuất
DD15S,DD15S050-3B5HN,Sản xuất
DD15S,DD15S050-6B5HT,Sản xuất
DD15S,DD15S050-5B5HT,Sản xuất
DD15S,DD15S050-4B5HT,Sản xuất
DD15S,DD15S050-3B5HT,Sản xuất
DD15S,DD15S050-6B5HD,Sản xuất
DD15S,DD15S050-5B5HD,Sản xuất
DD15S,DD15S050-4B5HD,Sản xuất
DD15S,DD15S050-3B5HD,Sản xuất
DD15S,DD15S050-6B5DN,Sản xuất
DD15S,DD15S050-5B5DN,Sản xuất
DD15S,DD15S050-4B5DN,Sản xuất
DD15S,DD15S050-3B5DN,Sản xuất
DD15S,DD15S050-6B5DT,Sản xuất
DD15S,DD15S050-5B5DT,Sản xuất
DD15S,DD15S050-4B5DT,Sản xuất
DD15S,DD15S050-3B5DT,Sản xuất
DD15S,DD15S050-6B5PT,Sản xuất
DD15S,DD15S050-5B5PT,Sản xuất
DD15S,DD15S050-4B5PT,Sản xuất
DD15S,DD15S050-3B5PT,Sản xuất
DD15S,DD15S050-6B5PD,Sản xuất
DD15S,DD15S050-5B5PD,Sản xuất
DD15S,DD15S050-4B5PD,Sản xuất
DD15S,DD15S050-3B5PD,Sản xuất
DD15S,DD15S050-6B5MT,Sản xuất
DD15S,DD15S050-5B5MT,Sản xuất
DD15S,DD15S050-4B5MT,Sản xuất
DD15S,DD15S050-3B5MT,Sản xuất
DD15S,DD15S050-6B5ID,Sản xuất
DD15S,DD15S050-5B5ID,Sản xuất
DD15S,DD15S050-4B5ID,Sản xuất
DD15S,DD15S050-3B5ID,Sản xuất
DD15S,DD15S050-6B5SL,Sản xuất
DD15S,DD15S050-5B5SL,Sản xuất
DD15S,DD15S050-4B5SL,Sản xuất
DD15S,DD15S050-3B5SL,Sản xuất
DD15S,DD15S050-6P5HN,Sản xuất
DD15S,DD15S050-5P5HN,Sản xuất
DD15S,DD15S050-4P5HN,Sản xuất
DD15S,DD15S050-3P5HN,Sản xuất
DD15S,DD15S050-6P5HT,Sản xuất
DD15S,DD15S050-5P5HT,Sản xuất
DD15S,DD15S050-4P5HT,Sản xuất
DD15S,DD15S050-3P5HT,Sản xuất
DD15S,DD15S050-6P5HD,Sản xuất
DD15S,DD15S050-5P5HD,Sản xuất
DD15S,DD15S050-4P5HD,Sản xuất
DD15S,DD15S050-3P5HD,Sản xuất
DD15S,DD15S050-6P5DN,Sản xuất
DD15S,DD15S050-5P5DN,Sản xuất
DD15S,DD15S050-4P5DN,Sản xuất
DD15S,DD15S050-3P5DN,Sản xuất
DD15S,DD15S050-6P5DT,Sản xuất
DD15S,DD15S050-5P5DT,Sản xuất
DD15S,DD15S050-4P5DT,Sản xuất
DD15S,DD15S050-3P5DT,Sản xuất
DD15S,DD15S050-6P5PT,Sản xuất
DD15S,DD15S050-5P5PT,Sản xuất
DD15S,DD15S050-4P5PT,Sản xuất
DD15S,DD15S050-3P5PT,Sản xuất
DD15S,DD15S050-6P5PD,Sản xuất
DD15S,DD15S050-5P5PD,Sản xuất
DD15S,DD15S050-4P5PD,Sản xuất
DD15S,DD15S050-3P5PD,Sản xuất
DD15S,DD15S050-6P5MT,Sản xuất
DD15S,DD15S050-5P5MT,Sản xuất
DD15S,DD15S050-4P5MT,Sản xuất
DD15S,DD15S050-3P5MT,Sản xuất
DD15S,DD15S050-6P5ID,Sản xuất
DD15S,DD15S050-5P5ID,Sản xuất
DD15S,DD15S050-4P5ID,Sản xuất
DD15S,DD15S050-3P5ID,Sản xuất
DD15S,DD15S050-6P5SL,Sản xuất
DD15S,DD15S050-5P5SL,Sản xuất
DD15S,DD15S050-4P5SL,Sản xuất
DD15S,DD15S050-3P5SL,Sản xuất
DD15S,DD15S100-6B3HN,Sản xuất
DD15S,DD15S100-5B3HN,Sản xuất
DD15S,DD15S100-4B3HN,Sản xuất
DD15S,DD15S100-3B3HN,Sản xuất
DD15S,DD15S100-6B3HT,Sản xuất
DD15S,DD15S100-5B3HT,Sản xuất
DD15S,DD15S100-4B3HT,Sản xuất
DD15S,DD15S100-3B3HT,Sản xuất
DD15S,DD15S100-6B3HD,Sản xuất
DD15S,DD15S100-5B3HD,Sản xuất
DD15S,DD15S100-4B3HD,Sản xuất
DD15S,DD15S100-3B3HD,Sản xuất
DD15S,DD15S100-6B3DN,Sản xuất
DD15S,DD15S100-5B3DN,Sản xuất
DD15S,DD15S100-4B3DN,Sản xuất
DD15S,DD15S100-3B3DN,Sản xuất
DD15S,DD15S100-6B3DT,Sản xuất
DD15S,DD15S100-5B3DT,Sản xuất
DD15S,DD15S100-4B3DT,Sản xuất
DD15S,DD15S100-3B3DT,Sản xuất
DD15S,DD15S100-6B3PT,Sản xuất
DD15S,DD15S100-5B3PT,Sản xuất
DD15S,DD15S100-4B3PT,Sản xuất
DD15S,DD15S100-3B3PT,Sản xuất
DD15S,DD15S100-6B3PD,Sản xuất
DD15S,DD15S100-5B3PD,Sản xuất
DD15S,DD15S100-4B3PD,Sản xuất
DD15S,DD15S100-3B3PD,Sản xuất
DD15S,DD15S100-6B3MT,Sản xuất
DD15S,DD15S100-5B3MT,Sản xuất
DD15S,DD15S100-4B3MT,Sản xuất
DD15S,DD15S100-3B3MT,Sản xuất
DD15S,DD15S100-6B3ID,Sản xuất
DD15S,DD15S100-5B3ID,Sản xuất
DD15S,DD15S100-4B3ID,Sản xuất
DD15S,DD15S100-3B3ID,Sản xuất
DD15S,DD15S100-6B3SL,Sản xuất
DD15S,DD15S100-5B3SL,Sản xuất
DD15S,DD15S100-4B3SL,Sản xuất
DD15S,DD15S100-3B3SL,Sản xuất
DD15S,DD15S100-6P3HN,Sản xuất
DD15S,DD15S100-5P3HN,Sản xuất
DD15S,DD15S100-4P3HN,Sản xuất
DD15S,DD15S100-3P3HN,Sản xuất
DD15S,DD15S100-6P3HT,Sản xuất
DD15S,DD15S100-5P3HT,Sản xuất
DD15S,DD15S100-4P3HT,Sản xuất
DD15S,DD15S100-3P3HT,Sản xuất
DD15S,DD15S100-6P3HD,Sản xuất
DD15S,DD15S100-5P3HD,Sản xuất
DD15S,DD15S100-4P3HD,Sản xuất
DD15S,DD15S100-3P3HD,Sản xuất
DD15S,DD15S100-6P3DN,Sản xuất
DD15S,DD15S100-5P3DN,Sản xuất
DD15S,DD15S100-4P3DN,Sản xuất
DD15S,DD15S100-3P3DN,Sản xuất
DD15S,DD15S100-6P3DT,Sản xuất
DD15S,DD15S100-5P3DT,Sản xuất
DD15S,DD15S100-4P3DT,Sản xuất
DD15S,DD15S100-3P3DT,Sản xuất
DD15S,DD15S100-6P3PT,Sản xuất
DD15S,DD15S100-5P3PT,Sản xuất
DD15S,DD15S100-4P3PT,Sản xuất
DD15S,DD15S100-3P3PT,Sản xuất
DD15S,DD15S100-6P3PD,Sản xuất
DD15S,DD15S100-5P3PD,Sản xuất
DD15S,DD15S100-4P3PD,Sản xuất
DD15S,DD15S100-3P3PD,Sản xuất
DD15S,DD15S100-6P3MT,Sản xuất
DD15S,DD15S100-5P3MT,Sản xuất
DD15S,DD15S100-4P3MT,Sản xuất
DD15S,DD15S100-3P3MT,Sản xuất
DD15S,DD15S100-6P3ID,Sản xuất
DD15S,DD15S100-5P3ID,Sản xuất
DD15S,DD15S100-4P3ID,Sản xuất
DD15S,DD15S100-3P3ID,Sản xuất
DD15S,DD15S100-6P3SL,Sản xuất
DD15S,DD15S100-5P3SL,Sản xuất
DD15S,DD15S100-4P3SL,Sản xuất
DD15S,DD15S100-3P3SL,Sản xuất
DD15S,DD15S100-6B5HN,Sản xuất
DD15S,DD15S100-5B5HN,Sản xuất
DD15S,DD15S100-4B5HN,Sản xuất
DD15S,DD15S100-3B5HN,Sản xuất
DD15S,DD15S100-6B5HT,Sản xuất
DD15S,DD15S100-5B5HT,Sản xuất
DD15S,DD15S100-4B5HT,Sản xuất
DD15S,DD15S100-3B5HT,Sản xuất
DD15S,DD15S100-6B5HD,Sản xuất
DD15S,DD15S100-5B5HD,Sản xuất
DD15S,DD15S100-4B5HD,Sản xuất
DD15S,DD15S100-3B5HD,Sản xuất
DD15S,DD15S100-6B5DN,Sản xuất
DD15S,DD15S100-5B5DN,Sản xuất
DD15S,DD15S100-4B5DN,Sản xuất
DD15S,DD15S100-3B5DN,Sản xuất
DD15S,DD15S100-6B5DT,Sản xuất
DD15S,DD15S100-5B5DT,Sản xuất
DD15S,DD15S100-4B5DT,Sản xuất
DD15S,DD15S100-3B5DT,Sản xuất
DD15S,DD15S100-6B5PT,Sản xuất
DD15S,DD15S100-5B5PT,Sản xuất
DD15S,DD15S100-4B5PT,Sản xuất
DD15S,DD15S100-3B5PT,Sản xuất
DD15S,DD15S100-6B5PD,Sản xuất
DD15S,DD15S100-5B5PD,Sản xuất
DD15S,DD15S100-4B5PD,Sản xuất
DD15S,DD15S100-3B5PD,Sản xuất
DD15S,DD15S100-6B5MT,Sản xuất
DD15S,DD15S100-5B5MT,Sản xuất
DD15S,DD15S100-4B5MT,Sản xuất
DD15S,DD15S100-3B5MT,Sản xuất
DD15S,DD15S100-6B5ID,Sản xuất
DD15S,DD15S100-5B5ID,Sản xuất
DD15S,DD15S100-4B5ID,Sản xuất
DD15S,DD15S100-3B5ID,Sản xuất
DD15S,DD15S100-6B5SL,Sản xuất
DD15S,DD15S100-5B5SL,Sản xuất
DD15S,DD15S100-4B5SL,Sản xuất
DD15S,DD15S100-3B5SL,Sản xuất
DD15S,DD15S100-6P5HN,Sản xuất
DD15S,DD15S100-5P5HN,Sản xuất
DD15S,DD15S100-4P5HN,Sản xuất
DD15S,DD15S100-3P5HN,Sản xuất
DD15S,DD15S100-6P5HT,Sản xuất
DD15S,DD15S100-5P5HT,Sản xuất
DD15S,DD15S100-4P5HT,Sản xuất
DD15S,DD15S100-3P5HT,Sản xuất
DD15S,DD15S100-6P5HD,Sản xuất
DD15S,DD15S100-5P5HD,Sản xuất
DD15S,DD15S100-4P5HD,Sản xuất
DD15S,DD15S100-3P5HD,Sản xuất
DD15S,DD15S100-6P5DN,Sản xuất
DD15S,DD15S100-5P5DN,Sản xuất
DD15S,DD15S100-4P5DN,Sản xuất
DD15S,DD15S100-3P5DN,Sản xuất
DD15S,DD15S100-6P5DT,Sản xuất
DD15S,DD15S100-5P5DT,Sản xuất
DD15S,DD15S100-4P5DT,Sản xuất
DD15S,DD15S100-3P5DT,Sản xuất
DD15S,DD15S100-6P5PT,Sản xuất
DD15S,DD15S100-5P5PT,Sản xuất
DD15S,DD15S100-4P5PT,Sản xuất
DD15S,DD15S100-3P5PT,Sản xuất
DD15S,DD15S100-6P5PD,Sản xuất
DD15S,DD15S100-5P5PD,Sản xuất
DD15S,DD15S100-4P5PD,Sản xuất
DD15S,DD15S100-3P5PD,Sản xuất
DD15S,DD15S100-6P5MT,Sản xuất
DD15S,DD15S100-5P5MT,Sản xuất
DD15S,DD15S100-4P5MT,Sản xuất
DD15S,DD15S100-3P5MT,Sản xuất
DD15S,DD15S100-6P5ID,Sản xuất
DD15S,DD15S100-5P5ID,Sản xuất
DD15S,DD15S100-4P5ID,Sản xuất
DD15S,DD15S100-3P5ID,Sản xuất
DD15S,DD15S100-6P5SL,Sản xuất
DD15S,DD15S100-5P5SL,Sản xuất
DD15S,DD15S100-4P5SL,Sản xuất
DD15S,DD15S100-3P5SL,Sản xuất
DD15S,DD15S150-6B3HN,Sản xuất
DD15S,DD15S150-5B3HN,Sản xuất
DD15S,DD15S150-4B3HN,Sản xuất
DD15S,DD15S150-3B3HN,Sản xuất
DD15S,DD15S150-6B3HT,Sản xuất
DD15S,DD15S150-5B3HT,Sản xuất
DD15S,DD15S150-4B3HT,Sản xuất
DD15S,DD15S150-3B3HT,Sản xuất
DD15S,DD15S150-6B3HD,Sản xuất
DD15S,DD15S150-5B3HD,Sản xuất
DD15S,DD15S150-4B3HD,Sản xuất
DD15S,DD15S150-3B3HD,Sản xuất
DD15S,DD15S150-6B3DN,Sản xuất
DD15S,DD15S150-5B3DN,Sản xuất
DD15S,DD15S150-4B3DN,Sản xuất
DD15S,DD15S150-3B3DN,Sản xuất
DD15S,DD15S150-6B3DT,Sản xuất
DD15S,DD15S150-5B3DT,Sản xuất
DD15S,DD15S150-4B3DT,Sản xuất
DD15S,DD15S150-3B3DT,Sản xuất
DD15S,DD15S150-6B3PT,Sản xuất
DD15S,DD15S150-5B3PT,Sản xuất
DD15S,DD15S150-4B3PT,Sản xuất
DD15S,DD15S150-3B3PT,Sản xuất
DD15S,DD15S150-6B3PD,Sản xuất
DD15S,DD15S150-5B3PD,Sản xuất
DD15S,DD15S150-4B3PD,Sản xuất
DD15S,DD15S150-3B3PD,Sản xuất
DD15S,DD15S150-6B3MT,Sản xuất
DD15S,DD15S150-5B3MT,Sản xuất
DD15S,DD15S150-4B3MT,Sản xuất
DD15S,DD15S150-3B3MT,Sản xuất
DD15S,DD15S150-6B3ID,Sản xuất
DD15S,DD15S150-5B3ID,Sản xuất
DD15S,DD15S150-4B3ID,Sản xuất
DD15S,DD15S150-3B3ID,Sản xuất
DD15S,DD15S150-6B3SL,Sản xuất
DD15S,DD15S150-5B3SL,Sản xuất
DD15S,DD15S150-4B3SL,Sản xuất
DD15S,DD15S150-3B3SL,Sản xuất
DD15S,DD15S150-6P3HN,Sản xuất
DD15S,DD15S150-5P3HN,Sản xuất
DD15S,DD15S150-4P3HN,Sản xuất
DD15S,DD15S150-3P3HN,Sản xuất
DD15S,DD15S150-6P3HT,Sản xuất
DD15S,DD15S150-5P3HT,Sản xuất
DD15S,DD15S150-4P3HT,Sản xuất
DD15S,DD15S150-3P3HT,Sản xuất
DD15S,DD15S150-6P3HD,Sản xuất
DD15S,DD15S150-5P3HD,Sản xuất
DD15S,DD15S150-4P3HD,Sản xuất
DD15S,DD15S150-3P3HD,Sản xuất
DD15S,DD15S150-6P3DN,Sản xuất
DD15S,DD15S150-5P3DN,Sản xuất
DD15S,DD15S150-4P3DN,Sản xuất
DD15S,DD15S150-3P3DN,Sản xuất
DD15S,DD15S150-6P3DT,Sản xuất
DD15S,DD15S150-5P3DT,Sản xuất
DD15S,DD15S150-4P3DT,Sản xuất
DD15S,DD15S150-3P3DT,Sản xuất
DD15S,DD15S150-6P3PT,Sản xuất
DD15S,DD15S150-5P3PT,Sản xuất
DD15S,DD15S150-4P3PT,Sản xuất
DD15S,DD15S150-3P3PT,Sản xuất
DD15S,DD15S150-6P3PD,Sản xuất
DD15S,DD15S150-5P3PD,Sản xuất
DD15S,DD15S150-4P3PD,Sản xuất
DD15S,DD15S150-3P3PD,Sản xuất
DD15S,DD15S150-6P3MT,Sản xuất
DD15S,DD15S150-5P3MT,Sản xuất
DD15S,DD15S150-4P3MT,Sản xuất
DD15S,DD15S150-3P3MT,Sản xuất
DD15S,DD15S150-6P3ID,Sản xuất
DD15S,DD15S150-5P3ID,Sản xuất
DD15S,DD15S150-4P3ID,Sản xuất
DD15S,DD15S150-3P3ID,Sản xuất
DD15S,DD15S150-6P3SL,Sản xuất
DD15S,DD15S150-5P3SL,Sản xuất
DD15S,DD15S150-4P3SL,Sản xuất
DD15S,DD15S150-3P3SL,Sản xuất
DD15S,DD15S150-6B5HN,Sản xuất
DD15S,DD15S150-5B5HN,Sản xuất
DD15S,DD15S150-4B5HN,Sản xuất
DD15S,DD15S150-3B5HN,Sản xuất
DD15S,DD15S150-6B5HT,Sản xuất
DD15S,DD15S150-5B5HT,Sản xuất
DD15S,DD15S150-4B5HT,Sản xuất
DD15S,DD15S150-3B5HT,Sản xuất
DD15S,DD15S150-6B5HD,Sản xuất
DD15S,DD15S150-5B5HD,Sản xuất
DD15S,DD15S150-4B5HD,Sản xuất
DD15S,DD15S150-3B5HD,Sản xuất
DD15S,DD15S150-6B5DN,Sản xuất
DD15S,DD15S150-5B5DN,Sản xuất
DD15S,DD15S150-4B5DN,Sản xuất
DD15S,DD15S150-3B5DN,Sản xuất
DD15S,DD15S150-6B5DT,Sản xuất
DD15S,DD15S150-5B5DT,Sản xuất
DD15S,DD15S150-4B5DT,Sản xuất
DD15S,DD15S150-3B5DT,Sản xuất
DD15S,DD15S150-6B5PT,Sản xuất
DD15S,DD15S150-5B5PT,Sản xuất
DD15S,DD15S150-4B5PT,Sản xuất
DD15S,DD15S150-3B5PT,Sản xuất
DD15S,DD15S150-6B5PD,Sản xuất
DD15S,DD15S150-5B5PD,Sản xuất
DD15S,DD15S150-4B5PD,Sản xuất
DD15S,DD15S150-3B5PD,Sản xuất
DD15S,DD15S150-6B5MT,Sản xuất
DD15S,DD15S150-5B5MT,Sản xuất
DD15S,DD15S150-4B5MT,Sản xuất
DD15S,DD15S150-3B5MT,Sản xuất
DD15S,DD15S150-6B5ID,Sản xuất
DD15S,DD15S150-5B5ID,Sản xuất
DD15S,DD15S150-4B5ID,Sản xuất
DD15S,DD15S150-3B5ID,Sản xuất
DD15S,DD15S150-6B5SL,Sản xuất
DD15S,DD15S150-5B5SL,Sản xuất
DD15S,DD15S150-4B5SL,Sản xuất
DD15S,DD15S150-3B5SL,Sản xuất
DD15S,DD15S150-6P5HN,Sản xuất
DD15S,DD15S150-5P5HN,Sản xuất
DD15S,DD15S150-4P5HN,Sản xuất
DD15S,DD15S150-3P5HN,Sản xuất
DD15S,DD15S150-6P5HT,Sản xuất
DD15S,DD15S150-5P5HT,Sản xuất
DD15S,DD15S150-4P5HT,Sản xuất
DD15S,DD15S150-3P5HT,Sản xuất
DD15S,DD15S150-6P5HD,Sản xuất
DD15S,DD15S150-5P5HD,Sản xuất
DD15S,DD15S150-4P5HD,Sản xuất
DD15S,DD15S150-3P5HD,Sản xuất
DD15S,DD15S150-6P5DN,Sản xuất
DD15S,DD15S150-5P5DN,Sản xuất
DD15S,DD15S150-4P5DN,Sản xuất
DD15S,DD15S150-3P5DN,Sản xuất
DD15S,DD15S150-6P5DT,Sản xuất
DD15S,DD15S150-5P5DT,Sản xuất
DD15S,DD15S150-4P5DT,Sản xuất
DD15S,DD15S150-3P5DT,Sản xuất
DD15S,DD15S150-6P5PT,Sản xuất
DD15S,DD15S150-5P5PT,Sản xuất
DD15S,DD15S150-4P5PT,Sản xuất
DD15S,DD15S150-3P5PT,Sản xuất
DD15S,DD15S150-6P5PD,Sản xuất
DD15S,DD15S150-5P5PD,Sản xuất
DD15S,DD15S150-4P5PD,Sản xuất
DD15S,DD15S150-3P5PD,Sản xuất
DD15S,DD15S150-6P5MT,Sản xuất
DD15S,DD15S150-5P5MT,Sản xuất
DD15S,DD15S150-4P5MT,Sản xuất
DD15S,DD15S150-3P5MT,Sản xuất
DD15S,DD15S150-6P5ID,Sản xuất
DD15S,DD15S150-5P5ID,Sản xuất
DD15S,DD15S150-4P5ID,Sản xuất
DD15S,DD15S150-3P5ID,Sản xuất
DD15S,DD15S150-6P5SL,Sản xuất
DD15S,DD15S150-5P5SL,Sản xuất
DD15S,DD15S150-4P5SL,Sản xuất
DD15S,DD15S150-3P5SL,Sản xuất
DD15S,DD15S200-6B3HN,Sản xuất
DD15S,DD15S200-5B3HN,Sản xuất
DD15S,DD15S200-4B3HN,Sản xuất
DD15S,DD15S200-3B3HN,Sản xuất
DD15S,DD15S200-6B3HT,Sản xuất
DD15S,DD15S200-5B3HT,Sản xuất
DD15S,DD15S200-4B3HT,Sản xuất
DD15S,DD15S200-3B3HT,Sản xuất
DD15S,DD15S200-6B3HD,Sản xuất
DD15S,DD15S200-5B3HD,Sản xuất
DD15S,DD15S200-4B3HD,Sản xuất
DD15S,DD15S200-3B3HD,Sản xuất
DD15S,DD15S200-6B3DN,Sản xuất
DD15S,DD15S200-5B3DN,Sản xuất
DD15S,DD15S200-4B3DN,Sản xuất
DD15S,DD15S200-3B3DN,Sản xuất
DD15S,DD15S200-6B3DT,Sản xuất
DD15S,DD15S200-5B3DT,Sản xuất
DD15S,DD15S200-4B3DT,Sản xuất
DD15S,DD15S200-3B3DT,Sản xuất
DD15S,DD15S200-6B3PT,Sản xuất
DD15S,DD15S200-5B3PT,Sản xuất
DD15S,DD15S200-4B3PT,Sản xuất
DD15S,DD15S200-3B3PT,Sản xuất
DD15S,DD15S200-6B3PD,Sản xuất
DD15S,DD15S200-5B3PD,Sản xuất
DD15S,DD15S200-4B3PD,Sản xuất
DD15S,DD15S200-3B3PD,Sản xuất
DD15S,DD15S200-6B3MT,Sản xuất
DD15S,DD15S200-5B3MT,Sản xuất
DD15S,DD15S200-4B3MT,Sản xuất
DD15S,DD15S200-3B3MT,Sản xuất
DD15S,DD15S200-6B3ID,Sản xuất
DD15S,DD15S200-5B3ID,Sản xuất
DD15S,DD15S200-4B3ID,Sản xuất
DD15S,DD15S200-3B3ID,Sản xuất
DD15S,DD15S200-6B3SL,Sản xuất
DD15S,DD15S200-5B3SL,Sản xuất
DD15S,DD15S200-4B3SL,Sản xuất
DD15S,DD15S200-3B3SL,Sản xuất
DD15S,DD15S200-6P3HN,Sản xuất
DD15S,DD15S200-5P3HN,Sản xuất
DD15S,DD15S200-4P3HN,Sản xuất
DD15S,DD15S200-3P3HN,Sản xuất
DD15S,DD15S200-6P3HT,Sản xuất
DD15S,DD15S200-5P3HT,Sản xuất
DD15S,DD15S200-4P3HT,Sản xuất
DD15S,DD15S200-3P3HT,Sản xuất
DD15S,DD15S200-6P3HD,Sản xuất
DD15S,DD15S200-5P3HD,Sản xuất
DD15S,DD15S200-4P3HD,Sản xuất
DD15S,DD15S200-3P3HD,Sản xuất
DD15S,DD15S200-6P3DN,Sản xuất
DD15S,DD15S200-5P3DN,Sản xuất
DD15S,DD15S200-4P3DN,Sản xuất
DD15S,DD15S200-3P3DN,Sản xuất
DD15S,DD15S200-6P3DT,Sản xuất
DD15S,DD15S200-5P3DT,Sản xuất
DD15S,DD15S200-4P3DT,Sản xuất
DD15S,DD15S200-3P3DT,Sản xuất
DD15S,DD15S200-6P3PT,Sản xuất
DD15S,DD15S200-5P3PT,Sản xuất
DD15S,DD15S200-4P3PT,Sản xuất
DD15S,DD15S200-3P3PT,Sản xuất
DD15S,DD15S200-6P3PD,Sản xuất
DD15S,DD15S200-5P3PD,Sản xuất
DD15S,DD15S200-4P3PD,Sản xuất
DD15S,DD15S200-3P3PD,Sản xuất
DD15S,DD15S200-6P3MT,Sản xuất
DD15S,DD15S200-5P3MT,Sản xuất
DD15S,DD15S200-4P3MT,Sản xuất
DD15S,DD15S200-3P3MT,Sản xuất
DD15S,DD15S200-6P3ID,Sản xuất
DD15S,DD15S200-5P3ID,Sản xuất
DD15S,DD15S200-4P3ID,Sản xuất
DD15S,DD15S200-3P3ID,Sản xuất
DD15S,DD15S200-6P3SL,Sản xuất
DD15S,DD15S200-5P3SL,Sản xuất
DD15S,DD15S200-4P3SL,Sản xuất
DD15S,DD15S200-3P3SL,Sản xuất
DD15S,DD15S200-6B5HN,Sản xuất
DD15S,DD15S200-5B5HN,Sản xuất
DD15S,DD15S200-4B5HN,Sản xuất
DD15S,DD15S200-3B5HN,Sản xuất
DD15S,DD15S200-6B5HT,Sản xuất
DD15S,DD15S200-5B5HT,Sản xuất
DD15S,DD15S200-4B5HT,Sản xuất
DD15S,DD15S200-3B5HT,Sản xuất
DD15S,DD15S200-6B5HD,Sản xuất
DD15S,DD15S200-5B5HD,Sản xuất
DD15S,DD15S200-4B5HD,Sản xuất
DD15S,DD15S200-3B5HD,Sản xuất
DD15S,DD15S200-6B5DN,Sản xuất
DD15S,DD15S200-5B5DN,Sản xuất
DD15S,DD15S200-4B5DN,Sản xuất
DD15S,DD15S200-3B5DN,Sản xuất
DD15S,DD15S200-6B5DT,Sản xuất
DD15S,DD15S200-5B5DT,Sản xuất
DD15S,DD15S200-4B5DT,Sản xuất
DD15S,DD15S200-3B5DT,Sản xuất
DD15S,DD15S200-6B5PT,Sản xuất
DD15S,DD15S200-5B5PT,Sản xuất
DD15S,DD15S200-4B5PT,Sản xuất
DD15S,DD15S200-3B5PT,Sản xuất
DD15S,DD15S200-6B5PD,Sản xuất
DD15S,DD15S200-5B5PD,Sản xuất
DD15S,DD15S200-4B5PD,Sản xuất
DD15S,DD15S200-3B5PD,Sản xuất
DD15S,DD15S200-6B5MT,Sản xuất
DD15S,DD15S200-5B5MT,Sản xuất
DD15S,DD15S200-4B5MT,Sản xuất
DD15S,DD15S200-3B5MT,Sản xuất
DD15S,DD15S200-6B5ID,Sản xuất
DD15S,DD15S200-5B5ID,Sản xuất
DD15S,DD15S200-4B5ID,Sản xuất
DD15S,DD15S200-3B5ID,Sản xuất
DD15S,DD15S200-6B5SL,Sản xuất
DD15S,DD15S200-5B5SL,Sản xuất
DD15S,DD15S200-4B5SL,Sản xuất
DD15S,DD15S200-3B5SL,Sản xuất
DD15S,DD15S200-6P5HN,Sản xuất
DD15S,DD15S200-5P5HN,Sản xuất
DD15S,DD15S200-4P5HN,Sản xuất
DD15S,DD15S200-3P5HN,Sản xuất
DD15S,DD15S200-6P5HT,Sản xuất
DD15S,DD15S200-5P5HT,Sản xuất
DD15S,DD15S200-4P5HT,Sản xuất
DD15S,DD15S200-3P5HT,Sản xuất
DD15S,DD15S200-6P5HD,Sản xuất
DD15S,DD15S200-5P5HD,Sản xuất
DD15S,DD15S200-4P5HD,Sản xuất
DD15S,DD15S200-3P5HD,Sản xuất
DD15S,DD15S200-6P5DN,Sản xuất
DD15S,DD15S200-5P5DN,Sản xuất
DD15S,DD15S200-4P5DN,Sản xuất
DD15S,DD15S200-3P5DN,Sản xuất
DD15S,DD15S200-6P5DT,Sản xuất
DD15S,DD15S200-5P5DT,Sản xuất
DD15S,DD15S200-4P5DT,Sản xuất
DD15S,DD15S200-3P5DT,Sản xuất
DD15S,DD15S200-6P5PT,Sản xuất
DD15S,DD15S200-5P5PT,Sản xuất
DD15S,DD15S200-4P5PT,Sản xuất
DD15S,DD15S200-3P5PT,Sản xuất
DD15S,DD15S200-6P5PD,Sản xuất
DD15S,DD15S200-5P5PD,Sản xuất
DD15S,DD15S200-4P5PD,Sản xuất
DD15S,DD15S200-3P5PD,Sản xuất
DD15S,DD15S200-6P5MT,Sản xuất
DD15S,DD15S200-5P5MT,Sản xuất
DD15S,DD15S200-4P5MT,Sản xuất
DD15S,DD15S200-3P5MT,Sản xuất
DD15S,DD15S200-6P5ID,Sản xuất
DD15S,DD15S200-5P5ID,Sản xuất
DD15S,DD15S200-4P5ID,Sản xuất
DD15S,DD15S200-3P5ID,Sản xuất
DD15S,DD15S200-6P5SL,Sản xuất
DD15S,DD15S200-5P5SL,Sản xuất
DD15S,DD15S200-4P5SL,Sản xuất
DD15S,DD15S200-3P5SL,Sản xuất
DD15S,DD15S250-6B3HN,Sản xuất
DD15S,DD15S250-5B3HN,Sản xuất
DD15S,DD15S250-4B3HN,Sản xuất
DD15S,DD15S250-3B3HN,Sản xuất
DD15S,DD15S250-6B3HT,Sản xuất
DD15S,DD15S250-5B3HT,Sản xuất
DD15S,DD15S250-4B3HT,Sản xuất
DD15S,DD15S250-3B3HT,Sản xuất
DD15S,DD15S250-6B3HD,Sản xuất
DD15S,DD15S250-5B3HD,Sản xuất
DD15S,DD15S250-4B3HD,Sản xuất
DD15S,DD15S250-3B3HD,Sản xuất
DD15S,DD15S250-6B3DN,Sản xuất
DD15S,DD15S250-5B3DN,Sản xuất
DD15S,DD15S250-4B3DN,Sản xuất
DD15S,DD15S250-3B3DN,Sản xuất
DD15S,DD15S250-6B3DT,Sản xuất
DD15S,DD15S250-5B3DT,Sản xuất
DD15S,DD15S250-4B3DT,Sản xuất
DD15S,DD15S250-3B3DT,Sản xuất
DD15S,DD15S250-6B3PT,Sản xuất
DD15S,DD15S250-5B3PT,Sản xuất
DD15S,DD15S250-4B3PT,Sản xuất
DD15S,DD15S250-3B3PT,Sản xuất
DD15S,DD15S250-6B3PD,Sản xuất
DD15S,DD15S250-5B3PD,Sản xuất
DD15S,DD15S250-4B3PD,Sản xuất
DD15S,DD15S250-3B3PD,Sản xuất
DD15S,DD15S250-6B3MT,Sản xuất
DD15S,DD15S250-5B3MT,Sản xuất
DD15S,DD15S250-4B3MT,Sản xuất
DD15S,DD15S250-3B3MT,Sản xuất
DD15S,DD15S250-6B3ID,Sản xuất
DD15S,DD15S250-5B3ID,Sản xuất
DD15S,DD15S250-4B3ID,Sản xuất
DD15S,DD15S250-3B3ID,Sản xuất
DD15S,DD15S250-6B3SL,Sản xuất
DD15S,DD15S250-5B3SL,Sản xuất
DD15S,DD15S250-4B3SL,Sản xuất
DD15S,DD15S250-3B3SL,Sản xuất
DD15S,DD15S250-6P3HN,Sản xuất
DD15S,DD15S250-5P3HN,Sản xuất
DD15S,DD15S250-4P3HN,Sản xuất
DD15S,DD15S250-3P3HN,Sản xuất
DD15S,DD15S250-6P3HT,Sản xuất
DD15S,DD15S250-5P3HT,Sản xuất
DD15S,DD15S250-4P3HT,Sản xuất
DD15S,DD15S250-3P3HT,Sản xuất
DD15S,DD15S250-6P3HD,Sản xuất
DD15S,DD15S250-5P3HD,Sản xuất
DD15S,DD15S250-4P3HD,Sản xuất
DD15S,DD15S250-3P3HD,Sản xuất
DD15S,DD15S250-6P3DN,Sản xuất
DD15S,DD15S250-5P3DN,Sản xuất
DD15S,DD15S250-4P3DN,Sản xuất
DD15S,DD15S250-3P3DN,Sản xuất
DD15S,DD15S250-6P3DT,Sản xuất
DD15S,DD15S250-5P3DT,Sản xuất
DD15S,DD15S250-4P3DT,Sản xuất
DD15S,DD15S250-3P3DT,Sản xuất
DD15S,DD15S250-6P3PT,Sản xuất
DD15S,DD15S250-5P3PT,Sản xuất
DD15S,DD15S250-4P3PT,Sản xuất
DD15S,DD15S250-3P3PT,Sản xuất
DD15S,DD15S250-6P3PD,Sản xuất
DD15S,DD15S250-5P3PD,Sản xuất
DD15S,DD15S250-4P3PD,Sản xuất
DD15S,DD15S250-3P3PD,Sản xuất
DD15S,DD15S250-6P3MT,Sản xuất
DD15S,DD15S250-5P3MT,Sản xuất
DD15S,DD15S250-4P3MT,Sản xuất
DD15S,DD15S250-3P3MT,Sản xuất
DD15S,DD15S250-6P3ID,Sản xuất
DD15S,DD15S250-5P3ID,Sản xuất
DD15S,DD15S250-4P3ID,Sản xuất
DD15S,DD15S250-3P3ID,Sản xuất
DD15S,DD15S250-6P3SL,Sản xuất
DD15S,DD15S250-5P3SL,Sản xuất
DD15S,DD15S250-4P3SL,Sản xuất
DD15S,DD15S250-3P3SL,Sản xuất
DD15S,DD15S250-6B5HN,Sản xuất
DD15S,DD15S250-5B5HN,Sản xuất
DD15S,DD15S250-4B5HN,Sản xuất
DD15S,DD15S250-3B5HN,Sản xuất
DD15S,DD15S250-6B5HT,Sản xuất
DD15S,DD15S250-5B5HT,Sản xuất
DD15S,DD15S250-4B5HT,Sản xuất
DD15S,DD15S250-3B5HT,Sản xuất
DD15S,DD15S250-6B5HD,Sản xuất
DD15S,DD15S250-5B5HD,Sản xuất
DD15S,DD15S250-4B5HD,Sản xuất
DD15S,DD15S250-3B5HD,Sản xuất
DD15S,DD15S250-6B5DN,Sản xuất
DD15S,DD15S250-5B5DN,Sản xuất
DD15S,DD15S250-4B5DN,Sản xuất
DD15S,DD15S250-3B5DN,Sản xuất
DD15S,DD15S250-6B5DT,Sản xuất
DD15S,DD15S250-5B5DT,Sản xuất
DD15S,DD15S250-4B5DT,Sản xuất
DD15S,DD15S250-3B5DT,Sản xuất
DD15S,DD15S250-6B5PT,Sản xuất
DD15S,DD15S250-5B5PT,Sản xuất
DD15S,DD15S250-4B5PT,Sản xuất
DD15S,DD15S250-3B5PT,Sản xuất
DD15S,DD15S250-6B5PD,Sản xuất
DD15S,DD15S250-5B5PD,Sản xuất
DD15S,DD15S250-4B5PD,Sản xuất
DD15S,DD15S250-3B5PD,Sản xuất
DD15S,DD15S250-6B5MT,Sản xuất
DD15S,DD15S250-5B5MT,Sản xuất
DD15S,DD15S250-4B5MT,Sản xuất
DD15S,DD15S250-3B5MT,Sản xuất
DD15S,DD15S250-6B5ID,Sản xuất
DD15S,DD15S250-5B5ID,Sản xuất
DD15S,DD15S250-4B5ID,Sản xuất
DD15S,DD15S250-3B5ID,Sản xuất
DD15S,DD15S250-6B5SL,Sản xuất
DD15S,DD15S250-5B5SL,Sản xuất
DD15S,DD15S250-4B5SL,Sản xuất
DD15S,DD15S250-3B5SL,Sản xuất
DD15S,DD15S250-6P5HN,Sản xuất
DD15S,DD15S250-5P5HN,Sản xuất
DD15S,DD15S250-4P5HN,Sản xuất
DD15S,DD15S250-3P5HN,Sản xuất
DD15S,DD15S250-6P5HT,Sản xuất
DD15S,DD15S250-5P5HT,Sản xuất
DD15S,DD15S250-4P5HT,Sản xuất
DD15S,DD15S250-3P5HT,Sản xuất
DD15S,DD15S250-6P5HD,Sản xuất
DD15S,DD15S250-5P5HD,Sản xuất
DD15S,DD15S250-4P5HD,Sản xuất
DD15S,DD15S250-3P5HD,Sản xuất
DD15S,DD15S250-6P5DN,Sản xuất
DD15S,DD15S250-5P5DN,Sản xuất
DD15S,DD15S250-4P5DN,Sản xuất
DD15S,DD15S250-3P5DN,Sản xuất
DD15S,DD15S250-6P5DT,Sản xuất
DD15S,DD15S250-5P5DT,Sản xuất
DD15S,DD15S250-4P5DT,Sản xuất
DD15S,DD15S250-3P5DT,Sản xuất
DD15S,DD15S250-6P5PT,Sản xuất
DD15S,DD15S250-5P5PT,Sản xuất
DD15S,DD15S250-4P5PT,Sản xuất
DD15S,DD15S250-3P5PT,Sản xuất
DD15S,DD15S250-6P5PD,Sản xuất
DD15S,DD15S250-5P5PD,Sản xuất
DD15S,DD15S250-4P5PD,Sản xuất
DD15S,DD15S250-3P5PD,Sản xuất
DD15S,DD15S250-6P5MT,Sản xuất
DD15S,DD15S250-5P5MT,Sản xuất
DD15S,DD15S250-4P5MT,Sản xuất
DD15S,DD15S250-3P5MT,Sản xuất
DD15S,DD15S250-6P5ID,Sản xuất
DD15S,DD15S250-5P5ID,Sản xuất
DD15S,DD15S250-4P5ID,Sản xuất
DD15S,DD15S250-3P5ID,Sản xuất
DD15S,DD15S250-6P5SL,Sản xuất
DD15S,DD15S250-5P5SL,Sản xuất
DD15S,DD15S250-4P5SL,Sản xuất
DD15S,DD15S250-3P5SL,Sản xuất
DD15S,DD15S300-6B3HN,Sản xuất
DD15S,DD15S300-5B3HN,Sản xuất
DD15S,DD15S300-4B3HN,Sản xuất
DD15S,DD15S300-3B3HN,Sản xuất
DD15S,DD15S300-6B3HT,Sản xuất
DD15S,DD15S300-5B3HT,Sản xuất
DD15S,DD15S300-4B3HT,Sản xuất
DD15S,DD15S300-3B3HT,Sản xuất
DD15S,DD15S300-6B3HD,Sản xuất
DD15S,DD15S300-5B3HD,Sản xuất
DD15S,DD15S300-4B3HD,Sản xuất
DD15S,DD15S300-3B3HD,Sản xuất
DD15S,DD15S300-6B3DN,Sản xuất
DD15S,DD15S300-5B3DN,Sản xuất
DD15S,DD15S300-4B3DN,Sản xuất
DD15S,DD15S300-3B3DN,Sản xuất
DD15S,DD15S300-6B3DT,Sản xuất
DD15S,DD15S300-5B3DT,Sản xuất
DD15S,DD15S300-4B3DT,Sản xuất
DD15S,DD15S300-3B3DT,Sản xuất
DD15S,DD15S300-6B3PT,Sản xuất
DD15S,DD15S300-5B3PT,Sản xuất
DD15S,DD15S300-4B3PT,Sản xuất
DD15S,DD15S300-3B3PT,Sản xuất
DD15S,DD15S300-6B3PD,Sản xuất
DD15S,DD15S300-5B3PD,Sản xuất
DD15S,DD15S300-4B3PD,Sản xuất
DD15S,DD15S300-3B3PD,Sản xuất
DD15S,DD15S300-6B3MT,Sản xuất
DD15S,DD15S300-5B3MT,Sản xuất
DD15S,DD15S300-4B3MT,Sản xuất
DD15S,DD15S300-3B3MT,Sản xuất
DD15S,DD15S300-6B3ID,Sản xuất
DD15S,DD15S300-5B3ID,Sản xuất
DD15S,DD15S300-4B3ID,Sản xuất
DD15S,DD15S300-3B3ID,Sản xuất
DD15S,DD15S300-6B3SL,Sản xuất
DD15S,DD15S300-5B3SL,Sản xuất
DD15S,DD15S300-4B3SL,Sản xuất
DD15S,DD15S300-3B3SL,Sản xuất
DD15S,DD15S300-6P3HN,Sản xuất
DD15S,DD15S300-5P3HN,Sản xuất
DD15S,DD15S300-4P3HN,Sản xuất
DD15S,DD15S300-3P3HN,Sản xuất
DD15S,DD15S300-6P3HT,Sản xuất
DD15S,DD15S300-5P3HT,Sản xuất
DD15S,DD15S300-4P3HT,Sản xuất
DD15S,DD15S300-3P3HT,Sản xuất
DD15S,DD15S300-6P3HD,Sản xuất
DD15S,DD15S300-5P3HD,Sản xuất
DD15S,DD15S300-4P3HD,Sản xuất
DD15S,DD15S300-3P3HD,Sản xuất
DD15S,DD15S300-6P3DN,Sản xuất
DD15S,DD15S300-5P3DN,Sản xuất
DD15S,DD15S300-4P3DN,Sản xuất
DD15S,DD15S300-3P3DN,Sản xuất
DD15S,DD15S300-6P3DT,Sản xuất
DD15S,DD15S300-5P3DT,Sản xuất
DD15S,DD15S300-4P3DT,Sản xuất
DD15S,DD15S300-3P3DT,Sản xuất
DD15S,DD15S300-6P3PT,Sản xuất
DD15S,DD15S300-5P3PT,Sản xuất
DD15S,DD15S300-4P3PT,Sản xuất
DD15S,DD15S300-3P3PT,Sản xuất
DD15S,DD15S300-6P3PD,Sản xuất
DD15S,DD15S300-5P3PD,Sản xuất
DD15S,DD15S300-4P3PD,Sản xuất
DD15S,DD15S300-3P3PD,Sản xuất
DD15S,DD15S300-6P3MT,Sản xuất
DD15S,DD15S300-5P3MT,Sản xuất
DD15S,DD15S300-4P3MT,Sản xuất
DD15S,DD15S300-3P3MT,Sản xuất
DD15S,DD15S300-6P3ID,Sản xuất
DD15S,DD15S300-5P3ID,Sản xuất
DD15S,DD15S300-4P3ID,Sản xuất
DD15S,DD15S300-3P3ID,Sản xuất
DD15S,DD15S300-6P3SL,Sản xuất
DD15S,DD15S300-5P3SL,Sản xuất
DD15S,DD15S300-4P3SL,Sản xuất
DD15S,DD15S300-3P3SL,Sản xuất
DD15S,DD15S300-6B5HN,Sản xuất
DD15S,DD15S300-5B5HN,Sản xuất
DD15S,DD15S300-4B5HN,Sản xuất
DD15S,DD15S300-3B5HN,Sản xuất
DD15S,DD15S300-6B5HT,Sản xuất
DD15S,DD15S300-5B5HT,Sản xuất
DD15S,DD15S300-4B5HT,Sản xuất
DD15S,DD15S300-3B5HT,Sản xuất
DD15S,DD15S300-6B5HD,Sản xuất
DD15S,DD15S300-5B5HD,Sản xuất
DD15S,DD15S300-4B5HD,Sản xuất
DD15S,DD15S300-3B5HD,Sản xuất
DD15S,DD15S300-6B5DN,Sản xuất
DD15S,DD15S300-5B5DN,Sản xuất
DD15S,DD15S300-4B5DN,Sản xuất
DD15S,DD15S300-3B5DN,Sản xuất
DD15S,DD15S300-6B5DT,Sản xuất
DD15S,DD15S300-5B5DT,Sản xuất
DD15S,DD15S300-4B5DT,Sản xuất
DD15S,DD15S300-3B5DT,Sản xuất
DD15S,DD15S300-6B5PT,Sản xuất
DD15S,DD15S300-5B5PT,Sản xuất
DD15S,DD15S300-4B5PT,Sản xuất
DD15S,DD15S300-3B5PT,Sản xuất
DD15S,DD15S300-6B5PD,Sản xuất
DD15S,DD15S300-5B5PD,Sản xuất
DD15S,DD15S300-4B5PD,Sản xuất
DD15S,DD15S300-3B5PD,Sản xuất
DD15S,DD15S300-6B5MT,Sản xuất
DD15S,DD15S300-5B5MT,Sản xuất
DD15S,DD15S300-4B5MT,Sản xuất
DD15S,DD15S300-3B5MT,Sản xuất
DD15S,DD15S300-6B5ID,Sản xuất
DD15S,DD15S300-5B5ID,Sản xuất
DD15S,DD15S300-4B5ID,Sản xuất
DD15S,DD15S300-3B5ID,Sản xuất
DD15S,DD15S300-6B5SL,Sản xuất
DD15S,DD15S300-5B5SL,Sản xuất
DD15S,DD15S300-4B5SL,Sản xuất
DD15S,DD15S300-3B5SL,Sản xuất
DD15S,DD15S300-6P5HN,Sản xuất
DD15S,DD15S300-5P5HN,Sản xuất
DD15S,DD15S300-4P5HN,Sản xuất
DD15S,DD15S300-3P5HN,Sản xuất
DD15S,DD15S300-6P5HT,Sản xuất
DD15S,DD15S300-5P5HT,Sản xuất
DD15S,DD15S300-4P5HT,Sản xuất
DD15S,DD15S300-3P5HT,Sản xuất
DD15S,DD15S300-6P5HD,Sản xuất
DD15S,DD15S300-5P5HD,Sản xuất
DD15S,DD15S300-4P5HD,Sản xuất
DD15S,DD15S300-3P5HD,Sản xuất
DD15S,DD15S300-6P5DN,Sản xuất
DD15S,DD15S300-5P5DN,Sản xuất
DD15S,DD15S300-4P5DN,Sản xuất
DD15S,DD15S300-3P5DN,Sản xuất
DD15S,DD15S300-6P5DT,Sản xuất
DD15S,DD15S300-5P5DT,Sản xuất
DD15S,DD15S300-4P5DT,Sản xuất
DD15S,DD15S300-3P5DT,Sản xuất
DD15S,DD15S300-6P5PT,Sản xuất
DD15S,DD15S300-5P5PT,Sản xuất
DD15S,DD15S300-4P5PT,Sản xuất
DD15S,DD15S300-3P5PT,Sản xuất
DD15S,DD15S300-6P5PD,Sản xuất
DD15S,DD15S300-5P5PD,Sản xuất
DD15S,DD15S300-4P5PD,Sản xuất
DD15S,DD15S300-3P5PD,Sản xuất
DD15S,DD15S300-6P5MT,Sản xuất
DD15S,DD15S300-5P5MT,Sản xuất
DD15S,DD15S300-4P5MT,Sản xuất
DD15S,DD15S300-3P5MT,Sản xuất
DD15S,DD15S300-6P5ID,Sản xuất
DD15S,DD15S300-5P5ID,Sản xuất
DD15S,DD15S300-4P5ID,Sản xuất
DD15S,DD15S300-3P5ID,Sản xuất
DD15S,DD15S300-6P5SL,Sản xuất
DD15S,DD15S300-5P5SL,Sản xuất
DD15S,DD15S300-4P5SL,Sản xuất
DD15S,DD15S300-3P5SL,Sản xuất
