Mã sản phẩm,Mã biến thể,Phương pháp bổ sung
DX01S,DX01S050-6B3HN,Sản xuất
DX01S,DX01S050-5B3HN,Sản xuất
DX01S,DX01S050-4B3HN,Sản xuất
DX01S,DX01S050-3B3HN,Sản xuất
DX01S,DX01S050-6B3HT,Sản xuất
DX01S,DX01S050-5B3HT,Sản xuất
DX01S,DX01S050-4B3HT,Sản xuất
DX01S,DX01S050-3B3HT,Sản xuất
DX01S,DX01S050-6B3HD,Sản xuất
DX01S,DX01S050-5B3HD,Sản xuất
DX01S,DX01S050-4B3HD,Sản xuất
DX01S,DX01S050-3B3HD,Sản xuất
DX01S,DX01S050-6B3DN,Sản xuất
DX01S,DX01S050-5B3DN,Sản xuất
DX01S,DX01S050-4B3DN,Sản xuất
DX01S,DX01S050-3B3DN,Sản xuất
DX01S,DX01S050-6B3DT,Sản xuất
DX01S,DX01S050-5B3DT,Sản xuất
DX01S,DX01S050-4B3DT,Sản xuất
DX01S,DX01S050-3B3DT,Sản xuất
DX01S,DX01S050-6B3PT,Sản xuất
DX01S,DX01S050-5B3PT,Sản xuất
DX01S,DX01S050-4B3PT,Sản xuất
DX01S,DX01S050-3B3PT,Sản xuất
DX01S,DX01S050-6B3PD,Sản xuất
DX01S,DX01S050-5B3PD,Sản xuất
DX01S,DX01S050-4B3PD,Sản xuất
DX01S,DX01S050-3B3PD,Sản xuất
DX01S,DX01S050-6B3MT,Sản xuất
DX01S,DX01S050-5B3MT,Sản xuất
DX01S,DX01S050-4B3MT,Sản xuất
DX01S,DX01S050-3B3MT,Sản xuất
DX01S,DX01S050-6B3ID,Sản xuất
DX01S,DX01S050-5B3ID,Sản xuất
DX01S,DX01S050-4B3ID,Sản xuất
DX01S,DX01S050-3B3ID,Sản xuất
DX01S,DX01S050-6P3HN,Sản xuất
DX01S,DX01S050-5P3HN,Sản xuất
DX01S,DX01S050-4P3HN,Sản xuất
DX01S,DX01S050-3P3HN,Sản xuất
DX01S,DX01S050-6P3HT,Sản xuất
DX01S,DX01S050-5P3HT,Sản xuất
DX01S,DX01S050-4P3HT,Sản xuất
DX01S,DX01S050-3P3HT,Sản xuất
DX01S,DX01S050-6P3HD,Sản xuất
DX01S,DX01S050-5P3HD,Sản xuất
DX01S,DX01S050-4P3HD,Sản xuất
DX01S,DX01S050-3P3HD,Sản xuất
DX01S,DX01S050-6P3DN,Sản xuất
DX01S,DX01S050-5P3DN,Sản xuất
DX01S,DX01S050-4P3DN,Sản xuất
DX01S,DX01S050-3P3DN,Sản xuất
DX01S,DX01S050-6P3DT,Sản xuất
DX01S,DX01S050-5P3DT,Sản xuất
DX01S,DX01S050-4P3DT,Sản xuất
DX01S,DX01S050-3P3DT,Sản xuất
DX01S,DX01S050-6P3PT,Sản xuất
DX01S,DX01S050-5P3PT,Sản xuất
DX01S,DX01S050-4P3PT,Sản xuất
DX01S,DX01S050-3P3PT,Sản xuất
DX01S,DX01S050-6P3PD,Sản xuất
DX01S,DX01S050-5P3PD,Sản xuất
DX01S,DX01S050-4P3PD,Sản xuất
DX01S,DX01S050-3P3PD,Sản xuất
DX01S,DX01S050-6P3MT,Sản xuất
DX01S,DX01S050-5P3MT,Sản xuất
DX01S,DX01S050-4P3MT,Sản xuất
DX01S,DX01S050-3P3MT,Sản xuất
DX01S,DX01S050-6P3ID,Sản xuất
DX01S,DX01S050-5P3ID,Sản xuất
DX01S,DX01S050-4P3ID,Sản xuất
DX01S,DX01S050-3P3ID,Sản xuất
DX01S,DX01S050-6B3HR,Sản xuất
DX01S,DX01S050-5B3HR,Sản xuất
DX01S,DX01S050-4B3HR,Sản xuất
DX01S,DX01S050-3B3HR,Sản xuất
DX01S,DX01S050-6B3SR,Sản xuất
DX01S,DX01S050-5B3SR,Sản xuất
DX01S,DX01S050-4B3SR,Sản xuất
DX01S,DX01S050-3B3SR,Sản xuất
DX01S,DX01S050-6B3PR,Sản xuất
DX01S,DX01S050-5B3PR,Sản xuất
DX01S,DX01S050-4B3PR,Sản xuất
DX01S,DX01S050-3B3PR,Sản xuất
DX01S,DX01S050-6P3HR,Sản xuất
DX01S,DX01S050-5P3HR,Sản xuất
DX01S,DX01S050-4P3HR,Sản xuất
DX01S,DX01S050-3P3HR,Sản xuất
DX01S,DX01S050-6P3SR,Sản xuất
DX01S,DX01S050-5P3SR,Sản xuất
DX01S,DX01S050-4P3SR,Sản xuất
DX01S,DX01S050-3P3SR,Sản xuất
DX01S,DX01S050-6P3PR,Sản xuất
DX01S,DX01S050-5P3PR,Sản xuất
DX01S,DX01S050-4P3PR,Sản xuất
DX01S,DX01S050-3P3PR,Sản xuất
DX01S,DX01S050-6B3HN-C,Sản xuất
DX01S,DX01S050-5B3HN-C,Sản xuất
DX01S,DX01S050-4B3HN-C,Sản xuất
DX01S,DX01S050-3B3HN-C,Sản xuất
DX01S,DX01S050-6B3HT-C,Sản xuất
DX01S,DX01S050-5B3HT-C,Sản xuất
DX01S,DX01S050-4B3HT-C,Sản xuất
DX01S,DX01S050-3B3HT-C,Sản xuất
DX01S,DX01S050-6B3HD-C,Sản xuất
DX01S,DX01S050-5B3HD-C,Sản xuất
DX01S,DX01S050-4B3HD-C,Sản xuất
DX01S,DX01S050-3B3HD-C,Sản xuất
DX01S,DX01S050-6B3DN-C,Sản xuất
DX01S,DX01S050-5B3DN-C,Sản xuất
DX01S,DX01S050-4B3DN-C,Sản xuất
DX01S,DX01S050-3B3DN-C,Sản xuất
DX01S,DX01S050-6B3DT-C,Sản xuất
DX01S,DX01S050-5B3DT-C,Sản xuất
DX01S,DX01S050-4B3DT-C,Sản xuất
DX01S,DX01S050-3B3DT-C,Sản xuất
DX01S,DX01S050-6B3PT-C,Sản xuất
DX01S,DX01S050-5B3PT-C,Sản xuất
DX01S,DX01S050-4B3PT-C,Sản xuất
DX01S,DX01S050-3B3PT-C,Sản xuất
DX01S,DX01S050-6B3PD-C,Sản xuất
DX01S,DX01S050-5B3PD-C,Sản xuất
DX01S,DX01S050-4B3PD-C,Sản xuất
DX01S,DX01S050-3B3PD-C,Sản xuất
DX01S,DX01S050-6B3MT-C,Sản xuất
DX01S,DX01S050-5B3MT-C,Sản xuất
DX01S,DX01S050-4B3MT-C,Sản xuất
DX01S,DX01S050-3B3MT-C,Sản xuất
DX01S,DX01S050-6B3ID-C,Sản xuất
DX01S,DX01S050-5B3ID-C,Sản xuất
DX01S,DX01S050-4B3ID-C,Sản xuất
DX01S,DX01S050-3B3ID-C,Sản xuất
DX01S,DX01S050-6P3HN-C,Sản xuất
DX01S,DX01S050-5P3HN-C,Sản xuất
DX01S,DX01S050-4P3HN-C,Sản xuất
DX01S,DX01S050-3P3HN-C,Sản xuất
DX01S,DX01S050-6P3HT-C,Sản xuất
DX01S,DX01S050-5P3HT-C,Sản xuất
DX01S,DX01S050-4P3HT-C,Sản xuất
DX01S,DX01S050-3P3HT-C,Sản xuất
DX01S,DX01S050-6P3HD-C,Sản xuất
DX01S,DX01S050-5P3HD-C,Sản xuất
DX01S,DX01S050-4P3HD-C,Sản xuất
DX01S,DX01S050-3P3HD-C,Sản xuất
DX01S,DX01S050-6P3DN-C,Sản xuất
DX01S,DX01S050-5P3DN-C,Sản xuất
DX01S,DX01S050-4P3DN-C,Sản xuất
DX01S,DX01S050-3P3DN-C,Sản xuất
DX01S,DX01S050-6P3DT-C,Sản xuất
DX01S,DX01S050-5P3DT-C,Sản xuất
DX01S,DX01S050-4P3DT-C,Sản xuất
DX01S,DX01S050-3P3DT-C,Sản xuất
DX01S,DX01S050-6P3PT-C,Sản xuất
DX01S,DX01S050-5P3PT-C,Sản xuất
DX01S,DX01S050-4P3PT-C,Sản xuất
DX01S,DX01S050-3P3PT-C,Sản xuất
DX01S,DX01S050-6P3PD-C,Sản xuất
DX01S,DX01S050-5P3PD-C,Sản xuất
DX01S,DX01S050-4P3PD-C,Sản xuất
DX01S,DX01S050-3P3PD-C,Sản xuất
DX01S,DX01S050-6P3MT-C,Sản xuất
DX01S,DX01S050-5P3MT-C,Sản xuất
DX01S,DX01S050-4P3MT-C,Sản xuất
DX01S,DX01S050-3P3MT-C,Sản xuất
DX01S,DX01S050-6P3ID-C,Sản xuất
DX01S,DX01S050-5P3ID-C,Sản xuất
DX01S,DX01S050-4P3ID-C,Sản xuất
DX01S,DX01S050-3P3ID-C,Sản xuất
DX01S,DX01S050-6B3HR-C,Sản xuất
DX01S,DX01S050-5B3HR-C,Sản xuất
DX01S,DX01S050-4B3HR-C,Sản xuất
DX01S,DX01S050-3B3HR-C,Sản xuất
DX01S,DX01S050-6B3SR-C,Sản xuất
DX01S,DX01S050-5B3SR-C,Sản xuất
DX01S,DX01S050-4B3SR-C,Sản xuất
DX01S,DX01S050-3B3SR-C,Sản xuất
DX01S,DX01S050-6B3PR-C,Sản xuất
DX01S,DX01S050-5B3PR-C,Sản xuất
DX01S,DX01S050-4B3PR-C,Sản xuất
DX01S,DX01S050-3B3PR-C,Sản xuất
DX01S,DX01S050-6P3HR-C,Sản xuất
DX01S,DX01S050-5P3HR-C,Sản xuất
DX01S,DX01S050-4P3HR-C,Sản xuất
DX01S,DX01S050-3P3HR-C,Sản xuất
DX01S,DX01S050-6P3SR-C,Sản xuất
DX01S,DX01S050-5P3SR-C,Sản xuất
DX01S,DX01S050-4P3SR-C,Sản xuất
DX01S,DX01S050-3P3SR-C,Sản xuất
DX01S,DX01S050-6P3PR-C,Sản xuất
DX01S,DX01S050-5P3PR-C,Sản xuất
DX01S,DX01S050-4P3PR-C,Sản xuất
DX01S,DX01S050-3P3PR-C,Sản xuất
DX01S,DX01S100-6B3HN,Sản xuất
DX01S,DX01S100-5B3HN,Sản xuất
DX01S,DX01S100-4B3HN,Sản xuất
DX01S,DX01S100-3B3HN,Sản xuất
DX01S,DX01S100-6B3HT,Sản xuất
DX01S,DX01S100-5B3HT,Sản xuất
DX01S,DX01S100-4B3HT,Sản xuất
DX01S,DX01S100-3B3HT,Sản xuất
DX01S,DX01S100-6B3HD,Sản xuất
DX01S,DX01S100-5B3HD,Sản xuất
DX01S,DX01S100-4B3HD,Sản xuất
DX01S,DX01S100-3B3HD,Sản xuất
DX01S,DX01S100-6B3DN,Sản xuất
DX01S,DX01S100-5B3DN,Sản xuất
DX01S,DX01S100-4B3DN,Sản xuất
DX01S,DX01S100-3B3DN,Sản xuất
DX01S,DX01S100-6B3DT,Sản xuất
DX01S,DX01S100-5B3DT,Sản xuất
DX01S,DX01S100-4B3DT,Sản xuất
DX01S,DX01S100-3B3DT,Sản xuất
DX01S,DX01S100-6B3PT,Sản xuất
DX01S,DX01S100-5B3PT,Sản xuất
DX01S,DX01S100-4B3PT,Sản xuất
DX01S,DX01S100-3B3PT,Sản xuất
DX01S,DX01S100-6B3PD,Sản xuất
DX01S,DX01S100-5B3PD,Sản xuất
DX01S,DX01S100-4B3PD,Sản xuất
DX01S,DX01S100-3B3PD,Sản xuất
DX01S,DX01S100-6B3MT,Sản xuất
DX01S,DX01S100-5B3MT,Sản xuất
DX01S,DX01S100-4B3MT,Sản xuất
DX01S,DX01S100-3B3MT,Sản xuất
DX01S,DX01S100-6B3ID,Sản xuất
DX01S,DX01S100-5B3ID,Sản xuất
DX01S,DX01S100-4B3ID,Sản xuất
DX01S,DX01S100-3B3ID,Sản xuất
DX01S,DX01S100-6P3HN,Sản xuất
DX01S,DX01S100-5P3HN,Sản xuất
DX01S,DX01S100-4P3HN,Sản xuất
DX01S,DX01S100-3P3HN,Sản xuất
DX01S,DX01S100-6P3HT,Sản xuất
DX01S,DX01S100-5P3HT,Sản xuất
DX01S,DX01S100-4P3HT,Sản xuất
DX01S,DX01S100-3P3HT,Sản xuất
DX01S,DX01S100-6P3HD,Sản xuất
DX01S,DX01S100-5P3HD,Sản xuất
DX01S,DX01S100-4P3HD,Sản xuất
DX01S,DX01S100-3P3HD,Sản xuất
DX01S,DX01S100-6P3DN,Sản xuất
DX01S,DX01S100-5P3DN,Sản xuất
DX01S,DX01S100-4P3DN,Sản xuất
DX01S,DX01S100-3P3DN,Sản xuất
DX01S,DX01S100-6P3DT,Sản xuất
DX01S,DX01S100-5P3DT,Sản xuất
DX01S,DX01S100-4P3DT,Sản xuất
DX01S,DX01S100-3P3DT,Sản xuất
DX01S,DX01S100-6P3PT,Sản xuất
DX01S,DX01S100-5P3PT,Sản xuất
DX01S,DX01S100-4P3PT,Sản xuất
DX01S,DX01S100-3P3PT,Sản xuất
DX01S,DX01S100-6P3PD,Sản xuất
DX01S,DX01S100-5P3PD,Sản xuất
DX01S,DX01S100-4P3PD,Sản xuất
DX01S,DX01S100-3P3PD,Sản xuất
DX01S,DX01S100-6P3MT,Sản xuất
DX01S,DX01S100-5P3MT,Sản xuất
DX01S,DX01S100-4P3MT,Sản xuất
DX01S,DX01S100-3P3MT,Sản xuất
DX01S,DX01S100-6P3ID,Sản xuất
DX01S,DX01S100-5P3ID,Sản xuất
DX01S,DX01S100-4P3ID,Sản xuất
DX01S,DX01S100-3P3ID,Sản xuất
DX01S,DX01S100-6B3HR,Sản xuất
DX01S,DX01S100-5B3HR,Sản xuất
DX01S,DX01S100-4B3HR,Sản xuất
DX01S,DX01S100-3B3HR,Sản xuất
DX01S,DX01S100-6B3SR,Sản xuất
DX01S,DX01S100-5B3SR,Sản xuất
DX01S,DX01S100-4B3SR,Sản xuất
DX01S,DX01S100-3B3SR,Sản xuất
DX01S,DX01S100-6B3PR,Sản xuất
DX01S,DX01S100-5B3PR,Sản xuất
DX01S,DX01S100-4B3PR,Sản xuất
DX01S,DX01S100-3B3PR,Sản xuất
DX01S,DX01S100-6P3HR,Sản xuất
DX01S,DX01S100-5P3HR,Sản xuất
DX01S,DX01S100-4P3HR,Sản xuất
DX01S,DX01S100-3P3HR,Sản xuất
DX01S,DX01S100-6P3SR,Sản xuất
DX01S,DX01S100-5P3SR,Sản xuất
DX01S,DX01S100-4P3SR,Sản xuất
DX01S,DX01S100-3P3SR,Sản xuất
DX01S,DX01S100-6P3PR,Sản xuất
DX01S,DX01S100-5P3PR,Sản xuất
DX01S,DX01S100-4P3PR,Sản xuất
DX01S,DX01S100-3P3PR,Sản xuất
DX01S,DX01S100-6B3HN-C,Sản xuất
DX01S,DX01S100-5B3HN-C,Sản xuất
DX01S,DX01S100-4B3HN-C,Sản xuất
DX01S,DX01S100-3B3HN-C,Sản xuất
DX01S,DX01S100-6B3HT-C,Sản xuất
DX01S,DX01S100-5B3HT-C,Sản xuất
DX01S,DX01S100-4B3HT-C,Sản xuất
DX01S,DX01S100-3B3HT-C,Sản xuất
DX01S,DX01S100-6B3HD-C,Sản xuất
DX01S,DX01S100-5B3HD-C,Sản xuất
DX01S,DX01S100-4B3HD-C,Sản xuất
DX01S,DX01S100-3B3HD-C,Sản xuất
DX01S,DX01S100-6B3DN-C,Sản xuất
DX01S,DX01S100-5B3DN-C,Sản xuất
DX01S,DX01S100-4B3DN-C,Sản xuất
DX01S,DX01S100-3B3DN-C,Sản xuất
DX01S,DX01S100-6B3DT-C,Sản xuất
DX01S,DX01S100-5B3DT-C,Sản xuất
DX01S,DX01S100-4B3DT-C,Sản xuất
DX01S,DX01S100-3B3DT-C,Sản xuất
DX01S,DX01S100-6B3PT-C,Sản xuất
DX01S,DX01S100-5B3PT-C,Sản xuất
DX01S,DX01S100-4B3PT-C,Sản xuất
DX01S,DX01S100-3B3PT-C,Sản xuất
DX01S,DX01S100-6B3PD-C,Sản xuất
DX01S,DX01S100-5B3PD-C,Sản xuất
DX01S,DX01S100-4B3PD-C,Sản xuất
DX01S,DX01S100-3B3PD-C,Sản xuất
DX01S,DX01S100-6B3MT-C,Sản xuất
DX01S,DX01S100-5B3MT-C,Sản xuất
DX01S,DX01S100-4B3MT-C,Sản xuất
DX01S,DX01S100-3B3MT-C,Sản xuất
DX01S,DX01S100-6B3ID-C,Sản xuất
DX01S,DX01S100-5B3ID-C,Sản xuất
DX01S,DX01S100-4B3ID-C,Sản xuất
DX01S,DX01S100-3B3ID-C,Sản xuất
DX01S,DX01S100-6P3HN-C,Sản xuất
DX01S,DX01S100-5P3HN-C,Sản xuất
DX01S,DX01S100-4P3HN-C,Sản xuất
DX01S,DX01S100-3P3HN-C,Sản xuất
DX01S,DX01S100-6P3HT-C,Sản xuất
DX01S,DX01S100-5P3HT-C,Sản xuất
DX01S,DX01S100-4P3HT-C,Sản xuất
DX01S,DX01S100-3P3HT-C,Sản xuất
DX01S,DX01S100-6P3HD-C,Sản xuất
DX01S,DX01S100-5P3HD-C,Sản xuất
DX01S,DX01S100-4P3HD-C,Sản xuất
DX01S,DX01S100-3P3HD-C,Sản xuất
DX01S,DX01S100-6P3DN-C,Sản xuất
DX01S,DX01S100-5P3DN-C,Sản xuất
DX01S,DX01S100-4P3DN-C,Sản xuất
DX01S,DX01S100-3P3DN-C,Sản xuất
DX01S,DX01S100-6P3DT-C,Sản xuất
DX01S,DX01S100-5P3DT-C,Sản xuất
DX01S,DX01S100-4P3DT-C,Sản xuất
DX01S,DX01S100-3P3DT-C,Sản xuất
DX01S,DX01S100-6P3PT-C,Sản xuất
DX01S,DX01S100-5P3PT-C,Sản xuất
DX01S,DX01S100-4P3PT-C,Sản xuất
DX01S,DX01S100-3P3PT-C,Sản xuất
DX01S,DX01S100-6P3PD-C,Sản xuất
DX01S,DX01S100-5P3PD-C,Sản xuất
DX01S,DX01S100-4P3PD-C,Sản xuất
DX01S,DX01S100-3P3PD-C,Sản xuất
DX01S,DX01S100-6P3MT-C,Sản xuất
DX01S,DX01S100-5P3MT-C,Sản xuất
DX01S,DX01S100-4P3MT-C,Sản xuất
DX01S,DX01S100-3P3MT-C,Sản xuất
DX01S,DX01S100-6P3ID-C,Sản xuất
DX01S,DX01S100-5P3ID-C,Sản xuất
DX01S,DX01S100-4P3ID-C,Sản xuất
DX01S,DX01S100-3P3ID-C,Sản xuất
DX01S,DX01S100-6B3HR-C,Sản xuất
DX01S,DX01S100-5B3HR-C,Sản xuất
DX01S,DX01S100-4B3HR-C,Sản xuất
DX01S,DX01S100-3B3HR-C,Sản xuất
DX01S,DX01S100-6B3SR-C,Sản xuất
DX01S,DX01S100-5B3SR-C,Sản xuất
DX01S,DX01S100-4B3SR-C,Sản xuất
DX01S,DX01S100-3B3SR-C,Sản xuất
DX01S,DX01S100-6B3PR-C,Sản xuất
DX01S,DX01S100-5B3PR-C,Sản xuất
DX01S,DX01S100-4B3PR-C,Sản xuất
DX01S,DX01S100-3B3PR-C,Sản xuất
DX01S,DX01S100-6P3HR-C,Sản xuất
DX01S,DX01S100-5P3HR-C,Sản xuất
DX01S,DX01S100-4P3HR-C,Sản xuất
DX01S,DX01S100-3P3HR-C,Sản xuất
DX01S,DX01S100-6P3SR-C,Sản xuất
DX01S,DX01S100-5P3SR-C,Sản xuất
DX01S,DX01S100-4P3SR-C,Sản xuất
DX01S,DX01S100-3P3SR-C,Sản xuất
DX01S,DX01S100-6P3PR-C,Sản xuất
DX01S,DX01S100-5P3PR-C,Sản xuất
DX01S,DX01S100-4P3PR-C,Sản xuất
DX01S,DX01S100-3P3PR-C,Sản xuất
DX01S,DX01S150-6B3HN,Sản xuất
DX01S,DX01S150-5B3HN,Sản xuất
DX01S,DX01S150-4B3HN,Sản xuất
DX01S,DX01S150-3B3HN,Sản xuất
DX01S,DX01S150-6B3HT,Sản xuất
DX01S,DX01S150-5B3HT,Sản xuất
DX01S,DX01S150-4B3HT,Sản xuất
DX01S,DX01S150-3B3HT,Sản xuất
DX01S,DX01S150-6B3HD,Sản xuất
DX01S,DX01S150-5B3HD,Sản xuất
DX01S,DX01S150-4B3HD,Sản xuất
DX01S,DX01S150-3B3HD,Sản xuất
DX01S,DX01S150-6B3DN,Sản xuất
DX01S,DX01S150-5B3DN,Sản xuất
DX01S,DX01S150-4B3DN,Sản xuất
DX01S,DX01S150-3B3DN,Sản xuất
DX01S,DX01S150-6B3DT,Sản xuất
DX01S,DX01S150-5B3DT,Sản xuất
DX01S,DX01S150-4B3DT,Sản xuất
DX01S,DX01S150-3B3DT,Sản xuất
DX01S,DX01S150-6B3PT,Sản xuất
DX01S,DX01S150-5B3PT,Sản xuất
DX01S,DX01S150-4B3PT,Sản xuất
DX01S,DX01S150-3B3PT,Sản xuất
DX01S,DX01S150-6B3PD,Sản xuất
DX01S,DX01S150-5B3PD,Sản xuất
DX01S,DX01S150-4B3PD,Sản xuất
DX01S,DX01S150-3B3PD,Sản xuất
DX01S,DX01S150-6B3MT,Sản xuất
DX01S,DX01S150-5B3MT,Sản xuất
DX01S,DX01S150-4B3MT,Sản xuất
DX01S,DX01S150-3B3MT,Sản xuất
DX01S,DX01S150-6B3ID,Sản xuất
DX01S,DX01S150-5B3ID,Sản xuất
DX01S,DX01S150-4B3ID,Sản xuất
DX01S,DX01S150-3B3ID,Sản xuất
DX01S,DX01S150-6P3HN,Sản xuất
DX01S,DX01S150-5P3HN,Sản xuất
DX01S,DX01S150-4P3HN,Sản xuất
DX01S,DX01S150-3P3HN,Sản xuất
DX01S,DX01S150-6P3HT,Sản xuất
DX01S,DX01S150-5P3HT,Sản xuất
DX01S,DX01S150-4P3HT,Sản xuất
DX01S,DX01S150-3P3HT,Sản xuất
DX01S,DX01S150-6P3HD,Sản xuất
DX01S,DX01S150-5P3HD,Sản xuất
DX01S,DX01S150-4P3HD,Sản xuất
DX01S,DX01S150-3P3HD,Sản xuất
DX01S,DX01S150-6P3DN,Sản xuất
DX01S,DX01S150-5P3DN,Sản xuất
DX01S,DX01S150-4P3DN,Sản xuất
DX01S,DX01S150-3P3DN,Sản xuất
DX01S,DX01S150-6P3DT,Sản xuất
DX01S,DX01S150-5P3DT,Sản xuất
DX01S,DX01S150-4P3DT,Sản xuất
DX01S,DX01S150-3P3DT,Sản xuất
DX01S,DX01S150-6P3PT,Sản xuất
DX01S,DX01S150-5P3PT,Sản xuất
DX01S,DX01S150-4P3PT,Sản xuất
DX01S,DX01S150-3P3PT,Sản xuất
DX01S,DX01S150-6P3PD,Sản xuất
DX01S,DX01S150-5P3PD,Sản xuất
DX01S,DX01S150-4P3PD,Sản xuất
DX01S,DX01S150-3P3PD,Sản xuất
DX01S,DX01S150-6P3MT,Sản xuất
DX01S,DX01S150-5P3MT,Sản xuất
DX01S,DX01S150-4P3MT,Sản xuất
DX01S,DX01S150-3P3MT,Sản xuất
DX01S,DX01S150-6P3ID,Sản xuất
DX01S,DX01S150-5P3ID,Sản xuất
DX01S,DX01S150-4P3ID,Sản xuất
DX01S,DX01S150-3P3ID,Sản xuất
DX01S,DX01S150-6B3HR,Sản xuất
DX01S,DX01S150-5B3HR,Sản xuất
DX01S,DX01S150-4B3HR,Sản xuất
DX01S,DX01S150-3B3HR,Sản xuất
DX01S,DX01S150-6B3SR,Sản xuất
DX01S,DX01S150-5B3SR,Sản xuất
DX01S,DX01S150-4B3SR,Sản xuất
DX01S,DX01S150-3B3SR,Sản xuất
DX01S,DX01S150-6B3PR,Sản xuất
DX01S,DX01S150-5B3PR,Sản xuất
DX01S,DX01S150-4B3PR,Sản xuất
DX01S,DX01S150-3B3PR,Sản xuất
DX01S,DX01S150-6P3HR,Sản xuất
DX01S,DX01S150-5P3HR,Sản xuất
DX01S,DX01S150-4P3HR,Sản xuất
DX01S,DX01S150-3P3HR,Sản xuất
DX01S,DX01S150-6P3SR,Sản xuất
DX01S,DX01S150-5P3SR,Sản xuất
DX01S,DX01S150-4P3SR,Sản xuất
DX01S,DX01S150-3P3SR,Sản xuất
DX01S,DX01S150-6P3PR,Sản xuất
DX01S,DX01S150-5P3PR,Sản xuất
DX01S,DX01S150-4P3PR,Sản xuất
DX01S,DX01S150-3P3PR,Sản xuất
DX01S,DX01S150-6B3HN-C,Sản xuất
DX01S,DX01S150-5B3HN-C,Sản xuất
DX01S,DX01S150-4B3HN-C,Sản xuất
DX01S,DX01S150-3B3HN-C,Sản xuất
DX01S,DX01S150-6B3HT-C,Sản xuất
DX01S,DX01S150-5B3HT-C,Sản xuất
DX01S,DX01S150-4B3HT-C,Sản xuất
DX01S,DX01S150-3B3HT-C,Sản xuất
DX01S,DX01S150-6B3HD-C,Sản xuất
DX01S,DX01S150-5B3HD-C,Sản xuất
DX01S,DX01S150-4B3HD-C,Sản xuất
DX01S,DX01S150-3B3HD-C,Sản xuất
DX01S,DX01S150-6B3DN-C,Sản xuất
DX01S,DX01S150-5B3DN-C,Sản xuất
DX01S,DX01S150-4B3DN-C,Sản xuất
DX01S,DX01S150-3B3DN-C,Sản xuất
DX01S,DX01S150-6B3DT-C,Sản xuất
DX01S,DX01S150-5B3DT-C,Sản xuất
DX01S,DX01S150-4B3DT-C,Sản xuất
DX01S,DX01S150-3B3DT-C,Sản xuất
DX01S,DX01S150-6B3PT-C,Sản xuất
DX01S,DX01S150-5B3PT-C,Sản xuất
DX01S,DX01S150-4B3PT-C,Sản xuất
DX01S,DX01S150-3B3PT-C,Sản xuất
DX01S,DX01S150-6B3PD-C,Sản xuất
DX01S,DX01S150-5B3PD-C,Sản xuất
DX01S,DX01S150-4B3PD-C,Sản xuất
DX01S,DX01S150-3B3PD-C,Sản xuất
DX01S,DX01S150-6B3MT-C,Sản xuất
DX01S,DX01S150-5B3MT-C,Sản xuất
DX01S,DX01S150-4B3MT-C,Sản xuất
DX01S,DX01S150-3B3MT-C,Sản xuất
DX01S,DX01S150-6B3ID-C,Sản xuất
DX01S,DX01S150-5B3ID-C,Sản xuất
DX01S,DX01S150-4B3ID-C,Sản xuất
DX01S,DX01S150-3B3ID-C,Sản xuất
DX01S,DX01S150-6P3HN-C,Sản xuất
DX01S,DX01S150-5P3HN-C,Sản xuất
DX01S,DX01S150-4P3HN-C,Sản xuất
DX01S,DX01S150-3P3HN-C,Sản xuất
DX01S,DX01S150-6P3HT-C,Sản xuất
DX01S,DX01S150-5P3HT-C,Sản xuất
DX01S,DX01S150-4P3HT-C,Sản xuất
DX01S,DX01S150-3P3HT-C,Sản xuất
DX01S,DX01S150-6P3HD-C,Sản xuất
DX01S,DX01S150-5P3HD-C,Sản xuất
DX01S,DX01S150-4P3HD-C,Sản xuất
DX01S,DX01S150-3P3HD-C,Sản xuất
DX01S,DX01S150-6P3DN-C,Sản xuất
DX01S,DX01S150-5P3DN-C,Sản xuất
DX01S,DX01S150-4P3DN-C,Sản xuất
DX01S,DX01S150-3P3DN-C,Sản xuất
DX01S,DX01S150-6P3DT-C,Sản xuất
DX01S,DX01S150-5P3DT-C,Sản xuất
DX01S,DX01S150-4P3DT-C,Sản xuất
DX01S,DX01S150-3P3DT-C,Sản xuất
DX01S,DX01S150-6P3PT-C,Sản xuất
DX01S,DX01S150-5P3PT-C,Sản xuất
DX01S,DX01S150-4P3PT-C,Sản xuất
DX01S,DX01S150-3P3PT-C,Sản xuất
DX01S,DX01S150-6P3PD-C,Sản xuất
DX01S,DX01S150-5P3PD-C,Sản xuất
DX01S,DX01S150-4P3PD-C,Sản xuất
DX01S,DX01S150-3P3PD-C,Sản xuất
DX01S,DX01S150-6P3MT-C,Sản xuất
DX01S,DX01S150-5P3MT-C,Sản xuất
DX01S,DX01S150-4P3MT-C,Sản xuất
DX01S,DX01S150-3P3MT-C,Sản xuất
DX01S,DX01S150-6P3ID-C,Sản xuất
DX01S,DX01S150-5P3ID-C,Sản xuất
DX01S,DX01S150-4P3ID-C,Sản xuất
DX01S,DX01S150-3P3ID-C,Sản xuất
DX01S,DX01S150-6B3HR-C,Sản xuất
DX01S,DX01S150-5B3HR-C,Sản xuất
DX01S,DX01S150-4B3HR-C,Sản xuất
DX01S,DX01S150-3B3HR-C,Sản xuất
DX01S,DX01S150-6B3SR-C,Sản xuất
DX01S,DX01S150-5B3SR-C,Sản xuất
DX01S,DX01S150-4B3SR-C,Sản xuất
DX01S,DX01S150-3B3SR-C,Sản xuất
DX01S,DX01S150-6B3PR-C,Sản xuất
DX01S,DX01S150-5B3PR-C,Sản xuất
DX01S,DX01S150-4B3PR-C,Sản xuất
DX01S,DX01S150-3B3PR-C,Sản xuất
DX01S,DX01S150-6P3HR-C,Sản xuất
DX01S,DX01S150-5P3HR-C,Sản xuất
DX01S,DX01S150-4P3HR-C,Sản xuất
DX01S,DX01S150-3P3HR-C,Sản xuất
DX01S,DX01S150-6P3SR-C,Sản xuất
DX01S,DX01S150-5P3SR-C,Sản xuất
DX01S,DX01S150-4P3SR-C,Sản xuất
DX01S,DX01S150-3P3SR-C,Sản xuất
DX01S,DX01S150-6P3PR-C,Sản xuất
DX01S,DX01S150-5P3PR-C,Sản xuất
DX01S,DX01S150-4P3PR-C,Sản xuất
DX01S,DX01S150-3P3PR-C,Sản xuất
DX01S,DX01S200-6B3HN,Sản xuất
DX01S,DX01S200-5B3HN,Sản xuất
DX01S,DX01S200-4B3HN,Sản xuất
DX01S,DX01S200-3B3HN,Sản xuất
DX01S,DX01S200-6B3HT,Sản xuất
DX01S,DX01S200-5B3HT,Sản xuất
DX01S,DX01S200-4B3HT,Sản xuất
DX01S,DX01S200-3B3HT,Sản xuất
DX01S,DX01S200-6B3HD,Sản xuất
DX01S,DX01S200-5B3HD,Sản xuất
DX01S,DX01S200-4B3HD,Sản xuất
DX01S,DX01S200-3B3HD,Sản xuất
DX01S,DX01S200-6B3DN,Sản xuất
DX01S,DX01S200-5B3DN,Sản xuất
DX01S,DX01S200-4B3DN,Sản xuất
DX01S,DX01S200-3B3DN,Sản xuất
DX01S,DX01S200-6B3DT,Sản xuất
DX01S,DX01S200-5B3DT,Sản xuất
DX01S,DX01S200-4B3DT,Sản xuất
DX01S,DX01S200-3B3DT,Sản xuất
DX01S,DX01S200-6B3PT,Sản xuất
DX01S,DX01S200-5B3PT,Sản xuất
DX01S,DX01S200-4B3PT,Sản xuất
DX01S,DX01S200-3B3PT,Sản xuất
DX01S,DX01S200-6B3PD,Sản xuất
DX01S,DX01S200-5B3PD,Sản xuất
DX01S,DX01S200-4B3PD,Sản xuất
DX01S,DX01S200-3B3PD,Sản xuất
DX01S,DX01S200-6B3MT,Sản xuất
DX01S,DX01S200-5B3MT,Sản xuất
DX01S,DX01S200-4B3MT,Sản xuất
DX01S,DX01S200-3B3MT,Sản xuất
DX01S,DX01S200-6B3ID,Sản xuất
DX01S,DX01S200-5B3ID,Sản xuất
DX01S,DX01S200-4B3ID,Sản xuất
DX01S,DX01S200-3B3ID,Sản xuất
DX01S,DX01S200-6P3HN,Sản xuất
DX01S,DX01S200-5P3HN,Sản xuất
DX01S,DX01S200-4P3HN,Sản xuất
DX01S,DX01S200-3P3HN,Sản xuất
DX01S,DX01S200-6P3HT,Sản xuất
DX01S,DX01S200-5P3HT,Sản xuất
DX01S,DX01S200-4P3HT,Sản xuất
DX01S,DX01S200-3P3HT,Sản xuất
DX01S,DX01S200-6P3HD,Sản xuất
DX01S,DX01S200-5P3HD,Sản xuất
DX01S,DX01S200-4P3HD,Sản xuất
DX01S,DX01S200-3P3HD,Sản xuất
DX01S,DX01S200-6P3DN,Sản xuất
DX01S,DX01S200-5P3DN,Sản xuất
DX01S,DX01S200-4P3DN,Sản xuất
DX01S,DX01S200-3P3DN,Sản xuất
DX01S,DX01S200-6P3DT,Sản xuất
DX01S,DX01S200-5P3DT,Sản xuất
DX01S,DX01S200-4P3DT,Sản xuất
DX01S,DX01S200-3P3DT,Sản xuất
DX01S,DX01S200-6P3PT,Sản xuất
DX01S,DX01S200-5P3PT,Sản xuất
DX01S,DX01S200-4P3PT,Sản xuất
DX01S,DX01S200-3P3PT,Sản xuất
DX01S,DX01S200-6P3PD,Sản xuất
DX01S,DX01S200-5P3PD,Sản xuất
DX01S,DX01S200-4P3PD,Sản xuất
DX01S,DX01S200-3P3PD,Sản xuất
DX01S,DX01S200-6P3MT,Sản xuất
DX01S,DX01S200-5P3MT,Sản xuất
DX01S,DX01S200-4P3MT,Sản xuất
DX01S,DX01S200-3P3MT,Sản xuất
DX01S,DX01S200-6P3ID,Sản xuất
DX01S,DX01S200-5P3ID,Sản xuất
DX01S,DX01S200-4P3ID,Sản xuất
DX01S,DX01S200-3P3ID,Sản xuất
DX01S,DX01S200-6B3HR,Sản xuất
DX01S,DX01S200-5B3HR,Sản xuất
DX01S,DX01S200-4B3HR,Sản xuất
DX01S,DX01S200-3B3HR,Sản xuất
DX01S,DX01S200-6B3SR,Sản xuất
DX01S,DX01S200-5B3SR,Sản xuất
DX01S,DX01S200-4B3SR,Sản xuất
DX01S,DX01S200-3B3SR,Sản xuất
DX01S,DX01S200-6B3PR,Sản xuất
DX01S,DX01S200-5B3PR,Sản xuất
DX01S,DX01S200-4B3PR,Sản xuất
DX01S,DX01S200-3B3PR,Sản xuất
DX01S,DX01S200-6P3HR,Sản xuất
DX01S,DX01S200-5P3HR,Sản xuất
DX01S,DX01S200-4P3HR,Sản xuất
DX01S,DX01S200-3P3HR,Sản xuất
DX01S,DX01S200-6P3SR,Sản xuất
DX01S,DX01S200-5P3SR,Sản xuất
DX01S,DX01S200-4P3SR,Sản xuất
DX01S,DX01S200-3P3SR,Sản xuất
DX01S,DX01S200-6P3PR,Sản xuất
DX01S,DX01S200-5P3PR,Sản xuất
DX01S,DX01S200-4P3PR,Sản xuất
DX01S,DX01S200-3P3PR,Sản xuất
DX01S,DX01S200-6B3HN-C,Sản xuất
DX01S,DX01S200-5B3HN-C,Sản xuất
DX01S,DX01S200-4B3HN-C,Sản xuất
DX01S,DX01S200-3B3HN-C,Sản xuất
DX01S,DX01S200-6B3HT-C,Sản xuất
DX01S,DX01S200-5B3HT-C,Sản xuất
DX01S,DX01S200-4B3HT-C,Sản xuất
DX01S,DX01S200-3B3HT-C,Sản xuất
DX01S,DX01S200-6B3HD-C,Sản xuất
DX01S,DX01S200-5B3HD-C,Sản xuất
DX01S,DX01S200-4B3HD-C,Sản xuất
DX01S,DX01S200-3B3HD-C,Sản xuất
DX01S,DX01S200-6B3DN-C,Sản xuất
DX01S,DX01S200-5B3DN-C,Sản xuất
DX01S,DX01S200-4B3DN-C,Sản xuất
DX01S,DX01S200-3B3DN-C,Sản xuất
DX01S,DX01S200-6B3DT-C,Sản xuất
DX01S,DX01S200-5B3DT-C,Sản xuất
DX01S,DX01S200-4B3DT-C,Sản xuất
DX01S,DX01S200-3B3DT-C,Sản xuất
DX01S,DX01S200-6B3PT-C,Sản xuất
DX01S,DX01S200-5B3PT-C,Sản xuất
DX01S,DX01S200-4B3PT-C,Sản xuất
DX01S,DX01S200-3B3PT-C,Sản xuất
DX01S,DX01S200-6B3PD-C,Sản xuất
DX01S,DX01S200-5B3PD-C,Sản xuất
DX01S,DX01S200-4B3PD-C,Sản xuất
DX01S,DX01S200-3B3PD-C,Sản xuất
DX01S,DX01S200-6B3MT-C,Sản xuất
DX01S,DX01S200-5B3MT-C,Sản xuất
DX01S,DX01S200-4B3MT-C,Sản xuất
DX01S,DX01S200-3B3MT-C,Sản xuất
DX01S,DX01S200-6B3ID-C,Sản xuất
DX01S,DX01S200-5B3ID-C,Sản xuất
DX01S,DX01S200-4B3ID-C,Sản xuất
DX01S,DX01S200-3B3ID-C,Sản xuất
DX01S,DX01S200-6P3HN-C,Sản xuất
DX01S,DX01S200-5P3HN-C,Sản xuất
DX01S,DX01S200-4P3HN-C,Sản xuất
DX01S,DX01S200-3P3HN-C,Sản xuất
DX01S,DX01S200-6P3HT-C,Sản xuất
DX01S,DX01S200-5P3HT-C,Sản xuất
DX01S,DX01S200-4P3HT-C,Sản xuất
DX01S,DX01S200-3P3HT-C,Sản xuất
DX01S,DX01S200-6P3HD-C,Sản xuất
DX01S,DX01S200-5P3HD-C,Sản xuất
DX01S,DX01S200-4P3HD-C,Sản xuất
DX01S,DX01S200-3P3HD-C,Sản xuất
DX01S,DX01S200-6P3DN-C,Sản xuất
DX01S,DX01S200-5P3DN-C,Sản xuất
DX01S,DX01S200-4P3DN-C,Sản xuất
DX01S,DX01S200-3P3DN-C,Sản xuất
DX01S,DX01S200-6P3DT-C,Sản xuất
DX01S,DX01S200-5P3DT-C,Sản xuất
DX01S,DX01S200-4P3DT-C,Sản xuất
DX01S,DX01S200-3P3DT-C,Sản xuất
DX01S,DX01S200-6P3PT-C,Sản xuất
DX01S,DX01S200-5P3PT-C,Sản xuất
DX01S,DX01S200-4P3PT-C,Sản xuất
DX01S,DX01S200-3P3PT-C,Sản xuất
DX01S,DX01S200-6P3PD-C,Sản xuất
DX01S,DX01S200-5P3PD-C,Sản xuất
DX01S,DX01S200-4P3PD-C,Sản xuất
DX01S,DX01S200-3P3PD-C,Sản xuất
DX01S,DX01S200-6P3MT-C,Sản xuất
DX01S,DX01S200-5P3MT-C,Sản xuất
DX01S,DX01S200-4P3MT-C,Sản xuất
DX01S,DX01S200-3P3MT-C,Sản xuất
DX01S,DX01S200-6P3ID-C,Sản xuất
DX01S,DX01S200-5P3ID-C,Sản xuất
DX01S,DX01S200-4P3ID-C,Sản xuất
DX01S,DX01S200-3P3ID-C,Sản xuất
DX01S,DX01S200-6B3HR-C,Sản xuất
DX01S,DX01S200-5B3HR-C,Sản xuất
DX01S,DX01S200-4B3HR-C,Sản xuất
DX01S,DX01S200-3B3HR-C,Sản xuất
DX01S,DX01S200-6B3SR-C,Sản xuất
DX01S,DX01S200-5B3SR-C,Sản xuất
DX01S,DX01S200-4B3SR-C,Sản xuất
DX01S,DX01S200-3B3SR-C,Sản xuất
DX01S,DX01S200-6B3PR-C,Sản xuất
DX01S,DX01S200-5B3PR-C,Sản xuất
DX01S,DX01S200-4B3PR-C,Sản xuất
DX01S,DX01S200-3B3PR-C,Sản xuất
DX01S,DX01S200-6P3HR-C,Sản xuất
DX01S,DX01S200-5P3HR-C,Sản xuất
DX01S,DX01S200-4P3HR-C,Sản xuất
DX01S,DX01S200-3P3HR-C,Sản xuất
DX01S,DX01S200-6P3SR-C,Sản xuất
DX01S,DX01S200-5P3SR-C,Sản xuất
DX01S,DX01S200-4P3SR-C,Sản xuất
DX01S,DX01S200-3P3SR-C,Sản xuất
DX01S,DX01S200-6P3PR-C,Sản xuất
DX01S,DX01S200-5P3PR-C,Sản xuất
DX01S,DX01S200-4P3PR-C,Sản xuất
DX01S,DX01S200-3P3PR-C,Sản xuất
DX03S,DX03S100-6B3HR,Sản xuất
DX03S,DX03S100-5B3HR,Sản xuất
DX03S,DX03S100-4B3HR,Sản xuất
DX03S,DX03S100-3B3HR,Sản xuất
DX03S,DX03S100-6B3SR,Sản xuất
DX03S,DX03S100-5B3SR,Sản xuất
DX03S,DX03S100-4B3SR,Sản xuất
DX03S,DX03S100-3B3SR,Sản xuất
DX03S,DX03S100-6B3PR,Sản xuất
DX03S,DX03S100-5B3PR,Sản xuất
DX03S,DX03S100-4B3PR,Sản xuất
DX03S,DX03S100-3B3PR,Sản xuất
DX03S,DX03S100-6P3HR,Sản xuất
DX03S,DX03S100-5P3HR,Sản xuất
DX03S,DX03S100-4P3HR,Sản xuất
DX03S,DX03S100-3P3HR,Sản xuất
DX03S,DX03S100-6P3SR,Sản xuất
DX03S,DX03S100-5P3SR,Sản xuất
DX03S,DX03S100-4P3SR,Sản xuất
DX03S,DX03S100-3P3SR,Sản xuất
DX03S,DX03S100-6P3PR,Sản xuất
DX03S,DX03S100-5P3PR,Sản xuất
DX03S,DX03S100-4P3PR,Sản xuất
DX03S,DX03S100-3P3PR,Sản xuất
DX03S,DX03S100-628HR,Sản xuất
DX03S,DX03S100-528HR,Sản xuất
DX03S,DX03S100-428HR,Sản xuất
DX03S,DX03S100-328HR,Sản xuất
DX03S,DX03S100-628SR,Sản xuất
DX03S,DX03S100-528SR,Sản xuất
DX03S,DX03S100-428SR,Sản xuất
DX03S,DX03S100-328SR,Sản xuất
DX03S,DX03S100-628PR,Sản xuất
DX03S,DX03S100-528PR,Sản xuất
DX03S,DX03S100-428PR,Sản xuất
DX03S,DX03S100-328PR,Sản xuất
DX03S,DX03S150-6B3HR,Sản xuất
DX03S,DX03S150-5B3HR,Sản xuất
DX03S,DX03S150-4B3HR,Sản xuất
DX03S,DX03S150-3B3HR,Sản xuất
DX03S,DX03S150-6B3SR,Sản xuất
DX03S,DX03S150-5B3SR,Sản xuất
DX03S,DX03S150-4B3SR,Sản xuất
DX03S,DX03S150-3B3SR,Sản xuất
DX03S,DX03S150-6B3PR,Sản xuất
DX03S,DX03S150-5B3PR,Sản xuất
DX03S,DX03S150-4B3PR,Sản xuất
DX03S,DX03S150-3B3PR,Sản xuất
DX03S,DX03S150-6P3HR,Sản xuất
DX03S,DX03S150-5P3HR,Sản xuất
DX03S,DX03S150-4P3HR,Sản xuất
DX03S,DX03S150-3P3HR,Sản xuất
DX03S,DX03S150-6P3SR,Sản xuất
DX03S,DX03S150-5P3SR,Sản xuất
DX03S,DX03S150-4P3SR,Sản xuất
DX03S,DX03S150-3P3SR,Sản xuất
DX03S,DX03S150-6P3PR,Sản xuất
DX03S,DX03S150-5P3PR,Sản xuất
DX03S,DX03S150-4P3PR,Sản xuất
DX03S,DX03S150-3P3PR,Sản xuất
DX03S,DX03S150-628HR,Sản xuất
DX03S,DX03S150-528HR,Sản xuất
DX03S,DX03S150-428HR,Sản xuất
DX03S,DX03S150-328HR,Sản xuất
DX03S,DX03S150-628SR,Sản xuất
DX03S,DX03S150-528SR,Sản xuất
DX03S,DX03S150-428SR,Sản xuất
DX03S,DX03S150-328SR,Sản xuất
DX03S,DX03S150-628PR,Sản xuất
DX03S,DX03S150-528PR,Sản xuất
DX03S,DX03S150-428PR,Sản xuất
DX03S,DX03S150-328PR,Sản xuất
DX03S,DX03S200-6B3HR,Sản xuất
DX03S,DX03S200-5B3HR,Sản xuất
DX03S,DX03S200-4B3HR,Sản xuất
DX03S,DX03S200-3B3HR,Sản xuất
DX03S,DX03S200-6B3SR,Sản xuất
DX03S,DX03S200-5B3SR,Sản xuất
DX03S,DX03S200-4B3SR,Sản xuất
DX03S,DX03S200-3B3SR,Sản xuất
DX03S,DX03S200-6B3PR,Sản xuất
DX03S,DX03S200-5B3PR,Sản xuất
DX03S,DX03S200-4B3PR,Sản xuất
DX03S,DX03S200-3B3PR,Sản xuất
DX03S,DX03S200-6P3HR,Sản xuất
DX03S,DX03S200-5P3HR,Sản xuất
DX03S,DX03S200-4P3HR,Sản xuất
DX03S,DX03S200-3P3HR,Sản xuất
DX03S,DX03S200-6P3SR,Sản xuất
DX03S,DX03S200-5P3SR,Sản xuất
DX03S,DX03S200-4P3SR,Sản xuất
DX03S,DX03S200-3P3SR,Sản xuất
DX03S,DX03S200-6P3PR,Sản xuất
DX03S,DX03S200-5P3PR,Sản xuất
DX03S,DX03S200-4P3PR,Sản xuất
DX03S,DX03S200-3P3PR,Sản xuất
DX03S,DX03S200-628HR,Sản xuất
DX03S,DX03S200-528HR,Sản xuất
DX03S,DX03S200-428HR,Sản xuất
DX03S,DX03S200-328HR,Sản xuất
DX03S,DX03S200-628SR,Sản xuất
DX03S,DX03S200-528SR,Sản xuất
DX03S,DX03S200-428SR,Sản xuất
DX03S,DX03S200-328SR,Sản xuất
DX03S,DX03S200-628PR,Sản xuất
DX03S,DX03S200-528PR,Sản xuất
DX03S,DX03S200-428PR,Sản xuất
DX03S,DX03S200-328PR,Sản xuất
DX03S,DX03S250-6B3HR,Sản xuất
DX03S,DX03S250-5B3HR,Sản xuất
DX03S,DX03S250-4B3HR,Sản xuất
DX03S,DX03S250-3B3HR,Sản xuất
DX03S,DX03S250-6B3SR,Sản xuất
DX03S,DX03S250-5B3SR,Sản xuất
DX03S,DX03S250-4B3SR,Sản xuất
DX03S,DX03S250-3B3SR,Sản xuất
DX03S,DX03S250-6B3PR,Sản xuất
DX03S,DX03S250-5B3PR,Sản xuất
DX03S,DX03S250-4B3PR,Sản xuất
DX03S,DX03S250-3B3PR,Sản xuất
DX03S,DX03S250-6P3HR,Sản xuất
DX03S,DX03S250-5P3HR,Sản xuất
DX03S,DX03S250-4P3HR,Sản xuất
DX03S,DX03S250-3P3HR,Sản xuất
DX03S,DX03S250-6P3SR,Sản xuất
DX03S,DX03S250-5P3SR,Sản xuất
DX03S,DX03S250-4P3SR,Sản xuất
DX03S,DX03S250-3P3SR,Sản xuất
DX03S,DX03S250-6P3PR,Sản xuất
DX03S,DX03S250-5P3PR,Sản xuất
DX03S,DX03S250-4P3PR,Sản xuất
DX03S,DX03S250-3P3PR,Sản xuất
DX03S,DX03S250-628HR,Sản xuất
DX03S,DX03S250-528HR,Sản xuất
DX03S,DX03S250-428HR,Sản xuất
DX03S,DX03S250-328HR,Sản xuất
DX03S,DX03S250-628SR,Sản xuất
DX03S,DX03S250-528SR,Sản xuất
DX03S,DX03S250-428SR,Sản xuất
DX03S,DX03S250-328SR,Sản xuất
DX03S,DX03S250-628PR,Sản xuất
DX03S,DX03S250-528PR,Sản xuất
DX03S,DX03S250-428PR,Sản xuất
DX03S,DX03S250-328PR,Sản xuất
DX03S,DX03S100-6B3HR-C,Sản xuất
DX03S,DX03S100-5B3HR-C,Sản xuất
DX03S,DX03S100-4B3HR-C,Sản xuất
DX03S,DX03S100-3B3HR-C,Sản xuất
DX03S,DX03S100-6B3SR-C,Sản xuất
DX03S,DX03S100-5B3SR-C,Sản xuất
DX03S,DX03S100-4B3SR-C,Sản xuất
DX03S,DX03S100-3B3SR-C,Sản xuất
DX03S,DX03S100-6B3PR-C,Sản xuất
DX03S,DX03S100-5B3PR-C,Sản xuất
DX03S,DX03S100-4B3PR-C,Sản xuất
DX03S,DX03S100-3B3PR-C,Sản xuất
DX03S,DX03S100-6P3HR-C,Sản xuất
DX03S,DX03S100-5P3HR-C,Sản xuất
DX03S,DX03S100-4P3HR-C,Sản xuất
DX03S,DX03S100-3P3HR-C,Sản xuất
DX03S,DX03S100-6P3SR-C,Sản xuất
DX03S,DX03S100-5P3SR-C,Sản xuất
DX03S,DX03S100-4P3SR-C,Sản xuất
DX03S,DX03S100-3P3SR-C,Sản xuất
DX03S,DX03S100-6P3PR-C,Sản xuất
DX03S,DX03S100-5P3PR-C,Sản xuất
DX03S,DX03S100-4P3PR-C,Sản xuất
DX03S,DX03S100-3P3PR-C,Sản xuất
DX03S,DX03S100-628HR-C,Sản xuất
DX03S,DX03S100-528HR-C,Sản xuất
DX03S,DX03S100-428HR-C,Sản xuất
DX03S,DX03S100-328HR-C,Sản xuất
DX03S,DX03S100-628SR-C,Sản xuất
DX03S,DX03S100-528SR-C,Sản xuất
DX03S,DX03S100-428SR-C,Sản xuất
DX03S,DX03S100-328SR-C,Sản xuất
DX03S,DX03S100-628PR-C,Sản xuất
DX03S,DX03S100-528PR-C,Sản xuất
DX03S,DX03S100-428PR-C,Sản xuất
DX03S,DX03S100-328PR-C,Sản xuất
DX03S,DX03S150-6B3HR-C,Sản xuất
DX03S,DX03S150-5B3HR-C,Sản xuất
DX03S,DX03S150-4B3HR-C,Sản xuất
DX03S,DX03S150-3B3HR-C,Sản xuất
DX03S,DX03S150-6B3SR-C,Sản xuất
DX03S,DX03S150-5B3SR-C,Sản xuất
DX03S,DX03S150-4B3SR-C,Sản xuất
DX03S,DX03S150-3B3SR-C,Sản xuất
DX03S,DX03S150-6B3PR-C,Sản xuất
DX03S,DX03S150-5B3PR-C,Sản xuất
DX03S,DX03S150-4B3PR-C,Sản xuất
DX03S,DX03S150-3B3PR-C,Sản xuất
DX03S,DX03S150-6P3HR-C,Sản xuất
DX03S,DX03S150-5P3HR-C,Sản xuất
DX03S,DX03S150-4P3HR-C,Sản xuất
DX03S,DX03S150-3P3HR-C,Sản xuất
DX03S,DX03S150-6P3SR-C,Sản xuất
DX03S,DX03S150-5P3SR-C,Sản xuất
DX03S,DX03S150-4P3SR-C,Sản xuất
DX03S,DX03S150-3P3SR-C,Sản xuất
DX03S,DX03S150-6P3PR-C,Sản xuất
DX03S,DX03S150-5P3PR-C,Sản xuất
DX03S,DX03S150-4P3PR-C,Sản xuất
DX03S,DX03S150-3P3PR-C,Sản xuất
DX03S,DX03S150-628HR-C,Sản xuất
DX03S,DX03S150-528HR-C,Sản xuất
DX03S,DX03S150-428HR-C,Sản xuất
DX03S,DX03S150-328HR-C,Sản xuất
DX03S,DX03S150-628SR-C,Sản xuất
DX03S,DX03S150-528SR-C,Sản xuất
DX03S,DX03S150-428SR-C,Sản xuất
DX03S,DX03S150-328SR-C,Sản xuất
DX03S,DX03S150-628PR-C,Sản xuất
DX03S,DX03S150-528PR-C,Sản xuất
DX03S,DX03S150-428PR-C,Sản xuất
DX03S,DX03S150-328PR-C,Sản xuất
DX03S,DX03S200-6B3HR-C,Sản xuất
DX03S,DX03S200-5B3HR-C,Sản xuất
DX03S,DX03S200-4B3HR-C,Sản xuất
DX03S,DX03S200-3B3HR-C,Sản xuất
DX03S,DX03S200-6B3SR-C,Sản xuất
DX03S,DX03S200-5B3SR-C,Sản xuất
DX03S,DX03S200-4B3SR-C,Sản xuất
DX03S,DX03S200-3B3SR-C,Sản xuất
DX03S,DX03S200-6B3PR-C,Sản xuất
DX03S,DX03S200-5B3PR-C,Sản xuất
DX03S,DX03S200-4B3PR-C,Sản xuất
DX03S,DX03S200-3B3PR-C,Sản xuất
DX03S,DX03S200-6P3HR-C,Sản xuất
DX03S,DX03S200-5P3HR-C,Sản xuất
DX03S,DX03S200-4P3HR-C,Sản xuất
DX03S,DX03S200-3P3HR-C,Sản xuất
DX03S,DX03S200-6P3SR-C,Sản xuất
DX03S,DX03S200-5P3SR-C,Sản xuất
DX03S,DX03S200-4P3SR-C,Sản xuất
DX03S,DX03S200-3P3SR-C,Sản xuất
DX03S,DX03S200-6P3PR-C,Sản xuất
DX03S,DX03S200-5P3PR-C,Sản xuất
DX03S,DX03S200-4P3PR-C,Sản xuất
DX03S,DX03S200-3P3PR-C,Sản xuất
DX03S,DX03S200-628HR-C,Sản xuất
DX03S,DX03S200-528HR-C,Sản xuất
DX03S,DX03S200-428HR-C,Sản xuất
DX03S,DX03S200-328HR-C,Sản xuất
DX03S,DX03S200-628SR-C,Sản xuất
DX03S,DX03S200-528SR-C,Sản xuất
DX03S,DX03S200-428SR-C,Sản xuất
DX03S,DX03S200-328SR-C,Sản xuất
DX03S,DX03S200-628PR-C,Sản xuất
DX03S,DX03S200-528PR-C,Sản xuất
DX03S,DX03S200-428PR-C,Sản xuất
DX03S,DX03S200-328PR-C,Sản xuất
DX03S,DX03S250-6B3HR-C,Sản xuất
DX03S,DX03S250-5B3HR-C,Sản xuất
DX03S,DX03S250-4B3HR-C,Sản xuất
DX03S,DX03S250-3B3HR-C,Sản xuất
DX03S,DX03S250-6B3SR-C,Sản xuất
DX03S,DX03S250-5B3SR-C,Sản xuất
DX03S,DX03S250-4B3SR-C,Sản xuất
DX03S,DX03S250-3B3SR-C,Sản xuất
DX03S,DX03S250-6B3PR-C,Sản xuất
DX03S,DX03S250-5B3PR-C,Sản xuất
DX03S,DX03S250-4B3PR-C,Sản xuất
DX03S,DX03S250-3B3PR-C,Sản xuất
DX03S,DX03S250-6P3HR-C,Sản xuất
DX03S,DX03S250-5P3HR-C,Sản xuất
DX03S,DX03S250-4P3HR-C,Sản xuất
DX03S,DX03S250-3P3HR-C,Sản xuất
DX03S,DX03S250-6P3SR-C,Sản xuất
DX03S,DX03S250-5P3SR-C,Sản xuất
DX03S,DX03S250-4P3SR-C,Sản xuất
DX03S,DX03S250-3P3SR-C,Sản xuất
DX03S,DX03S250-6P3PR-C,Sản xuất
DX03S,DX03S250-5P3PR-C,Sản xuất
DX03S,DX03S250-4P3PR-C,Sản xuất
DX03S,DX03S250-3P3PR-C,Sản xuất
DX03S,DX03S250-628HR-C,Sản xuất
DX03S,DX03S250-528HR-C,Sản xuất
DX03S,DX03S250-428HR-C,Sản xuất
DX03S,DX03S250-328HR-C,Sản xuất
DX03S,DX03S250-628SR-C,Sản xuất
DX03S,DX03S250-528SR-C,Sản xuất
DX03S,DX03S250-428SR-C,Sản xuất
DX03S,DX03S250-328SR-C,Sản xuất
DX03S,DX03S250-628PR-C,Sản xuất
DX03S,DX03S250-528PR-C,Sản xuất
DX03S,DX03S250-428PR-C,Sản xuất
DX03S,DX03S250-328PR-C,Sản xuất
DX02S,DX02S100-6B3DN,Sản xuất
DX02S,DX02S100-5B3DN,Sản xuất
DX02S,DX02S100-4B3DN,Sản xuất
DX02S,DX02S100-3B3DN,Sản xuất
DX02S,DX02S100-6B3DT,Sản xuất
DX02S,DX02S100-5B3DT,Sản xuất
DX02S,DX02S100-4B3DT,Sản xuất
DX02S,DX02S100-3B3DT,Sản xuất
DX02S,DX02S100-6B3HD,Sản xuất
DX02S,DX02S100-5B3HD,Sản xuất
DX02S,DX02S100-4B3HD,Sản xuất
DX02S,DX02S100-3B3HD,Sản xuất
DX02S,DX02S100-6B3PT,Sản xuất
DX02S,DX02S100-5B3PT,Sản xuất
DX02S,DX02S100-4B3PT,Sản xuất
DX02S,DX02S100-3B3PT,Sản xuất
DX02S,DX02S100-6B3PD,Sản xuất
DX02S,DX02S100-5B3PD,Sản xuất
DX02S,DX02S100-4B3PD,Sản xuất
DX02S,DX02S100-3B3PD,Sản xuất
DX02S,DX02S100-6B3MT,Sản xuất
DX02S,DX02S100-5B3MT,Sản xuất
DX02S,DX02S100-4B3MT,Sản xuất
DX02S,DX02S100-3B3MT,Sản xuất
DX02S,DX02S100-6B3ID,Sản xuất
DX02S,DX02S100-5B3ID,Sản xuất
DX02S,DX02S100-4B3ID,Sản xuất
DX02S,DX02S100-3B3ID,Sản xuất
DX02S,DX02S100-6P3DN,Sản xuất
DX02S,DX02S100-5P3DN,Sản xuất
DX02S,DX02S100-4P3DN,Sản xuất
DX02S,DX02S100-3P3DN,Sản xuất
DX02S,DX02S100-6P3DT,Sản xuất
DX02S,DX02S100-5P3DT,Sản xuất
DX02S,DX02S100-4P3DT,Sản xuất
DX02S,DX02S100-3P3DT,Sản xuất
DX02S,DX02S100-6P3HD,Sản xuất
DX02S,DX02S100-5P3HD,Sản xuất
DX02S,DX02S100-4P3HD,Sản xuất
DX02S,DX02S100-3P3HD,Sản xuất
DX02S,DX02S100-6P3PT,Sản xuất
DX02S,DX02S100-5P3PT,Sản xuất
DX02S,DX02S100-4P3PT,Sản xuất
DX02S,DX02S100-3P3PT,Sản xuất
DX02S,DX02S100-6P3PD,Sản xuất
DX02S,DX02S100-5P3PD,Sản xuất
DX02S,DX02S100-4P3PD,Sản xuất
DX02S,DX02S100-3P3PD,Sản xuất
DX02S,DX02S100-6P3MT,Sản xuất
DX02S,DX02S100-5P3MT,Sản xuất
DX02S,DX02S100-4P3MT,Sản xuất
DX02S,DX02S100-3P3MT,Sản xuất
DX02S,DX02S100-6P3ID,Sản xuất
DX02S,DX02S100-5P3ID,Sản xuất
DX02S,DX02S100-4P3ID,Sản xuất
DX02S,DX02S100-3P3ID,Sản xuất
DX02S,DX02S150-6B3DN,Sản xuất
DX02S,DX02S150-5B3DN,Sản xuất
DX02S,DX02S150-4B3DN,Sản xuất
DX02S,DX02S150-3B3DN,Sản xuất
DX02S,DX02S150-6B3DT,Sản xuất
DX02S,DX02S150-5B3DT,Sản xuất
DX02S,DX02S150-4B3DT,Sản xuất
DX02S,DX02S150-3B3DT,Sản xuất
DX02S,DX02S150-6B3HD,Sản xuất
DX02S,DX02S150-5B3HD,Sản xuất
DX02S,DX02S150-4B3HD,Sản xuất
DX02S,DX02S150-3B3HD,Sản xuất
DX02S,DX02S150-6B3PT,Sản xuất
DX02S,DX02S150-5B3PT,Sản xuất
DX02S,DX02S150-4B3PT,Sản xuất
DX02S,DX02S150-3B3PT,Sản xuất
DX02S,DX02S150-6B3PD,Sản xuất
DX02S,DX02S150-5B3PD,Sản xuất
DX02S,DX02S150-4B3PD,Sản xuất
DX02S,DX02S150-3B3PD,Sản xuất
DX02S,DX02S150-6B3MT,Sản xuất
DX02S,DX02S150-5B3MT,Sản xuất
DX02S,DX02S150-4B3MT,Sản xuất
DX02S,DX02S150-3B3MT,Sản xuất
DX02S,DX02S150-6B3ID,Sản xuất
DX02S,DX02S150-5B3ID,Sản xuất
DX02S,DX02S150-4B3ID,Sản xuất
DX02S,DX02S150-3B3ID,Sản xuất
DX02S,DX02S150-6P3DN,Sản xuất
DX02S,DX02S150-5P3DN,Sản xuất
DX02S,DX02S150-4P3DN,Sản xuất
DX02S,DX02S150-3P3DN,Sản xuất
DX02S,DX02S150-6P3DT,Sản xuất
DX02S,DX02S150-5P3DT,Sản xuất
DX02S,DX02S150-4P3DT,Sản xuất
DX02S,DX02S150-3P3DT,Sản xuất
DX02S,DX02S150-6P3HD,Sản xuất
DX02S,DX02S150-5P3HD,Sản xuất
DX02S,DX02S150-4P3HD,Sản xuất
DX02S,DX02S150-3P3HD,Sản xuất
DX02S,DX02S150-6P3PT,Sản xuất
DX02S,DX02S150-5P3PT,Sản xuất
DX02S,DX02S150-4P3PT,Sản xuất
DX02S,DX02S150-3P3PT,Sản xuất
DX02S,DX02S150-6P3PD,Sản xuất
DX02S,DX02S150-5P3PD,Sản xuất
DX02S,DX02S150-4P3PD,Sản xuất
DX02S,DX02S150-3P3PD,Sản xuất
DX02S,DX02S150-6P3MT,Sản xuất
DX02S,DX02S150-5P3MT,Sản xuất
DX02S,DX02S150-4P3MT,Sản xuất
DX02S,DX02S150-3P3MT,Sản xuất
DX02S,DX02S150-6P3ID,Sản xuất
DX02S,DX02S150-5P3ID,Sản xuất
DX02S,DX02S150-4P3ID,Sản xuất
DX02S,DX02S150-3P3ID,Sản xuất
DX02S,DX02S200-6B3DN,Sản xuất
DX02S,DX02S200-5B3DN,Sản xuất
DX02S,DX02S200-4B3DN,Sản xuất
DX02S,DX02S200-3B3DN,Sản xuất
DX02S,DX02S200-6B3DT,Sản xuất
DX02S,DX02S200-5B3DT,Sản xuất
DX02S,DX02S200-4B3DT,Sản xuất
DX02S,DX02S200-3B3DT,Sản xuất
DX02S,DX02S200-6B3HD,Sản xuất
DX02S,DX02S200-5B3HD,Sản xuất
DX02S,DX02S200-4B3HD,Sản xuất
DX02S,DX02S200-3B3HD,Sản xuất
DX02S,DX02S200-6B3PT,Sản xuất
DX02S,DX02S200-5B3PT,Sản xuất
DX02S,DX02S200-4B3PT,Sản xuất
DX02S,DX02S200-3B3PT,Sản xuất
DX02S,DX02S200-6B3PD,Sản xuất
DX02S,DX02S200-5B3PD,Sản xuất
DX02S,DX02S200-4B3PD,Sản xuất
DX02S,DX02S200-3B3PD,Sản xuất
DX02S,DX02S200-6B3MT,Sản xuất
DX02S,DX02S200-5B3MT,Sản xuất
DX02S,DX02S200-4B3MT,Sản xuất
DX02S,DX02S200-3B3MT,Sản xuất
DX02S,DX02S200-6B3ID,Sản xuất
DX02S,DX02S200-5B3ID,Sản xuất
DX02S,DX02S200-4B3ID,Sản xuất
DX02S,DX02S200-3B3ID,Sản xuất
DX02S,DX02S200-6P3DN,Sản xuất
DX02S,DX02S200-5P3DN,Sản xuất
DX02S,DX02S200-4P3DN,Sản xuất
DX02S,DX02S200-3P3DN,Sản xuất
DX02S,DX02S200-6P3DT,Sản xuất
DX02S,DX02S200-5P3DT,Sản xuất
DX02S,DX02S200-4P3DT,Sản xuất
DX02S,DX02S200-3P3DT,Sản xuất
DX02S,DX02S200-6P3HD,Sản xuất
DX02S,DX02S200-5P3HD,Sản xuất
DX02S,DX02S200-4P3HD,Sản xuất
DX02S,DX02S200-3P3HD,Sản xuất
DX02S,DX02S200-6P3PT,Sản xuất
DX02S,DX02S200-5P3PT,Sản xuất
DX02S,DX02S200-4P3PT,Sản xuất
DX02S,DX02S200-3P3PT,Sản xuất
DX02S,DX02S200-6P3PD,Sản xuất
DX02S,DX02S200-5P3PD,Sản xuất
DX02S,DX02S200-4P3PD,Sản xuất
DX02S,DX02S200-3P3PD,Sản xuất
DX02S,DX02S200-6P3MT,Sản xuất
DX02S,DX02S200-5P3MT,Sản xuất
DX02S,DX02S200-4P3MT,Sản xuất
DX02S,DX02S200-3P3MT,Sản xuất
DX02S,DX02S200-6P3ID,Sản xuất
DX02S,DX02S200-5P3ID,Sản xuất
DX02S,DX02S200-4P3ID,Sản xuất
DX02S,DX02S200-3P3ID,Sản xuất
DPCCS,DPCCS200-6B3HN,Sản xuất
DPCCS,DPCCS200-5B3HN,Sản xuất
DPCCS,DPCCS200-4B3HN,Sản xuất
DPCCS,DPCCS200-3B3HN,Sản xuất
DPCCS,DPCCS200-6B3HT,Sản xuất
DPCCS,DPCCS200-5B3HT,Sản xuất
DPCCS,DPCCS200-4B3HT,Sản xuất
DPCCS,DPCCS200-3B3HT,Sản xuất
DPCCS,DPCCS200-6B3HD,Sản xuất
DPCCS,DPCCS200-5B3HD,Sản xuất
DPCCS,DPCCS200-4B3HD,Sản xuất
DPCCS,DPCCS200-3B3HD,Sản xuất
DPCCS,DPCCS200-6B3DN,Sản xuất
DPCCS,DPCCS200-5B3DN,Sản xuất
DPCCS,DPCCS200-4B3DN,Sản xuất
DPCCS,DPCCS200-3B3DN,Sản xuất
DPCCS,DPCCS200-6B3DT,Sản xuất
DPCCS,DPCCS200-5B3DT,Sản xuất
DPCCS,DPCCS200-4B3DT,Sản xuất
DPCCS,DPCCS200-3B3DT,Sản xuất
DPCCS,DPCCS200-6B3PT,Sản xuất
DPCCS,DPCCS200-5B3PT,Sản xuất
DPCCS,DPCCS200-4B3PT,Sản xuất
DPCCS,DPCCS200-3B3PT,Sản xuất
DPCCS,DPCCS200-6B3PD,Sản xuất
DPCCS,DPCCS200-5B3PD,Sản xuất
DPCCS,DPCCS200-4B3PD,Sản xuất
DPCCS,DPCCS200-3B3PD,Sản xuất
DPCCS,DPCCS200-6B3MT,Sản xuất
DPCCS,DPCCS200-5B3MT,Sản xuất
DPCCS,DPCCS200-4B3MT,Sản xuất
DPCCS,DPCCS200-3B3MT,Sản xuất
DPCCS,DPCCS200-6B3ID,Sản xuất
DPCCS,DPCCS200-5B3ID,Sản xuất
DPCCS,DPCCS200-4B3ID,Sản xuất
DPCCS,DPCCS200-3B3ID,Sản xuất
DPCCS,DPCCS200-6P3HN,Sản xuất
DPCCS,DPCCS200-5P3HN,Sản xuất
DPCCS,DPCCS200-4P3HN,Sản xuất
DPCCS,DPCCS200-3P3HN,Sản xuất
DPCCS,DPCCS200-6P3HT,Sản xuất
DPCCS,DPCCS200-5P3HT,Sản xuất
DPCCS,DPCCS200-4P3HT,Sản xuất
DPCCS,DPCCS200-3P3HT,Sản xuất
DPCCS,DPCCS200-6P3HD,Sản xuất
DPCCS,DPCCS200-5P3HD,Sản xuất
DPCCS,DPCCS200-4P3HD,Sản xuất
DPCCS,DPCCS200-3P3HD,Sản xuất
DPCCS,DPCCS200-6P3DN,Sản xuất
DPCCS,DPCCS200-5P3DN,Sản xuất
DPCCS,DPCCS200-4P3DN,Sản xuất
DPCCS,DPCCS200-3P3DN,Sản xuất
DPCCS,DPCCS200-6P3DT,Sản xuất
DPCCS,DPCCS200-5P3DT,Sản xuất
DPCCS,DPCCS200-4P3DT,Sản xuất
DPCCS,DPCCS200-3P3DT,Sản xuất
DPCCS,DPCCS200-6P3PT,Sản xuất
DPCCS,DPCCS200-5P3PT,Sản xuất
DPCCS,DPCCS200-4P3PT,Sản xuất
DPCCS,DPCCS200-3P3PT,Sản xuất
DPCCS,DPCCS200-6P3PD,Sản xuất
DPCCS,DPCCS200-5P3PD,Sản xuất
DPCCS,DPCCS200-4P3PD,Sản xuất
DPCCS,DPCCS200-3P3PD,Sản xuất
DPCCS,DPCCS200-6P3MT,Sản xuất
DPCCS,DPCCS200-5P3MT,Sản xuất
DPCCS,DPCCS200-4P3MT,Sản xuất
DPCCS,DPCCS200-3P3MT,Sản xuất
DPCCS,DPCCS200-6P3ID,Sản xuất
DPCCS,DPCCS200-5P3ID,Sản xuất
DPCCS,DPCCS200-4P3ID,Sản xuất
DPCCS,DPCCS200-3P3ID,Sản xuất
DPCCS,DPCCS250-6B3HN,Sản xuất
DPCCS,DPCCS250-5B3HN,Sản xuất
DPCCS,DPCCS250-4B3HN,Sản xuất
DPCCS,DPCCS250-3B3HN,Sản xuất
DPCCS,DPCCS250-6B3HT,Sản xuất
DPCCS,DPCCS250-5B3HT,Sản xuất
DPCCS,DPCCS250-4B3HT,Sản xuất
DPCCS,DPCCS250-3B3HT,Sản xuất
DPCCS,DPCCS250-6B3HD,Sản xuất
DPCCS,DPCCS250-5B3HD,Sản xuất
DPCCS,DPCCS250-4B3HD,Sản xuất
DPCCS,DPCCS250-3B3HD,Sản xuất
DPCCS,DPCCS250-6B3DN,Sản xuất
DPCCS,DPCCS250-5B3DN,Sản xuất
DPCCS,DPCCS250-4B3DN,Sản xuất
DPCCS,DPCCS250-3B3DN,Sản xuất
DPCCS,DPCCS250-6B3DT,Sản xuất
DPCCS,DPCCS250-5B3DT,Sản xuất
DPCCS,DPCCS250-4B3DT,Sản xuất
DPCCS,DPCCS250-3B3DT,Sản xuất
DPCCS,DPCCS250-6B3PT,Sản xuất
DPCCS,DPCCS250-5B3PT,Sản xuất
DPCCS,DPCCS250-4B3PT,Sản xuất
DPCCS,DPCCS250-3B3PT,Sản xuất
DPCCS,DPCCS250-6B3PD,Sản xuất
DPCCS,DPCCS250-5B3PD,Sản xuất
DPCCS,DPCCS250-4B3PD,Sản xuất
DPCCS,DPCCS250-3B3PD,Sản xuất
DPCCS,DPCCS250-6B3MT,Sản xuất
DPCCS,DPCCS250-5B3MT,Sản xuất
DPCCS,DPCCS250-4B3MT,Sản xuất
DPCCS,DPCCS250-3B3MT,Sản xuất
DPCCS,DPCCS250-6B3ID,Sản xuất
DPCCS,DPCCS250-5B3ID,Sản xuất
DPCCS,DPCCS250-4B3ID,Sản xuất
DPCCS,DPCCS250-3B3ID,Sản xuất
DPCCS,DPCCS250-6P3HN,Sản xuất
DPCCS,DPCCS250-5P3HN,Sản xuất
DPCCS,DPCCS250-4P3HN,Sản xuất
DPCCS,DPCCS250-3P3HN,Sản xuất
DPCCS,DPCCS250-6P3HT,Sản xuất
DPCCS,DPCCS250-5P3HT,Sản xuất
DPCCS,DPCCS250-4P3HT,Sản xuất
DPCCS,DPCCS250-3P3HT,Sản xuất
DPCCS,DPCCS250-6P3HD,Sản xuất
DPCCS,DPCCS250-5P3HD,Sản xuất
DPCCS,DPCCS250-4P3HD,Sản xuất
DPCCS,DPCCS250-3P3HD,Sản xuất
DPCCS,DPCCS250-6P3DN,Sản xuất
DPCCS,DPCCS250-5P3DN,Sản xuất
DPCCS,DPCCS250-4P3DN,Sản xuất
DPCCS,DPCCS250-3P3DN,Sản xuất
DPCCS,DPCCS250-6P3DT,Sản xuất
DPCCS,DPCCS250-5P3DT,Sản xuất
DPCCS,DPCCS250-4P3DT,Sản xuất
DPCCS,DPCCS250-3P3DT,Sản xuất
DPCCS,DPCCS250-6P3PT,Sản xuất
DPCCS,DPCCS250-5P3PT,Sản xuất
DPCCS,DPCCS250-4P3PT,Sản xuất
DPCCS,DPCCS250-3P3PT,Sản xuất
DPCCS,DPCCS250-6P3PD,Sản xuất
DPCCS,DPCCS250-5P3PD,Sản xuất
DPCCS,DPCCS250-4P3PD,Sản xuất
DPCCS,DPCCS250-3P3PD,Sản xuất
DPCCS,DPCCS250-6P3MT,Sản xuất
DPCCS,DPCCS250-5P3MT,Sản xuất
DPCCS,DPCCS250-4P3MT,Sản xuất
DPCCS,DPCCS250-3P3MT,Sản xuất
DPCCS,DPCCS250-6P3ID,Sản xuất
DPCCS,DPCCS250-5P3ID,Sản xuất
DPCCS,DPCCS250-4P3ID,Sản xuất
DPCCS,DPCCS250-3P3ID,Sản xuất
DPCCS,DPCCS300-6B3HN,Sản xuất
DPCCS,DPCCS300-5B3HN,Sản xuất
DPCCS,DPCCS300-4B3HN,Sản xuất
DPCCS,DPCCS300-3B3HN,Sản xuất
DPCCS,DPCCS300-6B3HT,Sản xuất
DPCCS,DPCCS300-5B3HT,Sản xuất
DPCCS,DPCCS300-4B3HT,Sản xuất
DPCCS,DPCCS300-3B3HT,Sản xuất
DPCCS,DPCCS300-6B3HD,Sản xuất
DPCCS,DPCCS300-5B3HD,Sản xuất
DPCCS,DPCCS300-4B3HD,Sản xuất
DPCCS,DPCCS300-3B3HD,Sản xuất
DPCCS,DPCCS300-6B3DN,Sản xuất
DPCCS,DPCCS300-5B3DN,Sản xuất
DPCCS,DPCCS300-4B3DN,Sản xuất
DPCCS,DPCCS300-3B3DN,Sản xuất
DPCCS,DPCCS300-6B3DT,Sản xuất
DPCCS,DPCCS300-5B3DT,Sản xuất
DPCCS,DPCCS300-4B3DT,Sản xuất
DPCCS,DPCCS300-3B3DT,Sản xuất
DPCCS,DPCCS300-6B3PT,Sản xuất
DPCCS,DPCCS300-5B3PT,Sản xuất
DPCCS,DPCCS300-4B3PT,Sản xuất
DPCCS,DPCCS300-3B3PT,Sản xuất
DPCCS,DPCCS300-6B3PD,Sản xuất
DPCCS,DPCCS300-5B3PD,Sản xuất
DPCCS,DPCCS300-4B3PD,Sản xuất
DPCCS,DPCCS300-3B3PD,Sản xuất
DPCCS,DPCCS300-6B3MT,Sản xuất
DPCCS,DPCCS300-5B3MT,Sản xuất
DPCCS,DPCCS300-4B3MT,Sản xuất
DPCCS,DPCCS300-3B3MT,Sản xuất
DPCCS,DPCCS300-6B3ID,Sản xuất
DPCCS,DPCCS300-5B3ID,Sản xuất
DPCCS,DPCCS300-4B3ID,Sản xuất
DPCCS,DPCCS300-3B3ID,Sản xuất
DPCCS,DPCCS300-6P3HN,Sản xuất
DPCCS,DPCCS300-5P3HN,Sản xuất
DPCCS,DPCCS300-4P3HN,Sản xuất
DPCCS,DPCCS300-3P3HN,Sản xuất
DPCCS,DPCCS300-6P3HT,Sản xuất
DPCCS,DPCCS300-5P3HT,Sản xuất
DPCCS,DPCCS300-4P3HT,Sản xuất
DPCCS,DPCCS300-3P3HT,Sản xuất
DPCCS,DPCCS300-6P3HD,Sản xuất
DPCCS,DPCCS300-5P3HD,Sản xuất
DPCCS,DPCCS300-4P3HD,Sản xuất
DPCCS,DPCCS300-3P3HD,Sản xuất
DPCCS,DPCCS300-6P3DN,Sản xuất
DPCCS,DPCCS300-5P3DN,Sản xuất
DPCCS,DPCCS300-4P3DN,Sản xuất
DPCCS,DPCCS300-3P3DN,Sản xuất
DPCCS,DPCCS300-6P3DT,Sản xuất
DPCCS,DPCCS300-5P3DT,Sản xuất
DPCCS,DPCCS300-4P3DT,Sản xuất
DPCCS,DPCCS300-3P3DT,Sản xuất
DPCCS,DPCCS300-6P3PT,Sản xuất
DPCCS,DPCCS300-5P3PT,Sản xuất
DPCCS,DPCCS300-4P3PT,Sản xuất
DPCCS,DPCCS300-3P3PT,Sản xuất
DPCCS,DPCCS300-6P3PD,Sản xuất
DPCCS,DPCCS300-5P3PD,Sản xuất
DPCCS,DPCCS300-4P3PD,Sản xuất
DPCCS,DPCCS300-3P3PD,Sản xuất
DPCCS,DPCCS300-6P3MT,Sản xuất
DPCCS,DPCCS300-5P3MT,Sản xuất
DPCCS,DPCCS300-4P3MT,Sản xuất
DPCCS,DPCCS300-3P3MT,Sản xuất
DPCCS,DPCCS300-6P3ID,Sản xuất
DPCCS,DPCCS300-5P3ID,Sản xuất
DPCCS,DPCCS300-4P3ID,Sản xuất
DPCCS,DPCCS300-3P3ID,Sản xuất
DPCCS,DPCCS400-6B3HN,Sản xuất
DPCCS,DPCCS400-5B3HN,Sản xuất
DPCCS,DPCCS400-4B3HN,Sản xuất
DPCCS,DPCCS400-3B3HN,Sản xuất
DPCCS,DPCCS400-6B3HT,Sản xuất
DPCCS,DPCCS400-5B3HT,Sản xuất
DPCCS,DPCCS400-4B3HT,Sản xuất
DPCCS,DPCCS400-3B3HT,Sản xuất
DPCCS,DPCCS400-6B3HD,Sản xuất
DPCCS,DPCCS400-5B3HD,Sản xuất
DPCCS,DPCCS400-4B3HD,Sản xuất
DPCCS,DPCCS400-3B3HD,Sản xuất
DPCCS,DPCCS400-6B3DN,Sản xuất
DPCCS,DPCCS400-5B3DN,Sản xuất
DPCCS,DPCCS400-4B3DN,Sản xuất
DPCCS,DPCCS400-3B3DN,Sản xuất
DPCCS,DPCCS400-6B3DT,Sản xuất
DPCCS,DPCCS400-5B3DT,Sản xuất
DPCCS,DPCCS400-4B3DT,Sản xuất
DPCCS,DPCCS400-3B3DT,Sản xuất
DPCCS,DPCCS400-6B3PT,Sản xuất
DPCCS,DPCCS400-5B3PT,Sản xuất
DPCCS,DPCCS400-4B3PT,Sản xuất
DPCCS,DPCCS400-3B3PT,Sản xuất
DPCCS,DPCCS400-6B3PD,Sản xuất
DPCCS,DPCCS400-5B3PD,Sản xuất
DPCCS,DPCCS400-4B3PD,Sản xuất
DPCCS,DPCCS400-3B3PD,Sản xuất
DPCCS,DPCCS400-6B3MT,Sản xuất
DPCCS,DPCCS400-5B3MT,Sản xuất
DPCCS,DPCCS400-4B3MT,Sản xuất
DPCCS,DPCCS400-3B3MT,Sản xuất
DPCCS,DPCCS400-6B3ID,Sản xuất
DPCCS,DPCCS400-5B3ID,Sản xuất
DPCCS,DPCCS400-4B3ID,Sản xuất
DPCCS,DPCCS400-3B3ID,Sản xuất
DPCCS,DPCCS400-6P3HN,Sản xuất
DPCCS,DPCCS400-5P3HN,Sản xuất
DPCCS,DPCCS400-4P3HN,Sản xuất
DPCCS,DPCCS400-3P3HN,Sản xuất
DPCCS,DPCCS400-6P3HT,Sản xuất
DPCCS,DPCCS400-5P3HT,Sản xuất
DPCCS,DPCCS400-4P3HT,Sản xuất
DPCCS,DPCCS400-3P3HT,Sản xuất
DPCCS,DPCCS400-6P3HD,Sản xuất
DPCCS,DPCCS400-5P3HD,Sản xuất
DPCCS,DPCCS400-4P3HD,Sản xuất
DPCCS,DPCCS400-3P3HD,Sản xuất
DPCCS,DPCCS400-6P3DN,Sản xuất
DPCCS,DPCCS400-5P3DN,Sản xuất
DPCCS,DPCCS400-4P3DN,Sản xuất
DPCCS,DPCCS400-3P3DN,Sản xuất
DPCCS,DPCCS400-6P3DT,Sản xuất
DPCCS,DPCCS400-5P3DT,Sản xuất
DPCCS,DPCCS400-4P3DT,Sản xuất
DPCCS,DPCCS400-3P3DT,Sản xuất
DPCCS,DPCCS400-6P3PT,Sản xuất
DPCCS,DPCCS400-5P3PT,Sản xuất
DPCCS,DPCCS400-4P3PT,Sản xuất
DPCCS,DPCCS400-3P3PT,Sản xuất
DPCCS,DPCCS400-6P3PD,Sản xuất
DPCCS,DPCCS400-5P3PD,Sản xuất
DPCCS,DPCCS400-4P3PD,Sản xuất
DPCCS,DPCCS400-3P3PD,Sản xuất
DPCCS,DPCCS400-6P3MT,Sản xuất
DPCCS,DPCCS400-5P3MT,Sản xuất
DPCCS,DPCCS400-4P3MT,Sản xuất
DPCCS,DPCCS400-3P3MT,Sản xuất
DPCCS,DPCCS400-6P3ID,Sản xuất
DPCCS,DPCCS400-5P3ID,Sản xuất
DPCCS,DPCCS400-4P3ID,Sản xuất
DPCCS,DPCCS400-3P3ID,Sản xuất
DPCCS,DPCCS500-6B3HN,Sản xuất
DPCCS,DPCCS500-5B3HN,Sản xuất
DPCCS,DPCCS500-4B3HN,Sản xuất
DPCCS,DPCCS500-3B3HN,Sản xuất
DPCCS,DPCCS500-6B3HT,Sản xuất
DPCCS,DPCCS500-5B3HT,Sản xuất
DPCCS,DPCCS500-4B3HT,Sản xuất
DPCCS,DPCCS500-3B3HT,Sản xuất
DPCCS,DPCCS500-6B3HD,Sản xuất
DPCCS,DPCCS500-5B3HD,Sản xuất
DPCCS,DPCCS500-4B3HD,Sản xuất
DPCCS,DPCCS500-3B3HD,Sản xuất
DPCCS,DPCCS500-6B3DN,Sản xuất
DPCCS,DPCCS500-5B3DN,Sản xuất
DPCCS,DPCCS500-4B3DN,Sản xuất
DPCCS,DPCCS500-3B3DN,Sản xuất
DPCCS,DPCCS500-6B3DT,Sản xuất
DPCCS,DPCCS500-5B3DT,Sản xuất
DPCCS,DPCCS500-4B3DT,Sản xuất
DPCCS,DPCCS500-3B3DT,Sản xuất
DPCCS,DPCCS500-6B3PT,Sản xuất
DPCCS,DPCCS500-5B3PT,Sản xuất
DPCCS,DPCCS500-4B3PT,Sản xuất
DPCCS,DPCCS500-3B3PT,Sản xuất
DPCCS,DPCCS500-6B3PD,Sản xuất
DPCCS,DPCCS500-5B3PD,Sản xuất
DPCCS,DPCCS500-4B3PD,Sản xuất
DPCCS,DPCCS500-3B3PD,Sản xuất
DPCCS,DPCCS500-6B3MT,Sản xuất
DPCCS,DPCCS500-5B3MT,Sản xuất
DPCCS,DPCCS500-4B3MT,Sản xuất
DPCCS,DPCCS500-3B3MT,Sản xuất
DPCCS,DPCCS500-6B3ID,Sản xuất
DPCCS,DPCCS500-5B3ID,Sản xuất
DPCCS,DPCCS500-4B3ID,Sản xuất
DPCCS,DPCCS500-3B3ID,Sản xuất
DPCCS,DPCCS500-6P3HN,Sản xuất
DPCCS,DPCCS500-5P3HN,Sản xuất
DPCCS,DPCCS500-4P3HN,Sản xuất
DPCCS,DPCCS500-3P3HN,Sản xuất
DPCCS,DPCCS500-6P3HT,Sản xuất
DPCCS,DPCCS500-5P3HT,Sản xuất
DPCCS,DPCCS500-4P3HT,Sản xuất
DPCCS,DPCCS500-3P3HT,Sản xuất
DPCCS,DPCCS500-6P3HD,Sản xuất
DPCCS,DPCCS500-5P3HD,Sản xuất
DPCCS,DPCCS500-4P3HD,Sản xuất
DPCCS,DPCCS500-3P3HD,Sản xuất
DPCCS,DPCCS500-6P3DN,Sản xuất
DPCCS,DPCCS500-5P3DN,Sản xuất
DPCCS,DPCCS500-4P3DN,Sản xuất
DPCCS,DPCCS500-3P3DN,Sản xuất
DPCCS,DPCCS500-6P3DT,Sản xuất
DPCCS,DPCCS500-5P3DT,Sản xuất
DPCCS,DPCCS500-4P3DT,Sản xuất
DPCCS,DPCCS500-3P3DT,Sản xuất
DPCCS,DPCCS500-6P3PT,Sản xuất
DPCCS,DPCCS500-5P3PT,Sản xuất
DPCCS,DPCCS500-4P3PT,Sản xuất
DPCCS,DPCCS500-3P3PT,Sản xuất
DPCCS,DPCCS500-6P3PD,Sản xuất
DPCCS,DPCCS500-5P3PD,Sản xuất
DPCCS,DPCCS500-4P3PD,Sản xuất
DPCCS,DPCCS500-3P3PD,Sản xuất
DPCCS,DPCCS500-6P3MT,Sản xuất
DPCCS,DPCCS500-5P3MT,Sản xuất
DPCCS,DPCCS500-4P3MT,Sản xuất
DPCCS,DPCCS500-3P3MT,Sản xuất
DPCCS,DPCCS500-6P3ID,Sản xuất
DPCCS,DPCCS500-5P3ID,Sản xuất
DPCCS,DPCCS500-4P3ID,Sản xuất
DPCCS,DPCCS500-3P3ID,Sản xuất
DPCCS,DPCCS600-6B3HN,Sản xuất
DPCCS,DPCCS600-5B3HN,Sản xuất
DPCCS,DPCCS600-4B3HN,Sản xuất
DPCCS,DPCCS600-3B3HN,Sản xuất
DPCCS,DPCCS600-6B3HT,Sản xuất
DPCCS,DPCCS600-5B3HT,Sản xuất
DPCCS,DPCCS600-4B3HT,Sản xuất
DPCCS,DPCCS600-3B3HT,Sản xuất
DPCCS,DPCCS600-6B3HD,Sản xuất
DPCCS,DPCCS600-5B3HD,Sản xuất
DPCCS,DPCCS600-4B3HD,Sản xuất
DPCCS,DPCCS600-3B3HD,Sản xuất
DPCCS,DPCCS600-6B3DN,Sản xuất
DPCCS,DPCCS600-5B3DN,Sản xuất
DPCCS,DPCCS600-4B3DN,Sản xuất
DPCCS,DPCCS600-3B3DN,Sản xuất
DPCCS,DPCCS600-6B3DT,Sản xuất
DPCCS,DPCCS600-5B3DT,Sản xuất
DPCCS,DPCCS600-4B3DT,Sản xuất
DPCCS,DPCCS600-3B3DT,Sản xuất
DPCCS,DPCCS600-6B3PT,Sản xuất
DPCCS,DPCCS600-5B3PT,Sản xuất
DPCCS,DPCCS600-4B3PT,Sản xuất
DPCCS,DPCCS600-3B3PT,Sản xuất
DPCCS,DPCCS600-6B3PD,Sản xuất
DPCCS,DPCCS600-5B3PD,Sản xuất
DPCCS,DPCCS600-4B3PD,Sản xuất
DPCCS,DPCCS600-3B3PD,Sản xuất
DPCCS,DPCCS600-6B3MT,Sản xuất
DPCCS,DPCCS600-5B3MT,Sản xuất
DPCCS,DPCCS600-4B3MT,Sản xuất
DPCCS,DPCCS600-3B3MT,Sản xuất
DPCCS,DPCCS600-6B3ID,Sản xuất
DPCCS,DPCCS600-5B3ID,Sản xuất
DPCCS,DPCCS600-4B3ID,Sản xuất
DPCCS,DPCCS600-3B3ID,Sản xuất
DPCCS,DPCCS600-6P3HN,Sản xuất
DPCCS,DPCCS600-5P3HN,Sản xuất
DPCCS,DPCCS600-4P3HN,Sản xuất
DPCCS,DPCCS600-3P3HN,Sản xuất
DPCCS,DPCCS600-6P3HT,Sản xuất
DPCCS,DPCCS600-5P3HT,Sản xuất
DPCCS,DPCCS600-4P3HT,Sản xuất
DPCCS,DPCCS600-3P3HT,Sản xuất
DPCCS,DPCCS600-6P3HD,Sản xuất
DPCCS,DPCCS600-5P3HD,Sản xuất
DPCCS,DPCCS600-4P3HD,Sản xuất
DPCCS,DPCCS600-3P3HD,Sản xuất
DPCCS,DPCCS600-6P3DN,Sản xuất
DPCCS,DPCCS600-5P3DN,Sản xuất
DPCCS,DPCCS600-4P3DN,Sản xuất
DPCCS,DPCCS600-3P3DN,Sản xuất
DPCCS,DPCCS600-6P3DT,Sản xuất
DPCCS,DPCCS600-5P3DT,Sản xuất
DPCCS,DPCCS600-4P3DT,Sản xuất
DPCCS,DPCCS600-3P3DT,Sản xuất
DPCCS,DPCCS600-6P3PT,Sản xuất
DPCCS,DPCCS600-5P3PT,Sản xuất
DPCCS,DPCCS600-4P3PT,Sản xuất
DPCCS,DPCCS600-3P3PT,Sản xuất
DPCCS,DPCCS600-6P3PD,Sản xuất
DPCCS,DPCCS600-5P3PD,Sản xuất
DPCCS,DPCCS600-4P3PD,Sản xuất
DPCCS,DPCCS600-3P3PD,Sản xuất
DPCCS,DPCCS600-6P3MT,Sản xuất
DPCCS,DPCCS600-5P3MT,Sản xuất
DPCCS,DPCCS600-4P3MT,Sản xuất
DPCCS,DPCCS600-3P3MT,Sản xuất
DPCCS,DPCCS600-6P3ID,Sản xuất
DPCCS,DPCCS600-5P3ID,Sản xuất
DPCCS,DPCCS600-4P3ID,Sản xuất
DPCCS,DPCCS600-3P3ID,Sản xuất
DPCCS,DPCCS800-6B3HN,Sản xuất
DPCCS,DPCCS800-5B3HN,Sản xuất
DPCCS,DPCCS800-4B3HN,Sản xuất
DPCCS,DPCCS800-3B3HN,Sản xuất
DPCCS,DPCCS800-6B3HT,Sản xuất
DPCCS,DPCCS800-5B3HT,Sản xuất
DPCCS,DPCCS800-4B3HT,Sản xuất
DPCCS,DPCCS800-3B3HT,Sản xuất
DPCCS,DPCCS800-6B3HD,Sản xuất
DPCCS,DPCCS800-5B3HD,Sản xuất
DPCCS,DPCCS800-4B3HD,Sản xuất
DPCCS,DPCCS800-3B3HD,Sản xuất
DPCCS,DPCCS800-6B3DN,Sản xuất
DPCCS,DPCCS800-5B3DN,Sản xuất
DPCCS,DPCCS800-4B3DN,Sản xuất
DPCCS,DPCCS800-3B3DN,Sản xuất
DPCCS,DPCCS800-6B3DT,Sản xuất
DPCCS,DPCCS800-5B3DT,Sản xuất
DPCCS,DPCCS800-4B3DT,Sản xuất
DPCCS,DPCCS800-3B3DT,Sản xuất
DPCCS,DPCCS800-6B3PT,Sản xuất
DPCCS,DPCCS800-5B3PT,Sản xuất
DPCCS,DPCCS800-4B3PT,Sản xuất
DPCCS,DPCCS800-3B3PT,Sản xuất
DPCCS,DPCCS800-6B3PD,Sản xuất
DPCCS,DPCCS800-5B3PD,Sản xuất
DPCCS,DPCCS800-4B3PD,Sản xuất
DPCCS,DPCCS800-3B3PD,Sản xuất
DPCCS,DPCCS800-6B3MT,Sản xuất
DPCCS,DPCCS800-5B3MT,Sản xuất
DPCCS,DPCCS800-4B3MT,Sản xuất
DPCCS,DPCCS800-3B3MT,Sản xuất
DPCCS,DPCCS800-6B3ID,Sản xuất
DPCCS,DPCCS800-5B3ID,Sản xuất
DPCCS,DPCCS800-4B3ID,Sản xuất
DPCCS,DPCCS800-3B3ID,Sản xuất
DPCCS,DPCCS800-6P3HN,Sản xuất
DPCCS,DPCCS800-5P3HN,Sản xuất
DPCCS,DPCCS800-4P3HN,Sản xuất
DPCCS,DPCCS800-3P3HN,Sản xuất
DPCCS,DPCCS800-6P3HT,Sản xuất
DPCCS,DPCCS800-5P3HT,Sản xuất
DPCCS,DPCCS800-4P3HT,Sản xuất
DPCCS,DPCCS800-3P3HT,Sản xuất
DPCCS,DPCCS800-6P3HD,Sản xuất
DPCCS,DPCCS800-5P3HD,Sản xuất
DPCCS,DPCCS800-4P3HD,Sản xuất
DPCCS,DPCCS800-3P3HD,Sản xuất
DPCCS,DPCCS800-6P3DN,Sản xuất
DPCCS,DPCCS800-5P3DN,Sản xuất
DPCCS,DPCCS800-4P3DN,Sản xuất
DPCCS,DPCCS800-3P3DN,Sản xuất
DPCCS,DPCCS800-6P3DT,Sản xuất
DPCCS,DPCCS800-5P3DT,Sản xuất
DPCCS,DPCCS800-4P3DT,Sản xuất
DPCCS,DPCCS800-3P3DT,Sản xuất
DPCCS,DPCCS800-6P3PT,Sản xuất
DPCCS,DPCCS800-5P3PT,Sản xuất
DPCCS,DPCCS800-4P3PT,Sản xuất
DPCCS,DPCCS800-3P3PT,Sản xuất
DPCCS,DPCCS800-6P3PD,Sản xuất
DPCCS,DPCCS800-5P3PD,Sản xuất
DPCCS,DPCCS800-4P3PD,Sản xuất
DPCCS,DPCCS800-3P3PD,Sản xuất
DPCCS,DPCCS800-6P3MT,Sản xuất
DPCCS,DPCCS800-5P3MT,Sản xuất
DPCCS,DPCCS800-4P3MT,Sản xuất
DPCCS,DPCCS800-3P3MT,Sản xuất
DPCCS,DPCCS800-6P3ID,Sản xuất
DPCCS,DPCCS800-5P3ID,Sản xuất
DPCCS,DPCCS800-4P3ID,Sản xuất
DPCCS,DPCCS800-3P3ID,Sản xuất
DPCCS,DPCCS1K0-6B3HN,Sản xuất
DPCCS,DPCCS1K0-5B3HN,Sản xuất
DPCCS,DPCCS1K0-4B3HN,Sản xuất
DPCCS,DPCCS1K0-3B3HN,Sản xuất
DPCCS,DPCCS1K0-6B3HT,Sản xuất
DPCCS,DPCCS1K0-5B3HT,Sản xuất
DPCCS,DPCCS1K0-4B3HT,Sản xuất
DPCCS,DPCCS1K0-3B3HT,Sản xuất
DPCCS,DPCCS1K0-6B3HD,Sản xuất
DPCCS,DPCCS1K0-5B3HD,Sản xuất
DPCCS,DPCCS1K0-4B3HD,Sản xuất
DPCCS,DPCCS1K0-3B3HD,Sản xuất
DPCCS,DPCCS1K0-6B3DN,Sản xuất
DPCCS,DPCCS1K0-5B3DN,Sản xuất
DPCCS,DPCCS1K0-4B3DN,Sản xuất
DPCCS,DPCCS1K0-3B3DN,Sản xuất
DPCCS,DPCCS1K0-6B3DT,Sản xuất
DPCCS,DPCCS1K0-5B3DT,Sản xuất
DPCCS,DPCCS1K0-4B3DT,Sản xuất
DPCCS,DPCCS1K0-3B3DT,Sản xuất
DPCCS,DPCCS1K0-6B3PT,Sản xuất
DPCCS,DPCCS1K0-5B3PT,Sản xuất
DPCCS,DPCCS1K0-4B3PT,Sản xuất
DPCCS,DPCCS1K0-3B3PT,Sản xuất
DPCCS,DPCCS1K0-6B3PD,Sản xuất
DPCCS,DPCCS1K0-5B3PD,Sản xuất
DPCCS,DPCCS1K0-4B3PD,Sản xuất
DPCCS,DPCCS1K0-3B3PD,Sản xuất
DPCCS,DPCCS1K0-6B3MT,Sản xuất
DPCCS,DPCCS1K0-5B3MT,Sản xuất
DPCCS,DPCCS1K0-4B3MT,Sản xuất
DPCCS,DPCCS1K0-3B3MT,Sản xuất
DPCCS,DPCCS1K0-6B3ID,Sản xuất
DPCCS,DPCCS1K0-5B3ID,Sản xuất
DPCCS,DPCCS1K0-4B3ID,Sản xuất
DPCCS,DPCCS1K0-3B3ID,Sản xuất
DPCCS,DPCCS1K0-6P3HN,Sản xuất
DPCCS,DPCCS1K0-5P3HN,Sản xuất
DPCCS,DPCCS1K0-4P3HN,Sản xuất
DPCCS,DPCCS1K0-3P3HN,Sản xuất
DPCCS,DPCCS1K0-6P3HT,Sản xuất
DPCCS,DPCCS1K0-5P3HT,Sản xuất
DPCCS,DPCCS1K0-4P3HT,Sản xuất
DPCCS,DPCCS1K0-3P3HT,Sản xuất
DPCCS,DPCCS1K0-6P3HD,Sản xuất
DPCCS,DPCCS1K0-5P3HD,Sản xuất
DPCCS,DPCCS1K0-4P3HD,Sản xuất
DPCCS,DPCCS1K0-3P3HD,Sản xuất
DPCCS,DPCCS1K0-6P3DN,Sản xuất
DPCCS,DPCCS1K0-5P3DN,Sản xuất
DPCCS,DPCCS1K0-4P3DN,Sản xuất
DPCCS,DPCCS1K0-3P3DN,Sản xuất
DPCCS,DPCCS1K0-6P3DT,Sản xuất
DPCCS,DPCCS1K0-5P3DT,Sản xuất
DPCCS,DPCCS1K0-4P3DT,Sản xuất
DPCCS,DPCCS1K0-3P3DT,Sản xuất
DPCCS,DPCCS1K0-6P3PT,Sản xuất
DPCCS,DPCCS1K0-5P3PT,Sản xuất
DPCCS,DPCCS1K0-4P3PT,Sản xuất
DPCCS,DPCCS1K0-3P3PT,Sản xuất
DPCCS,DPCCS1K0-6P3PD,Sản xuất
DPCCS,DPCCS1K0-5P3PD,Sản xuất
DPCCS,DPCCS1K0-4P3PD,Sản xuất
DPCCS,DPCCS1K0-3P3PD,Sản xuất
DPCCS,DPCCS1K0-6P3MT,Sản xuất
DPCCS,DPCCS1K0-5P3MT,Sản xuất
DPCCS,DPCCS1K0-4P3MT,Sản xuất
DPCCS,DPCCS1K0-3P3MT,Sản xuất
DPCCS,DPCCS1K0-6P3ID,Sản xuất
DPCCS,DPCCS1K0-5P3ID,Sản xuất
DPCCS,DPCCS1K0-4P3ID,Sản xuất
DPCCS,DPCCS1K0-3P3ID,Sản xuất
DPCTS,DPCTS200-6B3HT,Sản xuất
DPCTS,DPCTS200-5B3HT,Sản xuất
DPCTS,DPCTS200-4B3HT,Sản xuất
DPCTS,DPCTS200-3B3HT,Sản xuất
DPCTS,DPCTS200-6B3HD,Sản xuất
DPCTS,DPCTS200-5B3HD,Sản xuất
DPCTS,DPCTS200-4B3HD,Sản xuất
DPCTS,DPCTS200-3B3HD,Sản xuất
DPCTS,DPCTS200-6B3DT,Sản xuất
DPCTS,DPCTS200-5B3DT,Sản xuất
DPCTS,DPCTS200-4B3DT,Sản xuất
DPCTS,DPCTS200-3B3DT,Sản xuất
DPCTS,DPCTS200-6B3PT,Sản xuất
DPCTS,DPCTS200-5B3PT,Sản xuất
DPCTS,DPCTS200-4B3PT,Sản xuất
DPCTS,DPCTS200-3B3PT,Sản xuất
DPCTS,DPCTS200-6B3PD,Sản xuất
DPCTS,DPCTS200-5B3PD,Sản xuất
DPCTS,DPCTS200-4B3PD,Sản xuất
DPCTS,DPCTS200-3B3PD,Sản xuất
DPCTS,DPCTS200-6B3MT,Sản xuất
DPCTS,DPCTS200-5B3MT,Sản xuất
DPCTS,DPCTS200-4B3MT,Sản xuất
DPCTS,DPCTS200-3B3MT,Sản xuất
DPCTS,DPCTS200-6B3ID,Sản xuất
DPCTS,DPCTS200-5B3ID,Sản xuất
DPCTS,DPCTS200-4B3ID,Sản xuất
DPCTS,DPCTS200-3B3ID,Sản xuất
DPCTS,DPCTS200-6P3HT,Sản xuất
DPCTS,DPCTS200-5P3HT,Sản xuất
DPCTS,DPCTS200-4P3HT,Sản xuất
DPCTS,DPCTS200-3P3HT,Sản xuất
DPCTS,DPCTS200-6P3HD,Sản xuất
DPCTS,DPCTS200-5P3HD,Sản xuất
DPCTS,DPCTS200-4P3HD,Sản xuất
DPCTS,DPCTS200-3P3HD,Sản xuất
DPCTS,DPCTS200-6P3DT,Sản xuất
DPCTS,DPCTS200-5P3DT,Sản xuất
DPCTS,DPCTS200-4P3DT,Sản xuất
DPCTS,DPCTS200-3P3DT,Sản xuất
DPCTS,DPCTS200-6P3PT,Sản xuất
DPCTS,DPCTS200-5P3PT,Sản xuất
DPCTS,DPCTS200-4P3PT,Sản xuất
DPCTS,DPCTS200-3P3PT,Sản xuất
DPCTS,DPCTS200-6P3PD,Sản xuất
DPCTS,DPCTS200-5P3PD,Sản xuất
DPCTS,DPCTS200-4P3PD,Sản xuất
DPCTS,DPCTS200-3P3PD,Sản xuất
DPCTS,DPCTS200-6P3MT,Sản xuất
DPCTS,DPCTS200-5P3MT,Sản xuất
DPCTS,DPCTS200-4P3MT,Sản xuất
DPCTS,DPCTS200-3P3MT,Sản xuất
DPCTS,DPCTS200-6P3ID,Sản xuất
DPCTS,DPCTS200-5P3ID,Sản xuất
DPCTS,DPCTS200-4P3ID,Sản xuất
DPCTS,DPCTS200-3P3ID,Sản xuất
DPCTS,DPCTS250-6B3HT,Sản xuất
DPCTS,DPCTS250-5B3HT,Sản xuất
DPCTS,DPCTS250-4B3HT,Sản xuất
DPCTS,DPCTS250-3B3HT,Sản xuất
DPCTS,DPCTS250-6B3HD,Sản xuất
DPCTS,DPCTS250-5B3HD,Sản xuất
DPCTS,DPCTS250-4B3HD,Sản xuất
DPCTS,DPCTS250-3B3HD,Sản xuất
DPCTS,DPCTS250-6B3DT,Sản xuất
DPCTS,DPCTS250-5B3DT,Sản xuất
DPCTS,DPCTS250-4B3DT,Sản xuất
DPCTS,DPCTS250-3B3DT,Sản xuất
DPCTS,DPCTS250-6B3PT,Sản xuất
DPCTS,DPCTS250-5B3PT,Sản xuất
DPCTS,DPCTS250-4B3PT,Sản xuất
DPCTS,DPCTS250-3B3PT,Sản xuất
DPCTS,DPCTS250-6B3PD,Sản xuất
DPCTS,DPCTS250-5B3PD,Sản xuất
DPCTS,DPCTS250-4B3PD,Sản xuất
DPCTS,DPCTS250-3B3PD,Sản xuất
DPCTS,DPCTS250-6B3MT,Sản xuất
DPCTS,DPCTS250-5B3MT,Sản xuất
DPCTS,DPCTS250-4B3MT,Sản xuất
DPCTS,DPCTS250-3B3MT,Sản xuất
DPCTS,DPCTS250-6B3ID,Sản xuất
DPCTS,DPCTS250-5B3ID,Sản xuất
DPCTS,DPCTS250-4B3ID,Sản xuất
DPCTS,DPCTS250-3B3ID,Sản xuất
DPCTS,DPCTS250-6P3HT,Sản xuất
DPCTS,DPCTS250-5P3HT,Sản xuất
DPCTS,DPCTS250-4P3HT,Sản xuất
DPCTS,DPCTS250-3P3HT,Sản xuất
DPCTS,DPCTS250-6P3HD,Sản xuất
DPCTS,DPCTS250-5P3HD,Sản xuất
DPCTS,DPCTS250-4P3HD,Sản xuất
DPCTS,DPCTS250-3P3HD,Sản xuất
DPCTS,DPCTS250-6P3DT,Sản xuất
DPCTS,DPCTS250-5P3DT,Sản xuất
DPCTS,DPCTS250-4P3DT,Sản xuất
DPCTS,DPCTS250-3P3DT,Sản xuất
DPCTS,DPCTS250-6P3PT,Sản xuất
DPCTS,DPCTS250-5P3PT,Sản xuất
DPCTS,DPCTS250-4P3PT,Sản xuất
DPCTS,DPCTS250-3P3PT,Sản xuất
DPCTS,DPCTS250-6P3PD,Sản xuất
DPCTS,DPCTS250-5P3PD,Sản xuất
DPCTS,DPCTS250-4P3PD,Sản xuất
DPCTS,DPCTS250-3P3PD,Sản xuất
DPCTS,DPCTS250-6P3MT,Sản xuất
DPCTS,DPCTS250-5P3MT,Sản xuất
DPCTS,DPCTS250-4P3MT,Sản xuất
DPCTS,DPCTS250-3P3MT,Sản xuất
DPCTS,DPCTS250-6P3ID,Sản xuất
DPCTS,DPCTS250-5P3ID,Sản xuất
DPCTS,DPCTS250-4P3ID,Sản xuất
DPCTS,DPCTS250-3P3ID,Sản xuất
DPCTS,DPCTS300-6B3HT,Sản xuất
DPCTS,DPCTS300-5B3HT,Sản xuất
DPCTS,DPCTS300-4B3HT,Sản xuất
DPCTS,DPCTS300-3B3HT,Sản xuất
DPCTS,DPCTS300-6B3HD,Sản xuất
DPCTS,DPCTS300-5B3HD,Sản xuất
DPCTS,DPCTS300-4B3HD,Sản xuất
DPCTS,DPCTS300-3B3HD,Sản xuất
DPCTS,DPCTS300-6B3DT,Sản xuất
DPCTS,DPCTS300-5B3DT,Sản xuất
DPCTS,DPCTS300-4B3DT,Sản xuất
DPCTS,DPCTS300-3B3DT,Sản xuất
DPCTS,DPCTS300-6B3PT,Sản xuất
DPCTS,DPCTS300-5B3PT,Sản xuất
DPCTS,DPCTS300-4B3PT,Sản xuất
DPCTS,DPCTS300-3B3PT,Sản xuất
DPCTS,DPCTS300-6B3PD,Sản xuất
DPCTS,DPCTS300-5B3PD,Sản xuất
DPCTS,DPCTS300-4B3PD,Sản xuất
DPCTS,DPCTS300-3B3PD,Sản xuất
DPCTS,DPCTS300-6B3MT,Sản xuất
DPCTS,DPCTS300-5B3MT,Sản xuất
DPCTS,DPCTS300-4B3MT,Sản xuất
DPCTS,DPCTS300-3B3MT,Sản xuất
DPCTS,DPCTS300-6B3ID,Sản xuất
DPCTS,DPCTS300-5B3ID,Sản xuất
DPCTS,DPCTS300-4B3ID,Sản xuất
DPCTS,DPCTS300-3B3ID,Sản xuất
DPCTS,DPCTS300-6P3HT,Sản xuất
DPCTS,DPCTS300-5P3HT,Sản xuất
DPCTS,DPCTS300-4P3HT,Sản xuất
DPCTS,DPCTS300-3P3HT,Sản xuất
DPCTS,DPCTS300-6P3HD,Sản xuất
DPCTS,DPCTS300-5P3HD,Sản xuất
DPCTS,DPCTS300-4P3HD,Sản xuất
DPCTS,DPCTS300-3P3HD,Sản xuất
DPCTS,DPCTS300-6P3DT,Sản xuất
DPCTS,DPCTS300-5P3DT,Sản xuất
DPCTS,DPCTS300-4P3DT,Sản xuất
DPCTS,DPCTS300-3P3DT,Sản xuất
DPCTS,DPCTS300-6P3PT,Sản xuất
DPCTS,DPCTS300-5P3PT,Sản xuất
DPCTS,DPCTS300-4P3PT,Sản xuất
DPCTS,DPCTS300-3P3PT,Sản xuất
DPCTS,DPCTS300-6P3PD,Sản xuất
DPCTS,DPCTS300-5P3PD,Sản xuất
DPCTS,DPCTS300-4P3PD,Sản xuất
DPCTS,DPCTS300-3P3PD,Sản xuất
DPCTS,DPCTS300-6P3MT,Sản xuất
DPCTS,DPCTS300-5P3MT,Sản xuất
DPCTS,DPCTS300-4P3MT,Sản xuất
DPCTS,DPCTS300-3P3MT,Sản xuất
DPCTS,DPCTS300-6P3ID,Sản xuất
DPCTS,DPCTS300-5P3ID,Sản xuất
DPCTS,DPCTS300-4P3ID,Sản xuất
DPCTS,DPCTS300-3P3ID,Sản xuất
DPCTS,DPCTS400-6B3HT,Sản xuất
DPCTS,DPCTS400-5B3HT,Sản xuất
DPCTS,DPCTS400-4B3HT,Sản xuất
DPCTS,DPCTS400-3B3HT,Sản xuất
DPCTS,DPCTS400-6B3HD,Sản xuất
DPCTS,DPCTS400-5B3HD,Sản xuất
DPCTS,DPCTS400-4B3HD,Sản xuất
DPCTS,DPCTS400-3B3HD,Sản xuất
DPCTS,DPCTS400-6B3DT,Sản xuất
DPCTS,DPCTS400-5B3DT,Sản xuất
DPCTS,DPCTS400-4B3DT,Sản xuất
DPCTS,DPCTS400-3B3DT,Sản xuất
DPCTS,DPCTS400-6B3PT,Sản xuất
DPCTS,DPCTS400-5B3PT,Sản xuất
DPCTS,DPCTS400-4B3PT,Sản xuất
DPCTS,DPCTS400-3B3PT,Sản xuất
DPCTS,DPCTS400-6B3PD,Sản xuất
DPCTS,DPCTS400-5B3PD,Sản xuất
DPCTS,DPCTS400-4B3PD,Sản xuất
DPCTS,DPCTS400-3B3PD,Sản xuất
DPCTS,DPCTS400-6B3MT,Sản xuất
DPCTS,DPCTS400-5B3MT,Sản xuất
DPCTS,DPCTS400-4B3MT,Sản xuất
DPCTS,DPCTS400-3B3MT,Sản xuất
DPCTS,DPCTS400-6B3ID,Sản xuất
DPCTS,DPCTS400-5B3ID,Sản xuất
DPCTS,DPCTS400-4B3ID,Sản xuất
DPCTS,DPCTS400-3B3ID,Sản xuất
DPCTS,DPCTS400-6P3HT,Sản xuất
DPCTS,DPCTS400-5P3HT,Sản xuất
DPCTS,DPCTS400-4P3HT,Sản xuất
DPCTS,DPCTS400-3P3HT,Sản xuất
DPCTS,DPCTS400-6P3HD,Sản xuất
DPCTS,DPCTS400-5P3HD,Sản xuất
DPCTS,DPCTS400-4P3HD,Sản xuất
DPCTS,DPCTS400-3P3HD,Sản xuất
DPCTS,DPCTS400-6P3DT,Sản xuất
DPCTS,DPCTS400-5P3DT,Sản xuất
DPCTS,DPCTS400-4P3DT,Sản xuất
DPCTS,DPCTS400-3P3DT,Sản xuất
DPCTS,DPCTS400-6P3PT,Sản xuất
DPCTS,DPCTS400-5P3PT,Sản xuất
DPCTS,DPCTS400-4P3PT,Sản xuất
DPCTS,DPCTS400-3P3PT,Sản xuất
DPCTS,DPCTS400-6P3PD,Sản xuất
DPCTS,DPCTS400-5P3PD,Sản xuất
DPCTS,DPCTS400-4P3PD,Sản xuất
DPCTS,DPCTS400-3P3PD,Sản xuất
DPCTS,DPCTS400-6P3MT,Sản xuất
DPCTS,DPCTS400-5P3MT,Sản xuất
DPCTS,DPCTS400-4P3MT,Sản xuất
DPCTS,DPCTS400-3P3MT,Sản xuất
DPCTS,DPCTS400-6P3ID,Sản xuất
DPCTS,DPCTS400-5P3ID,Sản xuất
DPCTS,DPCTS400-4P3ID,Sản xuất
DPCTS,DPCTS400-3P3ID,Sản xuất
DPCTS,DPCTS500-6B3HT,Sản xuất
DPCTS,DPCTS500-5B3HT,Sản xuất
DPCTS,DPCTS500-4B3HT,Sản xuất
DPCTS,DPCTS500-3B3HT,Sản xuất
DPCTS,DPCTS500-6B3HD,Sản xuất
DPCTS,DPCTS500-5B3HD,Sản xuất
DPCTS,DPCTS500-4B3HD,Sản xuất
DPCTS,DPCTS500-3B3HD,Sản xuất
DPCTS,DPCTS500-6B3DT,Sản xuất
DPCTS,DPCTS500-5B3DT,Sản xuất
DPCTS,DPCTS500-4B3DT,Sản xuất
DPCTS,DPCTS500-3B3DT,Sản xuất
DPCTS,DPCTS500-6B3PT,Sản xuất
DPCTS,DPCTS500-5B3PT,Sản xuất
DPCTS,DPCTS500-4B3PT,Sản xuất
DPCTS,DPCTS500-3B3PT,Sản xuất
DPCTS,DPCTS500-6B3PD,Sản xuất
DPCTS,DPCTS500-5B3PD,Sản xuất
DPCTS,DPCTS500-4B3PD,Sản xuất
DPCTS,DPCTS500-3B3PD,Sản xuất
DPCTS,DPCTS500-6B3MT,Sản xuất
DPCTS,DPCTS500-5B3MT,Sản xuất
DPCTS,DPCTS500-4B3MT,Sản xuất
DPCTS,DPCTS500-3B3MT,Sản xuất
DPCTS,DPCTS500-6B3ID,Sản xuất
DPCTS,DPCTS500-5B3ID,Sản xuất
DPCTS,DPCTS500-4B3ID,Sản xuất
DPCTS,DPCTS500-3B3ID,Sản xuất
DPCTS,DPCTS500-6P3HT,Sản xuất
DPCTS,DPCTS500-5P3HT,Sản xuất
DPCTS,DPCTS500-4P3HT,Sản xuất
DPCTS,DPCTS500-3P3HT,Sản xuất
DPCTS,DPCTS500-6P3HD,Sản xuất
DPCTS,DPCTS500-5P3HD,Sản xuất
DPCTS,DPCTS500-4P3HD,Sản xuất
DPCTS,DPCTS500-3P3HD,Sản xuất
DPCTS,DPCTS500-6P3DT,Sản xuất
DPCTS,DPCTS500-5P3DT,Sản xuất
DPCTS,DPCTS500-4P3DT,Sản xuất
DPCTS,DPCTS500-3P3DT,Sản xuất
DPCTS,DPCTS500-6P3PT,Sản xuất
DPCTS,DPCTS500-5P3PT,Sản xuất
DPCTS,DPCTS500-4P3PT,Sản xuất
DPCTS,DPCTS500-3P3PT,Sản xuất
DPCTS,DPCTS500-6P3PD,Sản xuất
DPCTS,DPCTS500-5P3PD,Sản xuất
DPCTS,DPCTS500-4P3PD,Sản xuất
DPCTS,DPCTS500-3P3PD,Sản xuất
DPCTS,DPCTS500-6P3MT,Sản xuất
DPCTS,DPCTS500-5P3MT,Sản xuất
DPCTS,DPCTS500-4P3MT,Sản xuất
DPCTS,DPCTS500-3P3MT,Sản xuất
DPCTS,DPCTS500-6P3ID,Sản xuất
DPCTS,DPCTS500-5P3ID,Sản xuất
DPCTS,DPCTS500-4P3ID,Sản xuất
DPCTS,DPCTS500-3P3ID,Sản xuất
DPCTS,DPCTS600-6B3HT,Sản xuất
DPCTS,DPCTS600-5B3HT,Sản xuất
DPCTS,DPCTS600-4B3HT,Sản xuất
DPCTS,DPCTS600-3B3HT,Sản xuất
DPCTS,DPCTS600-6B3HD,Sản xuất
DPCTS,DPCTS600-5B3HD,Sản xuất
DPCTS,DPCTS600-4B3HD,Sản xuất
DPCTS,DPCTS600-3B3HD,Sản xuất
DPCTS,DPCTS600-6B3DT,Sản xuất
DPCTS,DPCTS600-5B3DT,Sản xuất
DPCTS,DPCTS600-4B3DT,Sản xuất
DPCTS,DPCTS600-3B3DT,Sản xuất
DPCTS,DPCTS600-6B3PT,Sản xuất
DPCTS,DPCTS600-5B3PT,Sản xuất
DPCTS,DPCTS600-4B3PT,Sản xuất
DPCTS,DPCTS600-3B3PT,Sản xuất
DPCTS,DPCTS600-6B3PD,Sản xuất
DPCTS,DPCTS600-5B3PD,Sản xuất
DPCTS,DPCTS600-4B3PD,Sản xuất
DPCTS,DPCTS600-3B3PD,Sản xuất
DPCTS,DPCTS600-6B3MT,Sản xuất
DPCTS,DPCTS600-5B3MT,Sản xuất
DPCTS,DPCTS600-4B3MT,Sản xuất
DPCTS,DPCTS600-3B3MT,Sản xuất
DPCTS,DPCTS600-6B3ID,Sản xuất
DPCTS,DPCTS600-5B3ID,Sản xuất
DPCTS,DPCTS600-4B3ID,Sản xuất
DPCTS,DPCTS600-3B3ID,Sản xuất
DPCTS,DPCTS600-6P3HT,Sản xuất
DPCTS,DPCTS600-5P3HT,Sản xuất
DPCTS,DPCTS600-4P3HT,Sản xuất
DPCTS,DPCTS600-3P3HT,Sản xuất
DPCTS,DPCTS600-6P3HD,Sản xuất
DPCTS,DPCTS600-5P3HD,Sản xuất
DPCTS,DPCTS600-4P3HD,Sản xuất
DPCTS,DPCTS600-3P3HD,Sản xuất
DPCTS,DPCTS600-6P3DT,Sản xuất
DPCTS,DPCTS600-5P3DT,Sản xuất
DPCTS,DPCTS600-4P3DT,Sản xuất
DPCTS,DPCTS600-3P3DT,Sản xuất
DPCTS,DPCTS600-6P3PT,Sản xuất
DPCTS,DPCTS600-5P3PT,Sản xuất
DPCTS,DPCTS600-4P3PT,Sản xuất
DPCTS,DPCTS600-3P3PT,Sản xuất
DPCTS,DPCTS600-6P3PD,Sản xuất
DPCTS,DPCTS600-5P3PD,Sản xuất
DPCTS,DPCTS600-4P3PD,Sản xuất
DPCTS,DPCTS600-3P3PD,Sản xuất
DPCTS,DPCTS600-6P3MT,Sản xuất
DPCTS,DPCTS600-5P3MT,Sản xuất
DPCTS,DPCTS600-4P3MT,Sản xuất
DPCTS,DPCTS600-3P3MT,Sản xuất
DPCTS,DPCTS600-6P3ID,Sản xuất
DPCTS,DPCTS600-5P3ID,Sản xuất
DPCTS,DPCTS600-4P3ID,Sản xuất
DPCTS,DPCTS600-3P3ID,Sản xuất
DPCTS,DPCTS800-6B3HT,Sản xuất
DPCTS,DPCTS800-5B3HT,Sản xuất
DPCTS,DPCTS800-4B3HT,Sản xuất
DPCTS,DPCTS800-3B3HT,Sản xuất
DPCTS,DPCTS800-6B3HD,Sản xuất
DPCTS,DPCTS800-5B3HD,Sản xuất
DPCTS,DPCTS800-4B3HD,Sản xuất
DPCTS,DPCTS800-3B3HD,Sản xuất
DPCTS,DPCTS800-6B3DT,Sản xuất
DPCTS,DPCTS800-5B3DT,Sản xuất
DPCTS,DPCTS800-4B3DT,Sản xuất
DPCTS,DPCTS800-3B3DT,Sản xuất
DPCTS,DPCTS800-6B3PT,Sản xuất
DPCTS,DPCTS800-5B3PT,Sản xuất
DPCTS,DPCTS800-4B3PT,Sản xuất
DPCTS,DPCTS800-3B3PT,Sản xuất
DPCTS,DPCTS800-6B3PD,Sản xuất
DPCTS,DPCTS800-5B3PD,Sản xuất
DPCTS,DPCTS800-4B3PD,Sản xuất
DPCTS,DPCTS800-3B3PD,Sản xuất
DPCTS,DPCTS800-6B3MT,Sản xuất
DPCTS,DPCTS800-5B3MT,Sản xuất
DPCTS,DPCTS800-4B3MT,Sản xuất
DPCTS,DPCTS800-3B3MT,Sản xuất
DPCTS,DPCTS800-6B3ID,Sản xuất
DPCTS,DPCTS800-5B3ID,Sản xuất
DPCTS,DPCTS800-4B3ID,Sản xuất
DPCTS,DPCTS800-3B3ID,Sản xuất
DPCTS,DPCTS800-6P3HT,Sản xuất
DPCTS,DPCTS800-5P3HT,Sản xuất
DPCTS,DPCTS800-4P3HT,Sản xuất
DPCTS,DPCTS800-3P3HT,Sản xuất
DPCTS,DPCTS800-6P3HD,Sản xuất
DPCTS,DPCTS800-5P3HD,Sản xuất
DPCTS,DPCTS800-4P3HD,Sản xuất
DPCTS,DPCTS800-3P3HD,Sản xuất
DPCTS,DPCTS800-6P3DT,Sản xuất
DPCTS,DPCTS800-5P3DT,Sản xuất
DPCTS,DPCTS800-4P3DT,Sản xuất
DPCTS,DPCTS800-3P3DT,Sản xuất
DPCTS,DPCTS800-6P3PT,Sản xuất
DPCTS,DPCTS800-5P3PT,Sản xuất
DPCTS,DPCTS800-4P3PT,Sản xuất
DPCTS,DPCTS800-3P3PT,Sản xuất
DPCTS,DPCTS800-6P3PD,Sản xuất
DPCTS,DPCTS800-5P3PD,Sản xuất
DPCTS,DPCTS800-4P3PD,Sản xuất
DPCTS,DPCTS800-3P3PD,Sản xuất
DPCTS,DPCTS800-6P3MT,Sản xuất
DPCTS,DPCTS800-5P3MT,Sản xuất
DPCTS,DPCTS800-4P3MT,Sản xuất
DPCTS,DPCTS800-3P3MT,Sản xuất
DPCTS,DPCTS800-6P3ID,Sản xuất
DPCTS,DPCTS800-5P3ID,Sản xuất
DPCTS,DPCTS800-4P3ID,Sản xuất
DPCTS,DPCTS800-3P3ID,Sản xuất
DPCTS,DPCTS1K0-6B3HT,Sản xuất
DPCTS,DPCTS1K0-5B3HT,Sản xuất
DPCTS,DPCTS1K0-4B3HT,Sản xuất
DPCTS,DPCTS1K0-3B3HT,Sản xuất
DPCTS,DPCTS1K0-6B3HD,Sản xuất
DPCTS,DPCTS1K0-5B3HD,Sản xuất
DPCTS,DPCTS1K0-4B3HD,Sản xuất
DPCTS,DPCTS1K0-3B3HD,Sản xuất
DPCTS,DPCTS1K0-6B3DT,Sản xuất
DPCTS,DPCTS1K0-5B3DT,Sản xuất
DPCTS,DPCTS1K0-4B3DT,Sản xuất
DPCTS,DPCTS1K0-3B3DT,Sản xuất
DPCTS,DPCTS1K0-6B3PT,Sản xuất
DPCTS,DPCTS1K0-5B3PT,Sản xuất
DPCTS,DPCTS1K0-4B3PT,Sản xuất
DPCTS,DPCTS1K0-3B3PT,Sản xuất
DPCTS,DPCTS1K0-6B3PD,Sản xuất
DPCTS,DPCTS1K0-5B3PD,Sản xuất
DPCTS,DPCTS1K0-4B3PD,Sản xuất
DPCTS,DPCTS1K0-3B3PD,Sản xuất
DPCTS,DPCTS1K0-6B3MT,Sản xuất
DPCTS,DPCTS1K0-5B3MT,Sản xuất
DPCTS,DPCTS1K0-4B3MT,Sản xuất
DPCTS,DPCTS1K0-3B3MT,Sản xuất
DPCTS,DPCTS1K0-6B3ID,Sản xuất
DPCTS,DPCTS1K0-5B3ID,Sản xuất
DPCTS,DPCTS1K0-4B3ID,Sản xuất
DPCTS,DPCTS1K0-3B3ID,Sản xuất
DPCTS,DPCTS1K0-6P3HT,Sản xuất
DPCTS,DPCTS1K0-5P3HT,Sản xuất
DPCTS,DPCTS1K0-4P3HT,Sản xuất
DPCTS,DPCTS1K0-3P3HT,Sản xuất
DPCTS,DPCTS1K0-6P3HD,Sản xuất
DPCTS,DPCTS1K0-5P3HD,Sản xuất
DPCTS,DPCTS1K0-4P3HD,Sản xuất
DPCTS,DPCTS1K0-3P3HD,Sản xuất
DPCTS,DPCTS1K0-6P3DT,Sản xuất
DPCTS,DPCTS1K0-5P3DT,Sản xuất
DPCTS,DPCTS1K0-4P3DT,Sản xuất
DPCTS,DPCTS1K0-3P3DT,Sản xuất
DPCTS,DPCTS1K0-6P3PT,Sản xuất
DPCTS,DPCTS1K0-5P3PT,Sản xuất
DPCTS,DPCTS1K0-4P3PT,Sản xuất
DPCTS,DPCTS1K0-3P3PT,Sản xuất
DPCTS,DPCTS1K0-6P3PD,Sản xuất
DPCTS,DPCTS1K0-5P3PD,Sản xuất
DPCTS,DPCTS1K0-4P3PD,Sản xuất
DPCTS,DPCTS1K0-3P3PD,Sản xuất
DPCTS,DPCTS1K0-6P3MT,Sản xuất
DPCTS,DPCTS1K0-5P3MT,Sản xuất
DPCTS,DPCTS1K0-4P3MT,Sản xuất
DPCTS,DPCTS1K0-3P3MT,Sản xuất
DPCTS,DPCTS1K0-6P3ID,Sản xuất
DPCTS,DPCTS1K0-5P3ID,Sản xuất
DPCTS,DPCTS1K0-4P3ID,Sản xuất
DPCTS,DPCTS1K0-3P3ID,Sản xuất
DPCTS,DPCTS1K5-6B3HT,Sản xuất
DPCTS,DPCTS1K5-5B3HT,Sản xuất
DPCTS,DPCTS1K5-4B3HT,Sản xuất
DPCTS,DPCTS1K5-3B3HT,Sản xuất
DPCTS,DPCTS1K5-6B3HD,Sản xuất
DPCTS,DPCTS1K5-5B3HD,Sản xuất
DPCTS,DPCTS1K5-4B3HD,Sản xuất
DPCTS,DPCTS1K5-3B3HD,Sản xuất
DPCTS,DPCTS1K5-6B3DT,Sản xuất
DPCTS,DPCTS1K5-5B3DT,Sản xuất
DPCTS,DPCTS1K5-4B3DT,Sản xuất
DPCTS,DPCTS1K5-3B3DT,Sản xuất
DPCTS,DPCTS1K5-6B3PT,Sản xuất
DPCTS,DPCTS1K5-5B3PT,Sản xuất
DPCTS,DPCTS1K5-4B3PT,Sản xuất
DPCTS,DPCTS1K5-3B3PT,Sản xuất
DPCTS,DPCTS1K5-6B3PD,Sản xuất
DPCTS,DPCTS1K5-5B3PD,Sản xuất
DPCTS,DPCTS1K5-4B3PD,Sản xuất
DPCTS,DPCTS1K5-3B3PD,Sản xuất
DPCTS,DPCTS1K5-6B3MT,Sản xuất
DPCTS,DPCTS1K5-5B3MT,Sản xuất
DPCTS,DPCTS1K5-4B3MT,Sản xuất
DPCTS,DPCTS1K5-3B3MT,Sản xuất
DPCTS,DPCTS1K5-6B3ID,Sản xuất
DPCTS,DPCTS1K5-5B3ID,Sản xuất
DPCTS,DPCTS1K5-4B3ID,Sản xuất
DPCTS,DPCTS1K5-3B3ID,Sản xuất
DPCTS,DPCTS1K5-6P3HT,Sản xuất
DPCTS,DPCTS1K5-5P3HT,Sản xuất
DPCTS,DPCTS1K5-4P3HT,Sản xuất
DPCTS,DPCTS1K5-3P3HT,Sản xuất
DPCTS,DPCTS1K5-6P3HD,Sản xuất
DPCTS,DPCTS1K5-5P3HD,Sản xuất
DPCTS,DPCTS1K5-4P3HD,Sản xuất
DPCTS,DPCTS1K5-3P3HD,Sản xuất
DPCTS,DPCTS1K5-6P3DT,Sản xuất
DPCTS,DPCTS1K5-5P3DT,Sản xuất
DPCTS,DPCTS1K5-4P3DT,Sản xuất
DPCTS,DPCTS1K5-3P3DT,Sản xuất
DPCTS,DPCTS1K5-6P3PT,Sản xuất
DPCTS,DPCTS1K5-5P3PT,Sản xuất
DPCTS,DPCTS1K5-4P3PT,Sản xuất
DPCTS,DPCTS1K5-3P3PT,Sản xuất
DPCTS,DPCTS1K5-6P3PD,Sản xuất
DPCTS,DPCTS1K5-5P3PD,Sản xuất
DPCTS,DPCTS1K5-4P3PD,Sản xuất
DPCTS,DPCTS1K5-3P3PD,Sản xuất
DPCTS,DPCTS1K5-6P3MT,Sản xuất
DPCTS,DPCTS1K5-5P3MT,Sản xuất
DPCTS,DPCTS1K5-4P3MT,Sản xuất
DPCTS,DPCTS1K5-3P3MT,Sản xuất
DPCTS,DPCTS1K5-6P3ID,Sản xuất
DPCTS,DPCTS1K5-5P3ID,Sản xuất
DPCTS,DPCTS1K5-4P3ID,Sản xuất
DPCTS,DPCTS1K5-3P3ID,Sản xuất
DPVDS,DPVDS200-6CRHT,Sản xuất
DPVDS,DPVDS200-5CRHT,Sản xuất
DPVDS,DPVDS200-4CRHT,Sản xuất
DPVDS,DPVDS200-3CRHT,Sản xuất
DPVDS,DPVDS200-6CRHD,Sản xuất
DPVDS,DPVDS200-5CRHD,Sản xuất
DPVDS,DPVDS200-4CRHD,Sản xuất
DPVDS,DPVDS200-3CRHD,Sản xuất
DPVDS,DPVDS200-6CRDT,Sản xuất
DPVDS,DPVDS200-5CRDT,Sản xuất
DPVDS,DPVDS200-4CRDT,Sản xuất
DPVDS,DPVDS200-3CRDT,Sản xuất
DPVDS,DPVDS200-6CRPT,Sản xuất
DPVDS,DPVDS200-5CRPT,Sản xuất
DPVDS,DPVDS200-4CRPT,Sản xuất
DPVDS,DPVDS200-3CRPT,Sản xuất
DPVDS,DPVDS200-6CRPD,Sản xuất
DPVDS,DPVDS200-5CRPD,Sản xuất
DPVDS,DPVDS200-4CRPD,Sản xuất
DPVDS,DPVDS200-3CRPD,Sản xuất
DPVDS,DPVDS200-6CRMT,Sản xuất
DPVDS,DPVDS200-5CRMT,Sản xuất
DPVDS,DPVDS200-4CRMT,Sản xuất
DPVDS,DPVDS200-3CRMT,Sản xuất
DPVDS,DPVDS200-6CRID,Sản xuất
DPVDS,DPVDS200-5CRID,Sản xuất
DPVDS,DPVDS200-4CRID,Sản xuất
DPVDS,DPVDS200-3CRID,Sản xuất
DPVDS,DPVDS250-6CRHT,Sản xuất
DPVDS,DPVDS250-5CRHT,Sản xuất
DPVDS,DPVDS250-4CRHT,Sản xuất
DPVDS,DPVDS250-3CRHT,Sản xuất
DPVDS,DPVDS250-6CRHD,Sản xuất
DPVDS,DPVDS250-5CRHD,Sản xuất
DPVDS,DPVDS250-4CRHD,Sản xuất
DPVDS,DPVDS250-3CRHD,Sản xuất
DPVDS,DPVDS250-6CRDT,Sản xuất
DPVDS,DPVDS250-5CRDT,Sản xuất
DPVDS,DPVDS250-4CRDT,Sản xuất
DPVDS,DPVDS250-3CRDT,Sản xuất
DPVDS,DPVDS250-6CRPT,Sản xuất
DPVDS,DPVDS250-5CRPT,Sản xuất
DPVDS,DPVDS250-4CRPT,Sản xuất
DPVDS,DPVDS250-3CRPT,Sản xuất
DPVDS,DPVDS250-6CRPD,Sản xuất
DPVDS,DPVDS250-5CRPD,Sản xuất
DPVDS,DPVDS250-4CRPD,Sản xuất
DPVDS,DPVDS250-3CRPD,Sản xuất
DPVDS,DPVDS250-6CRMT,Sản xuất
DPVDS,DPVDS250-5CRMT,Sản xuất
DPVDS,DPVDS250-4CRMT,Sản xuất
DPVDS,DPVDS250-3CRMT,Sản xuất
DPVDS,DPVDS250-6CRID,Sản xuất
DPVDS,DPVDS250-5CRID,Sản xuất
DPVDS,DPVDS250-4CRID,Sản xuất
DPVDS,DPVDS250-3CRID,Sản xuất
DPVDS,DPVDS300-6CRHT,Sản xuất
DPVDS,DPVDS300-5CRHT,Sản xuất
DPVDS,DPVDS300-4CRHT,Sản xuất
DPVDS,DPVDS300-3CRHT,Sản xuất
DPVDS,DPVDS300-6CRHD,Sản xuất
DPVDS,DPVDS300-5CRHD,Sản xuất
DPVDS,DPVDS300-4CRHD,Sản xuất
DPVDS,DPVDS300-3CRHD,Sản xuất
DPVDS,DPVDS300-6CRDT,Sản xuất
DPVDS,DPVDS300-5CRDT,Sản xuất
DPVDS,DPVDS300-4CRDT,Sản xuất
DPVDS,DPVDS300-3CRDT,Sản xuất
DPVDS,DPVDS300-6CRPT,Sản xuất
DPVDS,DPVDS300-5CRPT,Sản xuất
DPVDS,DPVDS300-4CRPT,Sản xuất
DPVDS,DPVDS300-3CRPT,Sản xuất
DPVDS,DPVDS300-6CRPD,Sản xuất
DPVDS,DPVDS300-5CRPD,Sản xuất
DPVDS,DPVDS300-4CRPD,Sản xuất
DPVDS,DPVDS300-3CRPD,Sản xuất
DPVDS,DPVDS300-6CRMT,Sản xuất
DPVDS,DPVDS300-5CRMT,Sản xuất
DPVDS,DPVDS300-4CRMT,Sản xuất
DPVDS,DPVDS300-3CRMT,Sản xuất
DPVDS,DPVDS300-6CRID,Sản xuất
DPVDS,DPVDS300-5CRID,Sản xuất
DPVDS,DPVDS300-4CRID,Sản xuất
DPVDS,DPVDS300-3CRID,Sản xuất
DXTTS,DXTTS050-6B3DN,Sản xuất
DXTTS,DXTTS050-5B3DN,Sản xuất
DXTTS,DXTTS050-4B3DN,Sản xuất
DXTTS,DXTTS050-3B3DN,Sản xuất
DXTTS,DXTTS050-6B3DT,Sản xuất
DXTTS,DXTTS050-5B3DT,Sản xuất
DXTTS,DXTTS050-4B3DT,Sản xuất
DXTTS,DXTTS050-3B3DT,Sản xuất
DXTTS,DXTTS050-6B3HD,Sản xuất
DXTTS,DXTTS050-5B3HD,Sản xuất
DXTTS,DXTTS050-4B3HD,Sản xuất
DXTTS,DXTTS050-3B3HD,Sản xuất
DXTTS,DXTTS050-6B3PT,Sản xuất
DXTTS,DXTTS050-5B3PT,Sản xuất
DXTTS,DXTTS050-4B3PT,Sản xuất
DXTTS,DXTTS050-3B3PT,Sản xuất
DXTTS,DXTTS050-6B3PD,Sản xuất
DXTTS,DXTTS050-5B3PD,Sản xuất
DXTTS,DXTTS050-4B3PD,Sản xuất
DXTTS,DXTTS050-3B3PD,Sản xuất
DXTTS,DXTTS050-6B3MT,Sản xuất
DXTTS,DXTTS050-5B3MT,Sản xuất
DXTTS,DXTTS050-4B3MT,Sản xuất
DXTTS,DXTTS050-3B3MT,Sản xuất
DXTTS,DXTTS050-6B3ID,Sản xuất
DXTTS,DXTTS050-5B3ID,Sản xuất
DXTTS,DXTTS050-4B3ID,Sản xuất
DXTTS,DXTTS050-3B3ID,Sản xuất
DXTTS,DXTTS050-6P3DN,Sản xuất
DXTTS,DXTTS050-5P3DN,Sản xuất
DXTTS,DXTTS050-4P3DN,Sản xuất
DXTTS,DXTTS050-3P3DN,Sản xuất
DXTTS,DXTTS050-6P3DT,Sản xuất
DXTTS,DXTTS050-5P3DT,Sản xuất
DXTTS,DXTTS050-4P3DT,Sản xuất
DXTTS,DXTTS050-3P3DT,Sản xuất
DXTTS,DXTTS050-6P3HD,Sản xuất
DXTTS,DXTTS050-5P3HD,Sản xuất
DXTTS,DXTTS050-4P3HD,Sản xuất
DXTTS,DXTTS050-3P3HD,Sản xuất
DXTTS,DXTTS050-6P3PT,Sản xuất
DXTTS,DXTTS050-5P3PT,Sản xuất
DXTTS,DXTTS050-4P3PT,Sản xuất
DXTTS,DXTTS050-3P3PT,Sản xuất
DXTTS,DXTTS050-6P3PD,Sản xuất
DXTTS,DXTTS050-5P3PD,Sản xuất
DXTTS,DXTTS050-4P3PD,Sản xuất
DXTTS,DXTTS050-3P3PD,Sản xuất
DXTTS,DXTTS050-6P3MT,Sản xuất
DXTTS,DXTTS050-5P3MT,Sản xuất
DXTTS,DXTTS050-4P3MT,Sản xuất
DXTTS,DXTTS050-3P3MT,Sản xuất
DXTTS,DXTTS050-6P3ID,Sản xuất
DXTTS,DXTTS050-5P3ID,Sản xuất
DXTTS,DXTTS050-4P3ID,Sản xuất
DXTTS,DXTTS050-3P3ID,Sản xuất
DXTTS,DXTTS100-6B3DN,Sản xuất
DXTTS,DXTTS100-5B3DN,Sản xuất
DXTTS,DXTTS100-4B3DN,Sản xuất
DXTTS,DXTTS100-3B3DN,Sản xuất
DXTTS,DXTTS100-6B3DT,Sản xuất
DXTTS,DXTTS100-5B3DT,Sản xuất
DXTTS,DXTTS100-4B3DT,Sản xuất
DXTTS,DXTTS100-3B3DT,Sản xuất
DXTTS,DXTTS100-6B3HD,Sản xuất
DXTTS,DXTTS100-5B3HD,Sản xuất
DXTTS,DXTTS100-4B3HD,Sản xuất
DXTTS,DXTTS100-3B3HD,Sản xuất
DXTTS,DXTTS100-6B3PT,Sản xuất
DXTTS,DXTTS100-5B3PT,Sản xuất
DXTTS,DXTTS100-4B3PT,Sản xuất
DXTTS,DXTTS100-3B3PT,Sản xuất
DXTTS,DXTTS100-6B3PD,Sản xuất
DXTTS,DXTTS100-5B3PD,Sản xuất
DXTTS,DXTTS100-4B3PD,Sản xuất
DXTTS,DXTTS100-3B3PD,Sản xuất
DXTTS,DXTTS100-6B3MT,Sản xuất
DXTTS,DXTTS100-5B3MT,Sản xuất
DXTTS,DXTTS100-4B3MT,Sản xuất
DXTTS,DXTTS100-3B3MT,Sản xuất
DXTTS,DXTTS100-6B3ID,Sản xuất
DXTTS,DXTTS100-5B3ID,Sản xuất
DXTTS,DXTTS100-4B3ID,Sản xuất
DXTTS,DXTTS100-3B3ID,Sản xuất
DXTTS,DXTTS100-6P3DN,Sản xuất
DXTTS,DXTTS100-5P3DN,Sản xuất
DXTTS,DXTTS100-4P3DN,Sản xuất
DXTTS,DXTTS100-3P3DN,Sản xuất
DXTTS,DXTTS100-6P3DT,Sản xuất
DXTTS,DXTTS100-5P3DT,Sản xuất
DXTTS,DXTTS100-4P3DT,Sản xuất
DXTTS,DXTTS100-3P3DT,Sản xuất
DXTTS,DXTTS100-6P3HD,Sản xuất
DXTTS,DXTTS100-5P3HD,Sản xuất
DXTTS,DXTTS100-4P3HD,Sản xuất
DXTTS,DXTTS100-3P3HD,Sản xuất
DXTTS,DXTTS100-6P3PT,Sản xuất
DXTTS,DXTTS100-5P3PT,Sản xuất
DXTTS,DXTTS100-4P3PT,Sản xuất
DXTTS,DXTTS100-3P3PT,Sản xuất
DXTTS,DXTTS100-6P3PD,Sản xuất
DXTTS,DXTTS100-5P3PD,Sản xuất
DXTTS,DXTTS100-4P3PD,Sản xuất
DXTTS,DXTTS100-3P3PD,Sản xuất
DXTTS,DXTTS100-6P3MT,Sản xuất
DXTTS,DXTTS100-5P3MT,Sản xuất
DXTTS,DXTTS100-4P3MT,Sản xuất
DXTTS,DXTTS100-3P3MT,Sản xuất
DXTTS,DXTTS100-6P3ID,Sản xuất
DXTTS,DXTTS100-5P3ID,Sản xuất
DXTTS,DXTTS100-4P3ID,Sản xuất
DXTTS,DXTTS100-3P3ID,Sản xuất
DXTTS,DXTTS150-6B3DN,Sản xuất
DXTTS,DXTTS150-5B3DN,Sản xuất
DXTTS,DXTTS150-4B3DN,Sản xuất
DXTTS,DXTTS150-3B3DN,Sản xuất
DXTTS,DXTTS150-6B3DT,Sản xuất
DXTTS,DXTTS150-5B3DT,Sản xuất
DXTTS,DXTTS150-4B3DT,Sản xuất
DXTTS,DXTTS150-3B3DT,Sản xuất
DXTTS,DXTTS150-6B3HD,Sản xuất
DXTTS,DXTTS150-5B3HD,Sản xuất
DXTTS,DXTTS150-4B3HD,Sản xuất
DXTTS,DXTTS150-3B3HD,Sản xuất
DXTTS,DXTTS150-6B3PT,Sản xuất
DXTTS,DXTTS150-5B3PT,Sản xuất
DXTTS,DXTTS150-4B3PT,Sản xuất
DXTTS,DXTTS150-3B3PT,Sản xuất
DXTTS,DXTTS150-6B3PD,Sản xuất
DXTTS,DXTTS150-5B3PD,Sản xuất
DXTTS,DXTTS150-4B3PD,Sản xuất
DXTTS,DXTTS150-3B3PD,Sản xuất
DXTTS,DXTTS150-6B3MT,Sản xuất
DXTTS,DXTTS150-5B3MT,Sản xuất
DXTTS,DXTTS150-4B3MT,Sản xuất
DXTTS,DXTTS150-3B3MT,Sản xuất
DXTTS,DXTTS150-6B3ID,Sản xuất
DXTTS,DXTTS150-5B3ID,Sản xuất
DXTTS,DXTTS150-4B3ID,Sản xuất
DXTTS,DXTTS150-3B3ID,Sản xuất
DXTTS,DXTTS150-6P3DN,Sản xuất
DXTTS,DXTTS150-5P3DN,Sản xuất
DXTTS,DXTTS150-4P3DN,Sản xuất
DXTTS,DXTTS150-3P3DN,Sản xuất
DXTTS,DXTTS150-6P3DT,Sản xuất
DXTTS,DXTTS150-5P3DT,Sản xuất
DXTTS,DXTTS150-4P3DT,Sản xuất
DXTTS,DXTTS150-3P3DT,Sản xuất
DXTTS,DXTTS150-6P3HD,Sản xuất
DXTTS,DXTTS150-5P3HD,Sản xuất
DXTTS,DXTTS150-4P3HD,Sản xuất
DXTTS,DXTTS150-3P3HD,Sản xuất
DXTTS,DXTTS150-6P3PT,Sản xuất
DXTTS,DXTTS150-5P3PT,Sản xuất
DXTTS,DXTTS150-4P3PT,Sản xuất
DXTTS,DXTTS150-3P3PT,Sản xuất
DXTTS,DXTTS150-6P3PD,Sản xuất
DXTTS,DXTTS150-5P3PD,Sản xuất
DXTTS,DXTTS150-4P3PD,Sản xuất
DXTTS,DXTTS150-3P3PD,Sản xuất
DXTTS,DXTTS150-6P3MT,Sản xuất
DXTTS,DXTTS150-5P3MT,Sản xuất
DXTTS,DXTTS150-4P3MT,Sản xuất
DXTTS,DXTTS150-3P3MT,Sản xuất
DXTTS,DXTTS150-6P3ID,Sản xuất
DXTTS,DXTTS150-5P3ID,Sản xuất
DXTTS,DXTTS150-4P3ID,Sản xuất
DXTTS,DXTTS150-3P3ID,Sản xuất
DXTTS,DXTTS200-6B3DN,Sản xuất
DXTTS,DXTTS200-5B3DN,Sản xuất
DXTTS,DXTTS200-4B3DN,Sản xuất
DXTTS,DXTTS200-3B3DN,Sản xuất
DXTTS,DXTTS200-6B3DT,Sản xuất
DXTTS,DXTTS200-5B3DT,Sản xuất
DXTTS,DXTTS200-4B3DT,Sản xuất
DXTTS,DXTTS200-3B3DT,Sản xuất
DXTTS,DXTTS200-6B3HD,Sản xuất
DXTTS,DXTTS200-5B3HD,Sản xuất
DXTTS,DXTTS200-4B3HD,Sản xuất
DXTTS,DXTTS200-3B3HD,Sản xuất
DXTTS,DXTTS200-6B3PT,Sản xuất
DXTTS,DXTTS200-5B3PT,Sản xuất
DXTTS,DXTTS200-4B3PT,Sản xuất
DXTTS,DXTTS200-3B3PT,Sản xuất
DXTTS,DXTTS200-6B3PD,Sản xuất
DXTTS,DXTTS200-5B3PD,Sản xuất
DXTTS,DXTTS200-4B3PD,Sản xuất
DXTTS,DXTTS200-3B3PD,Sản xuất
DXTTS,DXTTS200-6B3MT,Sản xuất
DXTTS,DXTTS200-5B3MT,Sản xuất
DXTTS,DXTTS200-4B3MT,Sản xuất
DXTTS,DXTTS200-3B3MT,Sản xuất
DXTTS,DXTTS200-6B3ID,Sản xuất
DXTTS,DXTTS200-5B3ID,Sản xuất
DXTTS,DXTTS200-4B3ID,Sản xuất
DXTTS,DXTTS200-3B3ID,Sản xuất
DXTTS,DXTTS200-6P3DN,Sản xuất
DXTTS,DXTTS200-5P3DN,Sản xuất
DXTTS,DXTTS200-4P3DN,Sản xuất
DXTTS,DXTTS200-3P3DN,Sản xuất
DXTTS,DXTTS200-6P3DT,Sản xuất
DXTTS,DXTTS200-5P3DT,Sản xuất
DXTTS,DXTTS200-4P3DT,Sản xuất
DXTTS,DXTTS200-3P3DT,Sản xuất
DXTTS,DXTTS200-6P3HD,Sản xuất
DXTTS,DXTTS200-5P3HD,Sản xuất
DXTTS,DXTTS200-4P3HD,Sản xuất
DXTTS,DXTTS200-3P3HD,Sản xuất
DXTTS,DXTTS200-6P3PT,Sản xuất
DXTTS,DXTTS200-5P3PT,Sản xuất
DXTTS,DXTTS200-4P3PT,Sản xuất
DXTTS,DXTTS200-3P3PT,Sản xuất
DXTTS,DXTTS200-6P3PD,Sản xuất
DXTTS,DXTTS200-5P3PD,Sản xuất
DXTTS,DXTTS200-4P3PD,Sản xuất
DXTTS,DXTTS200-3P3PD,Sản xuất
DXTTS,DXTTS200-6P3MT,Sản xuất
DXTTS,DXTTS200-5P3MT,Sản xuất
DXTTS,DXTTS200-4P3MT,Sản xuất
DXTTS,DXTTS200-3P3MT,Sản xuất
DXTTS,DXTTS200-6P3ID,Sản xuất
DXTTS,DXTTS200-5P3ID,Sản xuất
DXTTS,DXTTS200-4P3ID,Sản xuất
DXTTS,DXTTS200-3P3ID,Sản xuất
DXTTS,DXTTS250-6B3DN,Sản xuất
DXTTS,DXTTS250-5B3DN,Sản xuất
DXTTS,DXTTS250-4B3DN,Sản xuất
DXTTS,DXTTS250-3B3DN,Sản xuất
DXTTS,DXTTS250-6B3DT,Sản xuất
DXTTS,DXTTS250-5B3DT,Sản xuất
DXTTS,DXTTS250-4B3DT,Sản xuất
DXTTS,DXTTS250-3B3DT,Sản xuất
DXTTS,DXTTS250-6B3HD,Sản xuất
DXTTS,DXTTS250-5B3HD,Sản xuất
DXTTS,DXTTS250-4B3HD,Sản xuất
DXTTS,DXTTS250-3B3HD,Sản xuất
DXTTS,DXTTS250-6B3PT,Sản xuất
DXTTS,DXTTS250-5B3PT,Sản xuất
DXTTS,DXTTS250-4B3PT,Sản xuất
DXTTS,DXTTS250-3B3PT,Sản xuất
DXTTS,DXTTS250-6B3PD,Sản xuất
DXTTS,DXTTS250-5B3PD,Sản xuất
DXTTS,DXTTS250-4B3PD,Sản xuất
DXTTS,DXTTS250-3B3PD,Sản xuất
DXTTS,DXTTS250-6B3MT,Sản xuất
DXTTS,DXTTS250-5B3MT,Sản xuất
DXTTS,DXTTS250-4B3MT,Sản xuất
DXTTS,DXTTS250-3B3MT,Sản xuất
DXTTS,DXTTS250-6B3ID,Sản xuất
DXTTS,DXTTS250-5B3ID,Sản xuất
DXTTS,DXTTS250-4B3ID,Sản xuất
DXTTS,DXTTS250-3B3ID,Sản xuất
DXTTS,DXTTS250-6P3DN,Sản xuất
DXTTS,DXTTS250-5P3DN,Sản xuất
DXTTS,DXTTS250-4P3DN,Sản xuất
DXTTS,DXTTS250-3P3DN,Sản xuất
DXTTS,DXTTS250-6P3DT,Sản xuất
DXTTS,DXTTS250-5P3DT,Sản xuất
DXTTS,DXTTS250-4P3DT,Sản xuất
DXTTS,DXTTS250-3P3DT,Sản xuất
DXTTS,DXTTS250-6P3HD,Sản xuất
DXTTS,DXTTS250-5P3HD,Sản xuất
DXTTS,DXTTS250-4P3HD,Sản xuất
DXTTS,DXTTS250-3P3HD,Sản xuất
DXTTS,DXTTS250-6P3PT,Sản xuất
DXTTS,DXTTS250-5P3PT,Sản xuất
DXTTS,DXTTS250-4P3PT,Sản xuất
DXTTS,DXTTS250-3P3PT,Sản xuất
DXTTS,DXTTS250-6P3PD,Sản xuất
DXTTS,DXTTS250-5P3PD,Sản xuất
DXTTS,DXTTS250-4P3PD,Sản xuất
DXTTS,DXTTS250-3P3PD,Sản xuất
DXTTS,DXTTS250-6P3MT,Sản xuất
DXTTS,DXTTS250-5P3MT,Sản xuất
DXTTS,DXTTS250-4P3MT,Sản xuất
DXTTS,DXTTS250-3P3MT,Sản xuất
DXTTS,DXTTS250-6P3ID,Sản xuất
DXTTS,DXTTS250-5P3ID,Sản xuất
DXTTS,DXTTS250-4P3ID,Sản xuất
DXTTS,DXTTS250-3P3ID,Sản xuất
DNU2S,DNU2S050-6B3HN,Sản xuất
DNU2S,DNU2S050-5B3HN,Sản xuất
DNU2S,DNU2S050-4B3HN,Sản xuất
DNU2S,DNU2S050-3B3HN,Sản xuất
DNU2S,DNU2S050-6B3HT,Sản xuất
DNU2S,DNU2S050-5B3HT,Sản xuất
DNU2S,DNU2S050-4B3HT,Sản xuất
DNU2S,DNU2S050-3B3HT,Sản xuất
DNU2S,DNU2S050-6B3HD,Sản xuất
DNU2S,DNU2S050-5B3HD,Sản xuất
DNU2S,DNU2S050-4B3HD,Sản xuất
DNU2S,DNU2S050-3B3HD,Sản xuất
DNU2S,DNU2S050-6B3DN,Sản xuất
DNU2S,DNU2S050-5B3DN,Sản xuất
DNU2S,DNU2S050-4B3DN,Sản xuất
DNU2S,DNU2S050-3B3DN,Sản xuất
DNU2S,DNU2S050-6B3DT,Sản xuất
DNU2S,DNU2S050-5B3DT,Sản xuất
DNU2S,DNU2S050-4B3DT,Sản xuất
DNU2S,DNU2S050-3B3DT,Sản xuất
DNU2S,DNU2S050-6B3PT,Sản xuất
DNU2S,DNU2S050-5B3PT,Sản xuất
DNU2S,DNU2S050-4B3PT,Sản xuất
DNU2S,DNU2S050-3B3PT,Sản xuất
DNU2S,DNU2S050-6B3PD,Sản xuất
DNU2S,DNU2S050-5B3PD,Sản xuất
DNU2S,DNU2S050-4B3PD,Sản xuất
DNU2S,DNU2S050-3B3PD,Sản xuất
DNU2S,DNU2S050-6B3MT,Sản xuất
DNU2S,DNU2S050-5B3MT,Sản xuất
DNU2S,DNU2S050-4B3MT,Sản xuất
DNU2S,DNU2S050-3B3MT,Sản xuất
DNU2S,DNU2S050-6B3ID,Sản xuất
DNU2S,DNU2S050-5B3ID,Sản xuất
DNU2S,DNU2S050-4B3ID,Sản xuất
DNU2S,DNU2S050-3B3ID,Sản xuất
DNU2S,DNU2S050-6P3HN,Sản xuất
DNU2S,DNU2S050-5P3HN,Sản xuất
DNU2S,DNU2S050-4P3HN,Sản xuất
DNU2S,DNU2S050-3P3HN,Sản xuất
DNU2S,DNU2S050-6P3HT,Sản xuất
DNU2S,DNU2S050-5P3HT,Sản xuất
DNU2S,DNU2S050-4P3HT,Sản xuất
DNU2S,DNU2S050-3P3HT,Sản xuất
DNU2S,DNU2S050-6P3HD,Sản xuất
DNU2S,DNU2S050-5P3HD,Sản xuất
DNU2S,DNU2S050-4P3HD,Sản xuất
DNU2S,DNU2S050-3P3HD,Sản xuất
DNU2S,DNU2S050-6P3DN,Sản xuất
DNU2S,DNU2S050-5P3DN,Sản xuất
DNU2S,DNU2S050-4P3DN,Sản xuất
DNU2S,DNU2S050-3P3DN,Sản xuất
DNU2S,DNU2S050-6P3DT,Sản xuất
DNU2S,DNU2S050-5P3DT,Sản xuất
DNU2S,DNU2S050-4P3DT,Sản xuất
DNU2S,DNU2S050-3P3DT,Sản xuất
DNU2S,DNU2S050-6P3PT,Sản xuất
DNU2S,DNU2S050-5P3PT,Sản xuất
DNU2S,DNU2S050-4P3PT,Sản xuất
DNU2S,DNU2S050-3P3PT,Sản xuất
DNU2S,DNU2S050-6P3PD,Sản xuất
DNU2S,DNU2S050-5P3PD,Sản xuất
DNU2S,DNU2S050-4P3PD,Sản xuất
DNU2S,DNU2S050-3P3PD,Sản xuất
DNU2S,DNU2S050-6P3MT,Sản xuất
DNU2S,DNU2S050-5P3MT,Sản xuất
DNU2S,DNU2S050-4P3MT,Sản xuất
DNU2S,DNU2S050-3P3MT,Sản xuất
DNU2S,DNU2S050-6P3ID,Sản xuất
DNU2S,DNU2S050-5P3ID,Sản xuất
DNU2S,DNU2S050-4P3ID,Sản xuất
DNU2S,DNU2S050-3P3ID,Sản xuất
DNU2S,DNU2S100-6B3HN,Sản xuất
DNU2S,DNU2S100-5B3HN,Sản xuất
DNU2S,DNU2S100-4B3HN,Sản xuất
DNU2S,DNU2S100-3B3HN,Sản xuất
DNU2S,DNU2S100-6B3HT,Sản xuất
DNU2S,DNU2S100-5B3HT,Sản xuất
DNU2S,DNU2S100-4B3HT,Sản xuất
DNU2S,DNU2S100-3B3HT,Sản xuất
DNU2S,DNU2S100-6B3HD,Sản xuất
DNU2S,DNU2S100-5B3HD,Sản xuất
DNU2S,DNU2S100-4B3HD,Sản xuất
DNU2S,DNU2S100-3B3HD,Sản xuất
DNU2S,DNU2S100-6B3DN,Sản xuất
DNU2S,DNU2S100-5B3DN,Sản xuất
DNU2S,DNU2S100-4B3DN,Sản xuất
DNU2S,DNU2S100-3B3DN,Sản xuất
DNU2S,DNU2S100-6B3DT,Sản xuất
DNU2S,DNU2S100-5B3DT,Sản xuất
DNU2S,DNU2S100-4B3DT,Sản xuất
DNU2S,DNU2S100-3B3DT,Sản xuất
DNU2S,DNU2S100-6B3PT,Sản xuất
DNU2S,DNU2S100-5B3PT,Sản xuất
DNU2S,DNU2S100-4B3PT,Sản xuất
DNU2S,DNU2S100-3B3PT,Sản xuất
DNU2S,DNU2S100-6B3PD,Sản xuất
DNU2S,DNU2S100-5B3PD,Sản xuất
DNU2S,DNU2S100-4B3PD,Sản xuất
DNU2S,DNU2S100-3B3PD,Sản xuất
DNU2S,DNU2S100-6B3MT,Sản xuất
DNU2S,DNU2S100-5B3MT,Sản xuất
DNU2S,DNU2S100-4B3MT,Sản xuất
DNU2S,DNU2S100-3B3MT,Sản xuất
DNU2S,DNU2S100-6B3ID,Sản xuất
DNU2S,DNU2S100-5B3ID,Sản xuất
DNU2S,DNU2S100-4B3ID,Sản xuất
DNU2S,DNU2S100-3B3ID,Sản xuất
DNU2S,DNU2S100-6P3HN,Sản xuất
DNU2S,DNU2S100-5P3HN,Sản xuất
DNU2S,DNU2S100-4P3HN,Sản xuất
DNU2S,DNU2S100-3P3HN,Sản xuất
DNU2S,DNU2S100-6P3HT,Sản xuất
DNU2S,DNU2S100-5P3HT,Sản xuất
DNU2S,DNU2S100-4P3HT,Sản xuất
DNU2S,DNU2S100-3P3HT,Sản xuất
DNU2S,DNU2S100-6P3HD,Sản xuất
DNU2S,DNU2S100-5P3HD,Sản xuất
DNU2S,DNU2S100-4P3HD,Sản xuất
DNU2S,DNU2S100-3P3HD,Sản xuất
DNU2S,DNU2S100-6P3DN,Sản xuất
DNU2S,DNU2S100-5P3DN,Sản xuất
DNU2S,DNU2S100-4P3DN,Sản xuất
DNU2S,DNU2S100-3P3DN,Sản xuất
DNU2S,DNU2S100-6P3DT,Sản xuất
DNU2S,DNU2S100-5P3DT,Sản xuất
DNU2S,DNU2S100-4P3DT,Sản xuất
DNU2S,DNU2S100-3P3DT,Sản xuất
DNU2S,DNU2S100-6P3PT,Sản xuất
DNU2S,DNU2S100-5P3PT,Sản xuất
DNU2S,DNU2S100-4P3PT,Sản xuất
DNU2S,DNU2S100-3P3PT,Sản xuất
DNU2S,DNU2S100-6P3PD,Sản xuất
DNU2S,DNU2S100-5P3PD,Sản xuất
DNU2S,DNU2S100-4P3PD,Sản xuất
DNU2S,DNU2S100-3P3PD,Sản xuất
DNU2S,DNU2S100-6P3MT,Sản xuất
DNU2S,DNU2S100-5P3MT,Sản xuất
DNU2S,DNU2S100-4P3MT,Sản xuất
DNU2S,DNU2S100-3P3MT,Sản xuất
DNU2S,DNU2S100-6P3ID,Sản xuất
DNU2S,DNU2S100-5P3ID,Sản xuất
DNU2S,DNU2S100-4P3ID,Sản xuất
DNU2S,DNU2S100-3P3ID,Sản xuất
DNU2S,DNU2S150-6B3HN,Sản xuất
DNU2S,DNU2S150-5B3HN,Sản xuất
DNU2S,DNU2S150-4B3HN,Sản xuất
DNU2S,DNU2S150-3B3HN,Sản xuất
DNU2S,DNU2S150-6B3HT,Sản xuất
DNU2S,DNU2S150-5B3HT,Sản xuất
DNU2S,DNU2S150-4B3HT,Sản xuất
DNU2S,DNU2S150-3B3HT,Sản xuất
DNU2S,DNU2S150-6B3HD,Sản xuất
DNU2S,DNU2S150-5B3HD,Sản xuất
DNU2S,DNU2S150-4B3HD,Sản xuất
DNU2S,DNU2S150-3B3HD,Sản xuất
DNU2S,DNU2S150-6B3DN,Sản xuất
DNU2S,DNU2S150-5B3DN,Sản xuất
DNU2S,DNU2S150-4B3DN,Sản xuất
DNU2S,DNU2S150-3B3DN,Sản xuất
DNU2S,DNU2S150-6B3DT,Sản xuất
DNU2S,DNU2S150-5B3DT,Sản xuất
DNU2S,DNU2S150-4B3DT,Sản xuất
DNU2S,DNU2S150-3B3DT,Sản xuất
DNU2S,DNU2S150-6B3PT,Sản xuất
DNU2S,DNU2S150-5B3PT,Sản xuất
DNU2S,DNU2S150-4B3PT,Sản xuất
DNU2S,DNU2S150-3B3PT,Sản xuất
DNU2S,DNU2S150-6B3PD,Sản xuất
DNU2S,DNU2S150-5B3PD,Sản xuất
DNU2S,DNU2S150-4B3PD,Sản xuất
DNU2S,DNU2S150-3B3PD,Sản xuất
DNU2S,DNU2S150-6B3MT,Sản xuất
DNU2S,DNU2S150-5B3MT,Sản xuất
DNU2S,DNU2S150-4B3MT,Sản xuất
DNU2S,DNU2S150-3B3MT,Sản xuất
DNU2S,DNU2S150-6B3ID,Sản xuất
DNU2S,DNU2S150-5B3ID,Sản xuất
DNU2S,DNU2S150-4B3ID,Sản xuất
DNU2S,DNU2S150-3B3ID,Sản xuất
DNU2S,DNU2S150-6P3HN,Sản xuất
DNU2S,DNU2S150-5P3HN,Sản xuất
DNU2S,DNU2S150-4P3HN,Sản xuất
DNU2S,DNU2S150-3P3HN,Sản xuất
DNU2S,DNU2S150-6P3HT,Sản xuất
DNU2S,DNU2S150-5P3HT,Sản xuất
DNU2S,DNU2S150-4P3HT,Sản xuất
DNU2S,DNU2S150-3P3HT,Sản xuất
DNU2S,DNU2S150-6P3HD,Sản xuất
DNU2S,DNU2S150-5P3HD,Sản xuất
DNU2S,DNU2S150-4P3HD,Sản xuất
DNU2S,DNU2S150-3P3HD,Sản xuất
DNU2S,DNU2S150-6P3DN,Sản xuất
DNU2S,DNU2S150-5P3DN,Sản xuất
DNU2S,DNU2S150-4P3DN,Sản xuất
DNU2S,DNU2S150-3P3DN,Sản xuất
DNU2S,DNU2S150-6P3DT,Sản xuất
DNU2S,DNU2S150-5P3DT,Sản xuất
DNU2S,DNU2S150-4P3DT,Sản xuất
DNU2S,DNU2S150-3P3DT,Sản xuất
DNU2S,DNU2S150-6P3PT,Sản xuất
DNU2S,DNU2S150-5P3PT,Sản xuất
DNU2S,DNU2S150-4P3PT,Sản xuất
DNU2S,DNU2S150-3P3PT,Sản xuất
DNU2S,DNU2S150-6P3PD,Sản xuất
DNU2S,DNU2S150-5P3PD,Sản xuất
DNU2S,DNU2S150-4P3PD,Sản xuất
DNU2S,DNU2S150-3P3PD,Sản xuất
DNU2S,DNU2S150-6P3MT,Sản xuất
DNU2S,DNU2S150-5P3MT,Sản xuất
DNU2S,DNU2S150-4P3MT,Sản xuất
DNU2S,DNU2S150-3P3MT,Sản xuất
DNU2S,DNU2S150-6P3ID,Sản xuất
DNU2S,DNU2S150-5P3ID,Sản xuất
DNU2S,DNU2S150-4P3ID,Sản xuất
DNU2S,DNU2S150-3P3ID,Sản xuất
DNU2S,DNU2S200-6B3HN,Sản xuất
DNU2S,DNU2S200-5B3HN,Sản xuất
DNU2S,DNU2S200-4B3HN,Sản xuất
DNU2S,DNU2S200-3B3HN,Sản xuất
DNU2S,DNU2S200-6B3HT,Sản xuất
DNU2S,DNU2S200-5B3HT,Sản xuất
DNU2S,DNU2S200-4B3HT,Sản xuất
DNU2S,DNU2S200-3B3HT,Sản xuất
DNU2S,DNU2S200-6B3HD,Sản xuất
DNU2S,DNU2S200-5B3HD,Sản xuất
DNU2S,DNU2S200-4B3HD,Sản xuất
DNU2S,DNU2S200-3B3HD,Sản xuất
DNU2S,DNU2S200-6B3DN,Sản xuất
DNU2S,DNU2S200-5B3DN,Sản xuất
DNU2S,DNU2S200-4B3DN,Sản xuất
DNU2S,DNU2S200-3B3DN,Sản xuất
DNU2S,DNU2S200-6B3DT,Sản xuất
DNU2S,DNU2S200-5B3DT,Sản xuất
DNU2S,DNU2S200-4B3DT,Sản xuất
DNU2S,DNU2S200-3B3DT,Sản xuất
DNU2S,DNU2S200-6B3PT,Sản xuất
DNU2S,DNU2S200-5B3PT,Sản xuất
DNU2S,DNU2S200-4B3PT,Sản xuất
DNU2S,DNU2S200-3B3PT,Sản xuất
DNU2S,DNU2S200-6B3PD,Sản xuất
DNU2S,DNU2S200-5B3PD,Sản xuất
DNU2S,DNU2S200-4B3PD,Sản xuất
DNU2S,DNU2S200-3B3PD,Sản xuất
DNU2S,DNU2S200-6B3MT,Sản xuất
DNU2S,DNU2S200-5B3MT,Sản xuất
DNU2S,DNU2S200-4B3MT,Sản xuất
DNU2S,DNU2S200-3B3MT,Sản xuất
DNU2S,DNU2S200-6B3ID,Sản xuất
DNU2S,DNU2S200-5B3ID,Sản xuất
DNU2S,DNU2S200-4B3ID,Sản xuất
DNU2S,DNU2S200-3B3ID,Sản xuất
DNU2S,DNU2S200-6P3HN,Sản xuất
DNU2S,DNU2S200-5P3HN,Sản xuất
DNU2S,DNU2S200-4P3HN,Sản xuất
DNU2S,DNU2S200-3P3HN,Sản xuất
DNU2S,DNU2S200-6P3HT,Sản xuất
DNU2S,DNU2S200-5P3HT,Sản xuất
DNU2S,DNU2S200-4P3HT,Sản xuất
DNU2S,DNU2S200-3P3HT,Sản xuất
DNU2S,DNU2S200-6P3HD,Sản xuất
DNU2S,DNU2S200-5P3HD,Sản xuất
DNU2S,DNU2S200-4P3HD,Sản xuất
DNU2S,DNU2S200-3P3HD,Sản xuất
DNU2S,DNU2S200-6P3DN,Sản xuất
DNU2S,DNU2S200-5P3DN,Sản xuất
DNU2S,DNU2S200-4P3DN,Sản xuất
DNU2S,DNU2S200-3P3DN,Sản xuất
DNU2S,DNU2S200-6P3DT,Sản xuất
DNU2S,DNU2S200-5P3DT,Sản xuất
DNU2S,DNU2S200-4P3DT,Sản xuất
DNU2S,DNU2S200-3P3DT,Sản xuất
DNU2S,DNU2S200-6P3PT,Sản xuất
DNU2S,DNU2S200-5P3PT,Sản xuất
DNU2S,DNU2S200-4P3PT,Sản xuất
DNU2S,DNU2S200-3P3PT,Sản xuất
DNU2S,DNU2S200-6P3PD,Sản xuất
DNU2S,DNU2S200-5P3PD,Sản xuất
DNU2S,DNU2S200-4P3PD,Sản xuất
DNU2S,DNU2S200-3P3PD,Sản xuất
DNU2S,DNU2S200-6P3MT,Sản xuất
DNU2S,DNU2S200-5P3MT,Sản xuất
DNU2S,DNU2S200-4P3MT,Sản xuất
DNU2S,DNU2S200-3P3MT,Sản xuất
DNU2S,DNU2S200-6P3ID,Sản xuất
DNU2S,DNU2S200-5P3ID,Sản xuất
DNU2S,DNU2S200-4P3ID,Sản xuất
DNU2S,DNU2S200-3P3ID,Sản xuất
DNU2S,DNU2S250-6B3HN,Sản xuất
DNU2S,DNU2S250-5B3HN,Sản xuất
DNU2S,DNU2S250-4B3HN,Sản xuất
DNU2S,DNU2S250-3B3HN,Sản xuất
DNU2S,DNU2S250-6B3HT,Sản xuất
DNU2S,DNU2S250-5B3HT,Sản xuất
DNU2S,DNU2S250-4B3HT,Sản xuất
DNU2S,DNU2S250-3B3HT,Sản xuất
DNU2S,DNU2S250-6B3HD,Sản xuất
DNU2S,DNU2S250-5B3HD,Sản xuất
DNU2S,DNU2S250-4B3HD,Sản xuất
DNU2S,DNU2S250-3B3HD,Sản xuất
DNU2S,DNU2S250-6B3DN,Sản xuất
DNU2S,DNU2S250-5B3DN,Sản xuất
DNU2S,DNU2S250-4B3DN,Sản xuất
DNU2S,DNU2S250-3B3DN,Sản xuất
DNU2S,DNU2S250-6B3DT,Sản xuất
DNU2S,DNU2S250-5B3DT,Sản xuất
DNU2S,DNU2S250-4B3DT,Sản xuất
DNU2S,DNU2S250-3B3DT,Sản xuất
DNU2S,DNU2S250-6B3PT,Sản xuất
DNU2S,DNU2S250-5B3PT,Sản xuất
DNU2S,DNU2S250-4B3PT,Sản xuất
DNU2S,DNU2S250-3B3PT,Sản xuất
DNU2S,DNU2S250-6B3PD,Sản xuất
DNU2S,DNU2S250-5B3PD,Sản xuất
DNU2S,DNU2S250-4B3PD,Sản xuất
DNU2S,DNU2S250-3B3PD,Sản xuất
DNU2S,DNU2S250-6B3MT,Sản xuất
DNU2S,DNU2S250-5B3MT,Sản xuất
DNU2S,DNU2S250-4B3MT,Sản xuất
DNU2S,DNU2S250-3B3MT,Sản xuất
DNU2S,DNU2S250-6B3ID,Sản xuất
DNU2S,DNU2S250-5B3ID,Sản xuất
DNU2S,DNU2S250-4B3ID,Sản xuất
DNU2S,DNU2S250-3B3ID,Sản xuất
DNU2S,DNU2S250-6P3HN,Sản xuất
DNU2S,DNU2S250-5P3HN,Sản xuất
DNU2S,DNU2S250-4P3HN,Sản xuất
DNU2S,DNU2S250-3P3HN,Sản xuất
DNU2S,DNU2S250-6P3HT,Sản xuất
DNU2S,DNU2S250-5P3HT,Sản xuất
DNU2S,DNU2S250-4P3HT,Sản xuất
DNU2S,DNU2S250-3P3HT,Sản xuất
DNU2S,DNU2S250-6P3HD,Sản xuất
DNU2S,DNU2S250-5P3HD,Sản xuất
DNU2S,DNU2S250-4P3HD,Sản xuất
DNU2S,DNU2S250-3P3HD,Sản xuất
DNU2S,DNU2S250-6P3DN,Sản xuất
DNU2S,DNU2S250-5P3DN,Sản xuất
DNU2S,DNU2S250-4P3DN,Sản xuất
DNU2S,DNU2S250-3P3DN,Sản xuất
DNU2S,DNU2S250-6P3DT,Sản xuất
DNU2S,DNU2S250-5P3DT,Sản xuất
DNU2S,DNU2S250-4P3DT,Sản xuất
DNU2S,DNU2S250-3P3DT,Sản xuất
DNU2S,DNU2S250-6P3PT,Sản xuất
DNU2S,DNU2S250-5P3PT,Sản xuất
DNU2S,DNU2S250-4P3PT,Sản xuất
DNU2S,DNU2S250-3P3PT,Sản xuất
DNU2S,DNU2S250-6P3PD,Sản xuất
DNU2S,DNU2S250-5P3PD,Sản xuất
DNU2S,DNU2S250-4P3PD,Sản xuất
DNU2S,DNU2S250-3P3PD,Sản xuất
DNU2S,DNU2S250-6P3MT,Sản xuất
DNU2S,DNU2S250-5P3MT,Sản xuất
DNU2S,DNU2S250-4P3MT,Sản xuất
DNU2S,DNU2S250-3P3MT,Sản xuất
DNU2S,DNU2S250-6P3ID,Sản xuất
DNU2S,DNU2S250-5P3ID,Sản xuất
DNU2S,DNU2S250-4P3ID,Sản xuất
DNU2S,DNU2S250-3P3ID,Sản xuất
DNP1S,DNP1S050-6B3HN,Sản xuất
DNP1S,DNP1S050-5B3HN,Sản xuất
DNP1S,DNP1S050-4B3HN,Sản xuất
DNP1S,DNP1S050-3B3HN,Sản xuất
DNP1S,DNP1S050-6B3HT,Sản xuất
DNP1S,DNP1S050-5B3HT,Sản xuất
DNP1S,DNP1S050-4B3HT,Sản xuất
DNP1S,DNP1S050-3B3HT,Sản xuất
DNP1S,DNP1S050-6B3HD,Sản xuất
DNP1S,DNP1S050-5B3HD,Sản xuất
DNP1S,DNP1S050-4B3HD,Sản xuất
DNP1S,DNP1S050-3B3HD,Sản xuất
DNP1S,DNP1S050-6B3DN,Sản xuất
DNP1S,DNP1S050-5B3DN,Sản xuất
DNP1S,DNP1S050-4B3DN,Sản xuất
DNP1S,DNP1S050-3B3DN,Sản xuất
DNP1S,DNP1S050-6B3DT,Sản xuất
DNP1S,DNP1S050-5B3DT,Sản xuất
DNP1S,DNP1S050-4B3DT,Sản xuất
DNP1S,DNP1S050-3B3DT,Sản xuất
DNP1S,DNP1S050-6B3PT,Sản xuất
DNP1S,DNP1S050-5B3PT,Sản xuất
DNP1S,DNP1S050-4B3PT,Sản xuất
DNP1S,DNP1S050-3B3PT,Sản xuất
DNP1S,DNP1S050-6B3PD,Sản xuất
DNP1S,DNP1S050-5B3PD,Sản xuất
DNP1S,DNP1S050-4B3PD,Sản xuất
DNP1S,DNP1S050-3B3PD,Sản xuất
DNP1S,DNP1S050-6B3MT,Sản xuất
DNP1S,DNP1S050-5B3MT,Sản xuất
DNP1S,DNP1S050-4B3MT,Sản xuất
DNP1S,DNP1S050-3B3MT,Sản xuất
DNP1S,DNP1S050-6B3ID,Sản xuất
DNP1S,DNP1S050-5B3ID,Sản xuất
DNP1S,DNP1S050-4B3ID,Sản xuất
DNP1S,DNP1S050-3B3ID,Sản xuất
DNP1S,DNP1S050-6P3HN,Sản xuất
DNP1S,DNP1S050-5P3HN,Sản xuất
DNP1S,DNP1S050-4P3HN,Sản xuất
DNP1S,DNP1S050-3P3HN,Sản xuất
DNP1S,DNP1S050-6P3HT,Sản xuất
DNP1S,DNP1S050-5P3HT,Sản xuất
DNP1S,DNP1S050-4P3HT,Sản xuất
DNP1S,DNP1S050-3P3HT,Sản xuất
DNP1S,DNP1S050-6P3HD,Sản xuất
DNP1S,DNP1S050-5P3HD,Sản xuất
DNP1S,DNP1S050-4P3HD,Sản xuất
DNP1S,DNP1S050-3P3HD,Sản xuất
DNP1S,DNP1S050-6P3DN,Sản xuất
DNP1S,DNP1S050-5P3DN,Sản xuất
DNP1S,DNP1S050-4P3DN,Sản xuất
DNP1S,DNP1S050-3P3DN,Sản xuất
DNP1S,DNP1S050-6P3DT,Sản xuất
DNP1S,DNP1S050-5P3DT,Sản xuất
DNP1S,DNP1S050-4P3DT,Sản xuất
DNP1S,DNP1S050-3P3DT,Sản xuất
DNP1S,DNP1S050-6P3PT,Sản xuất
DNP1S,DNP1S050-5P3PT,Sản xuất
DNP1S,DNP1S050-4P3PT,Sản xuất
DNP1S,DNP1S050-3P3PT,Sản xuất
DNP1S,DNP1S050-6P3PD,Sản xuất
DNP1S,DNP1S050-5P3PD,Sản xuất
DNP1S,DNP1S050-4P3PD,Sản xuất
DNP1S,DNP1S050-3P3PD,Sản xuất
DNP1S,DNP1S050-6P3MT,Sản xuất
DNP1S,DNP1S050-5P3MT,Sản xuất
DNP1S,DNP1S050-4P3MT,Sản xuất
DNP1S,DNP1S050-3P3MT,Sản xuất
DNP1S,DNP1S050-6P3ID,Sản xuất
DNP1S,DNP1S050-5P3ID,Sản xuất
DNP1S,DNP1S050-4P3ID,Sản xuất
DNP1S,DNP1S050-3P3ID,Sản xuất
DNP1S,DNP1S100-6B3HN,Sản xuất
DNP1S,DNP1S100-5B3HN,Sản xuất
DNP1S,DNP1S100-4B3HN,Sản xuất
DNP1S,DNP1S100-3B3HN,Sản xuất
DNP1S,DNP1S100-6B3HT,Sản xuất
DNP1S,DNP1S100-5B3HT,Sản xuất
DNP1S,DNP1S100-4B3HT,Sản xuất
DNP1S,DNP1S100-3B3HT,Sản xuất
DNP1S,DNP1S100-6B3HD,Sản xuất
DNP1S,DNP1S100-5B3HD,Sản xuất
DNP1S,DNP1S100-4B3HD,Sản xuất
DNP1S,DNP1S100-3B3HD,Sản xuất
DNP1S,DNP1S100-6B3DN,Sản xuất
DNP1S,DNP1S100-5B3DN,Sản xuất
DNP1S,DNP1S100-4B3DN,Sản xuất
DNP1S,DNP1S100-3B3DN,Sản xuất
DNP1S,DNP1S100-6B3DT,Sản xuất
DNP1S,DNP1S100-5B3DT,Sản xuất
DNP1S,DNP1S100-4B3DT,Sản xuất
DNP1S,DNP1S100-3B3DT,Sản xuất
DNP1S,DNP1S100-6B3PT,Sản xuất
DNP1S,DNP1S100-5B3PT,Sản xuất
DNP1S,DNP1S100-4B3PT,Sản xuất
DNP1S,DNP1S100-3B3PT,Sản xuất
DNP1S,DNP1S100-6B3PD,Sản xuất
DNP1S,DNP1S100-5B3PD,Sản xuất
DNP1S,DNP1S100-4B3PD,Sản xuất
DNP1S,DNP1S100-3B3PD,Sản xuất
DNP1S,DNP1S100-6B3MT,Sản xuất
DNP1S,DNP1S100-5B3MT,Sản xuất
DNP1S,DNP1S100-4B3MT,Sản xuất
DNP1S,DNP1S100-3B3MT,Sản xuất
DNP1S,DNP1S100-6B3ID,Sản xuất
DNP1S,DNP1S100-5B3ID,Sản xuất
DNP1S,DNP1S100-4B3ID,Sản xuất
DNP1S,DNP1S100-3B3ID,Sản xuất
DNP1S,DNP1S100-6P3HN,Sản xuất
DNP1S,DNP1S100-5P3HN,Sản xuất
DNP1S,DNP1S100-4P3HN,Sản xuất
DNP1S,DNP1S100-3P3HN,Sản xuất
DNP1S,DNP1S100-6P3HT,Sản xuất
DNP1S,DNP1S100-5P3HT,Sản xuất
DNP1S,DNP1S100-4P3HT,Sản xuất
DNP1S,DNP1S100-3P3HT,Sản xuất
DNP1S,DNP1S100-6P3HD,Sản xuất
DNP1S,DNP1S100-5P3HD,Sản xuất
DNP1S,DNP1S100-4P3HD,Sản xuất
DNP1S,DNP1S100-3P3HD,Sản xuất
DNP1S,DNP1S100-6P3DN,Sản xuất
DNP1S,DNP1S100-5P3DN,Sản xuất
DNP1S,DNP1S100-4P3DN,Sản xuất
DNP1S,DNP1S100-3P3DN,Sản xuất
DNP1S,DNP1S100-6P3DT,Sản xuất
DNP1S,DNP1S100-5P3DT,Sản xuất
DNP1S,DNP1S100-4P3DT,Sản xuất
DNP1S,DNP1S100-3P3DT,Sản xuất
DNP1S,DNP1S100-6P3PT,Sản xuất
DNP1S,DNP1S100-5P3PT,Sản xuất
DNP1S,DNP1S100-4P3PT,Sản xuất
DNP1S,DNP1S100-3P3PT,Sản xuất
DNP1S,DNP1S100-6P3PD,Sản xuất
DNP1S,DNP1S100-5P3PD,Sản xuất
DNP1S,DNP1S100-4P3PD,Sản xuất
DNP1S,DNP1S100-3P3PD,Sản xuất
DNP1S,DNP1S100-6P3MT,Sản xuất
DNP1S,DNP1S100-5P3MT,Sản xuất
DNP1S,DNP1S100-4P3MT,Sản xuất
DNP1S,DNP1S100-3P3MT,Sản xuất
DNP1S,DNP1S100-6P3ID,Sản xuất
DNP1S,DNP1S100-5P3ID,Sản xuất
DNP1S,DNP1S100-4P3ID,Sản xuất
DNP1S,DNP1S100-3P3ID,Sản xuất
DNP1S,DNP1S150-6B3HN,Sản xuất
DNP1S,DNP1S150-5B3HN,Sản xuất
DNP1S,DNP1S150-4B3HN,Sản xuất
DNP1S,DNP1S150-3B3HN,Sản xuất
DNP1S,DNP1S150-6B3HT,Sản xuất
DNP1S,DNP1S150-5B3HT,Sản xuất
DNP1S,DNP1S150-4B3HT,Sản xuất
DNP1S,DNP1S150-3B3HT,Sản xuất
DNP1S,DNP1S150-6B3HD,Sản xuất
DNP1S,DNP1S150-5B3HD,Sản xuất
DNP1S,DNP1S150-4B3HD,Sản xuất
DNP1S,DNP1S150-3B3HD,Sản xuất
DNP1S,DNP1S150-6B3DN,Sản xuất
DNP1S,DNP1S150-5B3DN,Sản xuất
DNP1S,DNP1S150-4B3DN,Sản xuất
DNP1S,DNP1S150-3B3DN,Sản xuất
DNP1S,DNP1S150-6B3DT,Sản xuất
DNP1S,DNP1S150-5B3DT,Sản xuất
DNP1S,DNP1S150-4B3DT,Sản xuất
DNP1S,DNP1S150-3B3DT,Sản xuất
DNP1S,DNP1S150-6B3PT,Sản xuất
DNP1S,DNP1S150-5B3PT,Sản xuất
DNP1S,DNP1S150-4B3PT,Sản xuất
DNP1S,DNP1S150-3B3PT,Sản xuất
DNP1S,DNP1S150-6B3PD,Sản xuất
DNP1S,DNP1S150-5B3PD,Sản xuất
DNP1S,DNP1S150-4B3PD,Sản xuất
DNP1S,DNP1S150-3B3PD,Sản xuất
DNP1S,DNP1S150-6B3MT,Sản xuất
DNP1S,DNP1S150-5B3MT,Sản xuất
DNP1S,DNP1S150-4B3MT,Sản xuất
DNP1S,DNP1S150-3B3MT,Sản xuất
DNP1S,DNP1S150-6B3ID,Sản xuất
DNP1S,DNP1S150-5B3ID,Sản xuất
DNP1S,DNP1S150-4B3ID,Sản xuất
DNP1S,DNP1S150-3B3ID,Sản xuất
DNP1S,DNP1S150-6P3HN,Sản xuất
DNP1S,DNP1S150-5P3HN,Sản xuất
DNP1S,DNP1S150-4P3HN,Sản xuất
DNP1S,DNP1S150-3P3HN,Sản xuất
DNP1S,DNP1S150-6P3HT,Sản xuất
DNP1S,DNP1S150-5P3HT,Sản xuất
DNP1S,DNP1S150-4P3HT,Sản xuất
DNP1S,DNP1S150-3P3HT,Sản xuất
DNP1S,DNP1S150-6P3HD,Sản xuất
DNP1S,DNP1S150-5P3HD,Sản xuất
DNP1S,DNP1S150-4P3HD,Sản xuất
DNP1S,DNP1S150-3P3HD,Sản xuất
DNP1S,DNP1S150-6P3DN,Sản xuất
DNP1S,DNP1S150-5P3DN,Sản xuất
DNP1S,DNP1S150-4P3DN,Sản xuất
DNP1S,DNP1S150-3P3DN,Sản xuất
DNP1S,DNP1S150-6P3DT,Sản xuất
DNP1S,DNP1S150-5P3DT,Sản xuất
DNP1S,DNP1S150-4P3DT,Sản xuất
DNP1S,DNP1S150-3P3DT,Sản xuất
DNP1S,DNP1S150-6P3PT,Sản xuất
DNP1S,DNP1S150-5P3PT,Sản xuất
DNP1S,DNP1S150-4P3PT,Sản xuất
DNP1S,DNP1S150-3P3PT,Sản xuất
DNP1S,DNP1S150-6P3PD,Sản xuất
DNP1S,DNP1S150-5P3PD,Sản xuất
DNP1S,DNP1S150-4P3PD,Sản xuất
DNP1S,DNP1S150-3P3PD,Sản xuất
DNP1S,DNP1S150-6P3MT,Sản xuất
DNP1S,DNP1S150-5P3MT,Sản xuất
DNP1S,DNP1S150-4P3MT,Sản xuất
DNP1S,DNP1S150-3P3MT,Sản xuất
DNP1S,DNP1S150-6P3ID,Sản xuất
DNP1S,DNP1S150-5P3ID,Sản xuất
DNP1S,DNP1S150-4P3ID,Sản xuất
DNP1S,DNP1S150-3P3ID,Sản xuất
DNP1S,DNP1S200-6B3HN,Sản xuất
DNP1S,DNP1S200-5B3HN,Sản xuất
DNP1S,DNP1S200-4B3HN,Sản xuất
DNP1S,DNP1S200-3B3HN,Sản xuất
DNP1S,DNP1S200-6B3HT,Sản xuất
DNP1S,DNP1S200-5B3HT,Sản xuất
DNP1S,DNP1S200-4B3HT,Sản xuất
DNP1S,DNP1S200-3B3HT,Sản xuất
DNP1S,DNP1S200-6B3HD,Sản xuất
DNP1S,DNP1S200-5B3HD,Sản xuất
DNP1S,DNP1S200-4B3HD,Sản xuất
DNP1S,DNP1S200-3B3HD,Sản xuất
DNP1S,DNP1S200-6B3DN,Sản xuất
DNP1S,DNP1S200-5B3DN,Sản xuất
DNP1S,DNP1S200-4B3DN,Sản xuất
DNP1S,DNP1S200-3B3DN,Sản xuất
DNP1S,DNP1S200-6B3DT,Sản xuất
DNP1S,DNP1S200-5B3DT,Sản xuất
DNP1S,DNP1S200-4B3DT,Sản xuất
DNP1S,DNP1S200-3B3DT,Sản xuất
DNP1S,DNP1S200-6B3PT,Sản xuất
DNP1S,DNP1S200-5B3PT,Sản xuất
DNP1S,DNP1S200-4B3PT,Sản xuất
DNP1S,DNP1S200-3B3PT,Sản xuất
DNP1S,DNP1S200-6B3PD,Sản xuất
DNP1S,DNP1S200-5B3PD,Sản xuất
DNP1S,DNP1S200-4B3PD,Sản xuất
DNP1S,DNP1S200-3B3PD,Sản xuất
DNP1S,DNP1S200-6B3MT,Sản xuất
DNP1S,DNP1S200-5B3MT,Sản xuất
DNP1S,DNP1S200-4B3MT,Sản xuất
DNP1S,DNP1S200-3B3MT,Sản xuất
DNP1S,DNP1S200-6B3ID,Sản xuất
DNP1S,DNP1S200-5B3ID,Sản xuất
DNP1S,DNP1S200-4B3ID,Sản xuất
DNP1S,DNP1S200-3B3ID,Sản xuất
DNP1S,DNP1S200-6P3HN,Sản xuất
DNP1S,DNP1S200-5P3HN,Sản xuất
DNP1S,DNP1S200-4P3HN,Sản xuất
DNP1S,DNP1S200-3P3HN,Sản xuất
DNP1S,DNP1S200-6P3HT,Sản xuất
DNP1S,DNP1S200-5P3HT,Sản xuất
DNP1S,DNP1S200-4P3HT,Sản xuất
DNP1S,DNP1S200-3P3HT,Sản xuất
DNP1S,DNP1S200-6P3HD,Sản xuất
DNP1S,DNP1S200-5P3HD,Sản xuất
DNP1S,DNP1S200-4P3HD,Sản xuất
DNP1S,DNP1S200-3P3HD,Sản xuất
DNP1S,DNP1S200-6P3DN,Sản xuất
DNP1S,DNP1S200-5P3DN,Sản xuất
DNP1S,DNP1S200-4P3DN,Sản xuất
DNP1S,DNP1S200-3P3DN,Sản xuất
DNP1S,DNP1S200-6P3DT,Sản xuất
DNP1S,DNP1S200-5P3DT,Sản xuất
DNP1S,DNP1S200-4P3DT,Sản xuất
DNP1S,DNP1S200-3P3DT,Sản xuất
DNP1S,DNP1S200-6P3PT,Sản xuất
DNP1S,DNP1S200-5P3PT,Sản xuất
DNP1S,DNP1S200-4P3PT,Sản xuất
DNP1S,DNP1S200-3P3PT,Sản xuất
DNP1S,DNP1S200-6P3PD,Sản xuất
DNP1S,DNP1S200-5P3PD,Sản xuất
DNP1S,DNP1S200-4P3PD,Sản xuất
DNP1S,DNP1S200-3P3PD,Sản xuất
DNP1S,DNP1S200-6P3MT,Sản xuất
DNP1S,DNP1S200-5P3MT,Sản xuất
DNP1S,DNP1S200-4P3MT,Sản xuất
DNP1S,DNP1S200-3P3MT,Sản xuất
DNP1S,DNP1S200-6P3ID,Sản xuất
DNP1S,DNP1S200-5P3ID,Sản xuất
DNP1S,DNP1S200-4P3ID,Sản xuất
DNP1S,DNP1S200-3P3ID,Sản xuất
DNP1S,DNP1S250-6B3HN,Sản xuất
DNP1S,DNP1S250-5B3HN,Sản xuất
DNP1S,DNP1S250-4B3HN,Sản xuất
DNP1S,DNP1S250-3B3HN,Sản xuất
DNP1S,DNP1S250-6B3HT,Sản xuất
DNP1S,DNP1S250-5B3HT,Sản xuất
DNP1S,DNP1S250-4B3HT,Sản xuất
DNP1S,DNP1S250-3B3HT,Sản xuất
DNP1S,DNP1S250-6B3HD,Sản xuất
DNP1S,DNP1S250-5B3HD,Sản xuất
DNP1S,DNP1S250-4B3HD,Sản xuất
DNP1S,DNP1S250-3B3HD,Sản xuất
DNP1S,DNP1S250-6B3DN,Sản xuất
DNP1S,DNP1S250-5B3DN,Sản xuất
DNP1S,DNP1S250-4B3DN,Sản xuất
DNP1S,DNP1S250-3B3DN,Sản xuất
DNP1S,DNP1S250-6B3DT,Sản xuất
DNP1S,DNP1S250-5B3DT,Sản xuất
DNP1S,DNP1S250-4B3DT,Sản xuất
DNP1S,DNP1S250-3B3DT,Sản xuất
DNP1S,DNP1S250-6B3PT,Sản xuất
DNP1S,DNP1S250-5B3PT,Sản xuất
DNP1S,DNP1S250-4B3PT,Sản xuất
DNP1S,DNP1S250-3B3PT,Sản xuất
DNP1S,DNP1S250-6B3PD,Sản xuất
DNP1S,DNP1S250-5B3PD,Sản xuất
DNP1S,DNP1S250-4B3PD,Sản xuất
DNP1S,DNP1S250-3B3PD,Sản xuất
DNP1S,DNP1S250-6B3MT,Sản xuất
DNP1S,DNP1S250-5B3MT,Sản xuất
DNP1S,DNP1S250-4B3MT,Sản xuất
DNP1S,DNP1S250-3B3MT,Sản xuất
DNP1S,DNP1S250-6B3ID,Sản xuất
DNP1S,DNP1S250-5B3ID,Sản xuất
DNP1S,DNP1S250-4B3ID,Sản xuất
DNP1S,DNP1S250-3B3ID,Sản xuất
DNP1S,DNP1S250-6P3HN,Sản xuất
DNP1S,DNP1S250-5P3HN,Sản xuất
DNP1S,DNP1S250-4P3HN,Sản xuất
DNP1S,DNP1S250-3P3HN,Sản xuất
DNP1S,DNP1S250-6P3HT,Sản xuất
DNP1S,DNP1S250-5P3HT,Sản xuất
DNP1S,DNP1S250-4P3HT,Sản xuất
DNP1S,DNP1S250-3P3HT,Sản xuất
DNP1S,DNP1S250-6P3HD,Sản xuất
DNP1S,DNP1S250-5P3HD,Sản xuất
DNP1S,DNP1S250-4P3HD,Sản xuất
DNP1S,DNP1S250-3P3HD,Sản xuất
DNP1S,DNP1S250-6P3DN,Sản xuất
DNP1S,DNP1S250-5P3DN,Sản xuất
DNP1S,DNP1S250-4P3DN,Sản xuất
DNP1S,DNP1S250-3P3DN,Sản xuất
DNP1S,DNP1S250-6P3DT,Sản xuất
DNP1S,DNP1S250-5P3DT,Sản xuất
DNP1S,DNP1S250-4P3DT,Sản xuất
DNP1S,DNP1S250-3P3DT,Sản xuất
DNP1S,DNP1S250-6P3PT,Sản xuất
DNP1S,DNP1S250-5P3PT,Sản xuất
DNP1S,DNP1S250-4P3PT,Sản xuất
DNP1S,DNP1S250-3P3PT,Sản xuất
DNP1S,DNP1S250-6P3PD,Sản xuất
DNP1S,DNP1S250-5P3PD,Sản xuất
DNP1S,DNP1S250-4P3PD,Sản xuất
DNP1S,DNP1S250-3P3PD,Sản xuất
DNP1S,DNP1S250-6P3MT,Sản xuất
DNP1S,DNP1S250-5P3MT,Sản xuất
DNP1S,DNP1S250-4P3MT,Sản xuất
DNP1S,DNP1S250-3P3MT,Sản xuất
DNP1S,DNP1S250-6P3ID,Sản xuất
DNP1S,DNP1S250-5P3ID,Sản xuất
DNP1S,DNP1S250-4P3ID,Sản xuất
DNP1S,DNP1S250-3P3ID,Sản xuất
DNP1S,DNP1S300-6B3HN,Sản xuất
DNP1S,DNP1S300-5B3HN,Sản xuất
DNP1S,DNP1S300-4B3HN,Sản xuất
DNP1S,DNP1S300-3B3HN,Sản xuất
DNP1S,DNP1S300-6B3HT,Sản xuất
DNP1S,DNP1S300-5B3HT,Sản xuất
DNP1S,DNP1S300-4B3HT,Sản xuất
DNP1S,DNP1S300-3B3HT,Sản xuất
DNP1S,DNP1S300-6B3HD,Sản xuất
DNP1S,DNP1S300-5B3HD,Sản xuất
DNP1S,DNP1S300-4B3HD,Sản xuất
DNP1S,DNP1S300-3B3HD,Sản xuất
DNP1S,DNP1S300-6B3DN,Sản xuất
DNP1S,DNP1S300-5B3DN,Sản xuất
DNP1S,DNP1S300-4B3DN,Sản xuất
DNP1S,DNP1S300-3B3DN,Sản xuất
DNP1S,DNP1S300-6B3DT,Sản xuất
DNP1S,DNP1S300-5B3DT,Sản xuất
DNP1S,DNP1S300-4B3DT,Sản xuất
DNP1S,DNP1S300-3B3DT,Sản xuất
DNP1S,DNP1S300-6B3PT,Sản xuất
DNP1S,DNP1S300-5B3PT,Sản xuất
DNP1S,DNP1S300-4B3PT,Sản xuất
DNP1S,DNP1S300-3B3PT,Sản xuất
DNP1S,DNP1S300-6B3PD,Sản xuất
DNP1S,DNP1S300-5B3PD,Sản xuất
DNP1S,DNP1S300-4B3PD,Sản xuất
DNP1S,DNP1S300-3B3PD,Sản xuất
DNP1S,DNP1S300-6B3MT,Sản xuất
DNP1S,DNP1S300-5B3MT,Sản xuất
DNP1S,DNP1S300-4B3MT,Sản xuất
DNP1S,DNP1S300-3B3MT,Sản xuất
DNP1S,DNP1S300-6B3ID,Sản xuất
DNP1S,DNP1S300-5B3ID,Sản xuất
DNP1S,DNP1S300-4B3ID,Sản xuất
DNP1S,DNP1S300-3B3ID,Sản xuất
DNP1S,DNP1S300-6P3HN,Sản xuất
DNP1S,DNP1S300-5P3HN,Sản xuất
DNP1S,DNP1S300-4P3HN,Sản xuất
DNP1S,DNP1S300-3P3HN,Sản xuất
DNP1S,DNP1S300-6P3HT,Sản xuất
DNP1S,DNP1S300-5P3HT,Sản xuất
DNP1S,DNP1S300-4P3HT,Sản xuất
DNP1S,DNP1S300-3P3HT,Sản xuất
DNP1S,DNP1S300-6P3HD,Sản xuất
DNP1S,DNP1S300-5P3HD,Sản xuất
DNP1S,DNP1S300-4P3HD,Sản xuất
DNP1S,DNP1S300-3P3HD,Sản xuất
DNP1S,DNP1S300-6P3DN,Sản xuất
DNP1S,DNP1S300-5P3DN,Sản xuất
DNP1S,DNP1S300-4P3DN,Sản xuất
DNP1S,DNP1S300-3P3DN,Sản xuất
DNP1S,DNP1S300-6P3DT,Sản xuất
DNP1S,DNP1S300-5P3DT,Sản xuất
DNP1S,DNP1S300-4P3DT,Sản xuất
DNP1S,DNP1S300-3P3DT,Sản xuất
DNP1S,DNP1S300-6P3PT,Sản xuất
DNP1S,DNP1S300-5P3PT,Sản xuất
DNP1S,DNP1S300-4P3PT,Sản xuất
DNP1S,DNP1S300-3P3PT,Sản xuất
DNP1S,DNP1S300-6P3PD,Sản xuất
DNP1S,DNP1S300-5P3PD,Sản xuất
DNP1S,DNP1S300-4P3PD,Sản xuất
DNP1S,DNP1S300-3P3PD,Sản xuất
DNP1S,DNP1S300-6P3MT,Sản xuất
DNP1S,DNP1S300-5P3MT,Sản xuất
DNP1S,DNP1S300-4P3MT,Sản xuất
DNP1S,DNP1S300-3P3MT,Sản xuất
DNP1S,DNP1S300-6P3ID,Sản xuất
DNP1S,DNP1S300-5P3ID,Sản xuất
DNP1S,DNP1S300-4P3ID,Sản xuất
DNP1S,DNP1S300-3P3ID,Sản xuất
DNP1S,DNP1S400-6B3HN,Sản xuất
DNP1S,DNP1S400-5B3HN,Sản xuất
DNP1S,DNP1S400-4B3HN,Sản xuất
DNP1S,DNP1S400-3B3HN,Sản xuất
DNP1S,DNP1S400-6B3HT,Sản xuất
DNP1S,DNP1S400-5B3HT,Sản xuất
DNP1S,DNP1S400-4B3HT,Sản xuất
DNP1S,DNP1S400-3B3HT,Sản xuất
DNP1S,DNP1S400-6B3HD,Sản xuất
DNP1S,DNP1S400-5B3HD,Sản xuất
DNP1S,DNP1S400-4B3HD,Sản xuất
DNP1S,DNP1S400-3B3HD,Sản xuất
DNP1S,DNP1S400-6B3DN,Sản xuất
DNP1S,DNP1S400-5B3DN,Sản xuất
DNP1S,DNP1S400-4B3DN,Sản xuất
DNP1S,DNP1S400-3B3DN,Sản xuất
DNP1S,DNP1S400-6B3DT,Sản xuất
DNP1S,DNP1S400-5B3DT,Sản xuất
DNP1S,DNP1S400-4B3DT,Sản xuất
DNP1S,DNP1S400-3B3DT,Sản xuất
DNP1S,DNP1S400-6B3PT,Sản xuất
DNP1S,DNP1S400-5B3PT,Sản xuất
DNP1S,DNP1S400-4B3PT,Sản xuất
DNP1S,DNP1S400-3B3PT,Sản xuất
DNP1S,DNP1S400-6B3PD,Sản xuất
DNP1S,DNP1S400-5B3PD,Sản xuất
DNP1S,DNP1S400-4B3PD,Sản xuất
DNP1S,DNP1S400-3B3PD,Sản xuất
DNP1S,DNP1S400-6B3MT,Sản xuất
DNP1S,DNP1S400-5B3MT,Sản xuất
DNP1S,DNP1S400-4B3MT,Sản xuất
DNP1S,DNP1S400-3B3MT,Sản xuất
DNP1S,DNP1S400-6B3ID,Sản xuất
DNP1S,DNP1S400-5B3ID,Sản xuất
DNP1S,DNP1S400-4B3ID,Sản xuất
DNP1S,DNP1S400-3B3ID,Sản xuất
DNP1S,DNP1S400-6P3HN,Sản xuất
DNP1S,DNP1S400-5P3HN,Sản xuất
DNP1S,DNP1S400-4P3HN,Sản xuất
DNP1S,DNP1S400-3P3HN,Sản xuất
DNP1S,DNP1S400-6P3HT,Sản xuất
DNP1S,DNP1S400-5P3HT,Sản xuất
DNP1S,DNP1S400-4P3HT,Sản xuất
DNP1S,DNP1S400-3P3HT,Sản xuất
DNP1S,DNP1S400-6P3HD,Sản xuất
DNP1S,DNP1S400-5P3HD,Sản xuất
DNP1S,DNP1S400-4P3HD,Sản xuất
DNP1S,DNP1S400-3P3HD,Sản xuất
DNP1S,DNP1S400-6P3DN,Sản xuất
DNP1S,DNP1S400-5P3DN,Sản xuất
DNP1S,DNP1S400-4P3DN,Sản xuất
DNP1S,DNP1S400-3P3DN,Sản xuất
DNP1S,DNP1S400-6P3DT,Sản xuất
DNP1S,DNP1S400-5P3DT,Sản xuất
DNP1S,DNP1S400-4P3DT,Sản xuất
DNP1S,DNP1S400-3P3DT,Sản xuất
DNP1S,DNP1S400-6P3PT,Sản xuất
DNP1S,DNP1S400-5P3PT,Sản xuất
DNP1S,DNP1S400-4P3PT,Sản xuất
DNP1S,DNP1S400-3P3PT,Sản xuất
DNP1S,DNP1S400-6P3PD,Sản xuất
DNP1S,DNP1S400-5P3PD,Sản xuất
DNP1S,DNP1S400-4P3PD,Sản xuất
DNP1S,DNP1S400-3P3PD,Sản xuất
DNP1S,DNP1S400-6P3MT,Sản xuất
DNP1S,DNP1S400-5P3MT,Sản xuất
DNP1S,DNP1S400-4P3MT,Sản xuất
DNP1S,DNP1S400-3P3MT,Sản xuất
DNP1S,DNP1S400-6P3ID,Sản xuất
DNP1S,DNP1S400-5P3ID,Sản xuất
DNP1S,DNP1S400-4P3ID,Sản xuất
DNP1S,DNP1S400-3P3ID,Sản xuất
DD71S,DD71S050-6B3HN,Sản xuất
DD71S,DD71S050-5B3HN,Sản xuất
DD71S,DD71S050-4B3HN,Sản xuất
DD71S,DD71S050-3B3HN,Sản xuất
DD71S,DD71S050-6B3HT,Sản xuất
DD71S,DD71S050-5B3HT,Sản xuất
DD71S,DD71S050-4B3HT,Sản xuất
DD71S,DD71S050-3B3HT,Sản xuất
DD71S,DD71S050-6B3HD,Sản xuất
DD71S,DD71S050-5B3HD,Sản xuất
DD71S,DD71S050-4B3HD,Sản xuất
DD71S,DD71S050-3B3HD,Sản xuất
DD71S,DD71S050-6B3DN,Sản xuất
DD71S,DD71S050-5B3DN,Sản xuất
DD71S,DD71S050-4B3DN,Sản xuất
DD71S,DD71S050-3B3DN,Sản xuất
DD71S,DD71S050-6B3DT,Sản xuất
DD71S,DD71S050-5B3DT,Sản xuất
DD71S,DD71S050-4B3DT,Sản xuất
DD71S,DD71S050-3B3DT,Sản xuất
DD71S,DD71S050-6B3PT,Sản xuất
DD71S,DD71S050-5B3PT,Sản xuất
DD71S,DD71S050-4B3PT,Sản xuất
DD71S,DD71S050-3B3PT,Sản xuất
DD71S,DD71S050-6B3PD,Sản xuất
DD71S,DD71S050-5B3PD,Sản xuất
DD71S,DD71S050-4B3PD,Sản xuất
DD71S,DD71S050-3B3PD,Sản xuất
DD71S,DD71S050-6B3MT,Sản xuất
DD71S,DD71S050-5B3MT,Sản xuất
DD71S,DD71S050-4B3MT,Sản xuất
DD71S,DD71S050-3B3MT,Sản xuất
DD71S,DD71S050-6B3ID,Sản xuất
DD71S,DD71S050-5B3ID,Sản xuất
DD71S,DD71S050-4B3ID,Sản xuất
DD71S,DD71S050-3B3ID,Sản xuất
DD71S,DD71S050-6B3SL,Sản xuất
DD71S,DD71S050-5B3SL,Sản xuất
DD71S,DD71S050-4B3SL,Sản xuất
DD71S,DD71S050-3B3SL,Sản xuất
DD71S,DD71S050-6P3HN,Sản xuất
DD71S,DD71S050-5P3HN,Sản xuất
DD71S,DD71S050-4P3HN,Sản xuất
DD71S,DD71S050-3P3HN,Sản xuất
DD71S,DD71S050-6P3HT,Sản xuất
DD71S,DD71S050-5P3HT,Sản xuất
DD71S,DD71S050-4P3HT,Sản xuất
DD71S,DD71S050-3P3HT,Sản xuất
DD71S,DD71S050-6P3HD,Sản xuất
DD71S,DD71S050-5P3HD,Sản xuất
DD71S,DD71S050-4P3HD,Sản xuất
DD71S,DD71S050-3P3HD,Sản xuất
DD71S,DD71S050-6P3DN,Sản xuất
DD71S,DD71S050-5P3DN,Sản xuất
DD71S,DD71S050-4P3DN,Sản xuất
DD71S,DD71S050-3P3DN,Sản xuất
DD71S,DD71S050-6P3DT,Sản xuất
DD71S,DD71S050-5P3DT,Sản xuất
DD71S,DD71S050-4P3DT,Sản xuất
DD71S,DD71S050-3P3DT,Sản xuất
DD71S,DD71S050-6P3PT,Sản xuất
DD71S,DD71S050-5P3PT,Sản xuất
DD71S,DD71S050-4P3PT,Sản xuất
DD71S,DD71S050-3P3PT,Sản xuất
DD71S,DD71S050-6P3PD,Sản xuất
DD71S,DD71S050-5P3PD,Sản xuất
DD71S,DD71S050-4P3PD,Sản xuất
DD71S,DD71S050-3P3PD,Sản xuất
DD71S,DD71S050-6P3MT,Sản xuất
DD71S,DD71S050-5P3MT,Sản xuất
DD71S,DD71S050-4P3MT,Sản xuất
DD71S,DD71S050-3P3MT,Sản xuất
DD71S,DD71S050-6P3ID,Sản xuất
DD71S,DD71S050-5P3ID,Sản xuất
DD71S,DD71S050-4P3ID,Sản xuất
DD71S,DD71S050-3P3ID,Sản xuất
DD71S,DD71S050-6P3SL,Sản xuất
DD71S,DD71S050-5P3SL,Sản xuất
DD71S,DD71S050-4P3SL,Sản xuất
DD71S,DD71S050-3P3SL,Sản xuất
DD71S,DD71S100-6B3HN,Sản xuất
DD71S,DD71S100-5B3HN,Sản xuất
DD71S,DD71S100-4B3HN,Sản xuất
DD71S,DD71S100-3B3HN,Sản xuất
DD71S,DD71S100-6B3HT,Sản xuất
DD71S,DD71S100-5B3HT,Sản xuất
DD71S,DD71S100-4B3HT,Sản xuất
DD71S,DD71S100-3B3HT,Sản xuất
DD71S,DD71S100-6B3HD,Sản xuất
DD71S,DD71S100-5B3HD,Sản xuất
DD71S,DD71S100-4B3HD,Sản xuất
DD71S,DD71S100-3B3HD,Sản xuất
DD71S,DD71S100-6B3DN,Sản xuất
DD71S,DD71S100-5B3DN,Sản xuất
DD71S,DD71S100-4B3DN,Sản xuất
DD71S,DD71S100-3B3DN,Sản xuất
DD71S,DD71S100-6B3DT,Sản xuất
DD71S,DD71S100-5B3DT,Sản xuất
DD71S,DD71S100-4B3DT,Sản xuất
DD71S,DD71S100-3B3DT,Sản xuất
DD71S,DD71S100-6B3PT,Sản xuất
DD71S,DD71S100-5B3PT,Sản xuất
DD71S,DD71S100-4B3PT,Sản xuất
DD71S,DD71S100-3B3PT,Sản xuất
DD71S,DD71S100-6B3PD,Sản xuất
DD71S,DD71S100-5B3PD,Sản xuất
DD71S,DD71S100-4B3PD,Sản xuất
DD71S,DD71S100-3B3PD,Sản xuất
DD71S,DD71S100-6B3MT,Sản xuất
DD71S,DD71S100-5B3MT,Sản xuất
DD71S,DD71S100-4B3MT,Sản xuất
DD71S,DD71S100-3B3MT,Sản xuất
DD71S,DD71S100-6B3ID,Sản xuất
DD71S,DD71S100-5B3ID,Sản xuất
DD71S,DD71S100-4B3ID,Sản xuất
DD71S,DD71S100-3B3ID,Sản xuất
DD71S,DD71S100-6B3SL,Sản xuất
DD71S,DD71S100-5B3SL,Sản xuất
DD71S,DD71S100-4B3SL,Sản xuất
DD71S,DD71S100-3B3SL,Sản xuất
DD71S,DD71S100-6P3HN,Sản xuất
DD71S,DD71S100-5P3HN,Sản xuất
DD71S,DD71S100-4P3HN,Sản xuất
DD71S,DD71S100-3P3HN,Sản xuất
DD71S,DD71S100-6P3HT,Sản xuất
DD71S,DD71S100-5P3HT,Sản xuất
DD71S,DD71S100-4P3HT,Sản xuất
DD71S,DD71S100-3P3HT,Sản xuất
DD71S,DD71S100-6P3HD,Sản xuất
DD71S,DD71S100-5P3HD,Sản xuất
DD71S,DD71S100-4P3HD,Sản xuất
DD71S,DD71S100-3P3HD,Sản xuất
DD71S,DD71S100-6P3DN,Sản xuất
DD71S,DD71S100-5P3DN,Sản xuất
DD71S,DD71S100-4P3DN,Sản xuất
DD71S,DD71S100-3P3DN,Sản xuất
DD71S,DD71S100-6P3DT,Sản xuất
DD71S,DD71S100-5P3DT,Sản xuất
DD71S,DD71S100-4P3DT,Sản xuất
DD71S,DD71S100-3P3DT,Sản xuất
DD71S,DD71S100-6P3PT,Sản xuất
DD71S,DD71S100-5P3PT,Sản xuất
DD71S,DD71S100-4P3PT,Sản xuất
DD71S,DD71S100-3P3PT,Sản xuất
DD71S,DD71S100-6P3PD,Sản xuất
DD71S,DD71S100-5P3PD,Sản xuất
DD71S,DD71S100-4P3PD,Sản xuất
DD71S,DD71S100-3P3PD,Sản xuất
DD71S,DD71S100-6P3MT,Sản xuất
DD71S,DD71S100-5P3MT,Sản xuất
DD71S,DD71S100-4P3MT,Sản xuất
DD71S,DD71S100-3P3MT,Sản xuất
DD71S,DD71S100-6P3ID,Sản xuất
DD71S,DD71S100-5P3ID,Sản xuất
DD71S,DD71S100-4P3ID,Sản xuất
DD71S,DD71S100-3P3ID,Sản xuất
DD71S,DD71S100-6P3SL,Sản xuất
DD71S,DD71S100-5P3SL,Sản xuất
DD71S,DD71S100-4P3SL,Sản xuất
DD71S,DD71S100-3P3SL,Sản xuất
DD71S,DD71S150-6B3HN,Sản xuất
DD71S,DD71S150-5B3HN,Sản xuất
DD71S,DD71S150-4B3HN,Sản xuất
DD71S,DD71S150-3B3HN,Sản xuất
DD71S,DD71S150-6B3HT,Sản xuất
DD71S,DD71S150-5B3HT,Sản xuất
DD71S,DD71S150-4B3HT,Sản xuất
DD71S,DD71S150-3B3HT,Sản xuất
DD71S,DD71S150-6B3HD,Sản xuất
DD71S,DD71S150-5B3HD,Sản xuất
DD71S,DD71S150-4B3HD,Sản xuất
DD71S,DD71S150-3B3HD,Sản xuất
DD71S,DD71S150-6B3DN,Sản xuất
DD71S,DD71S150-5B3DN,Sản xuất
DD71S,DD71S150-4B3DN,Sản xuất
DD71S,DD71S150-3B3DN,Sản xuất
DD71S,DD71S150-6B3DT,Sản xuất
DD71S,DD71S150-5B3DT,Sản xuất
DD71S,DD71S150-4B3DT,Sản xuất
DD71S,DD71S150-3B3DT,Sản xuất
DD71S,DD71S150-6B3PT,Sản xuất
DD71S,DD71S150-5B3PT,Sản xuất
DD71S,DD71S150-4B3PT,Sản xuất
DD71S,DD71S150-3B3PT,Sản xuất
DD71S,DD71S150-6B3PD,Sản xuất
DD71S,DD71S150-5B3PD,Sản xuất
DD71S,DD71S150-4B3PD,Sản xuất
DD71S,DD71S150-3B3PD,Sản xuất
DD71S,DD71S150-6B3MT,Sản xuất
DD71S,DD71S150-5B3MT,Sản xuất
DD71S,DD71S150-4B3MT,Sản xuất
DD71S,DD71S150-3B3MT,Sản xuất
DD71S,DD71S150-6B3ID,Sản xuất
DD71S,DD71S150-5B3ID,Sản xuất
DD71S,DD71S150-4B3ID,Sản xuất
DD71S,DD71S150-3B3ID,Sản xuất
DD71S,DD71S150-6B3SL,Sản xuất
DD71S,DD71S150-5B3SL,Sản xuất
DD71S,DD71S150-4B3SL,Sản xuất
DD71S,DD71S150-3B3SL,Sản xuất
DD71S,DD71S150-6P3HN,Sản xuất
DD71S,DD71S150-5P3HN,Sản xuất
DD71S,DD71S150-4P3HN,Sản xuất
DD71S,DD71S150-3P3HN,Sản xuất
DD71S,DD71S150-6P3HT,Sản xuất
DD71S,DD71S150-5P3HT,Sản xuất
DD71S,DD71S150-4P3HT,Sản xuất
DD71S,DD71S150-3P3HT,Sản xuất
DD71S,DD71S150-6P3HD,Sản xuất
DD71S,DD71S150-5P3HD,Sản xuất
DD71S,DD71S150-4P3HD,Sản xuất
DD71S,DD71S150-3P3HD,Sản xuất
DD71S,DD71S150-6P3DN,Sản xuất
DD71S,DD71S150-5P3DN,Sản xuất
DD71S,DD71S150-4P3DN,Sản xuất
DD71S,DD71S150-3P3DN,Sản xuất
DD71S,DD71S150-6P3DT,Sản xuất
DD71S,DD71S150-5P3DT,Sản xuất
DD71S,DD71S150-4P3DT,Sản xuất
DD71S,DD71S150-3P3DT,Sản xuất
DD71S,DD71S150-6P3PT,Sản xuất
DD71S,DD71S150-5P3PT,Sản xuất
DD71S,DD71S150-4P3PT,Sản xuất
DD71S,DD71S150-3P3PT,Sản xuất
DD71S,DD71S150-6P3PD,Sản xuất
DD71S,DD71S150-5P3PD,Sản xuất
DD71S,DD71S150-4P3PD,Sản xuất
DD71S,DD71S150-3P3PD,Sản xuất
DD71S,DD71S150-6P3MT,Sản xuất
DD71S,DD71S150-5P3MT,Sản xuất
DD71S,DD71S150-4P3MT,Sản xuất
DD71S,DD71S150-3P3MT,Sản xuất
DD71S,DD71S150-6P3ID,Sản xuất
DD71S,DD71S150-5P3ID,Sản xuất
DD71S,DD71S150-4P3ID,Sản xuất
DD71S,DD71S150-3P3ID,Sản xuất
DD71S,DD71S150-6P3SL,Sản xuất
DD71S,DD71S150-5P3SL,Sản xuất
DD71S,DD71S150-4P3SL,Sản xuất
DD71S,DD71S150-3P3SL,Sản xuất
DD72S,DD72S150-6B3HN,Sản xuất
DD72S,DD72S150-5B3HN,Sản xuất
DD72S,DD72S150-4B3HN,Sản xuất
DD72S,DD72S150-3B3HN,Sản xuất
DD72S,DD72S150-6B3HT,Sản xuất
DD72S,DD72S150-5B3HT,Sản xuất
DD72S,DD72S150-4B3HT,Sản xuất
DD72S,DD72S150-3B3HT,Sản xuất
DD72S,DD72S150-6B3HD,Sản xuất
DD72S,DD72S150-5B3HD,Sản xuất
DD72S,DD72S150-4B3HD,Sản xuất
DD72S,DD72S150-3B3HD,Sản xuất
DD72S,DD72S150-6B3DN,Sản xuất
DD72S,DD72S150-5B3DN,Sản xuất
DD72S,DD72S150-4B3DN,Sản xuất
DD72S,DD72S150-3B3DN,Sản xuất
DD72S,DD72S150-6B3DT,Sản xuất
DD72S,DD72S150-5B3DT,Sản xuất
DD72S,DD72S150-4B3DT,Sản xuất
DD72S,DD72S150-3B3DT,Sản xuất
DD72S,DD72S150-6B3PT,Sản xuất
DD72S,DD72S150-5B3PT,Sản xuất
DD72S,DD72S150-4B3PT,Sản xuất
DD72S,DD72S150-3B3PT,Sản xuất
DD72S,DD72S150-6B3PD,Sản xuất
DD72S,DD72S150-5B3PD,Sản xuất
DD72S,DD72S150-4B3PD,Sản xuất
DD72S,DD72S150-3B3PD,Sản xuất
DD72S,DD72S150-6B3MT,Sản xuất
DD72S,DD72S150-5B3MT,Sản xuất
DD72S,DD72S150-4B3MT,Sản xuất
DD72S,DD72S150-3B3MT,Sản xuất
DD72S,DD72S150-6B3ID,Sản xuất
DD72S,DD72S150-5B3ID,Sản xuất
DD72S,DD72S150-4B3ID,Sản xuất
DD72S,DD72S150-3B3ID,Sản xuất
DD72S,DD72S150-6B3SL,Sản xuất
DD72S,DD72S150-5B3SL,Sản xuất
DD72S,DD72S150-4B3SL,Sản xuất
DD72S,DD72S150-3B3SL,Sản xuất
DD72S,DD72S150-6P3HN,Sản xuất
DD72S,DD72S150-5P3HN,Sản xuất
DD72S,DD72S150-4P3HN,Sản xuất
DD72S,DD72S150-3P3HN,Sản xuất
DD72S,DD72S150-6P3HT,Sản xuất
DD72S,DD72S150-5P3HT,Sản xuất
DD72S,DD72S150-4P3HT,Sản xuất
DD72S,DD72S150-3P3HT,Sản xuất
DD72S,DD72S150-6P3HD,Sản xuất
DD72S,DD72S150-5P3HD,Sản xuất
DD72S,DD72S150-4P3HD,Sản xuất
DD72S,DD72S150-3P3HD,Sản xuất
DD72S,DD72S150-6P3DN,Sản xuất
DD72S,DD72S150-5P3DN,Sản xuất
DD72S,DD72S150-4P3DN,Sản xuất
DD72S,DD72S150-3P3DN,Sản xuất
DD72S,DD72S150-6P3DT,Sản xuất
DD72S,DD72S150-5P3DT,Sản xuất
DD72S,DD72S150-4P3DT,Sản xuất
DD72S,DD72S150-3P3DT,Sản xuất
DD72S,DD72S150-6P3PT,Sản xuất
DD72S,DD72S150-5P3PT,Sản xuất
DD72S,DD72S150-4P3PT,Sản xuất
DD72S,DD72S150-3P3PT,Sản xuất
DD72S,DD72S150-6P3PD,Sản xuất
DD72S,DD72S150-5P3PD,Sản xuất
DD72S,DD72S150-4P3PD,Sản xuất
DD72S,DD72S150-3P3PD,Sản xuất
DD72S,DD72S150-6P3MT,Sản xuất
DD72S,DD72S150-5P3MT,Sản xuất
DD72S,DD72S150-4P3MT,Sản xuất
DD72S,DD72S150-3P3MT,Sản xuất
DD72S,DD72S150-6P3ID,Sản xuất
DD72S,DD72S150-5P3ID,Sản xuất
DD72S,DD72S150-4P3ID,Sản xuất
DD72S,DD72S150-3P3ID,Sản xuất
DD72S,DD72S150-6P3SL,Sản xuất
DD72S,DD72S150-5P3SL,Sản xuất
DD72S,DD72S150-4P3SL,Sản xuất
DD72S,DD72S150-3P3SL,Sản xuất
DD72S,DD72S200-6B3HN,Sản xuất
DD72S,DD72S200-5B3HN,Sản xuất
DD72S,DD72S200-4B3HN,Sản xuất
DD72S,DD72S200-3B3HN,Sản xuất
DD72S,DD72S200-6B3HT,Sản xuất
DD72S,DD72S200-5B3HT,Sản xuất
DD72S,DD72S200-4B3HT,Sản xuất
DD72S,DD72S200-3B3HT,Sản xuất
DD72S,DD72S200-6B3HD,Sản xuất
DD72S,DD72S200-5B3HD,Sản xuất
DD72S,DD72S200-4B3HD,Sản xuất
DD72S,DD72S200-3B3HD,Sản xuất
DD72S,DD72S200-6B3DN,Sản xuất
DD72S,DD72S200-5B3DN,Sản xuất
DD72S,DD72S200-4B3DN,Sản xuất
DD72S,DD72S200-3B3DN,Sản xuất
DD72S,DD72S200-6B3DT,Sản xuất
DD72S,DD72S200-5B3DT,Sản xuất
DD72S,DD72S200-4B3DT,Sản xuất
DD72S,DD72S200-3B3DT,Sản xuất
DD72S,DD72S200-6B3PT,Sản xuất
DD72S,DD72S200-5B3PT,Sản xuất
DD72S,DD72S200-4B3PT,Sản xuất
DD72S,DD72S200-3B3PT,Sản xuất
DD72S,DD72S200-6B3PD,Sản xuất
DD72S,DD72S200-5B3PD,Sản xuất
DD72S,DD72S200-4B3PD,Sản xuất
DD72S,DD72S200-3B3PD,Sản xuất
DD72S,DD72S200-6B3MT,Sản xuất
DD72S,DD72S200-5B3MT,Sản xuất
DD72S,DD72S200-4B3MT,Sản xuất
DD72S,DD72S200-3B3MT,Sản xuất
DD72S,DD72S200-6B3ID,Sản xuất
DD72S,DD72S200-5B3ID,Sản xuất
DD72S,DD72S200-4B3ID,Sản xuất
DD72S,DD72S200-3B3ID,Sản xuất
DD72S,DD72S200-6B3SL,Sản xuất
DD72S,DD72S200-5B3SL,Sản xuất
DD72S,DD72S200-4B3SL,Sản xuất
DD72S,DD72S200-3B3SL,Sản xuất
DD72S,DD72S200-6P3HN,Sản xuất
DD72S,DD72S200-5P3HN,Sản xuất
DD72S,DD72S200-4P3HN,Sản xuất
DD72S,DD72S200-3P3HN,Sản xuất
DD72S,DD72S200-6P3HT,Sản xuất
DD72S,DD72S200-5P3HT,Sản xuất
DD72S,DD72S200-4P3HT,Sản xuất
DD72S,DD72S200-3P3HT,Sản xuất
DD72S,DD72S200-6P3HD,Sản xuất
DD72S,DD72S200-5P3HD,Sản xuất
DD72S,DD72S200-4P3HD,Sản xuất
DD72S,DD72S200-3P3HD,Sản xuất
DD72S,DD72S200-6P3DN,Sản xuất
DD72S,DD72S200-5P3DN,Sản xuất
DD72S,DD72S200-4P3DN,Sản xuất
DD72S,DD72S200-3P3DN,Sản xuất
DD72S,DD72S200-6P3DT,Sản xuất
DD72S,DD72S200-5P3DT,Sản xuất
DD72S,DD72S200-4P3DT,Sản xuất
DD72S,DD72S200-3P3DT,Sản xuất
DD72S,DD72S200-6P3PT,Sản xuất
DD72S,DD72S200-5P3PT,Sản xuất
DD72S,DD72S200-4P3PT,Sản xuất
DD72S,DD72S200-3P3PT,Sản xuất
DD72S,DD72S200-6P3PD,Sản xuất
DD72S,DD72S200-5P3PD,Sản xuất
DD72S,DD72S200-4P3PD,Sản xuất
DD72S,DD72S200-3P3PD,Sản xuất
DD72S,DD72S200-6P3MT,Sản xuất
DD72S,DD72S200-5P3MT,Sản xuất
DD72S,DD72S200-4P3MT,Sản xuất
DD72S,DD72S200-3P3MT,Sản xuất
DD72S,DD72S200-6P3ID,Sản xuất
DD72S,DD72S200-5P3ID,Sản xuất
DD72S,DD72S200-4P3ID,Sản xuất
DD72S,DD72S200-3P3ID,Sản xuất
DD72S,DD72S200-6P3SL,Sản xuất
DD72S,DD72S200-5P3SL,Sản xuất
DD72S,DD72S200-4P3SL,Sản xuất
DD72S,DD72S200-3P3SL,Sản xuất
DD72S,DD72S250-6B3HN,Sản xuất
DD72S,DD72S250-5B3HN,Sản xuất
DD72S,DD72S250-4B3HN,Sản xuất
DD72S,DD72S250-3B3HN,Sản xuất
DD72S,DD72S250-6B3HT,Sản xuất
DD72S,DD72S250-5B3HT,Sản xuất
DD72S,DD72S250-4B3HT,Sản xuất
DD72S,DD72S250-3B3HT,Sản xuất
DD72S,DD72S250-6B3HD,Sản xuất
DD72S,DD72S250-5B3HD,Sản xuất
DD72S,DD72S250-4B3HD,Sản xuất
DD72S,DD72S250-3B3HD,Sản xuất
DD72S,DD72S250-6B3DN,Sản xuất
DD72S,DD72S250-5B3DN,Sản xuất
DD72S,DD72S250-4B3DN,Sản xuất
DD72S,DD72S250-3B3DN,Sản xuất
DD72S,DD72S250-6B3DT,Sản xuất
DD72S,DD72S250-5B3DT,Sản xuất
DD72S,DD72S250-4B3DT,Sản xuất
DD72S,DD72S250-3B3DT,Sản xuất
DD72S,DD72S250-6B3PT,Sản xuất
DD72S,DD72S250-5B3PT,Sản xuất
DD72S,DD72S250-4B3PT,Sản xuất
DD72S,DD72S250-3B3PT,Sản xuất
DD72S,DD72S250-6B3PD,Sản xuất
DD72S,DD72S250-5B3PD,Sản xuất
DD72S,DD72S250-4B3PD,Sản xuất
DD72S,DD72S250-3B3PD,Sản xuất
DD72S,DD72S250-6B3MT,Sản xuất
DD72S,DD72S250-5B3MT,Sản xuất
DD72S,DD72S250-4B3MT,Sản xuất
DD72S,DD72S250-3B3MT,Sản xuất
DD72S,DD72S250-6B3ID,Sản xuất
DD72S,DD72S250-5B3ID,Sản xuất
DD72S,DD72S250-4B3ID,Sản xuất
DD72S,DD72S250-3B3ID,Sản xuất
DD72S,DD72S250-6B3SL,Sản xuất
DD72S,DD72S250-5B3SL,Sản xuất
DD72S,DD72S250-4B3SL,Sản xuất
DD72S,DD72S250-3B3SL,Sản xuất
DD72S,DD72S250-6P3HN,Sản xuất
DD72S,DD72S250-5P3HN,Sản xuất
DD72S,DD72S250-4P3HN,Sản xuất
DD72S,DD72S250-3P3HN,Sản xuất
DD72S,DD72S250-6P3HT,Sản xuất
DD72S,DD72S250-5P3HT,Sản xuất
DD72S,DD72S250-4P3HT,Sản xuất
DD72S,DD72S250-3P3HT,Sản xuất
DD72S,DD72S250-6P3HD,Sản xuất
DD72S,DD72S250-5P3HD,Sản xuất
DD72S,DD72S250-4P3HD,Sản xuất
DD72S,DD72S250-3P3HD,Sản xuất
DD72S,DD72S250-6P3DN,Sản xuất
DD72S,DD72S250-5P3DN,Sản xuất
DD72S,DD72S250-4P3DN,Sản xuất
DD72S,DD72S250-3P3DN,Sản xuất
DD72S,DD72S250-6P3DT,Sản xuất
DD72S,DD72S250-5P3DT,Sản xuất
DD72S,DD72S250-4P3DT,Sản xuất
DD72S,DD72S250-3P3DT,Sản xuất
DD72S,DD72S250-6P3PT,Sản xuất
DD72S,DD72S250-5P3PT,Sản xuất
DD72S,DD72S250-4P3PT,Sản xuất
DD72S,DD72S250-3P3PT,Sản xuất
DD72S,DD72S250-6P3PD,Sản xuất
DD72S,DD72S250-5P3PD,Sản xuất
DD72S,DD72S250-4P3PD,Sản xuất
DD72S,DD72S250-3P3PD,Sản xuất
DD72S,DD72S250-6P3MT,Sản xuất
DD72S,DD72S250-5P3MT,Sản xuất
DD72S,DD72S250-4P3MT,Sản xuất
DD72S,DD72S250-3P3MT,Sản xuất
DD72S,DD72S250-6P3ID,Sản xuất
DD72S,DD72S250-5P3ID,Sản xuất
DD72S,DD72S250-4P3ID,Sản xuất
DD72S,DD72S250-3P3ID,Sản xuất
DD72S,DD72S250-6P3SL,Sản xuất
DD72S,DD72S250-5P3SL,Sản xuất
DD72S,DD72S250-4P3SL,Sản xuất
DD72S,DD72S250-3P3SL,Sản xuất
DD73S,DD73S250-6B3HN,Sản xuất
DD73S,DD73S250-5B3HN,Sản xuất
DD73S,DD73S250-4B3HN,Sản xuất
DD73S,DD73S250-3B3HN,Sản xuất
DD73S,DD73S250-6B3HT,Sản xuất
DD73S,DD73S250-5B3HT,Sản xuất
DD73S,DD73S250-4B3HT,Sản xuất
DD73S,DD73S250-3B3HT,Sản xuất
DD73S,DD73S250-6B3HD,Sản xuất
DD73S,DD73S250-5B3HD,Sản xuất
DD73S,DD73S250-4B3HD,Sản xuất
DD73S,DD73S250-3B3HD,Sản xuất
DD73S,DD73S250-6B3DN,Sản xuất
DD73S,DD73S250-5B3DN,Sản xuất
DD73S,DD73S250-4B3DN,Sản xuất
DD73S,DD73S250-3B3DN,Sản xuất
DD73S,DD73S250-6B3DT,Sản xuất
DD73S,DD73S250-5B3DT,Sản xuất
DD73S,DD73S250-4B3DT,Sản xuất
DD73S,DD73S250-3B3DT,Sản xuất
DD73S,DD73S250-6B3PT,Sản xuất
DD73S,DD73S250-5B3PT,Sản xuất
DD73S,DD73S250-4B3PT,Sản xuất
DD73S,DD73S250-3B3PT,Sản xuất
DD73S,DD73S250-6B3PD,Sản xuất
DD73S,DD73S250-5B3PD,Sản xuất
DD73S,DD73S250-4B3PD,Sản xuất
DD73S,DD73S250-3B3PD,Sản xuất
DD73S,DD73S250-6B3MT,Sản xuất
DD73S,DD73S250-5B3MT,Sản xuất
DD73S,DD73S250-4B3MT,Sản xuất
DD73S,DD73S250-3B3MT,Sản xuất
DD73S,DD73S250-6B3ID,Sản xuất
DD73S,DD73S250-5B3ID,Sản xuất
DD73S,DD73S250-4B3ID,Sản xuất
DD73S,DD73S250-3B3ID,Sản xuất
DD73S,DD73S250-6B3SL,Sản xuất
DD73S,DD73S250-5B3SL,Sản xuất
DD73S,DD73S250-4B3SL,Sản xuất
DD73S,DD73S250-3B3SL,Sản xuất
DD73S,DD73S250-6P3HN,Sản xuất
DD73S,DD73S250-5P3HN,Sản xuất
DD73S,DD73S250-4P3HN,Sản xuất
DD73S,DD73S250-3P3HN,Sản xuất
DD73S,DD73S250-6P3HT,Sản xuất
DD73S,DD73S250-5P3HT,Sản xuất
DD73S,DD73S250-4P3HT,Sản xuất
DD73S,DD73S250-3P3HT,Sản xuất
DD73S,DD73S250-6P3HD,Sản xuất
DD73S,DD73S250-5P3HD,Sản xuất
DD73S,DD73S250-4P3HD,Sản xuất
DD73S,DD73S250-3P3HD,Sản xuất
DD73S,DD73S250-6P3DN,Sản xuất
DD73S,DD73S250-5P3DN,Sản xuất
DD73S,DD73S250-4P3DN,Sản xuất
DD73S,DD73S250-3P3DN,Sản xuất
DD73S,DD73S250-6P3DT,Sản xuất
DD73S,DD73S250-5P3DT,Sản xuất
DD73S,DD73S250-4P3DT,Sản xuất
DD73S,DD73S250-3P3DT,Sản xuất
DD73S,DD73S250-6P3PT,Sản xuất
DD73S,DD73S250-5P3PT,Sản xuất
DD73S,DD73S250-4P3PT,Sản xuất
DD73S,DD73S250-3P3PT,Sản xuất
DD73S,DD73S250-6P3PD,Sản xuất
DD73S,DD73S250-5P3PD,Sản xuất
DD73S,DD73S250-4P3PD,Sản xuất
DD73S,DD73S250-3P3PD,Sản xuất
DD73S,DD73S250-6P3MT,Sản xuất
DD73S,DD73S250-5P3MT,Sản xuất
DD73S,DD73S250-4P3MT,Sản xuất
DD73S,DD73S250-3P3MT,Sản xuất
DD73S,DD73S250-6P3ID,Sản xuất
DD73S,DD73S250-5P3ID,Sản xuất
DD73S,DD73S250-4P3ID,Sản xuất
DD73S,DD73S250-3P3ID,Sản xuất
DD73S,DD73S250-6P3SL,Sản xuất
DD73S,DD73S250-5P3SL,Sản xuất
DD73S,DD73S250-4P3SL,Sản xuất
DD73S,DD73S250-3P3SL,Sản xuất
DD73S,DD73S300-6B3HN,Sản xuất
DD73S,DD73S300-5B3HN,Sản xuất
DD73S,DD73S300-4B3HN,Sản xuất
DD73S,DD73S300-3B3HN,Sản xuất
DD73S,DD73S300-6B3HT,Sản xuất
DD73S,DD73S300-5B3HT,Sản xuất
DD73S,DD73S300-4B3HT,Sản xuất
DD73S,DD73S300-3B3HT,Sản xuất
DD73S,DD73S300-6B3HD,Sản xuất
DD73S,DD73S300-5B3HD,Sản xuất
DD73S,DD73S300-4B3HD,Sản xuất
DD73S,DD73S300-3B3HD,Sản xuất
DD73S,DD73S300-6B3DN,Sản xuất
DD73S,DD73S300-5B3DN,Sản xuất
DD73S,DD73S300-4B3DN,Sản xuất
DD73S,DD73S300-3B3DN,Sản xuất
DD73S,DD73S300-6B3DT,Sản xuất
DD73S,DD73S300-5B3DT,Sản xuất
DD73S,DD73S300-4B3DT,Sản xuất
DD73S,DD73S300-3B3DT,Sản xuất
DD73S,DD73S300-6B3PT,Sản xuất
DD73S,DD73S300-5B3PT,Sản xuất
DD73S,DD73S300-4B3PT,Sản xuất
DD73S,DD73S300-3B3PT,Sản xuất
DD73S,DD73S300-6B3PD,Sản xuất
DD73S,DD73S300-5B3PD,Sản xuất
DD73S,DD73S300-4B3PD,Sản xuất
DD73S,DD73S300-3B3PD,Sản xuất
DD73S,DD73S300-6B3MT,Sản xuất
DD73S,DD73S300-5B3MT,Sản xuất
DD73S,DD73S300-4B3MT,Sản xuất
DD73S,DD73S300-3B3MT,Sản xuất
DD73S,DD73S300-6B3ID,Sản xuất
DD73S,DD73S300-5B3ID,Sản xuất
DD73S,DD73S300-4B3ID,Sản xuất
DD73S,DD73S300-3B3ID,Sản xuất
DD73S,DD73S300-6B3SL,Sản xuất
DD73S,DD73S300-5B3SL,Sản xuất
DD73S,DD73S300-4B3SL,Sản xuất
DD73S,DD73S300-3B3SL,Sản xuất
DD73S,DD73S300-6P3HN,Sản xuất
DD73S,DD73S300-5P3HN,Sản xuất
DD73S,DD73S300-4P3HN,Sản xuất
DD73S,DD73S300-3P3HN,Sản xuất
DD73S,DD73S300-6P3HT,Sản xuất
DD73S,DD73S300-5P3HT,Sản xuất
DD73S,DD73S300-4P3HT,Sản xuất
DD73S,DD73S300-3P3HT,Sản xuất
DD73S,DD73S300-6P3HD,Sản xuất
DD73S,DD73S300-5P3HD,Sản xuất
DD73S,DD73S300-4P3HD,Sản xuất
DD73S,DD73S300-3P3HD,Sản xuất
DD73S,DD73S300-6P3DN,Sản xuất
DD73S,DD73S300-5P3DN,Sản xuất
DD73S,DD73S300-4P3DN,Sản xuất
DD73S,DD73S300-3P3DN,Sản xuất
DD73S,DD73S300-6P3DT,Sản xuất
DD73S,DD73S300-5P3DT,Sản xuất
DD73S,DD73S300-4P3DT,Sản xuất
DD73S,DD73S300-3P3DT,Sản xuất
DD73S,DD73S300-6P3PT,Sản xuất
DD73S,DD73S300-5P3PT,Sản xuất
DD73S,DD73S300-4P3PT,Sản xuất
DD73S,DD73S300-3P3PT,Sản xuất
DD73S,DD73S300-6P3PD,Sản xuất
DD73S,DD73S300-5P3PD,Sản xuất
DD73S,DD73S300-4P3PD,Sản xuất
DD73S,DD73S300-3P3PD,Sản xuất
DD73S,DD73S300-6P3MT,Sản xuất
DD73S,DD73S300-5P3MT,Sản xuất
DD73S,DD73S300-4P3MT,Sản xuất
DD73S,DD73S300-3P3MT,Sản xuất
DD73S,DD73S300-6P3ID,Sản xuất
DD73S,DD73S300-5P3ID,Sản xuất
DD73S,DD73S300-4P3ID,Sản xuất
DD73S,DD73S300-3P3ID,Sản xuất
DD73S,DD73S300-6P3SL,Sản xuất
DD73S,DD73S300-5P3SL,Sản xuất
DD73S,DD73S300-4P3SL,Sản xuất
DD73S,DD73S300-3P3SL,Sản xuất
DD74S,DD74S300-6B3HN,Sản xuất
DD74S,DD74S300-5B3HN,Sản xuất
DD74S,DD74S300-4B3HN,Sản xuất
DD74S,DD74S300-3B3HN,Sản xuất
DD74S,DD74S300-6B3HT,Sản xuất
DD74S,DD74S300-5B3HT,Sản xuất
DD74S,DD74S300-4B3HT,Sản xuất
DD74S,DD74S300-3B3HT,Sản xuất
DD74S,DD74S300-6B3HD,Sản xuất
DD74S,DD74S300-5B3HD,Sản xuất
DD74S,DD74S300-4B3HD,Sản xuất
DD74S,DD74S300-3B3HD,Sản xuất
DD74S,DD74S300-6B3DN,Sản xuất
DD74S,DD74S300-5B3DN,Sản xuất
DD74S,DD74S300-4B3DN,Sản xuất
DD74S,DD74S300-3B3DN,Sản xuất
DD74S,DD74S300-6B3DT,Sản xuất
DD74S,DD74S300-5B3DT,Sản xuất
DD74S,DD74S300-4B3DT,Sản xuất
DD74S,DD74S300-3B3DT,Sản xuất
DD74S,DD74S300-6B3PT,Sản xuất
DD74S,DD74S300-5B3PT,Sản xuất
DD74S,DD74S300-4B3PT,Sản xuất
DD74S,DD74S300-3B3PT,Sản xuất
DD74S,DD74S300-6B3PD,Sản xuất
DD74S,DD74S300-5B3PD,Sản xuất
DD74S,DD74S300-4B3PD,Sản xuất
DD74S,DD74S300-3B3PD,Sản xuất
DD74S,DD74S300-6B3MT,Sản xuất
DD74S,DD74S300-5B3MT,Sản xuất
DD74S,DD74S300-4B3MT,Sản xuất
DD74S,DD74S300-3B3MT,Sản xuất
DD74S,DD74S300-6B3ID,Sản xuất
DD74S,DD74S300-5B3ID,Sản xuất
DD74S,DD74S300-4B3ID,Sản xuất
DD74S,DD74S300-3B3ID,Sản xuất
DD74S,DD74S300-6B3SL,Sản xuất
DD74S,DD74S300-5B3SL,Sản xuất
DD74S,DD74S300-4B3SL,Sản xuất
DD74S,DD74S300-3B3SL,Sản xuất
DD74S,DD74S300-6P3HN,Sản xuất
DD74S,DD74S300-5P3HN,Sản xuất
DD74S,DD74S300-4P3HN,Sản xuất
DD74S,DD74S300-3P3HN,Sản xuất
DD74S,DD74S300-6P3HT,Sản xuất
DD74S,DD74S300-5P3HT,Sản xuất
DD74S,DD74S300-4P3HT,Sản xuất
DD74S,DD74S300-3P3HT,Sản xuất
DD74S,DD74S300-6P3HD,Sản xuất
DD74S,DD74S300-5P3HD,Sản xuất
DD74S,DD74S300-4P3HD,Sản xuất
DD74S,DD74S300-3P3HD,Sản xuất
DD74S,DD74S300-6P3DN,Sản xuất
DD74S,DD74S300-5P3DN,Sản xuất
DD74S,DD74S300-4P3DN,Sản xuất
DD74S,DD74S300-3P3DN,Sản xuất
DD74S,DD74S300-6P3DT,Sản xuất
DD74S,DD74S300-5P3DT,Sản xuất
DD74S,DD74S300-4P3DT,Sản xuất
DD74S,DD74S300-3P3DT,Sản xuất
DD74S,DD74S300-6P3PT,Sản xuất
DD74S,DD74S300-5P3PT,Sản xuất
DD74S,DD74S300-4P3PT,Sản xuất
DD74S,DD74S300-3P3PT,Sản xuất
DD74S,DD74S300-6P3PD,Sản xuất
DD74S,DD74S300-5P3PD,Sản xuất
DD74S,DD74S300-4P3PD,Sản xuất
DD74S,DD74S300-3P3PD,Sản xuất
DD74S,DD74S300-6P3MT,Sản xuất
DD74S,DD74S300-5P3MT,Sản xuất
DD74S,DD74S300-4P3MT,Sản xuất
DD74S,DD74S300-3P3MT,Sản xuất
DD74S,DD74S300-6P3ID,Sản xuất
DD74S,DD74S300-5P3ID,Sản xuất
DD74S,DD74S300-4P3ID,Sản xuất
DD74S,DD74S300-3P3ID,Sản xuất
DD74S,DD74S300-6P3SL,Sản xuất
DD74S,DD74S300-5P3SL,Sản xuất
DD74S,DD74S300-4P3SL,Sản xuất
DD74S,DD74S300-3P3SL,Sản xuất
DD74S,DD74S400-6B3HN,Sản xuất
DD74S,DD74S400-5B3HN,Sản xuất
DD74S,DD74S400-4B3HN,Sản xuất
DD74S,DD74S400-3B3HN,Sản xuất
DD74S,DD74S400-6B3HT,Sản xuất
DD74S,DD74S400-5B3HT,Sản xuất
DD74S,DD74S400-4B3HT,Sản xuất
DD74S,DD74S400-3B3HT,Sản xuất
DD74S,DD74S400-6B3HD,Sản xuất
DD74S,DD74S400-5B3HD,Sản xuất
DD74S,DD74S400-4B3HD,Sản xuất
DD74S,DD74S400-3B3HD,Sản xuất
DD74S,DD74S400-6B3DN,Sản xuất
DD74S,DD74S400-5B3DN,Sản xuất
DD74S,DD74S400-4B3DN,Sản xuất
DD74S,DD74S400-3B3DN,Sản xuất
DD74S,DD74S400-6B3DT,Sản xuất
DD74S,DD74S400-5B3DT,Sản xuất
DD74S,DD74S400-4B3DT,Sản xuất
DD74S,DD74S400-3B3DT,Sản xuất
DD74S,DD74S400-6B3PT,Sản xuất
DD74S,DD74S400-5B3PT,Sản xuất
DD74S,DD74S400-4B3PT,Sản xuất
DD74S,DD74S400-3B3PT,Sản xuất
DD74S,DD74S400-6B3PD,Sản xuất
DD74S,DD74S400-5B3PD,Sản xuất
DD74S,DD74S400-4B3PD,Sản xuất
DD74S,DD74S400-3B3PD,Sản xuất
DD74S,DD74S400-6B3MT,Sản xuất
DD74S,DD74S400-5B3MT,Sản xuất
DD74S,DD74S400-4B3MT,Sản xuất
DD74S,DD74S400-3B3MT,Sản xuất
DD74S,DD74S400-6B3ID,Sản xuất
DD74S,DD74S400-5B3ID,Sản xuất
DD74S,DD74S400-4B3ID,Sản xuất
DD74S,DD74S400-3B3ID,Sản xuất
DD74S,DD74S400-6B3SL,Sản xuất
DD74S,DD74S400-5B3SL,Sản xuất
DD74S,DD74S400-4B3SL,Sản xuất
DD74S,DD74S400-3B3SL,Sản xuất
DD74S,DD74S400-6P3HN,Sản xuất
DD74S,DD74S400-5P3HN,Sản xuất
DD74S,DD74S400-4P3HN,Sản xuất
DD74S,DD74S400-3P3HN,Sản xuất
DD74S,DD74S400-6P3HT,Sản xuất
DD74S,DD74S400-5P3HT,Sản xuất
DD74S,DD74S400-4P3HT,Sản xuất
DD74S,DD74S400-3P3HT,Sản xuất
DD74S,DD74S400-6P3HD,Sản xuất
DD74S,DD74S400-5P3HD,Sản xuất
DD74S,DD74S400-4P3HD,Sản xuất
DD74S,DD74S400-3P3HD,Sản xuất
DD74S,DD74S400-6P3DN,Sản xuất
DD74S,DD74S400-5P3DN,Sản xuất
DD74S,DD74S400-4P3DN,Sản xuất
DD74S,DD74S400-3P3DN,Sản xuất
DD74S,DD74S400-6P3DT,Sản xuất
DD74S,DD74S400-5P3DT,Sản xuất
DD74S,DD74S400-4P3DT,Sản xuất
DD74S,DD74S400-3P3DT,Sản xuất
DD74S,DD74S400-6P3PT,Sản xuất
DD74S,DD74S400-5P3PT,Sản xuất
DD74S,DD74S400-4P3PT,Sản xuất
DD74S,DD74S400-3P3PT,Sản xuất
DD74S,DD74S400-6P3PD,Sản xuất
DD74S,DD74S400-5P3PD,Sản xuất
DD74S,DD74S400-4P3PD,Sản xuất
DD74S,DD74S400-3P3PD,Sản xuất
DD74S,DD74S400-6P3MT,Sản xuất
DD74S,DD74S400-5P3MT,Sản xuất
DD74S,DD74S400-4P3MT,Sản xuất
DD74S,DD74S400-3P3MT,Sản xuất
DD74S,DD74S400-6P3ID,Sản xuất
DD74S,DD74S400-5P3ID,Sản xuất
DD74S,DD74S400-4P3ID,Sản xuất
DD74S,DD74S400-3P3ID,Sản xuất
DD74S,DD74S400-6P3SL,Sản xuất
DD74S,DD74S400-5P3SL,Sản xuất
DD74S,DD74S400-4P3SL,Sản xuất
DD74S,DD74S400-3P3SL,Sản xuất
DD74S,DD74S500-6B3HN,Sản xuất
DD74S,DD74S500-5B3HN,Sản xuất
DD74S,DD74S500-4B3HN,Sản xuất
DD74S,DD74S500-3B3HN,Sản xuất
DD74S,DD74S500-6B3HT,Sản xuất
DD74S,DD74S500-5B3HT,Sản xuất
DD74S,DD74S500-4B3HT,Sản xuất
DD74S,DD74S500-3B3HT,Sản xuất
DD74S,DD74S500-6B3HD,Sản xuất
DD74S,DD74S500-5B3HD,Sản xuất
DD74S,DD74S500-4B3HD,Sản xuất
DD74S,DD74S500-3B3HD,Sản xuất
DD74S,DD74S500-6B3DN,Sản xuất
DD74S,DD74S500-5B3DN,Sản xuất
DD74S,DD74S500-4B3DN,Sản xuất
DD74S,DD74S500-3B3DN,Sản xuất
DD74S,DD74S500-6B3DT,Sản xuất
DD74S,DD74S500-5B3DT,Sản xuất
DD74S,DD74S500-4B3DT,Sản xuất
DD74S,DD74S500-3B3DT,Sản xuất
DD74S,DD74S500-6B3PT,Sản xuất
DD74S,DD74S500-5B3PT,Sản xuất
DD74S,DD74S500-4B3PT,Sản xuất
DD74S,DD74S500-3B3PT,Sản xuất
DD74S,DD74S500-6B3PD,Sản xuất
DD74S,DD74S500-5B3PD,Sản xuất
DD74S,DD74S500-4B3PD,Sản xuất
DD74S,DD74S500-3B3PD,Sản xuất
DD74S,DD74S500-6B3MT,Sản xuất
DD74S,DD74S500-5B3MT,Sản xuất
DD74S,DD74S500-4B3MT,Sản xuất
DD74S,DD74S500-3B3MT,Sản xuất
DD74S,DD74S500-6B3ID,Sản xuất
DD74S,DD74S500-5B3ID,Sản xuất
DD74S,DD74S500-4B3ID,Sản xuất
DD74S,DD74S500-3B3ID,Sản xuất
DD74S,DD74S500-6B3SL,Sản xuất
DD74S,DD74S500-5B3SL,Sản xuất
DD74S,DD74S500-4B3SL,Sản xuất
DD74S,DD74S500-3B3SL,Sản xuất
DD74S,DD74S500-6P3HN,Sản xuất
DD74S,DD74S500-5P3HN,Sản xuất
DD74S,DD74S500-4P3HN,Sản xuất
DD74S,DD74S500-3P3HN,Sản xuất
DD74S,DD74S500-6P3HT,Sản xuất
DD74S,DD74S500-5P3HT,Sản xuất
DD74S,DD74S500-4P3HT,Sản xuất
DD74S,DD74S500-3P3HT,Sản xuất
DD74S,DD74S500-6P3HD,Sản xuất
DD74S,DD74S500-5P3HD,Sản xuất
DD74S,DD74S500-4P3HD,Sản xuất
DD74S,DD74S500-3P3HD,Sản xuất
DD74S,DD74S500-6P3DN,Sản xuất
DD74S,DD74S500-5P3DN,Sản xuất
DD74S,DD74S500-4P3DN,Sản xuất
DD74S,DD74S500-3P3DN,Sản xuất
DD74S,DD74S500-6P3DT,Sản xuất
DD74S,DD74S500-5P3DT,Sản xuất
DD74S,DD74S500-4P3DT,Sản xuất
DD74S,DD74S500-3P3DT,Sản xuất
DD74S,DD74S500-6P3PT,Sản xuất
DD74S,DD74S500-5P3PT,Sản xuất
DD74S,DD74S500-4P3PT,Sản xuất
DD74S,DD74S500-3P3PT,Sản xuất
DD74S,DD74S500-6P3PD,Sản xuất
DD74S,DD74S500-5P3PD,Sản xuất
DD74S,DD74S500-4P3PD,Sản xuất
DD74S,DD74S500-3P3PD,Sản xuất
DD74S,DD74S500-6P3MT,Sản xuất
DD74S,DD74S500-5P3MT,Sản xuất
DD74S,DD74S500-4P3MT,Sản xuất
DD74S,DD74S500-3P3MT,Sản xuất
DD74S,DD74S500-6P3ID,Sản xuất
DD74S,DD74S500-5P3ID,Sản xuất
DD74S,DD74S500-4P3ID,Sản xuất
DD74S,DD74S500-3P3ID,Sản xuất
DD74S,DD74S500-6P3SL,Sản xuất
DD74S,DD74S500-5P3SL,Sản xuất
DD74S,DD74S500-4P3SL,Sản xuất
DD74S,DD74S500-3P3SL,Sản xuất
DD91S,DD91S050-6B3HN,Sản xuất
DD91S,DD91S050-5B3HN,Sản xuất
DD91S,DD91S050-4B3HN,Sản xuất
DD91S,DD91S050-3B3HN,Sản xuất
DD91S,DD91S050-6B3HT,Sản xuất
DD91S,DD91S050-5B3HT,Sản xuất
DD91S,DD91S050-4B3HT,Sản xuất
DD91S,DD91S050-3B3HT,Sản xuất
DD91S,DD91S050-6B3HD,Sản xuất
DD91S,DD91S050-5B3HD,Sản xuất
DD91S,DD91S050-4B3HD,Sản xuất
DD91S,DD91S050-3B3HD,Sản xuất
DD91S,DD91S050-6B3DN,Sản xuất
DD91S,DD91S050-5B3DN,Sản xuất
DD91S,DD91S050-4B3DN,Sản xuất
DD91S,DD91S050-3B3DN,Sản xuất
DD91S,DD91S050-6B3DT,Sản xuất
DD91S,DD91S050-5B3DT,Sản xuất
DD91S,DD91S050-4B3DT,Sản xuất
DD91S,DD91S050-3B3DT,Sản xuất
DD91S,DD91S050-6B3PT,Sản xuất
DD91S,DD91S050-5B3PT,Sản xuất
DD91S,DD91S050-4B3PT,Sản xuất
DD91S,DD91S050-3B3PT,Sản xuất
DD91S,DD91S050-6B3PD,Sản xuất
DD91S,DD91S050-5B3PD,Sản xuất
DD91S,DD91S050-4B3PD,Sản xuất
DD91S,DD91S050-3B3PD,Sản xuất
DD91S,DD91S050-6B3MT,Sản xuất
DD91S,DD91S050-5B3MT,Sản xuất
DD91S,DD91S050-4B3MT,Sản xuất
DD91S,DD91S050-3B3MT,Sản xuất
DD91S,DD91S050-6B3ID,Sản xuất
DD91S,DD91S050-5B3ID,Sản xuất
DD91S,DD91S050-4B3ID,Sản xuất
DD91S,DD91S050-3B3ID,Sản xuất
DD91S,DD91S050-6B3SL,Sản xuất
DD91S,DD91S050-5B3SL,Sản xuất
DD91S,DD91S050-4B3SL,Sản xuất
DD91S,DD91S050-3B3SL,Sản xuất
DD91S,DD91S050-6P3HN,Sản xuất
DD91S,DD91S050-5P3HN,Sản xuất
DD91S,DD91S050-4P3HN,Sản xuất
DD91S,DD91S050-3P3HN,Sản xuất
DD91S,DD91S050-6P3HT,Sản xuất
DD91S,DD91S050-5P3HT,Sản xuất
DD91S,DD91S050-4P3HT,Sản xuất
DD91S,DD91S050-3P3HT,Sản xuất
DD91S,DD91S050-6P3HD,Sản xuất
DD91S,DD91S050-5P3HD,Sản xuất
DD91S,DD91S050-4P3HD,Sản xuất
DD91S,DD91S050-3P3HD,Sản xuất
DD91S,DD91S050-6P3DN,Sản xuất
DD91S,DD91S050-5P3DN,Sản xuất
DD91S,DD91S050-4P3DN,Sản xuất
DD91S,DD91S050-3P3DN,Sản xuất
DD91S,DD91S050-6P3DT,Sản xuất
DD91S,DD91S050-5P3DT,Sản xuất
DD91S,DD91S050-4P3DT,Sản xuất
DD91S,DD91S050-3P3DT,Sản xuất
DD91S,DD91S050-6P3PT,Sản xuất
DD91S,DD91S050-5P3PT,Sản xuất
DD91S,DD91S050-4P3PT,Sản xuất
DD91S,DD91S050-3P3PT,Sản xuất
DD91S,DD91S050-6P3PD,Sản xuất
DD91S,DD91S050-5P3PD,Sản xuất
DD91S,DD91S050-4P3PD,Sản xuất
DD91S,DD91S050-3P3PD,Sản xuất
DD91S,DD91S050-6P3MT,Sản xuất
DD91S,DD91S050-5P3MT,Sản xuất
DD91S,DD91S050-4P3MT,Sản xuất
DD91S,DD91S050-3P3MT,Sản xuất
DD91S,DD91S050-6P3ID,Sản xuất
DD91S,DD91S050-5P3ID,Sản xuất
DD91S,DD91S050-4P3ID,Sản xuất
DD91S,DD91S050-3P3ID,Sản xuất
DD91S,DD91S050-6P3SL,Sản xuất
DD91S,DD91S050-5P3SL,Sản xuất
DD91S,DD91S050-4P3SL,Sản xuất
DD91S,DD91S050-3P3SL,Sản xuất
DD91S,DD91S100-6B3HN,Sản xuất
DD91S,DD91S100-5B3HN,Sản xuất
DD91S,DD91S100-4B3HN,Sản xuất
DD91S,DD91S100-3B3HN,Sản xuất
DD91S,DD91S100-6B3HT,Sản xuất
DD91S,DD91S100-5B3HT,Sản xuất
DD91S,DD91S100-4B3HT,Sản xuất
DD91S,DD91S100-3B3HT,Sản xuất
DD91S,DD91S100-6B3HD,Sản xuất
DD91S,DD91S100-5B3HD,Sản xuất
DD91S,DD91S100-4B3HD,Sản xuất
DD91S,DD91S100-3B3HD,Sản xuất
DD91S,DD91S100-6B3DN,Sản xuất
DD91S,DD91S100-5B3DN,Sản xuất
DD91S,DD91S100-4B3DN,Sản xuất
DD91S,DD91S100-3B3DN,Sản xuất
DD91S,DD91S100-6B3DT,Sản xuất
DD91S,DD91S100-5B3DT,Sản xuất
DD91S,DD91S100-4B3DT,Sản xuất
DD91S,DD91S100-3B3DT,Sản xuất
DD91S,DD91S100-6B3PT,Sản xuất
DD91S,DD91S100-5B3PT,Sản xuất
DD91S,DD91S100-4B3PT,Sản xuất
DD91S,DD91S100-3B3PT,Sản xuất
DD91S,DD91S100-6B3PD,Sản xuất
DD91S,DD91S100-5B3PD,Sản xuất
DD91S,DD91S100-4B3PD,Sản xuất
DD91S,DD91S100-3B3PD,Sản xuất
DD91S,DD91S100-6B3MT,Sản xuất
DD91S,DD91S100-5B3MT,Sản xuất
DD91S,DD91S100-4B3MT,Sản xuất
DD91S,DD91S100-3B3MT,Sản xuất
DD91S,DD91S100-6B3ID,Sản xuất
DD91S,DD91S100-5B3ID,Sản xuất
DD91S,DD91S100-4B3ID,Sản xuất
DD91S,DD91S100-3B3ID,Sản xuất
DD91S,DD91S100-6B3SL,Sản xuất
DD91S,DD91S100-5B3SL,Sản xuất
DD91S,DD91S100-4B3SL,Sản xuất
DD91S,DD91S100-3B3SL,Sản xuất
DD91S,DD91S100-6P3HN,Sản xuất
DD91S,DD91S100-5P3HN,Sản xuất
DD91S,DD91S100-4P3HN,Sản xuất
DD91S,DD91S100-3P3HN,Sản xuất
DD91S,DD91S100-6P3HT,Sản xuất
DD91S,DD91S100-5P3HT,Sản xuất
DD91S,DD91S100-4P3HT,Sản xuất
DD91S,DD91S100-3P3HT,Sản xuất
DD91S,DD91S100-6P3HD,Sản xuất
DD91S,DD91S100-5P3HD,Sản xuất
DD91S,DD91S100-4P3HD,Sản xuất
DD91S,DD91S100-3P3HD,Sản xuất
DD91S,DD91S100-6P3DN,Sản xuất
DD91S,DD91S100-5P3DN,Sản xuất
DD91S,DD91S100-4P3DN,Sản xuất
DD91S,DD91S100-3P3DN,Sản xuất
DD91S,DD91S100-6P3DT,Sản xuất
DD91S,DD91S100-5P3DT,Sản xuất
DD91S,DD91S100-4P3DT,Sản xuất
DD91S,DD91S100-3P3DT,Sản xuất
DD91S,DD91S100-6P3PT,Sản xuất
DD91S,DD91S100-5P3PT,Sản xuất
DD91S,DD91S100-4P3PT,Sản xuất
DD91S,DD91S100-3P3PT,Sản xuất
DD91S,DD91S100-6P3PD,Sản xuất
DD91S,DD91S100-5P3PD,Sản xuất
DD91S,DD91S100-4P3PD,Sản xuất
DD91S,DD91S100-3P3PD,Sản xuất
DD91S,DD91S100-6P3MT,Sản xuất
DD91S,DD91S100-5P3MT,Sản xuất
DD91S,DD91S100-4P3MT,Sản xuất
DD91S,DD91S100-3P3MT,Sản xuất
DD91S,DD91S100-6P3ID,Sản xuất
DD91S,DD91S100-5P3ID,Sản xuất
DD91S,DD91S100-4P3ID,Sản xuất
DD91S,DD91S100-3P3ID,Sản xuất
DD91S,DD91S100-6P3SL,Sản xuất
DD91S,DD91S100-5P3SL,Sản xuất
DD91S,DD91S100-4P3SL,Sản xuất
DD91S,DD91S100-3P3SL,Sản xuất
DD92S,DD92S100-6B3HN,Sản xuất
DD92S,DD92S100-5B3HN,Sản xuất
DD92S,DD92S100-4B3HN,Sản xuất
DD92S,DD92S100-3B3HN,Sản xuất
DD92S,DD92S100-6B3HT,Sản xuất
DD92S,DD92S100-5B3HT,Sản xuất
DD92S,DD92S100-4B3HT,Sản xuất
DD92S,DD92S100-3B3HT,Sản xuất
DD92S,DD92S100-6B3HD,Sản xuất
DD92S,DD92S100-5B3HD,Sản xuất
DD92S,DD92S100-4B3HD,Sản xuất
DD92S,DD92S100-3B3HD,Sản xuất
DD92S,DD92S100-6B3DN,Sản xuất
DD92S,DD92S100-5B3DN,Sản xuất
DD92S,DD92S100-4B3DN,Sản xuất
DD92S,DD92S100-3B3DN,Sản xuất
DD92S,DD92S100-6B3DT,Sản xuất
DD92S,DD92S100-5B3DT,Sản xuất
DD92S,DD92S100-4B3DT,Sản xuất
DD92S,DD92S100-3B3DT,Sản xuất
DD92S,DD92S100-6B3PT,Sản xuất
DD92S,DD92S100-5B3PT,Sản xuất
DD92S,DD92S100-4B3PT,Sản xuất
DD92S,DD92S100-3B3PT,Sản xuất
DD92S,DD92S100-6B3PD,Sản xuất
DD92S,DD92S100-5B3PD,Sản xuất
DD92S,DD92S100-4B3PD,Sản xuất
DD92S,DD92S100-3B3PD,Sản xuất
DD92S,DD92S100-6B3MT,Sản xuất
DD92S,DD92S100-5B3MT,Sản xuất
DD92S,DD92S100-4B3MT,Sản xuất
DD92S,DD92S100-3B3MT,Sản xuất
DD92S,DD92S100-6B3ID,Sản xuất
DD92S,DD92S100-5B3ID,Sản xuất
DD92S,DD92S100-4B3ID,Sản xuất
DD92S,DD92S100-3B3ID,Sản xuất
DD92S,DD92S100-6B3SL,Sản xuất
DD92S,DD92S100-5B3SL,Sản xuất
DD92S,DD92S100-4B3SL,Sản xuất
DD92S,DD92S100-3B3SL,Sản xuất
DD92S,DD92S100-6P3HN,Sản xuất
DD92S,DD92S100-5P3HN,Sản xuất
DD92S,DD92S100-4P3HN,Sản xuất
DD92S,DD92S100-3P3HN,Sản xuất
DD92S,DD92S100-6P3HT,Sản xuất
DD92S,DD92S100-5P3HT,Sản xuất
DD92S,DD92S100-4P3HT,Sản xuất
DD92S,DD92S100-3P3HT,Sản xuất
DD92S,DD92S100-6P3HD,Sản xuất
DD92S,DD92S100-5P3HD,Sản xuất
DD92S,DD92S100-4P3HD,Sản xuất
DD92S,DD92S100-3P3HD,Sản xuất
DD92S,DD92S100-6P3DN,Sản xuất
DD92S,DD92S100-5P3DN,Sản xuất
DD92S,DD92S100-4P3DN,Sản xuất
DD92S,DD92S100-3P3DN,Sản xuất
DD92S,DD92S100-6P3DT,Sản xuất
DD92S,DD92S100-5P3DT,Sản xuất
DD92S,DD92S100-4P3DT,Sản xuất
DD92S,DD92S100-3P3DT,Sản xuất
DD92S,DD92S100-6P3PT,Sản xuất
DD92S,DD92S100-5P3PT,Sản xuất
DD92S,DD92S100-4P3PT,Sản xuất
DD92S,DD92S100-3P3PT,Sản xuất
DD92S,DD92S100-6P3PD,Sản xuất
DD92S,DD92S100-5P3PD,Sản xuất
DD92S,DD92S100-4P3PD,Sản xuất
DD92S,DD92S100-3P3PD,Sản xuất
DD92S,DD92S100-6P3MT,Sản xuất
DD92S,DD92S100-5P3MT,Sản xuất
DD92S,DD92S100-4P3MT,Sản xuất
DD92S,DD92S100-3P3MT,Sản xuất
DD92S,DD92S100-6P3ID,Sản xuất
DD92S,DD92S100-5P3ID,Sản xuất
DD92S,DD92S100-4P3ID,Sản xuất
DD92S,DD92S100-3P3ID,Sản xuất
DD92S,DD92S100-6P3SL,Sản xuất
DD92S,DD92S100-5P3SL,Sản xuất
DD92S,DD92S100-4P3SL,Sản xuất
DD92S,DD92S100-3P3SL,Sản xuất
DD92S,DD92S150-6B3HN,Sản xuất
DD92S,DD92S150-5B3HN,Sản xuất
DD92S,DD92S150-4B3HN,Sản xuất
DD92S,DD92S150-3B3HN,Sản xuất
DD92S,DD92S150-6B3HT,Sản xuất
DD92S,DD92S150-5B3HT,Sản xuất
DD92S,DD92S150-4B3HT,Sản xuất
DD92S,DD92S150-3B3HT,Sản xuất
DD92S,DD92S150-6B3HD,Sản xuất
DD92S,DD92S150-5B3HD,Sản xuất
DD92S,DD92S150-4B3HD,Sản xuất
DD92S,DD92S150-3B3HD,Sản xuất
DD92S,DD92S150-6B3DN,Sản xuất
DD92S,DD92S150-5B3DN,Sản xuất
DD92S,DD92S150-4B3DN,Sản xuất
DD92S,DD92S150-3B3DN,Sản xuất
DD92S,DD92S150-6B3DT,Sản xuất
DD92S,DD92S150-5B3DT,Sản xuất
DD92S,DD92S150-4B3DT,Sản xuất
DD92S,DD92S150-3B3DT,Sản xuất
DD92S,DD92S150-6B3PT,Sản xuất
DD92S,DD92S150-5B3PT,Sản xuất
DD92S,DD92S150-4B3PT,Sản xuất
DD92S,DD92S150-3B3PT,Sản xuất
DD92S,DD92S150-6B3PD,Sản xuất
DD92S,DD92S150-5B3PD,Sản xuất
DD92S,DD92S150-4B3PD,Sản xuất
DD92S,DD92S150-3B3PD,Sản xuất
DD92S,DD92S150-6B3MT,Sản xuất
DD92S,DD92S150-5B3MT,Sản xuất
DD92S,DD92S150-4B3MT,Sản xuất
DD92S,DD92S150-3B3MT,Sản xuất
DD92S,DD92S150-6B3ID,Sản xuất
DD92S,DD92S150-5B3ID,Sản xuất
DD92S,DD92S150-4B3ID,Sản xuất
DD92S,DD92S150-3B3ID,Sản xuất
DD92S,DD92S150-6B3SL,Sản xuất
DD92S,DD92S150-5B3SL,Sản xuất
DD92S,DD92S150-4B3SL,Sản xuất
DD92S,DD92S150-3B3SL,Sản xuất
DD92S,DD92S150-6P3HN,Sản xuất
DD92S,DD92S150-5P3HN,Sản xuất
DD92S,DD92S150-4P3HN,Sản xuất
DD92S,DD92S150-3P3HN,Sản xuất
DD92S,DD92S150-6P3HT,Sản xuất
DD92S,DD92S150-5P3HT,Sản xuất
DD92S,DD92S150-4P3HT,Sản xuất
DD92S,DD92S150-3P3HT,Sản xuất
DD92S,DD92S150-6P3HD,Sản xuất
DD92S,DD92S150-5P3HD,Sản xuất
DD92S,DD92S150-4P3HD,Sản xuất
DD92S,DD92S150-3P3HD,Sản xuất
DD92S,DD92S150-6P3DN,Sản xuất
DD92S,DD92S150-5P3DN,Sản xuất
DD92S,DD92S150-4P3DN,Sản xuất
DD92S,DD92S150-3P3DN,Sản xuất
DD92S,DD92S150-6P3DT,Sản xuất
DD92S,DD92S150-5P3DT,Sản xuất
DD92S,DD92S150-4P3DT,Sản xuất
DD92S,DD92S150-3P3DT,Sản xuất
DD92S,DD92S150-6P3PT,Sản xuất
DD92S,DD92S150-5P3PT,Sản xuất
DD92S,DD92S150-4P3PT,Sản xuất
DD92S,DD92S150-3P3PT,Sản xuất
DD92S,DD92S150-6P3PD,Sản xuất
DD92S,DD92S150-5P3PD,Sản xuất
DD92S,DD92S150-4P3PD,Sản xuất
DD92S,DD92S150-3P3PD,Sản xuất
DD92S,DD92S150-6P3MT,Sản xuất
DD92S,DD92S150-5P3MT,Sản xuất
DD92S,DD92S150-4P3MT,Sản xuất
DD92S,DD92S150-3P3MT,Sản xuất
DD92S,DD92S150-6P3ID,Sản xuất
DD92S,DD92S150-5P3ID,Sản xuất
DD92S,DD92S150-4P3ID,Sản xuất
DD92S,DD92S150-3P3ID,Sản xuất
DD92S,DD92S150-6P3SL,Sản xuất
DD92S,DD92S150-5P3SL,Sản xuất
DD92S,DD92S150-4P3SL,Sản xuất
DD92S,DD92S150-3P3SL,Sản xuất
DD92S,DD92S200-6B3HN,Sản xuất
DD92S,DD92S200-5B3HN,Sản xuất
DD92S,DD92S200-4B3HN,Sản xuất
DD92S,DD92S200-3B3HN,Sản xuất
DD92S,DD92S200-6B3HT,Sản xuất
DD92S,DD92S200-5B3HT,Sản xuất
DD92S,DD92S200-4B3HT,Sản xuất
DD92S,DD92S200-3B3HT,Sản xuất
DD92S,DD92S200-6B3HD,Sản xuất
DD92S,DD92S200-5B3HD,Sản xuất
DD92S,DD92S200-4B3HD,Sản xuất
DD92S,DD92S200-3B3HD,Sản xuất
DD92S,DD92S200-6B3DN,Sản xuất
DD92S,DD92S200-5B3DN,Sản xuất
DD92S,DD92S200-4B3DN,Sản xuất
DD92S,DD92S200-3B3DN,Sản xuất
DD92S,DD92S200-6B3DT,Sản xuất
DD92S,DD92S200-5B3DT,Sản xuất
DD92S,DD92S200-4B3DT,Sản xuất
DD92S,DD92S200-3B3DT,Sản xuất
DD92S,DD92S200-6B3PT,Sản xuất
DD92S,DD92S200-5B3PT,Sản xuất
DD92S,DD92S200-4B3PT,Sản xuất
DD92S,DD92S200-3B3PT,Sản xuất
DD92S,DD92S200-6B3PD,Sản xuất
DD92S,DD92S200-5B3PD,Sản xuất
DD92S,DD92S200-4B3PD,Sản xuất
DD92S,DD92S200-3B3PD,Sản xuất
DD92S,DD92S200-6B3MT,Sản xuất
DD92S,DD92S200-5B3MT,Sản xuất
DD92S,DD92S200-4B3MT,Sản xuất
DD92S,DD92S200-3B3MT,Sản xuất
DD92S,DD92S200-6B3ID,Sản xuất
DD92S,DD92S200-5B3ID,Sản xuất
DD92S,DD92S200-4B3ID,Sản xuất
DD92S,DD92S200-3B3ID,Sản xuất
DD92S,DD92S200-6B3SL,Sản xuất
DD92S,DD92S200-5B3SL,Sản xuất
DD92S,DD92S200-4B3SL,Sản xuất
DD92S,DD92S200-3B3SL,Sản xuất
DD92S,DD92S200-6P3HN,Sản xuất
DD92S,DD92S200-5P3HN,Sản xuất
DD92S,DD92S200-4P3HN,Sản xuất
DD92S,DD92S200-3P3HN,Sản xuất
DD92S,DD92S200-6P3HT,Sản xuất
DD92S,DD92S200-5P3HT,Sản xuất
DD92S,DD92S200-4P3HT,Sản xuất
DD92S,DD92S200-3P3HT,Sản xuất
DD92S,DD92S200-6P3HD,Sản xuất
DD92S,DD92S200-5P3HD,Sản xuất
DD92S,DD92S200-4P3HD,Sản xuất
DD92S,DD92S200-3P3HD,Sản xuất
DD92S,DD92S200-6P3DN,Sản xuất
DD92S,DD92S200-5P3DN,Sản xuất
DD92S,DD92S200-4P3DN,Sản xuất
DD92S,DD92S200-3P3DN,Sản xuất
DD92S,DD92S200-6P3DT,Sản xuất
DD92S,DD92S200-5P3DT,Sản xuất
DD92S,DD92S200-4P3DT,Sản xuất
DD92S,DD92S200-3P3DT,Sản xuất
DD92S,DD92S200-6P3PT,Sản xuất
DD92S,DD92S200-5P3PT,Sản xuất
DD92S,DD92S200-4P3PT,Sản xuất
DD92S,DD92S200-3P3PT,Sản xuất
DD92S,DD92S200-6P3PD,Sản xuất
DD92S,DD92S200-5P3PD,Sản xuất
DD92S,DD92S200-4P3PD,Sản xuất
DD92S,DD92S200-3P3PD,Sản xuất
DD92S,DD92S200-6P3MT,Sản xuất
DD92S,DD92S200-5P3MT,Sản xuất
DD92S,DD92S200-4P3MT,Sản xuất
DD92S,DD92S200-3P3MT,Sản xuất
DD92S,DD92S200-6P3ID,Sản xuất
DD92S,DD92S200-5P3ID,Sản xuất
DD92S,DD92S200-4P3ID,Sản xuất
DD92S,DD92S200-3P3ID,Sản xuất
DD92S,DD92S200-6P3SL,Sản xuất
DD92S,DD92S200-5P3SL,Sản xuất
DD92S,DD92S200-4P3SL,Sản xuất
DD92S,DD92S200-3P3SL,Sản xuất
DD94S,DD94S200-6B3HN,Sản xuất
DD94S,DD94S200-5B3HN,Sản xuất
DD94S,DD94S200-4B3HN,Sản xuất
DD94S,DD94S200-3B3HN,Sản xuất
DD94S,DD94S200-6B3HT,Sản xuất
DD94S,DD94S200-5B3HT,Sản xuất
DD94S,DD94S200-4B3HT,Sản xuất
DD94S,DD94S200-3B3HT,Sản xuất
DD94S,DD94S200-6B3HD,Sản xuất
DD94S,DD94S200-5B3HD,Sản xuất
DD94S,DD94S200-4B3HD,Sản xuất
DD94S,DD94S200-3B3HD,Sản xuất
DD94S,DD94S200-6B3DN,Sản xuất
DD94S,DD94S200-5B3DN,Sản xuất
DD94S,DD94S200-4B3DN,Sản xuất
DD94S,DD94S200-3B3DN,Sản xuất
DD94S,DD94S200-6B3DT,Sản xuất
DD94S,DD94S200-5B3DT,Sản xuất
DD94S,DD94S200-4B3DT,Sản xuất
DD94S,DD94S200-3B3DT,Sản xuất
DD94S,DD94S200-6B3PT,Sản xuất
DD94S,DD94S200-5B3PT,Sản xuất
DD94S,DD94S200-4B3PT,Sản xuất
DD94S,DD94S200-3B3PT,Sản xuất
DD94S,DD94S200-6B3PD,Sản xuất
DD94S,DD94S200-5B3PD,Sản xuất
DD94S,DD94S200-4B3PD,Sản xuất
DD94S,DD94S200-3B3PD,Sản xuất
DD94S,DD94S200-6B3MT,Sản xuất
DD94S,DD94S200-5B3MT,Sản xuất
DD94S,DD94S200-4B3MT,Sản xuất
DD94S,DD94S200-3B3MT,Sản xuất
DD94S,DD94S200-6B3ID,Sản xuất
DD94S,DD94S200-5B3ID,Sản xuất
DD94S,DD94S200-4B3ID,Sản xuất
DD94S,DD94S200-3B3ID,Sản xuất
DD94S,DD94S200-6B3SL,Sản xuất
DD94S,DD94S200-5B3SL,Sản xuất
DD94S,DD94S200-4B3SL,Sản xuất
DD94S,DD94S200-3B3SL,Sản xuất
DD94S,DD94S200-6P3HN,Sản xuất
DD94S,DD94S200-5P3HN,Sản xuất
DD94S,DD94S200-4P3HN,Sản xuất
DD94S,DD94S200-3P3HN,Sản xuất
DD94S,DD94S200-6P3HT,Sản xuất
DD94S,DD94S200-5P3HT,Sản xuất
DD94S,DD94S200-4P3HT,Sản xuất
DD94S,DD94S200-3P3HT,Sản xuất
DD94S,DD94S200-6P3HD,Sản xuất
DD94S,DD94S200-5P3HD,Sản xuất
DD94S,DD94S200-4P3HD,Sản xuất
DD94S,DD94S200-3P3HD,Sản xuất
DD94S,DD94S200-6P3DN,Sản xuất
DD94S,DD94S200-5P3DN,Sản xuất
DD94S,DD94S200-4P3DN,Sản xuất
DD94S,DD94S200-3P3DN,Sản xuất
DD94S,DD94S200-6P3DT,Sản xuất
DD94S,DD94S200-5P3DT,Sản xuất
DD94S,DD94S200-4P3DT,Sản xuất
DD94S,DD94S200-3P3DT,Sản xuất
DD94S,DD94S200-6P3PT,Sản xuất
DD94S,DD94S200-5P3PT,Sản xuất
DD94S,DD94S200-4P3PT,Sản xuất
DD94S,DD94S200-3P3PT,Sản xuất
DD94S,DD94S200-6P3PD,Sản xuất
DD94S,DD94S200-5P3PD,Sản xuất
DD94S,DD94S200-4P3PD,Sản xuất
DD94S,DD94S200-3P3PD,Sản xuất
DD94S,DD94S200-6P3MT,Sản xuất
DD94S,DD94S200-5P3MT,Sản xuất
DD94S,DD94S200-4P3MT,Sản xuất
DD94S,DD94S200-3P3MT,Sản xuất
DD94S,DD94S200-6P3ID,Sản xuất
DD94S,DD94S200-5P3ID,Sản xuất
DD94S,DD94S200-4P3ID,Sản xuất
DD94S,DD94S200-3P3ID,Sản xuất
DD94S,DD94S200-6P3SL,Sản xuất
DD94S,DD94S200-5P3SL,Sản xuất
DD94S,DD94S200-4P3SL,Sản xuất
DD94S,DD94S200-3P3SL,Sản xuất
DD94S,DD94S250-6B3HN,Sản xuất
DD94S,DD94S250-5B3HN,Sản xuất
DD94S,DD94S250-4B3HN,Sản xuất
DD94S,DD94S250-3B3HN,Sản xuất
DD94S,DD94S250-6B3HT,Sản xuất
DD94S,DD94S250-5B3HT,Sản xuất
DD94S,DD94S250-4B3HT,Sản xuất
DD94S,DD94S250-3B3HT,Sản xuất
DD94S,DD94S250-6B3HD,Sản xuất
DD94S,DD94S250-5B3HD,Sản xuất
DD94S,DD94S250-4B3HD,Sản xuất
DD94S,DD94S250-3B3HD,Sản xuất
DD94S,DD94S250-6B3DN,Sản xuất
DD94S,DD94S250-5B3DN,Sản xuất
DD94S,DD94S250-4B3DN,Sản xuất
DD94S,DD94S250-3B3DN,Sản xuất
DD94S,DD94S250-6B3DT,Sản xuất
DD94S,DD94S250-5B3DT,Sản xuất
DD94S,DD94S250-4B3DT,Sản xuất
DD94S,DD94S250-3B3DT,Sản xuất
DD94S,DD94S250-6B3PT,Sản xuất
DD94S,DD94S250-5B3PT,Sản xuất
DD94S,DD94S250-4B3PT,Sản xuất
DD94S,DD94S250-3B3PT,Sản xuất
DD94S,DD94S250-6B3PD,Sản xuất
DD94S,DD94S250-5B3PD,Sản xuất
DD94S,DD94S250-4B3PD,Sản xuất
DD94S,DD94S250-3B3PD,Sản xuất
DD94S,DD94S250-6B3MT,Sản xuất
DD94S,DD94S250-5B3MT,Sản xuất
DD94S,DD94S250-4B3MT,Sản xuất
DD94S,DD94S250-3B3MT,Sản xuất
DD94S,DD94S250-6B3ID,Sản xuất
DD94S,DD94S250-5B3ID,Sản xuất
DD94S,DD94S250-4B3ID,Sản xuất
DD94S,DD94S250-3B3ID,Sản xuất
DD94S,DD94S250-6B3SL,Sản xuất
DD94S,DD94S250-5B3SL,Sản xuất
DD94S,DD94S250-4B3SL,Sản xuất
DD94S,DD94S250-3B3SL,Sản xuất
DD94S,DD94S250-6P3HN,Sản xuất
DD94S,DD94S250-5P3HN,Sản xuất
DD94S,DD94S250-4P3HN,Sản xuất
DD94S,DD94S250-3P3HN,Sản xuất
DD94S,DD94S250-6P3HT,Sản xuất
DD94S,DD94S250-5P3HT,Sản xuất
DD94S,DD94S250-4P3HT,Sản xuất
DD94S,DD94S250-3P3HT,Sản xuất
DD94S,DD94S250-6P3HD,Sản xuất
DD94S,DD94S250-5P3HD,Sản xuất
DD94S,DD94S250-4P3HD,Sản xuất
DD94S,DD94S250-3P3HD,Sản xuất
DD94S,DD94S250-6P3DN,Sản xuất
DD94S,DD94S250-5P3DN,Sản xuất
DD94S,DD94S250-4P3DN,Sản xuất
DD94S,DD94S250-3P3DN,Sản xuất
DD94S,DD94S250-6P3DT,Sản xuất
DD94S,DD94S250-5P3DT,Sản xuất
DD94S,DD94S250-4P3DT,Sản xuất
DD94S,DD94S250-3P3DT,Sản xuất
DD94S,DD94S250-6P3PT,Sản xuất
DD94S,DD94S250-5P3PT,Sản xuất
DD94S,DD94S250-4P3PT,Sản xuất
DD94S,DD94S250-3P3PT,Sản xuất
DD94S,DD94S250-6P3PD,Sản xuất
DD94S,DD94S250-5P3PD,Sản xuất
DD94S,DD94S250-4P3PD,Sản xuất
DD94S,DD94S250-3P3PD,Sản xuất
DD94S,DD94S250-6P3MT,Sản xuất
DD94S,DD94S250-5P3MT,Sản xuất
DD94S,DD94S250-4P3MT,Sản xuất
DD94S,DD94S250-3P3MT,Sản xuất
DD94S,DD94S250-6P3ID,Sản xuất
DD94S,DD94S250-5P3ID,Sản xuất
DD94S,DD94S250-4P3ID,Sản xuất
DD94S,DD94S250-3P3ID,Sản xuất
DD94S,DD94S250-6P3SL,Sản xuất
DD94S,DD94S250-5P3SL,Sản xuất
DD94S,DD94S250-4P3SL,Sản xuất
DD94S,DD94S250-3P3SL,Sản xuất
DD94S,DD94S300-6B3HN,Sản xuất
DD94S,DD94S300-5B3HN,Sản xuất
DD94S,DD94S300-4B3HN,Sản xuất
DD94S,DD94S300-3B3HN,Sản xuất
DD94S,DD94S300-6B3HT,Sản xuất
DD94S,DD94S300-5B3HT,Sản xuất
DD94S,DD94S300-4B3HT,Sản xuất
DD94S,DD94S300-3B3HT,Sản xuất
DD94S,DD94S300-6B3HD,Sản xuất
DD94S,DD94S300-5B3HD,Sản xuất
DD94S,DD94S300-4B3HD,Sản xuất
DD94S,DD94S300-3B3HD,Sản xuất
DD94S,DD94S300-6B3DN,Sản xuất
DD94S,DD94S300-5B3DN,Sản xuất
DD94S,DD94S300-4B3DN,Sản xuất
DD94S,DD94S300-3B3DN,Sản xuất
DD94S,DD94S300-6B3DT,Sản xuất
DD94S,DD94S300-5B3DT,Sản xuất
DD94S,DD94S300-4B3DT,Sản xuất
DD94S,DD94S300-3B3DT,Sản xuất
DD94S,DD94S300-6B3PT,Sản xuất
DD94S,DD94S300-5B3PT,Sản xuất
DD94S,DD94S300-4B3PT,Sản xuất
DD94S,DD94S300-3B3PT,Sản xuất
DD94S,DD94S300-6B3PD,Sản xuất
DD94S,DD94S300-5B3PD,Sản xuất
DD94S,DD94S300-4B3PD,Sản xuất
DD94S,DD94S300-3B3PD,Sản xuất
DD94S,DD94S300-6B3MT,Sản xuất
DD94S,DD94S300-5B3MT,Sản xuất
DD94S,DD94S300-4B3MT,Sản xuất
DD94S,DD94S300-3B3MT,Sản xuất
DD94S,DD94S300-6B3ID,Sản xuất
DD94S,DD94S300-5B3ID,Sản xuất
DD94S,DD94S300-4B3ID,Sản xuất
DD94S,DD94S300-3B3ID,Sản xuất
DD94S,DD94S300-6B3SL,Sản xuất
DD94S,DD94S300-5B3SL,Sản xuất
DD94S,DD94S300-4B3SL,Sản xuất
DD94S,DD94S300-3B3SL,Sản xuất
DD94S,DD94S300-6P3HN,Sản xuất
DD94S,DD94S300-5P3HN,Sản xuất
DD94S,DD94S300-4P3HN,Sản xuất
DD94S,DD94S300-3P3HN,Sản xuất
DD94S,DD94S300-6P3HT,Sản xuất
DD94S,DD94S300-5P3HT,Sản xuất
DD94S,DD94S300-4P3HT,Sản xuất
DD94S,DD94S300-3P3HT,Sản xuất
DD94S,DD94S300-6P3HD,Sản xuất
DD94S,DD94S300-5P3HD,Sản xuất
DD94S,DD94S300-4P3HD,Sản xuất
DD94S,DD94S300-3P3HD,Sản xuất
DD94S,DD94S300-6P3DN,Sản xuất
DD94S,DD94S300-5P3DN,Sản xuất
DD94S,DD94S300-4P3DN,Sản xuất
DD94S,DD94S300-3P3DN,Sản xuất
DD94S,DD94S300-6P3DT,Sản xuất
DD94S,DD94S300-5P3DT,Sản xuất
DD94S,DD94S300-4P3DT,Sản xuất
DD94S,DD94S300-3P3DT,Sản xuất
DD94S,DD94S300-6P3PT,Sản xuất
DD94S,DD94S300-5P3PT,Sản xuất
DD94S,DD94S300-4P3PT,Sản xuất
DD94S,DD94S300-3P3PT,Sản xuất
DD94S,DD94S300-6P3PD,Sản xuất
DD94S,DD94S300-5P3PD,Sản xuất
DD94S,DD94S300-4P3PD,Sản xuất
DD94S,DD94S300-3P3PD,Sản xuất
DD94S,DD94S300-6P3MT,Sản xuất
DD94S,DD94S300-5P3MT,Sản xuất
DD94S,DD94S300-4P3MT,Sản xuất
DD94S,DD94S300-3P3MT,Sản xuất
DD94S,DD94S300-6P3ID,Sản xuất
DD94S,DD94S300-5P3ID,Sản xuất
DD94S,DD94S300-4P3ID,Sản xuất
DD94S,DD94S300-3P3ID,Sản xuất
DD94S,DD94S300-6P3SL,Sản xuất
DD94S,DD94S300-5P3SL,Sản xuất
DD94S,DD94S300-4P3SL,Sản xuất
DD94S,DD94S300-3P3SL,Sản xuất
DD20S,DD20S050-6B3HN-A,Sản xuất
DD20S,DD20S050-5B3HN-A,Sản xuất
DD20S,DD20S050-4B3HN-A,Sản xuất
DD20S,DD20S050-3B3HN-A,Sản xuất
DD20S,DD20S050-6B3HT-A,Sản xuất
DD20S,DD20S050-5B3HT-A,Sản xuất
DD20S,DD20S050-4B3HT-A,Sản xuất
DD20S,DD20S050-3B3HT-A,Sản xuất
DD20S,DD20S050-6B3HD-A,Sản xuất
DD20S,DD20S050-5B3HD-A,Sản xuất
DD20S,DD20S050-4B3HD-A,Sản xuất
DD20S,DD20S050-3B3HD-A,Sản xuất
DD20S,DD20S050-6B3DN-A,Sản xuất
DD20S,DD20S050-5B3DN-A,Sản xuất
DD20S,DD20S050-4B3DN-A,Sản xuất
DD20S,DD20S050-3B3DN-A,Sản xuất
DD20S,DD20S050-6B3DT-A,Sản xuất
DD20S,DD20S050-5B3DT-A,Sản xuất
DD20S,DD20S050-4B3DT-A,Sản xuất
DD20S,DD20S050-3B3DT-A,Sản xuất
DD20S,DD20S050-6B3PT-A,Sản xuất
DD20S,DD20S050-5B3PT-A,Sản xuất
DD20S,DD20S050-4B3PT-A,Sản xuất
DD20S,DD20S050-3B3PT-A,Sản xuất
DD20S,DD20S050-6B3PD-A,Sản xuất
DD20S,DD20S050-5B3PD-A,Sản xuất
DD20S,DD20S050-4B3PD-A,Sản xuất
DD20S,DD20S050-3B3PD-A,Sản xuất
DD20S,DD20S050-6B3MT-A,Sản xuất
DD20S,DD20S050-5B3MT-A,Sản xuất
DD20S,DD20S050-4B3MT-A,Sản xuất
DD20S,DD20S050-3B3MT-A,Sản xuất
DD20S,DD20S050-6B3ID-A,Sản xuất
DD20S,DD20S050-5B3ID-A,Sản xuất
DD20S,DD20S050-4B3ID-A,Sản xuất
DD20S,DD20S050-3B3ID-A,Sản xuất
DD20S,DD20S050-6B3SL-A,Sản xuất
DD20S,DD20S050-5B3SL-A,Sản xuất
DD20S,DD20S050-4B3SL-A,Sản xuất
DD20S,DD20S050-3B3SL-A,Sản xuất
DD20S,DD20S050-6P3HN-A,Sản xuất
DD20S,DD20S050-5P3HN-A,Sản xuất
DD20S,DD20S050-4P3HN-A,Sản xuất
DD20S,DD20S050-3P3HN-A,Sản xuất
DD20S,DD20S050-6P3HT-A,Sản xuất
DD20S,DD20S050-5P3HT-A,Sản xuất
DD20S,DD20S050-4P3HT-A,Sản xuất
DD20S,DD20S050-3P3HT-A,Sản xuất
DD20S,DD20S050-6P3HD-A,Sản xuất
DD20S,DD20S050-5P3HD-A,Sản xuất
DD20S,DD20S050-4P3HD-A,Sản xuất
DD20S,DD20S050-3P3HD-A,Sản xuất
DD20S,DD20S050-6P3DN-A,Sản xuất
DD20S,DD20S050-5P3DN-A,Sản xuất
DD20S,DD20S050-4P3DN-A,Sản xuất
DD20S,DD20S050-3P3DN-A,Sản xuất
DD20S,DD20S050-6P3DT-A,Sản xuất
DD20S,DD20S050-5P3DT-A,Sản xuất
DD20S,DD20S050-4P3DT-A,Sản xuất
DD20S,DD20S050-3P3DT-A,Sản xuất
DD20S,DD20S050-6P3PT-A,Sản xuất
DD20S,DD20S050-5P3PT-A,Sản xuất
DD20S,DD20S050-4P3PT-A,Sản xuất
DD20S,DD20S050-3P3PT-A,Sản xuất
DD20S,DD20S050-6P3PD-A,Sản xuất
DD20S,DD20S050-5P3PD-A,Sản xuất
DD20S,DD20S050-4P3PD-A,Sản xuất
DD20S,DD20S050-3P3PD-A,Sản xuất
DD20S,DD20S050-6P3MT-A,Sản xuất
DD20S,DD20S050-5P3MT-A,Sản xuất
DD20S,DD20S050-4P3MT-A,Sản xuất
DD20S,DD20S050-3P3MT-A,Sản xuất
DD20S,DD20S050-6P3ID-A,Sản xuất
DD20S,DD20S050-5P3ID-A,Sản xuất
DD20S,DD20S050-4P3ID-A,Sản xuất
DD20S,DD20S050-3P3ID-A,Sản xuất
DD20S,DD20S050-6P3SL-A,Sản xuất
DD20S,DD20S050-5P3SL-A,Sản xuất
DD20S,DD20S050-4P3SL-A,Sản xuất
DD20S,DD20S050-3P3SL-A,Sản xuất
DD20S,DD20S100-6B3HN-A,Sản xuất
DD20S,DD20S100-5B3HN-A,Sản xuất
DD20S,DD20S100-4B3HN-A,Sản xuất
DD20S,DD20S100-3B3HN-A,Sản xuất
DD20S,DD20S100-6B3HT-A,Sản xuất
DD20S,DD20S100-5B3HT-A,Sản xuất
DD20S,DD20S100-4B3HT-A,Sản xuất
DD20S,DD20S100-3B3HT-A,Sản xuất
DD20S,DD20S100-6B3HD-A,Sản xuất
DD20S,DD20S100-5B3HD-A,Sản xuất
DD20S,DD20S100-4B3HD-A,Sản xuất
DD20S,DD20S100-3B3HD-A,Sản xuất
DD20S,DD20S100-6B3DN-A,Sản xuất
DD20S,DD20S100-5B3DN-A,Sản xuất
DD20S,DD20S100-4B3DN-A,Sản xuất
DD20S,DD20S100-3B3DN-A,Sản xuất
DD20S,DD20S100-6B3DT-A,Sản xuất
DD20S,DD20S100-5B3DT-A,Sản xuất
DD20S,DD20S100-4B3DT-A,Sản xuất
DD20S,DD20S100-3B3DT-A,Sản xuất
DD20S,DD20S100-6B3PT-A,Sản xuất
DD20S,DD20S100-5B3PT-A,Sản xuất
DD20S,DD20S100-4B3PT-A,Sản xuất
DD20S,DD20S100-3B3PT-A,Sản xuất
DD20S,DD20S100-6B3PD-A,Sản xuất
DD20S,DD20S100-5B3PD-A,Sản xuất
DD20S,DD20S100-4B3PD-A,Sản xuất
DD20S,DD20S100-3B3PD-A,Sản xuất
DD20S,DD20S100-6B3MT-A,Sản xuất
DD20S,DD20S100-5B3MT-A,Sản xuất
DD20S,DD20S100-4B3MT-A,Sản xuất
DD20S,DD20S100-3B3MT-A,Sản xuất
DD20S,DD20S100-6B3ID-A,Sản xuất
DD20S,DD20S100-5B3ID-A,Sản xuất
DD20S,DD20S100-4B3ID-A,Sản xuất
DD20S,DD20S100-3B3ID-A,Sản xuất
DD20S,DD20S100-6B3SL-A,Sản xuất
DD20S,DD20S100-5B3SL-A,Sản xuất
DD20S,DD20S100-4B3SL-A,Sản xuất
DD20S,DD20S100-3B3SL-A,Sản xuất
DD20S,DD20S100-6P3HN-A,Sản xuất
DD20S,DD20S100-5P3HN-A,Sản xuất
DD20S,DD20S100-4P3HN-A,Sản xuất
DD20S,DD20S100-3P3HN-A,Sản xuất
DD20S,DD20S100-6P3HT-A,Sản xuất
DD20S,DD20S100-5P3HT-A,Sản xuất
DD20S,DD20S100-4P3HT-A,Sản xuất
DD20S,DD20S100-3P3HT-A,Sản xuất
DD20S,DD20S100-6P3HD-A,Sản xuất
DD20S,DD20S100-5P3HD-A,Sản xuất
DD20S,DD20S100-4P3HD-A,Sản xuất
DD20S,DD20S100-3P3HD-A,Sản xuất
DD20S,DD20S100-6P3DN-A,Sản xuất
DD20S,DD20S100-5P3DN-A,Sản xuất
DD20S,DD20S100-4P3DN-A,Sản xuất
DD20S,DD20S100-3P3DN-A,Sản xuất
DD20S,DD20S100-6P3DT-A,Sản xuất
DD20S,DD20S100-5P3DT-A,Sản xuất
DD20S,DD20S100-4P3DT-A,Sản xuất
DD20S,DD20S100-3P3DT-A,Sản xuất
DD20S,DD20S100-6P3PT-A,Sản xuất
DD20S,DD20S100-5P3PT-A,Sản xuất
DD20S,DD20S100-4P3PT-A,Sản xuất
DD20S,DD20S100-3P3PT-A,Sản xuất
DD20S,DD20S100-6P3PD-A,Sản xuất
DD20S,DD20S100-5P3PD-A,Sản xuất
DD20S,DD20S100-4P3PD-A,Sản xuất
DD20S,DD20S100-3P3PD-A,Sản xuất
DD20S,DD20S100-6P3MT-A,Sản xuất
DD20S,DD20S100-5P3MT-A,Sản xuất
DD20S,DD20S100-4P3MT-A,Sản xuất
DD20S,DD20S100-3P3MT-A,Sản xuất
DD20S,DD20S100-6P3ID-A,Sản xuất
DD20S,DD20S100-5P3ID-A,Sản xuất
DD20S,DD20S100-4P3ID-A,Sản xuất
DD20S,DD20S100-3P3ID-A,Sản xuất
DD20S,DD20S100-6P3SL-A,Sản xuất
DD20S,DD20S100-5P3SL-A,Sản xuất
DD20S,DD20S100-4P3SL-A,Sản xuất
DD20S,DD20S100-3P3SL-A,Sản xuất
DD20S,DD20S150-6B3HN-A,Sản xuất
DD20S,DD20S150-5B3HN-A,Sản xuất
DD20S,DD20S150-4B3HN-A,Sản xuất
DD20S,DD20S150-3B3HN-A,Sản xuất
DD20S,DD20S150-6B3HT-A,Sản xuất
DD20S,DD20S150-5B3HT-A,Sản xuất
DD20S,DD20S150-4B3HT-A,Sản xuất
DD20S,DD20S150-3B3HT-A,Sản xuất
DD20S,DD20S150-6B3HD-A,Sản xuất
DD20S,DD20S150-5B3HD-A,Sản xuất
DD20S,DD20S150-4B3HD-A,Sản xuất
DD20S,DD20S150-3B3HD-A,Sản xuất
DD20S,DD20S150-6B3DN-A,Sản xuất
DD20S,DD20S150-5B3DN-A,Sản xuất
DD20S,DD20S150-4B3DN-A,Sản xuất
DD20S,DD20S150-3B3DN-A,Sản xuất
DD20S,DD20S150-6B3DT-A,Sản xuất
DD20S,DD20S150-5B3DT-A,Sản xuất
DD20S,DD20S150-4B3DT-A,Sản xuất
DD20S,DD20S150-3B3DT-A,Sản xuất
DD20S,DD20S150-6B3PT-A,Sản xuất
DD20S,DD20S150-5B3PT-A,Sản xuất
DD20S,DD20S150-4B3PT-A,Sản xuất
DD20S,DD20S150-3B3PT-A,Sản xuất
DD20S,DD20S150-6B3PD-A,Sản xuất
DD20S,DD20S150-5B3PD-A,Sản xuất
DD20S,DD20S150-4B3PD-A,Sản xuất
DD20S,DD20S150-3B3PD-A,Sản xuất
DD20S,DD20S150-6B3MT-A,Sản xuất
DD20S,DD20S150-5B3MT-A,Sản xuất
DD20S,DD20S150-4B3MT-A,Sản xuất
DD20S,DD20S150-3B3MT-A,Sản xuất
DD20S,DD20S150-6B3ID-A,Sản xuất
DD20S,DD20S150-5B3ID-A,Sản xuất
DD20S,DD20S150-4B3ID-A,Sản xuất
DD20S,DD20S150-3B3ID-A,Sản xuất
DD20S,DD20S150-6B3SL-A,Sản xuất
DD20S,DD20S150-5B3SL-A,Sản xuất
DD20S,DD20S150-4B3SL-A,Sản xuất
DD20S,DD20S150-3B3SL-A,Sản xuất
DD20S,DD20S150-6P3HN-A,Sản xuất
DD20S,DD20S150-5P3HN-A,Sản xuất
DD20S,DD20S150-4P3HN-A,Sản xuất
DD20S,DD20S150-3P3HN-A,Sản xuất
DD20S,DD20S150-6P3HT-A,Sản xuất
DD20S,DD20S150-5P3HT-A,Sản xuất
DD20S,DD20S150-4P3HT-A,Sản xuất
DD20S,DD20S150-3P3HT-A,Sản xuất
DD20S,DD20S150-6P3HD-A,Sản xuất
DD20S,DD20S150-5P3HD-A,Sản xuất
DD20S,DD20S150-4P3HD-A,Sản xuất
DD20S,DD20S150-3P3HD-A,Sản xuất
DD20S,DD20S150-6P3DN-A,Sản xuất
DD20S,DD20S150-5P3DN-A,Sản xuất
DD20S,DD20S150-4P3DN-A,Sản xuất
DD20S,DD20S150-3P3DN-A,Sản xuất
DD20S,DD20S150-6P3DT-A,Sản xuất
DD20S,DD20S150-5P3DT-A,Sản xuất
DD20S,DD20S150-4P3DT-A,Sản xuất
DD20S,DD20S150-3P3DT-A,Sản xuất
DD20S,DD20S150-6P3PT-A,Sản xuất
DD20S,DD20S150-5P3PT-A,Sản xuất
DD20S,DD20S150-4P3PT-A,Sản xuất
DD20S,DD20S150-3P3PT-A,Sản xuất
DD20S,DD20S150-6P3PD-A,Sản xuất
DD20S,DD20S150-5P3PD-A,Sản xuất
DD20S,DD20S150-4P3PD-A,Sản xuất
DD20S,DD20S150-3P3PD-A,Sản xuất
DD20S,DD20S150-6P3MT-A,Sản xuất
DD20S,DD20S150-5P3MT-A,Sản xuất
DD20S,DD20S150-4P3MT-A,Sản xuất
DD20S,DD20S150-3P3MT-A,Sản xuất
DD20S,DD20S150-6P3ID-A,Sản xuất
DD20S,DD20S150-5P3ID-A,Sản xuất
DD20S,DD20S150-4P3ID-A,Sản xuất
DD20S,DD20S150-3P3ID-A,Sản xuất
DD20S,DD20S150-6P3SL-A,Sản xuất
DD20S,DD20S150-5P3SL-A,Sản xuất
DD20S,DD20S150-4P3SL-A,Sản xuất
DD20S,DD20S150-3P3SL-A,Sản xuất
DD20S,DD20S200-6B3HN-A,Sản xuất
DD20S,DD20S200-5B3HN-A,Sản xuất
DD20S,DD20S200-4B3HN-A,Sản xuất
DD20S,DD20S200-3B3HN-A,Sản xuất
DD20S,DD20S200-6B3HT-A,Sản xuất
DD20S,DD20S200-5B3HT-A,Sản xuất
DD20S,DD20S200-4B3HT-A,Sản xuất
DD20S,DD20S200-3B3HT-A,Sản xuất
DD20S,DD20S200-6B3HD-A,Sản xuất
DD20S,DD20S200-5B3HD-A,Sản xuất
DD20S,DD20S200-4B3HD-A,Sản xuất
DD20S,DD20S200-3B3HD-A,Sản xuất
DD20S,DD20S200-6B3DN-A,Sản xuất
DD20S,DD20S200-5B3DN-A,Sản xuất
DD20S,DD20S200-4B3DN-A,Sản xuất
DD20S,DD20S200-3B3DN-A,Sản xuất
DD20S,DD20S200-6B3DT-A,Sản xuất
DD20S,DD20S200-5B3DT-A,Sản xuất
DD20S,DD20S200-4B3DT-A,Sản xuất
DD20S,DD20S200-3B3DT-A,Sản xuất
DD20S,DD20S200-6B3PT-A,Sản xuất
DD20S,DD20S200-5B3PT-A,Sản xuất
DD20S,DD20S200-4B3PT-A,Sản xuất
DD20S,DD20S200-3B3PT-A,Sản xuất
DD20S,DD20S200-6B3PD-A,Sản xuất
DD20S,DD20S200-5B3PD-A,Sản xuất
DD20S,DD20S200-4B3PD-A,Sản xuất
DD20S,DD20S200-3B3PD-A,Sản xuất
DD20S,DD20S200-6B3MT-A,Sản xuất
DD20S,DD20S200-5B3MT-A,Sản xuất
DD20S,DD20S200-4B3MT-A,Sản xuất
DD20S,DD20S200-3B3MT-A,Sản xuất
DD20S,DD20S200-6B3ID-A,Sản xuất
DD20S,DD20S200-5B3ID-A,Sản xuất
DD20S,DD20S200-4B3ID-A,Sản xuất
DD20S,DD20S200-3B3ID-A,Sản xuất
DD20S,DD20S200-6B3SL-A,Sản xuất
DD20S,DD20S200-5B3SL-A,Sản xuất
DD20S,DD20S200-4B3SL-A,Sản xuất
DD20S,DD20S200-3B3SL-A,Sản xuất
DD20S,DD20S200-6P3HN-A,Sản xuất
DD20S,DD20S200-5P3HN-A,Sản xuất
DD20S,DD20S200-4P3HN-A,Sản xuất
DD20S,DD20S200-3P3HN-A,Sản xuất
DD20S,DD20S200-6P3HT-A,Sản xuất
DD20S,DD20S200-5P3HT-A,Sản xuất
DD20S,DD20S200-4P3HT-A,Sản xuất
DD20S,DD20S200-3P3HT-A,Sản xuất
DD20S,DD20S200-6P3HD-A,Sản xuất
DD20S,DD20S200-5P3HD-A,Sản xuất
DD20S,DD20S200-4P3HD-A,Sản xuất
DD20S,DD20S200-3P3HD-A,Sản xuất
DD20S,DD20S200-6P3DN-A,Sản xuất
DD20S,DD20S200-5P3DN-A,Sản xuất
DD20S,DD20S200-4P3DN-A,Sản xuất
DD20S,DD20S200-3P3DN-A,Sản xuất
DD20S,DD20S200-6P3DT-A,Sản xuất
DD20S,DD20S200-5P3DT-A,Sản xuất
DD20S,DD20S200-4P3DT-A,Sản xuất
DD20S,DD20S200-3P3DT-A,Sản xuất
DD20S,DD20S200-6P3PT-A,Sản xuất
DD20S,DD20S200-5P3PT-A,Sản xuất
DD20S,DD20S200-4P3PT-A,Sản xuất
DD20S,DD20S200-3P3PT-A,Sản xuất
DD20S,DD20S200-6P3PD-A,Sản xuất
DD20S,DD20S200-5P3PD-A,Sản xuất
DD20S,DD20S200-4P3PD-A,Sản xuất
DD20S,DD20S200-3P3PD-A,Sản xuất
DD20S,DD20S200-6P3MT-A,Sản xuất
DD20S,DD20S200-5P3MT-A,Sản xuất
DD20S,DD20S200-4P3MT-A,Sản xuất
DD20S,DD20S200-3P3MT-A,Sản xuất
DD20S,DD20S200-6P3ID-A,Sản xuất
DD20S,DD20S200-5P3ID-A,Sản xuất
DD20S,DD20S200-4P3ID-A,Sản xuất
DD20S,DD20S200-3P3ID-A,Sản xuất
DD20S,DD20S200-6P3SL-A,Sản xuất
DD20S,DD20S200-5P3SL-A,Sản xuất
DD20S,DD20S200-4P3SL-A,Sản xuất
DD20S,DD20S200-3P3SL-A,Sản xuất
DD20S,DD20S050-6B3HN-B,Sản xuất
DD20S,DD20S050-5B3HN-B,Sản xuất
DD20S,DD20S050-4B3HN-B,Sản xuất
DD20S,DD20S050-3B3HN-B,Sản xuất
DD20S,DD20S050-6B3HT-B,Sản xuất
DD20S,DD20S050-5B3HT-B,Sản xuất
DD20S,DD20S050-4B3HT-B,Sản xuất
DD20S,DD20S050-3B3HT-B,Sản xuất
DD20S,DD20S050-6B3HD-B,Sản xuất
DD20S,DD20S050-5B3HD-B,Sản xuất
DD20S,DD20S050-4B3HD-B,Sản xuất
DD20S,DD20S050-3B3HD-B,Sản xuất
DD20S,DD20S050-6B3DN-B,Sản xuất
DD20S,DD20S050-5B3DN-B,Sản xuất
DD20S,DD20S050-4B3DN-B,Sản xuất
DD20S,DD20S050-3B3DN-B,Sản xuất
DD20S,DD20S050-6B3DT-B,Sản xuất
DD20S,DD20S050-5B3DT-B,Sản xuất
DD20S,DD20S050-4B3DT-B,Sản xuất
DD20S,DD20S050-3B3DT-B,Sản xuất
DD20S,DD20S050-6B3PT-B,Sản xuất
DD20S,DD20S050-5B3PT-B,Sản xuất
DD20S,DD20S050-4B3PT-B,Sản xuất
DD20S,DD20S050-3B3PT-B,Sản xuất
DD20S,DD20S050-6B3PD-B,Sản xuất
DD20S,DD20S050-5B3PD-B,Sản xuất
DD20S,DD20S050-4B3PD-B,Sản xuất
DD20S,DD20S050-3B3PD-B,Sản xuất
DD20S,DD20S050-6B3MT-B,Sản xuất
DD20S,DD20S050-5B3MT-B,Sản xuất
DD20S,DD20S050-4B3MT-B,Sản xuất
DD20S,DD20S050-3B3MT-B,Sản xuất
DD20S,DD20S050-6B3ID-B,Sản xuất
DD20S,DD20S050-5B3ID-B,Sản xuất
DD20S,DD20S050-4B3ID-B,Sản xuất
DD20S,DD20S050-3B3ID-B,Sản xuất
DD20S,DD20S050-6B3SL-B,Sản xuất
DD20S,DD20S050-5B3SL-B,Sản xuất
DD20S,DD20S050-4B3SL-B,Sản xuất
DD20S,DD20S050-3B3SL-B,Sản xuất
DD20S,DD20S050-6P3HN-B,Sản xuất
DD20S,DD20S050-5P3HN-B,Sản xuất
DD20S,DD20S050-4P3HN-B,Sản xuất
DD20S,DD20S050-3P3HN-B,Sản xuất
DD20S,DD20S050-6P3HT-B,Sản xuất
DD20S,DD20S050-5P3HT-B,Sản xuất
DD20S,DD20S050-4P3HT-B,Sản xuất
DD20S,DD20S050-3P3HT-B,Sản xuất
DD20S,DD20S050-6P3HD-B,Sản xuất
DD20S,DD20S050-5P3HD-B,Sản xuất
DD20S,DD20S050-4P3HD-B,Sản xuất
DD20S,DD20S050-3P3HD-B,Sản xuất
DD20S,DD20S050-6P3DN-B,Sản xuất
DD20S,DD20S050-5P3DN-B,Sản xuất
DD20S,DD20S050-4P3DN-B,Sản xuất
DD20S,DD20S050-3P3DN-B,Sản xuất
DD20S,DD20S050-6P3DT-B,Sản xuất
DD20S,DD20S050-5P3DT-B,Sản xuất
DD20S,DD20S050-4P3DT-B,Sản xuất
DD20S,DD20S050-3P3DT-B,Sản xuất
DD20S,DD20S050-6P3PT-B,Sản xuất
DD20S,DD20S050-5P3PT-B,Sản xuất
DD20S,DD20S050-4P3PT-B,Sản xuất
DD20S,DD20S050-3P3PT-B,Sản xuất
DD20S,DD20S050-6P3PD-B,Sản xuất
DD20S,DD20S050-5P3PD-B,Sản xuất
DD20S,DD20S050-4P3PD-B,Sản xuất
DD20S,DD20S050-3P3PD-B,Sản xuất
DD20S,DD20S050-6P3MT-B,Sản xuất
DD20S,DD20S050-5P3MT-B,Sản xuất
DD20S,DD20S050-4P3MT-B,Sản xuất
DD20S,DD20S050-3P3MT-B,Sản xuất
DD20S,DD20S050-6P3ID-B,Sản xuất
DD20S,DD20S050-5P3ID-B,Sản xuất
DD20S,DD20S050-4P3ID-B,Sản xuất
DD20S,DD20S050-3P3ID-B,Sản xuất
DD20S,DD20S050-6P3SL-B,Sản xuất
DD20S,DD20S050-5P3SL-B,Sản xuất
DD20S,DD20S050-4P3SL-B,Sản xuất
DD20S,DD20S050-3P3SL-B,Sản xuất
DD20S,DD20S100-6B3HN-B,Sản xuất
DD20S,DD20S100-5B3HN-B,Sản xuất
DD20S,DD20S100-4B3HN-B,Sản xuất
DD20S,DD20S100-3B3HN-B,Sản xuất
DD20S,DD20S100-6B3HT-B,Sản xuất
DD20S,DD20S100-5B3HT-B,Sản xuất
DD20S,DD20S100-4B3HT-B,Sản xuất
DD20S,DD20S100-3B3HT-B,Sản xuất
DD20S,DD20S100-6B3HD-B,Sản xuất
DD20S,DD20S100-5B3HD-B,Sản xuất
DD20S,DD20S100-4B3HD-B,Sản xuất
DD20S,DD20S100-3B3HD-B,Sản xuất
DD20S,DD20S100-6B3DN-B,Sản xuất
DD20S,DD20S100-5B3DN-B,Sản xuất
DD20S,DD20S100-4B3DN-B,Sản xuất
DD20S,DD20S100-3B3DN-B,Sản xuất
DD20S,DD20S100-6B3DT-B,Sản xuất
DD20S,DD20S100-5B3DT-B,Sản xuất
DD20S,DD20S100-4B3DT-B,Sản xuất
DD20S,DD20S100-3B3DT-B,Sản xuất
DD20S,DD20S100-6B3PT-B,Sản xuất
DD20S,DD20S100-5B3PT-B,Sản xuất
DD20S,DD20S100-4B3PT-B,Sản xuất
DD20S,DD20S100-3B3PT-B,Sản xuất
DD20S,DD20S100-6B3PD-B,Sản xuất
DD20S,DD20S100-5B3PD-B,Sản xuất
DD20S,DD20S100-4B3PD-B,Sản xuất
DD20S,DD20S100-3B3PD-B,Sản xuất
DD20S,DD20S100-6B3MT-B,Sản xuất
DD20S,DD20S100-5B3MT-B,Sản xuất
DD20S,DD20S100-4B3MT-B,Sản xuất
DD20S,DD20S100-3B3MT-B,Sản xuất
DD20S,DD20S100-6B3ID-B,Sản xuất
DD20S,DD20S100-5B3ID-B,Sản xuất
DD20S,DD20S100-4B3ID-B,Sản xuất
DD20S,DD20S100-3B3ID-B,Sản xuất
DD20S,DD20S100-6B3SL-B,Sản xuất
DD20S,DD20S100-5B3SL-B,Sản xuất
DD20S,DD20S100-4B3SL-B,Sản xuất
DD20S,DD20S100-3B3SL-B,Sản xuất
DD20S,DD20S100-6P3HN-B,Sản xuất
DD20S,DD20S100-5P3HN-B,Sản xuất
DD20S,DD20S100-4P3HN-B,Sản xuất
DD20S,DD20S100-3P3HN-B,Sản xuất
DD20S,DD20S100-6P3HT-B,Sản xuất
DD20S,DD20S100-5P3HT-B,Sản xuất
DD20S,DD20S100-4P3HT-B,Sản xuất
DD20S,DD20S100-3P3HT-B,Sản xuất
DD20S,DD20S100-6P3HD-B,Sản xuất
DD20S,DD20S100-5P3HD-B,Sản xuất
DD20S,DD20S100-4P3HD-B,Sản xuất
DD20S,DD20S100-3P3HD-B,Sản xuất
DD20S,DD20S100-6P3DN-B,Sản xuất
DD20S,DD20S100-5P3DN-B,Sản xuất
DD20S,DD20S100-4P3DN-B,Sản xuất
DD20S,DD20S100-3P3DN-B,Sản xuất
DD20S,DD20S100-6P3DT-B,Sản xuất
DD20S,DD20S100-5P3DT-B,Sản xuất
DD20S,DD20S100-4P3DT-B,Sản xuất
DD20S,DD20S100-3P3DT-B,Sản xuất
DD20S,DD20S100-6P3PT-B,Sản xuất
DD20S,DD20S100-5P3PT-B,Sản xuất
DD20S,DD20S100-4P3PT-B,Sản xuất
DD20S,DD20S100-3P3PT-B,Sản xuất
DD20S,DD20S100-6P3PD-B,Sản xuất
DD20S,DD20S100-5P3PD-B,Sản xuất
DD20S,DD20S100-4P3PD-B,Sản xuất
DD20S,DD20S100-3P3PD-B,Sản xuất
DD20S,DD20S100-6P3MT-B,Sản xuất
DD20S,DD20S100-5P3MT-B,Sản xuất
DD20S,DD20S100-4P3MT-B,Sản xuất
DD20S,DD20S100-3P3MT-B,Sản xuất
DD20S,DD20S100-6P3ID-B,Sản xuất
DD20S,DD20S100-5P3ID-B,Sản xuất
DD20S,DD20S100-4P3ID-B,Sản xuất
DD20S,DD20S100-3P3ID-B,Sản xuất
DD20S,DD20S100-6P3SL-B,Sản xuất
DD20S,DD20S100-5P3SL-B,Sản xuất
DD20S,DD20S100-4P3SL-B,Sản xuất
DD20S,DD20S100-3P3SL-B,Sản xuất
DD20S,DD20S150-6B3HN-B,Sản xuất
DD20S,DD20S150-5B3HN-B,Sản xuất
DD20S,DD20S150-4B3HN-B,Sản xuất
DD20S,DD20S150-3B3HN-B,Sản xuất
DD20S,DD20S150-6B3HT-B,Sản xuất
DD20S,DD20S150-5B3HT-B,Sản xuất
DD20S,DD20S150-4B3HT-B,Sản xuất
DD20S,DD20S150-3B3HT-B,Sản xuất
DD20S,DD20S150-6B3HD-B,Sản xuất
DD20S,DD20S150-5B3HD-B,Sản xuất
DD20S,DD20S150-4B3HD-B,Sản xuất
DD20S,DD20S150-3B3HD-B,Sản xuất
DD20S,DD20S150-6B3DN-B,Sản xuất
DD20S,DD20S150-5B3DN-B,Sản xuất
DD20S,DD20S150-4B3DN-B,Sản xuất
DD20S,DD20S150-3B3DN-B,Sản xuất
DD20S,DD20S150-6B3DT-B,Sản xuất
DD20S,DD20S150-5B3DT-B,Sản xuất
DD20S,DD20S150-4B3DT-B,Sản xuất
DD20S,DD20S150-3B3DT-B,Sản xuất
DD20S,DD20S150-6B3PT-B,Sản xuất
DD20S,DD20S150-5B3PT-B,Sản xuất
DD20S,DD20S150-4B3PT-B,Sản xuất
DD20S,DD20S150-3B3PT-B,Sản xuất
DD20S,DD20S150-6B3PD-B,Sản xuất
DD20S,DD20S150-5B3PD-B,Sản xuất
DD20S,DD20S150-4B3PD-B,Sản xuất
DD20S,DD20S150-3B3PD-B,Sản xuất
DD20S,DD20S150-6B3MT-B,Sản xuất
DD20S,DD20S150-5B3MT-B,Sản xuất
DD20S,DD20S150-4B3MT-B,Sản xuất
DD20S,DD20S150-3B3MT-B,Sản xuất
DD20S,DD20S150-6B3ID-B,Sản xuất
DD20S,DD20S150-5B3ID-B,Sản xuất
DD20S,DD20S150-4B3ID-B,Sản xuất
DD20S,DD20S150-3B3ID-B,Sản xuất
DD20S,DD20S150-6B3SL-B,Sản xuất
DD20S,DD20S150-5B3SL-B,Sản xuất
DD20S,DD20S150-4B3SL-B,Sản xuất
DD20S,DD20S150-3B3SL-B,Sản xuất
DD20S,DD20S150-6P3HN-B,Sản xuất
DD20S,DD20S150-5P3HN-B,Sản xuất
DD20S,DD20S150-4P3HN-B,Sản xuất
DD20S,DD20S150-3P3HN-B,Sản xuất
DD20S,DD20S150-6P3HT-B,Sản xuất
DD20S,DD20S150-5P3HT-B,Sản xuất
DD20S,DD20S150-4P3HT-B,Sản xuất
DD20S,DD20S150-3P3HT-B,Sản xuất
DD20S,DD20S150-6P3HD-B,Sản xuất
DD20S,DD20S150-5P3HD-B,Sản xuất
DD20S,DD20S150-4P3HD-B,Sản xuất
DD20S,DD20S150-3P3HD-B,Sản xuất
DD20S,DD20S150-6P3DN-B,Sản xuất
DD20S,DD20S150-5P3DN-B,Sản xuất
DD20S,DD20S150-4P3DN-B,Sản xuất
DD20S,DD20S150-3P3DN-B,Sản xuất
DD20S,DD20S150-6P3DT-B,Sản xuất
DD20S,DD20S150-5P3DT-B,Sản xuất
DD20S,DD20S150-4P3DT-B,Sản xuất
DD20S,DD20S150-3P3DT-B,Sản xuất
DD20S,DD20S150-6P3PT-B,Sản xuất
DD20S,DD20S150-5P3PT-B,Sản xuất
DD20S,DD20S150-4P3PT-B,Sản xuất
DD20S,DD20S150-3P3PT-B,Sản xuất
DD20S,DD20S150-6P3PD-B,Sản xuất
DD20S,DD20S150-5P3PD-B,Sản xuất
DD20S,DD20S150-4P3PD-B,Sản xuất
DD20S,DD20S150-3P3PD-B,Sản xuất
DD20S,DD20S150-6P3MT-B,Sản xuất
DD20S,DD20S150-5P3MT-B,Sản xuất
DD20S,DD20S150-4P3MT-B,Sản xuất
DD20S,DD20S150-3P3MT-B,Sản xuất
DD20S,DD20S150-6P3ID-B,Sản xuất
DD20S,DD20S150-5P3ID-B,Sản xuất
DD20S,DD20S150-4P3ID-B,Sản xuất
DD20S,DD20S150-3P3ID-B,Sản xuất
DD20S,DD20S150-6P3SL-B,Sản xuất
DD20S,DD20S150-5P3SL-B,Sản xuất
DD20S,DD20S150-4P3SL-B,Sản xuất
DD20S,DD20S150-3P3SL-B,Sản xuất
DD20S,DD20S200-6B3HN-B,Sản xuất
DD20S,DD20S200-5B3HN-B,Sản xuất
DD20S,DD20S200-4B3HN-B,Sản xuất
DD20S,DD20S200-3B3HN-B,Sản xuất
DD20S,DD20S200-6B3HT-B,Sản xuất
DD20S,DD20S200-5B3HT-B,Sản xuất
DD20S,DD20S200-4B3HT-B,Sản xuất
DD20S,DD20S200-3B3HT-B,Sản xuất
DD20S,DD20S200-6B3HD-B,Sản xuất
DD20S,DD20S200-5B3HD-B,Sản xuất
DD20S,DD20S200-4B3HD-B,Sản xuất
DD20S,DD20S200-3B3HD-B,Sản xuất
DD20S,DD20S200-6B3DN-B,Sản xuất
DD20S,DD20S200-5B3DN-B,Sản xuất
DD20S,DD20S200-4B3DN-B,Sản xuất
DD20S,DD20S200-3B3DN-B,Sản xuất
DD20S,DD20S200-6B3DT-B,Sản xuất
DD20S,DD20S200-5B3DT-B,Sản xuất
DD20S,DD20S200-4B3DT-B,Sản xuất
DD20S,DD20S200-3B3DT-B,Sản xuất
DD20S,DD20S200-6B3PT-B,Sản xuất
DD20S,DD20S200-5B3PT-B,Sản xuất
DD20S,DD20S200-4B3PT-B,Sản xuất
DD20S,DD20S200-3B3PT-B,Sản xuất
DD20S,DD20S200-6B3PD-B,Sản xuất
DD20S,DD20S200-5B3PD-B,Sản xuất
DD20S,DD20S200-4B3PD-B,Sản xuất
DD20S,DD20S200-3B3PD-B,Sản xuất
DD20S,DD20S200-6B3MT-B,Sản xuất
DD20S,DD20S200-5B3MT-B,Sản xuất
DD20S,DD20S200-4B3MT-B,Sản xuất
DD20S,DD20S200-3B3MT-B,Sản xuất
DD20S,DD20S200-6B3ID-B,Sản xuất
DD20S,DD20S200-5B3ID-B,Sản xuất
DD20S,DD20S200-4B3ID-B,Sản xuất
DD20S,DD20S200-3B3ID-B,Sản xuất
DD20S,DD20S200-6B3SL-B,Sản xuất
DD20S,DD20S200-5B3SL-B,Sản xuất
DD20S,DD20S200-4B3SL-B,Sản xuất
DD20S,DD20S200-3B3SL-B,Sản xuất
DD20S,DD20S200-6P3HN-B,Sản xuất
DD20S,DD20S200-5P3HN-B,Sản xuất
DD20S,DD20S200-4P3HN-B,Sản xuất
DD20S,DD20S200-3P3HN-B,Sản xuất
DD20S,DD20S200-6P3HT-B,Sản xuất
DD20S,DD20S200-5P3HT-B,Sản xuất
DD20S,DD20S200-4P3HT-B,Sản xuất
DD20S,DD20S200-3P3HT-B,Sản xuất
DD20S,DD20S200-6P3HD-B,Sản xuất
DD20S,DD20S200-5P3HD-B,Sản xuất
DD20S,DD20S200-4P3HD-B,Sản xuất
DD20S,DD20S200-3P3HD-B,Sản xuất
DD20S,DD20S200-6P3DN-B,Sản xuất
DD20S,DD20S200-5P3DN-B,Sản xuất
DD20S,DD20S200-4P3DN-B,Sản xuất
DD20S,DD20S200-3P3DN-B,Sản xuất
DD20S,DD20S200-6P3DT-B,Sản xuất
DD20S,DD20S200-5P3DT-B,Sản xuất
DD20S,DD20S200-4P3DT-B,Sản xuất
DD20S,DD20S200-3P3DT-B,Sản xuất
DD20S,DD20S200-6P3PT-B,Sản xuất
DD20S,DD20S200-5P3PT-B,Sản xuất
DD20S,DD20S200-4P3PT-B,Sản xuất
DD20S,DD20S200-3P3PT-B,Sản xuất
DD20S,DD20S200-6P3PD-B,Sản xuất
DD20S,DD20S200-5P3PD-B,Sản xuất
DD20S,DD20S200-4P3PD-B,Sản xuất
DD20S,DD20S200-3P3PD-B,Sản xuất
DD20S,DD20S200-6P3MT-B,Sản xuất
DD20S,DD20S200-5P3MT-B,Sản xuất
DD20S,DD20S200-4P3MT-B,Sản xuất
DD20S,DD20S200-3P3MT-B,Sản xuất
DD20S,DD20S200-6P3ID-B,Sản xuất
DD20S,DD20S200-5P3ID-B,Sản xuất
DD20S,DD20S200-4P3ID-B,Sản xuất
DD20S,DD20S200-3P3ID-B,Sản xuất
DD20S,DD20S200-6P3SL-B,Sản xuất
DD20S,DD20S200-5P3SL-B,Sản xuất
DD20S,DD20S200-4P3SL-B,Sản xuất
DD20S,DD20S200-3P3SL-B,Sản xuất
DD21S,DD21S050-6B3HN,Sản xuất
DD21S,DD21S050-5B3HN,Sản xuất
DD21S,DD21S050-4B3HN,Sản xuất
DD21S,DD21S050-3B3HN,Sản xuất
DD21S,DD21S050-6B3HT,Sản xuất
DD21S,DD21S050-5B3HT,Sản xuất
DD21S,DD21S050-4B3HT,Sản xuất
DD21S,DD21S050-3B3HT,Sản xuất
DD21S,DD21S050-6B3HD,Sản xuất
DD21S,DD21S050-5B3HD,Sản xuất
DD21S,DD21S050-4B3HD,Sản xuất
DD21S,DD21S050-3B3HD,Sản xuất
DD21S,DD21S050-6B3DN,Sản xuất
DD21S,DD21S050-5B3DN,Sản xuất
DD21S,DD21S050-4B3DN,Sản xuất
DD21S,DD21S050-3B3DN,Sản xuất
DD21S,DD21S050-6B3DT,Sản xuất
DD21S,DD21S050-5B3DT,Sản xuất
DD21S,DD21S050-4B3DT,Sản xuất
DD21S,DD21S050-3B3DT,Sản xuất
DD21S,DD21S050-6B3PT,Sản xuất
DD21S,DD21S050-5B3PT,Sản xuất
DD21S,DD21S050-4B3PT,Sản xuất
DD21S,DD21S050-3B3PT,Sản xuất
DD21S,DD21S050-6B3PD,Sản xuất
DD21S,DD21S050-5B3PD,Sản xuất
DD21S,DD21S050-4B3PD,Sản xuất
DD21S,DD21S050-3B3PD,Sản xuất
DD21S,DD21S050-6B3MT,Sản xuất
DD21S,DD21S050-5B3MT,Sản xuất
DD21S,DD21S050-4B3MT,Sản xuất
DD21S,DD21S050-3B3MT,Sản xuất
DD21S,DD21S050-6B3ID,Sản xuất
DD21S,DD21S050-5B3ID,Sản xuất
DD21S,DD21S050-4B3ID,Sản xuất
DD21S,DD21S050-3B3ID,Sản xuất
DD21S,DD21S050-6B3SL,Sản xuất
DD21S,DD21S050-5B3SL,Sản xuất
DD21S,DD21S050-4B3SL,Sản xuất
DD21S,DD21S050-3B3SL,Sản xuất
DD21S,DD21S050-6P3HN,Sản xuất
DD21S,DD21S050-5P3HN,Sản xuất
DD21S,DD21S050-4P3HN,Sản xuất
DD21S,DD21S050-3P3HN,Sản xuất
DD21S,DD21S050-6P3HT,Sản xuất
DD21S,DD21S050-5P3HT,Sản xuất
DD21S,DD21S050-4P3HT,Sản xuất
DD21S,DD21S050-3P3HT,Sản xuất
DD21S,DD21S050-6P3HD,Sản xuất
DD21S,DD21S050-5P3HD,Sản xuất
DD21S,DD21S050-4P3HD,Sản xuất
DD21S,DD21S050-3P3HD,Sản xuất
DD21S,DD21S050-6P3DN,Sản xuất
DD21S,DD21S050-5P3DN,Sản xuất
DD21S,DD21S050-4P3DN,Sản xuất
DD21S,DD21S050-3P3DN,Sản xuất
DD21S,DD21S050-6P3DT,Sản xuất
DD21S,DD21S050-5P3DT,Sản xuất
DD21S,DD21S050-4P3DT,Sản xuất
DD21S,DD21S050-3P3DT,Sản xuất
DD21S,DD21S050-6P3PT,Sản xuất
DD21S,DD21S050-5P3PT,Sản xuất
DD21S,DD21S050-4P3PT,Sản xuất
DD21S,DD21S050-3P3PT,Sản xuất
DD21S,DD21S050-6P3PD,Sản xuất
DD21S,DD21S050-5P3PD,Sản xuất
DD21S,DD21S050-4P3PD,Sản xuất
DD21S,DD21S050-3P3PD,Sản xuất
DD21S,DD21S050-6P3MT,Sản xuất
DD21S,DD21S050-5P3MT,Sản xuất
DD21S,DD21S050-4P3MT,Sản xuất
DD21S,DD21S050-3P3MT,Sản xuất
DD21S,DD21S050-6P3ID,Sản xuất
DD21S,DD21S050-5P3ID,Sản xuất
DD21S,DD21S050-4P3ID,Sản xuất
DD21S,DD21S050-3P3ID,Sản xuất
DD21S,DD21S050-6P3SL,Sản xuất
DD21S,DD21S050-5P3SL,Sản xuất
DD21S,DD21S050-4P3SL,Sản xuất
DD21S,DD21S050-3P3SL,Sản xuất
DD21S,DD21S100-6B3HN,Sản xuất
DD21S,DD21S100-5B3HN,Sản xuất
DD21S,DD21S100-4B3HN,Sản xuất
DD21S,DD21S100-3B3HN,Sản xuất
DD21S,DD21S100-6B3HT,Sản xuất
DD21S,DD21S100-5B3HT,Sản xuất
DD21S,DD21S100-4B3HT,Sản xuất
DD21S,DD21S100-3B3HT,Sản xuất
DD21S,DD21S100-6B3HD,Sản xuất
DD21S,DD21S100-5B3HD,Sản xuất
DD21S,DD21S100-4B3HD,Sản xuất
DD21S,DD21S100-3B3HD,Sản xuất
DD21S,DD21S100-6B3DN,Sản xuất
DD21S,DD21S100-5B3DN,Sản xuất
DD21S,DD21S100-4B3DN,Sản xuất
DD21S,DD21S100-3B3DN,Sản xuất
DD21S,DD21S100-6B3DT,Sản xuất
DD21S,DD21S100-5B3DT,Sản xuất
DD21S,DD21S100-4B3DT,Sản xuất
DD21S,DD21S100-3B3DT,Sản xuất
DD21S,DD21S100-6B3PT,Sản xuất
DD21S,DD21S100-5B3PT,Sản xuất
DD21S,DD21S100-4B3PT,Sản xuất
DD21S,DD21S100-3B3PT,Sản xuất
DD21S,DD21S100-6B3PD,Sản xuất
DD21S,DD21S100-5B3PD,Sản xuất
DD21S,DD21S100-4B3PD,Sản xuất
DD21S,DD21S100-3B3PD,Sản xuất
DD21S,DD21S100-6B3MT,Sản xuất
DD21S,DD21S100-5B3MT,Sản xuất
DD21S,DD21S100-4B3MT,Sản xuất
DD21S,DD21S100-3B3MT,Sản xuất
DD21S,DD21S100-6B3ID,Sản xuất
DD21S,DD21S100-5B3ID,Sản xuất
DD21S,DD21S100-4B3ID,Sản xuất
DD21S,DD21S100-3B3ID,Sản xuất
DD21S,DD21S100-6B3SL,Sản xuất
DD21S,DD21S100-5B3SL,Sản xuất
DD21S,DD21S100-4B3SL,Sản xuất
DD21S,DD21S100-3B3SL,Sản xuất
DD21S,DD21S100-6P3HN,Sản xuất
DD21S,DD21S100-5P3HN,Sản xuất
DD21S,DD21S100-4P3HN,Sản xuất
DD21S,DD21S100-3P3HN,Sản xuất
DD21S,DD21S100-6P3HT,Sản xuất
DD21S,DD21S100-5P3HT,Sản xuất
DD21S,DD21S100-4P3HT,Sản xuất
DD21S,DD21S100-3P3HT,Sản xuất
DD21S,DD21S100-6P3HD,Sản xuất
DD21S,DD21S100-5P3HD,Sản xuất
DD21S,DD21S100-4P3HD,Sản xuất
DD21S,DD21S100-3P3HD,Sản xuất
DD21S,DD21S100-6P3DN,Sản xuất
DD21S,DD21S100-5P3DN,Sản xuất
DD21S,DD21S100-4P3DN,Sản xuất
DD21S,DD21S100-3P3DN,Sản xuất
DD21S,DD21S100-6P3DT,Sản xuất
DD21S,DD21S100-5P3DT,Sản xuất
DD21S,DD21S100-4P3DT,Sản xuất
DD21S,DD21S100-3P3DT,Sản xuất
DD21S,DD21S100-6P3PT,Sản xuất
DD21S,DD21S100-5P3PT,Sản xuất
DD21S,DD21S100-4P3PT,Sản xuất
DD21S,DD21S100-3P3PT,Sản xuất
DD21S,DD21S100-6P3PD,Sản xuất
DD21S,DD21S100-5P3PD,Sản xuất
DD21S,DD21S100-4P3PD,Sản xuất
DD21S,DD21S100-3P3PD,Sản xuất
DD21S,DD21S100-6P3MT,Sản xuất
DD21S,DD21S100-5P3MT,Sản xuất
DD21S,DD21S100-4P3MT,Sản xuất
DD21S,DD21S100-3P3MT,Sản xuất
DD21S,DD21S100-6P3ID,Sản xuất
DD21S,DD21S100-5P3ID,Sản xuất
DD21S,DD21S100-4P3ID,Sản xuất
DD21S,DD21S100-3P3ID,Sản xuất
DD21S,DD21S100-6P3SL,Sản xuất
DD21S,DD21S100-5P3SL,Sản xuất
DD21S,DD21S100-4P3SL,Sản xuất
DD21S,DD21S100-3P3SL,Sản xuất
DD21S,DD21S150-6B3HN,Sản xuất
DD21S,DD21S150-5B3HN,Sản xuất
DD21S,DD21S150-4B3HN,Sản xuất
DD21S,DD21S150-3B3HN,Sản xuất
DD21S,DD21S150-6B3HT,Sản xuất
DD21S,DD21S150-5B3HT,Sản xuất
DD21S,DD21S150-4B3HT,Sản xuất
DD21S,DD21S150-3B3HT,Sản xuất
DD21S,DD21S150-6B3HD,Sản xuất
DD21S,DD21S150-5B3HD,Sản xuất
DD21S,DD21S150-4B3HD,Sản xuất
DD21S,DD21S150-3B3HD,Sản xuất
DD21S,DD21S150-6B3DN,Sản xuất
DD21S,DD21S150-5B3DN,Sản xuất
DD21S,DD21S150-4B3DN,Sản xuất
DD21S,DD21S150-3B3DN,Sản xuất
DD21S,DD21S150-6B3DT,Sản xuất
DD21S,DD21S150-5B3DT,Sản xuất
DD21S,DD21S150-4B3DT,Sản xuất
DD21S,DD21S150-3B3DT,Sản xuất
DD21S,DD21S150-6B3PT,Sản xuất
DD21S,DD21S150-5B3PT,Sản xuất
DD21S,DD21S150-4B3PT,Sản xuất
DD21S,DD21S150-3B3PT,Sản xuất
DD21S,DD21S150-6B3PD,Sản xuất
DD21S,DD21S150-5B3PD,Sản xuất
DD21S,DD21S150-4B3PD,Sản xuất
DD21S,DD21S150-3B3PD,Sản xuất
DD21S,DD21S150-6B3MT,Sản xuất
DD21S,DD21S150-5B3MT,Sản xuất
DD21S,DD21S150-4B3MT,Sản xuất
DD21S,DD21S150-3B3MT,Sản xuất
DD21S,DD21S150-6B3ID,Sản xuất
DD21S,DD21S150-5B3ID,Sản xuất
DD21S,DD21S150-4B3ID,Sản xuất
DD21S,DD21S150-3B3ID,Sản xuất
DD21S,DD21S150-6B3SL,Sản xuất
DD21S,DD21S150-5B3SL,Sản xuất
DD21S,DD21S150-4B3SL,Sản xuất
DD21S,DD21S150-3B3SL,Sản xuất
DD21S,DD21S150-6P3HN,Sản xuất
DD21S,DD21S150-5P3HN,Sản xuất
DD21S,DD21S150-4P3HN,Sản xuất
DD21S,DD21S150-3P3HN,Sản xuất
DD21S,DD21S150-6P3HT,Sản xuất
DD21S,DD21S150-5P3HT,Sản xuất
DD21S,DD21S150-4P3HT,Sản xuất
DD21S,DD21S150-3P3HT,Sản xuất
DD21S,DD21S150-6P3HD,Sản xuất
DD21S,DD21S150-5P3HD,Sản xuất
DD21S,DD21S150-4P3HD,Sản xuất
DD21S,DD21S150-3P3HD,Sản xuất
DD21S,DD21S150-6P3DN,Sản xuất
DD21S,DD21S150-5P3DN,Sản xuất
DD21S,DD21S150-4P3DN,Sản xuất
DD21S,DD21S150-3P3DN,Sản xuất
DD21S,DD21S150-6P3DT,Sản xuất
DD21S,DD21S150-5P3DT,Sản xuất
DD21S,DD21S150-4P3DT,Sản xuất
DD21S,DD21S150-3P3DT,Sản xuất
DD21S,DD21S150-6P3PT,Sản xuất
DD21S,DD21S150-5P3PT,Sản xuất
DD21S,DD21S150-4P3PT,Sản xuất
DD21S,DD21S150-3P3PT,Sản xuất
DD21S,DD21S150-6P3PD,Sản xuất
DD21S,DD21S150-5P3PD,Sản xuất
DD21S,DD21S150-4P3PD,Sản xuất
DD21S,DD21S150-3P3PD,Sản xuất
DD21S,DD21S150-6P3MT,Sản xuất
DD21S,DD21S150-5P3MT,Sản xuất
DD21S,DD21S150-4P3MT,Sản xuất
DD21S,DD21S150-3P3MT,Sản xuất
DD21S,DD21S150-6P3ID,Sản xuất
DD21S,DD21S150-5P3ID,Sản xuất
DD21S,DD21S150-4P3ID,Sản xuất
DD21S,DD21S150-3P3ID,Sản xuất
DD21S,DD21S150-6P3SL,Sản xuất
DD21S,DD21S150-5P3SL,Sản xuất
DD21S,DD21S150-4P3SL,Sản xuất
DD21S,DD21S150-3P3SL,Sản xuất
DD21S,DD21S200-6B3HN,Sản xuất
DD21S,DD21S200-5B3HN,Sản xuất
DD21S,DD21S200-4B3HN,Sản xuất
DD21S,DD21S200-3B3HN,Sản xuất
DD21S,DD21S200-6B3HT,Sản xuất
DD21S,DD21S200-5B3HT,Sản xuất
DD21S,DD21S200-4B3HT,Sản xuất
DD21S,DD21S200-3B3HT,Sản xuất
DD21S,DD21S200-6B3HD,Sản xuất
DD21S,DD21S200-5B3HD,Sản xuất
DD21S,DD21S200-4B3HD,Sản xuất
DD21S,DD21S200-3B3HD,Sản xuất
DD21S,DD21S200-6B3DN,Sản xuất
DD21S,DD21S200-5B3DN,Sản xuất
DD21S,DD21S200-4B3DN,Sản xuất
DD21S,DD21S200-3B3DN,Sản xuất
DD21S,DD21S200-6B3DT,Sản xuất
DD21S,DD21S200-5B3DT,Sản xuất
DD21S,DD21S200-4B3DT,Sản xuất
DD21S,DD21S200-3B3DT,Sản xuất
DD21S,DD21S200-6B3PT,Sản xuất
DD21S,DD21S200-5B3PT,Sản xuất
DD21S,DD21S200-4B3PT,Sản xuất
DD21S,DD21S200-3B3PT,Sản xuất
DD21S,DD21S200-6B3PD,Sản xuất
DD21S,DD21S200-5B3PD,Sản xuất
DD21S,DD21S200-4B3PD,Sản xuất
DD21S,DD21S200-3B3PD,Sản xuất
DD21S,DD21S200-6B3MT,Sản xuất
DD21S,DD21S200-5B3MT,Sản xuất
DD21S,DD21S200-4B3MT,Sản xuất
DD21S,DD21S200-3B3MT,Sản xuất
DD21S,DD21S200-6B3ID,Sản xuất
DD21S,DD21S200-5B3ID,Sản xuất
DD21S,DD21S200-4B3ID,Sản xuất
DD21S,DD21S200-3B3ID,Sản xuất
DD21S,DD21S200-6B3SL,Sản xuất
DD21S,DD21S200-5B3SL,Sản xuất
DD21S,DD21S200-4B3SL,Sản xuất
DD21S,DD21S200-3B3SL,Sản xuất
DD21S,DD21S200-6P3HN,Sản xuất
DD21S,DD21S200-5P3HN,Sản xuất
DD21S,DD21S200-4P3HN,Sản xuất
DD21S,DD21S200-3P3HN,Sản xuất
DD21S,DD21S200-6P3HT,Sản xuất
DD21S,DD21S200-5P3HT,Sản xuất
DD21S,DD21S200-4P3HT,Sản xuất
DD21S,DD21S200-3P3HT,Sản xuất
DD21S,DD21S200-6P3HD,Sản xuất
DD21S,DD21S200-5P3HD,Sản xuất
DD21S,DD21S200-4P3HD,Sản xuất
DD21S,DD21S200-3P3HD,Sản xuất
DD21S,DD21S200-6P3DN,Sản xuất
DD21S,DD21S200-5P3DN,Sản xuất
DD21S,DD21S200-4P3DN,Sản xuất
DD21S,DD21S200-3P3DN,Sản xuất
DD21S,DD21S200-6P3DT,Sản xuất
DD21S,DD21S200-5P3DT,Sản xuất
DD21S,DD21S200-4P3DT,Sản xuất
DD21S,DD21S200-3P3DT,Sản xuất
DD21S,DD21S200-6P3PT,Sản xuất
DD21S,DD21S200-5P3PT,Sản xuất
DD21S,DD21S200-4P3PT,Sản xuất
DD21S,DD21S200-3P3PT,Sản xuất
DD21S,DD21S200-6P3PD,Sản xuất
DD21S,DD21S200-5P3PD,Sản xuất
DD21S,DD21S200-4P3PD,Sản xuất
DD21S,DD21S200-3P3PD,Sản xuất
DD21S,DD21S200-6P3MT,Sản xuất
DD21S,DD21S200-5P3MT,Sản xuất
DD21S,DD21S200-4P3MT,Sản xuất
DD21S,DD21S200-3P3MT,Sản xuất
DD21S,DD21S200-6P3ID,Sản xuất
DD21S,DD21S200-5P3ID,Sản xuất
DD21S,DD21S200-4P3ID,Sản xuất
DD21S,DD21S200-3P3ID,Sản xuất
DD21S,DD21S200-6P3SL,Sản xuất
DD21S,DD21S200-5P3SL,Sản xuất
DD21S,DD21S200-4P3SL,Sản xuất
DD21S,DD21S200-3P3SL,Sản xuất
DD21S,DD21S250-6B3HN,Sản xuất
DD21S,DD21S250-5B3HN,Sản xuất
DD21S,DD21S250-4B3HN,Sản xuất
DD21S,DD21S250-3B3HN,Sản xuất
DD21S,DD21S250-6B3HT,Sản xuất
DD21S,DD21S250-5B3HT,Sản xuất
DD21S,DD21S250-4B3HT,Sản xuất
DD21S,DD21S250-3B3HT,Sản xuất
DD21S,DD21S250-6B3HD,Sản xuất
DD21S,DD21S250-5B3HD,Sản xuất
DD21S,DD21S250-4B3HD,Sản xuất
DD21S,DD21S250-3B3HD,Sản xuất
DD21S,DD21S250-6B3DN,Sản xuất
DD21S,DD21S250-5B3DN,Sản xuất
DD21S,DD21S250-4B3DN,Sản xuất
DD21S,DD21S250-3B3DN,Sản xuất
DD21S,DD21S250-6B3DT,Sản xuất
DD21S,DD21S250-5B3DT,Sản xuất
DD21S,DD21S250-4B3DT,Sản xuất
DD21S,DD21S250-3B3DT,Sản xuất
DD21S,DD21S250-6B3PT,Sản xuất
DD21S,DD21S250-5B3PT,Sản xuất
DD21S,DD21S250-4B3PT,Sản xuất
DD21S,DD21S250-3B3PT,Sản xuất
DD21S,DD21S250-6B3PD,Sản xuất
DD21S,DD21S250-5B3PD,Sản xuất
DD21S,DD21S250-4B3PD,Sản xuất
DD21S,DD21S250-3B3PD,Sản xuất
DD21S,DD21S250-6B3MT,Sản xuất
DD21S,DD21S250-5B3MT,Sản xuất
DD21S,DD21S250-4B3MT,Sản xuất
DD21S,DD21S250-3B3MT,Sản xuất
DD21S,DD21S250-6B3ID,Sản xuất
DD21S,DD21S250-5B3ID,Sản xuất
DD21S,DD21S250-4B3ID,Sản xuất
DD21S,DD21S250-3B3ID,Sản xuất
DD21S,DD21S250-6B3SL,Sản xuất
DD21S,DD21S250-5B3SL,Sản xuất
DD21S,DD21S250-4B3SL,Sản xuất
DD21S,DD21S250-3B3SL,Sản xuất
DD21S,DD21S250-6P3HN,Sản xuất
DD21S,DD21S250-5P3HN,Sản xuất
DD21S,DD21S250-4P3HN,Sản xuất
DD21S,DD21S250-3P3HN,Sản xuất
DD21S,DD21S250-6P3HT,Sản xuất
DD21S,DD21S250-5P3HT,Sản xuất
DD21S,DD21S250-4P3HT,Sản xuất
DD21S,DD21S250-3P3HT,Sản xuất
DD21S,DD21S250-6P3HD,Sản xuất
DD21S,DD21S250-5P3HD,Sản xuất
DD21S,DD21S250-4P3HD,Sản xuất
DD21S,DD21S250-3P3HD,Sản xuất
DD21S,DD21S250-6P3DN,Sản xuất
DD21S,DD21S250-5P3DN,Sản xuất
DD21S,DD21S250-4P3DN,Sản xuất
DD21S,DD21S250-3P3DN,Sản xuất
DD21S,DD21S250-6P3DT,Sản xuất
DD21S,DD21S250-5P3DT,Sản xuất
DD21S,DD21S250-4P3DT,Sản xuất
DD21S,DD21S250-3P3DT,Sản xuất
DD21S,DD21S250-6P3PT,Sản xuất
DD21S,DD21S250-5P3PT,Sản xuất
DD21S,DD21S250-4P3PT,Sản xuất
DD21S,DD21S250-3P3PT,Sản xuất
DD21S,DD21S250-6P3PD,Sản xuất
DD21S,DD21S250-5P3PD,Sản xuất
DD21S,DD21S250-4P3PD,Sản xuất
DD21S,DD21S250-3P3PD,Sản xuất
DD21S,DD21S250-6P3MT,Sản xuất
DD21S,DD21S250-5P3MT,Sản xuất
DD21S,DD21S250-4P3MT,Sản xuất
DD21S,DD21S250-3P3MT,Sản xuất
DD21S,DD21S250-6P3ID,Sản xuất
DD21S,DD21S250-5P3ID,Sản xuất
DD21S,DD21S250-4P3ID,Sản xuất
DD21S,DD21S250-3P3ID,Sản xuất
DD21S,DD21S250-6P3SL,Sản xuất
DD21S,DD21S250-5P3SL,Sản xuất
DD21S,DD21S250-4P3SL,Sản xuất
DD21S,DD21S250-3P3SL,Sản xuất
DD22S,DD22S050-6B3HN,Sản xuất
DD22S,DD22S050-5B3HN,Sản xuất
DD22S,DD22S050-4B3HN,Sản xuất
DD22S,DD22S050-3B3HN,Sản xuất
DD22S,DD22S050-6B3HT,Sản xuất
DD22S,DD22S050-5B3HT,Sản xuất
DD22S,DD22S050-4B3HT,Sản xuất
DD22S,DD22S050-3B3HT,Sản xuất
DD22S,DD22S050-6B3HD,Sản xuất
DD22S,DD22S050-5B3HD,Sản xuất
DD22S,DD22S050-4B3HD,Sản xuất
DD22S,DD22S050-3B3HD,Sản xuất
DD22S,DD22S050-6B3DN,Sản xuất
DD22S,DD22S050-5B3DN,Sản xuất
DD22S,DD22S050-4B3DN,Sản xuất
DD22S,DD22S050-3B3DN,Sản xuất
DD22S,DD22S050-6B3DT,Sản xuất
DD22S,DD22S050-5B3DT,Sản xuất
DD22S,DD22S050-4B3DT,Sản xuất
DD22S,DD22S050-3B3DT,Sản xuất
DD22S,DD22S050-6B3PT,Sản xuất
DD22S,DD22S050-5B3PT,Sản xuất
DD22S,DD22S050-4B3PT,Sản xuất
DD22S,DD22S050-3B3PT,Sản xuất
DD22S,DD22S050-6B3PD,Sản xuất
DD22S,DD22S050-5B3PD,Sản xuất
DD22S,DD22S050-4B3PD,Sản xuất
DD22S,DD22S050-3B3PD,Sản xuất
DD22S,DD22S050-6B3MT,Sản xuất
DD22S,DD22S050-5B3MT,Sản xuất
DD22S,DD22S050-4B3MT,Sản xuất
DD22S,DD22S050-3B3MT,Sản xuất
DD22S,DD22S050-6B3ID,Sản xuất
DD22S,DD22S050-5B3ID,Sản xuất
DD22S,DD22S050-4B3ID,Sản xuất
DD22S,DD22S050-3B3ID,Sản xuất
DD22S,DD22S050-6B3SL,Sản xuất
DD22S,DD22S050-5B3SL,Sản xuất
DD22S,DD22S050-4B3SL,Sản xuất
DD22S,DD22S050-3B3SL,Sản xuất
DD22S,DD22S050-6P3HN,Sản xuất
DD22S,DD22S050-5P3HN,Sản xuất
DD22S,DD22S050-4P3HN,Sản xuất
DD22S,DD22S050-3P3HN,Sản xuất
DD22S,DD22S050-6P3HT,Sản xuất
DD22S,DD22S050-5P3HT,Sản xuất
DD22S,DD22S050-4P3HT,Sản xuất
DD22S,DD22S050-3P3HT,Sản xuất
DD22S,DD22S050-6P3HD,Sản xuất
DD22S,DD22S050-5P3HD,Sản xuất
DD22S,DD22S050-4P3HD,Sản xuất
DD22S,DD22S050-3P3HD,Sản xuất
DD22S,DD22S050-6P3DN,Sản xuất
DD22S,DD22S050-5P3DN,Sản xuất
DD22S,DD22S050-4P3DN,Sản xuất
DD22S,DD22S050-3P3DN,Sản xuất
DD22S,DD22S050-6P3DT,Sản xuất
DD22S,DD22S050-5P3DT,Sản xuất
DD22S,DD22S050-4P3DT,Sản xuất
DD22S,DD22S050-3P3DT,Sản xuất
DD22S,DD22S050-6P3PT,Sản xuất
DD22S,DD22S050-5P3PT,Sản xuất
DD22S,DD22S050-4P3PT,Sản xuất
DD22S,DD22S050-3P3PT,Sản xuất
DD22S,DD22S050-6P3PD,Sản xuất
DD22S,DD22S050-5P3PD,Sản xuất
DD22S,DD22S050-4P3PD,Sản xuất
DD22S,DD22S050-3P3PD,Sản xuất
DD22S,DD22S050-6P3MT,Sản xuất
DD22S,DD22S050-5P3MT,Sản xuất
DD22S,DD22S050-4P3MT,Sản xuất
DD22S,DD22S050-3P3MT,Sản xuất
DD22S,DD22S050-6P3ID,Sản xuất
DD22S,DD22S050-5P3ID,Sản xuất
DD22S,DD22S050-4P3ID,Sản xuất
DD22S,DD22S050-3P3ID,Sản xuất
DD22S,DD22S050-6P3SL,Sản xuất
DD22S,DD22S050-5P3SL,Sản xuất
DD22S,DD22S050-4P3SL,Sản xuất
DD22S,DD22S050-3P3SL,Sản xuất
DD22S,DD22S100-6B3HN,Sản xuất
DD22S,DD22S100-5B3HN,Sản xuất
DD22S,DD22S100-4B3HN,Sản xuất
DD22S,DD22S100-3B3HN,Sản xuất
DD22S,DD22S100-6B3HT,Sản xuất
DD22S,DD22S100-5B3HT,Sản xuất
DD22S,DD22S100-4B3HT,Sản xuất
DD22S,DD22S100-3B3HT,Sản xuất
DD22S,DD22S100-6B3HD,Sản xuất
DD22S,DD22S100-5B3HD,Sản xuất
DD22S,DD22S100-4B3HD,Sản xuất
DD22S,DD22S100-3B3HD,Sản xuất
DD22S,DD22S100-6B3DN,Sản xuất
DD22S,DD22S100-5B3DN,Sản xuất
DD22S,DD22S100-4B3DN,Sản xuất
DD22S,DD22S100-3B3DN,Sản xuất
DD22S,DD22S100-6B3DT,Sản xuất
DD22S,DD22S100-5B3DT,Sản xuất
DD22S,DD22S100-4B3DT,Sản xuất
DD22S,DD22S100-3B3DT,Sản xuất
DD22S,DD22S100-6B3PT,Sản xuất
DD22S,DD22S100-5B3PT,Sản xuất
DD22S,DD22S100-4B3PT,Sản xuất
DD22S,DD22S100-3B3PT,Sản xuất
DD22S,DD22S100-6B3PD,Sản xuất
DD22S,DD22S100-5B3PD,Sản xuất
DD22S,DD22S100-4B3PD,Sản xuất
DD22S,DD22S100-3B3PD,Sản xuất
DD22S,DD22S100-6B3MT,Sản xuất
DD22S,DD22S100-5B3MT,Sản xuất
DD22S,DD22S100-4B3MT,Sản xuất
DD22S,DD22S100-3B3MT,Sản xuất
DD22S,DD22S100-6B3ID,Sản xuất
DD22S,DD22S100-5B3ID,Sản xuất
DD22S,DD22S100-4B3ID,Sản xuất
DD22S,DD22S100-3B3ID,Sản xuất
DD22S,DD22S100-6B3SL,Sản xuất
DD22S,DD22S100-5B3SL,Sản xuất
DD22S,DD22S100-4B3SL,Sản xuất
DD22S,DD22S100-3B3SL,Sản xuất
DD22S,DD22S100-6P3HN,Sản xuất
DD22S,DD22S100-5P3HN,Sản xuất
DD22S,DD22S100-4P3HN,Sản xuất
DD22S,DD22S100-3P3HN,Sản xuất
DD22S,DD22S100-6P3HT,Sản xuất
DD22S,DD22S100-5P3HT,Sản xuất
DD22S,DD22S100-4P3HT,Sản xuất
DD22S,DD22S100-3P3HT,Sản xuất
DD22S,DD22S100-6P3HD,Sản xuất
DD22S,DD22S100-5P3HD,Sản xuất
DD22S,DD22S100-4P3HD,Sản xuất
DD22S,DD22S100-3P3HD,Sản xuất
DD22S,DD22S100-6P3DN,Sản xuất
DD22S,DD22S100-5P3DN,Sản xuất
DD22S,DD22S100-4P3DN,Sản xuất
DD22S,DD22S100-3P3DN,Sản xuất
DD22S,DD22S100-6P3DT,Sản xuất
DD22S,DD22S100-5P3DT,Sản xuất
DD22S,DD22S100-4P3DT,Sản xuất
DD22S,DD22S100-3P3DT,Sản xuất
DD22S,DD22S100-6P3PT,Sản xuất
DD22S,DD22S100-5P3PT,Sản xuất
DD22S,DD22S100-4P3PT,Sản xuất
DD22S,DD22S100-3P3PT,Sản xuất
DD22S,DD22S100-6P3PD,Sản xuất
DD22S,DD22S100-5P3PD,Sản xuất
DD22S,DD22S100-4P3PD,Sản xuất
DD22S,DD22S100-3P3PD,Sản xuất
DD22S,DD22S100-6P3MT,Sản xuất
DD22S,DD22S100-5P3MT,Sản xuất
DD22S,DD22S100-4P3MT,Sản xuất
DD22S,DD22S100-3P3MT,Sản xuất
DD22S,DD22S100-6P3ID,Sản xuất
DD22S,DD22S100-5P3ID,Sản xuất
DD22S,DD22S100-4P3ID,Sản xuất
DD22S,DD22S100-3P3ID,Sản xuất
DD22S,DD22S100-6P3SL,Sản xuất
DD22S,DD22S100-5P3SL,Sản xuất
DD22S,DD22S100-4P3SL,Sản xuất
DD22S,DD22S100-3P3SL,Sản xuất
DD22S,DD22S150-6B3HN,Sản xuất
DD22S,DD22S150-5B3HN,Sản xuất
DD22S,DD22S150-4B3HN,Sản xuất
DD22S,DD22S150-3B3HN,Sản xuất
DD22S,DD22S150-6B3HT,Sản xuất
DD22S,DD22S150-5B3HT,Sản xuất
DD22S,DD22S150-4B3HT,Sản xuất
DD22S,DD22S150-3B3HT,Sản xuất
DD22S,DD22S150-6B3HD,Sản xuất
DD22S,DD22S150-5B3HD,Sản xuất
DD22S,DD22S150-4B3HD,Sản xuất
DD22S,DD22S150-3B3HD,Sản xuất
DD22S,DD22S150-6B3DN,Sản xuất
DD22S,DD22S150-5B3DN,Sản xuất
DD22S,DD22S150-4B3DN,Sản xuất
DD22S,DD22S150-3B3DN,Sản xuất
DD22S,DD22S150-6B3DT,Sản xuất
DD22S,DD22S150-5B3DT,Sản xuất
DD22S,DD22S150-4B3DT,Sản xuất
DD22S,DD22S150-3B3DT,Sản xuất
DD22S,DD22S150-6B3PT,Sản xuất
DD22S,DD22S150-5B3PT,Sản xuất
DD22S,DD22S150-4B3PT,Sản xuất
DD22S,DD22S150-3B3PT,Sản xuất
DD22S,DD22S150-6B3PD,Sản xuất
DD22S,DD22S150-5B3PD,Sản xuất
DD22S,DD22S150-4B3PD,Sản xuất
DD22S,DD22S150-3B3PD,Sản xuất
DD22S,DD22S150-6B3MT,Sản xuất
DD22S,DD22S150-5B3MT,Sản xuất
DD22S,DD22S150-4B3MT,Sản xuất
DD22S,DD22S150-3B3MT,Sản xuất
DD22S,DD22S150-6B3ID,Sản xuất
DD22S,DD22S150-5B3ID,Sản xuất
DD22S,DD22S150-4B3ID,Sản xuất
DD22S,DD22S150-3B3ID,Sản xuất
DD22S,DD22S150-6B3SL,Sản xuất
DD22S,DD22S150-5B3SL,Sản xuất
DD22S,DD22S150-4B3SL,Sản xuất
DD22S,DD22S150-3B3SL,Sản xuất
DD22S,DD22S150-6P3HN,Sản xuất
DD22S,DD22S150-5P3HN,Sản xuất
DD22S,DD22S150-4P3HN,Sản xuất
DD22S,DD22S150-3P3HN,Sản xuất
DD22S,DD22S150-6P3HT,Sản xuất
DD22S,DD22S150-5P3HT,Sản xuất
DD22S,DD22S150-4P3HT,Sản xuất
DD22S,DD22S150-3P3HT,Sản xuất
DD22S,DD22S150-6P3HD,Sản xuất
DD22S,DD22S150-5P3HD,Sản xuất
DD22S,DD22S150-4P3HD,Sản xuất
DD22S,DD22S150-3P3HD,Sản xuất
DD22S,DD22S150-6P3DN,Sản xuất
DD22S,DD22S150-5P3DN,Sản xuất
DD22S,DD22S150-4P3DN,Sản xuất
DD22S,DD22S150-3P3DN,Sản xuất
DD22S,DD22S150-6P3DT,Sản xuất
DD22S,DD22S150-5P3DT,Sản xuất
DD22S,DD22S150-4P3DT,Sản xuất
DD22S,DD22S150-3P3DT,Sản xuất
DD22S,DD22S150-6P3PT,Sản xuất
DD22S,DD22S150-5P3PT,Sản xuất
DD22S,DD22S150-4P3PT,Sản xuất
DD22S,DD22S150-3P3PT,Sản xuất
DD22S,DD22S150-6P3PD,Sản xuất
DD22S,DD22S150-5P3PD,Sản xuất
DD22S,DD22S150-4P3PD,Sản xuất
DD22S,DD22S150-3P3PD,Sản xuất
DD22S,DD22S150-6P3MT,Sản xuất
DD22S,DD22S150-5P3MT,Sản xuất
DD22S,DD22S150-4P3MT,Sản xuất
DD22S,DD22S150-3P3MT,Sản xuất
DD22S,DD22S150-6P3ID,Sản xuất
DD22S,DD22S150-5P3ID,Sản xuất
DD22S,DD22S150-4P3ID,Sản xuất
DD22S,DD22S150-3P3ID,Sản xuất
DD22S,DD22S150-6P3SL,Sản xuất
DD22S,DD22S150-5P3SL,Sản xuất
DD22S,DD22S150-4P3SL,Sản xuất
DD22S,DD22S150-3P3SL,Sản xuất
DD22S,DD22S200-6B3HN,Sản xuất
DD22S,DD22S200-5B3HN,Sản xuất
DD22S,DD22S200-4B3HN,Sản xuất
DD22S,DD22S200-3B3HN,Sản xuất
DD22S,DD22S200-6B3HT,Sản xuất
DD22S,DD22S200-5B3HT,Sản xuất
DD22S,DD22S200-4B3HT,Sản xuất
DD22S,DD22S200-3B3HT,Sản xuất
DD22S,DD22S200-6B3HD,Sản xuất
DD22S,DD22S200-5B3HD,Sản xuất
DD22S,DD22S200-4B3HD,Sản xuất
DD22S,DD22S200-3B3HD,Sản xuất
DD22S,DD22S200-6B3DN,Sản xuất
DD22S,DD22S200-5B3DN,Sản xuất
DD22S,DD22S200-4B3DN,Sản xuất
DD22S,DD22S200-3B3DN,Sản xuất
DD22S,DD22S200-6B3DT,Sản xuất
DD22S,DD22S200-5B3DT,Sản xuất
DD22S,DD22S200-4B3DT,Sản xuất
DD22S,DD22S200-3B3DT,Sản xuất
DD22S,DD22S200-6B3PT,Sản xuất
DD22S,DD22S200-5B3PT,Sản xuất
DD22S,DD22S200-4B3PT,Sản xuất
DD22S,DD22S200-3B3PT,Sản xuất
DD22S,DD22S200-6B3PD,Sản xuất
DD22S,DD22S200-5B3PD,Sản xuất
DD22S,DD22S200-4B3PD,Sản xuất
DD22S,DD22S200-3B3PD,Sản xuất
DD22S,DD22S200-6B3MT,Sản xuất
DD22S,DD22S200-5B3MT,Sản xuất
DD22S,DD22S200-4B3MT,Sản xuất
DD22S,DD22S200-3B3MT,Sản xuất
DD22S,DD22S200-6B3ID,Sản xuất
DD22S,DD22S200-5B3ID,Sản xuất
DD22S,DD22S200-4B3ID,Sản xuất
DD22S,DD22S200-3B3ID,Sản xuất
DD22S,DD22S200-6B3SL,Sản xuất
DD22S,DD22S200-5B3SL,Sản xuất
DD22S,DD22S200-4B3SL,Sản xuất
DD22S,DD22S200-3B3SL,Sản xuất
DD22S,DD22S200-6P3HN,Sản xuất
DD22S,DD22S200-5P3HN,Sản xuất
DD22S,DD22S200-4P3HN,Sản xuất
DD22S,DD22S200-3P3HN,Sản xuất
DD22S,DD22S200-6P3HT,Sản xuất
DD22S,DD22S200-5P3HT,Sản xuất
DD22S,DD22S200-4P3HT,Sản xuất
DD22S,DD22S200-3P3HT,Sản xuất
DD22S,DD22S200-6P3HD,Sản xuất
DD22S,DD22S200-5P3HD,Sản xuất
DD22S,DD22S200-4P3HD,Sản xuất
DD22S,DD22S200-3P3HD,Sản xuất
DD22S,DD22S200-6P3DN,Sản xuất
DD22S,DD22S200-5P3DN,Sản xuất
DD22S,DD22S200-4P3DN,Sản xuất
DD22S,DD22S200-3P3DN,Sản xuất
DD22S,DD22S200-6P3DT,Sản xuất
DD22S,DD22S200-5P3DT,Sản xuất
DD22S,DD22S200-4P3DT,Sản xuất
DD22S,DD22S200-3P3DT,Sản xuất
DD22S,DD22S200-6P3PT,Sản xuất
DD22S,DD22S200-5P3PT,Sản xuất
DD22S,DD22S200-4P3PT,Sản xuất
DD22S,DD22S200-3P3PT,Sản xuất
DD22S,DD22S200-6P3PD,Sản xuất
DD22S,DD22S200-5P3PD,Sản xuất
DD22S,DD22S200-4P3PD,Sản xuất
DD22S,DD22S200-3P3PD,Sản xuất
DD22S,DD22S200-6P3MT,Sản xuất
DD22S,DD22S200-5P3MT,Sản xuất
DD22S,DD22S200-4P3MT,Sản xuất
DD22S,DD22S200-3P3MT,Sản xuất
DD22S,DD22S200-6P3ID,Sản xuất
DD22S,DD22S200-5P3ID,Sản xuất
DD22S,DD22S200-4P3ID,Sản xuất
DD22S,DD22S200-3P3ID,Sản xuất
DD22S,DD22S200-6P3SL,Sản xuất
DD22S,DD22S200-5P3SL,Sản xuất
DD22S,DD22S200-4P3SL,Sản xuất
DD22S,DD22S200-3P3SL,Sản xuất
DD22S,DD22S250-6B3HN,Sản xuất
DD22S,DD22S250-5B3HN,Sản xuất
DD22S,DD22S250-4B3HN,Sản xuất
DD22S,DD22S250-3B3HN,Sản xuất
DD22S,DD22S250-6B3HT,Sản xuất
DD22S,DD22S250-5B3HT,Sản xuất
DD22S,DD22S250-4B3HT,Sản xuất
DD22S,DD22S250-3B3HT,Sản xuất
DD22S,DD22S250-6B3HD,Sản xuất
DD22S,DD22S250-5B3HD,Sản xuất
DD22S,DD22S250-4B3HD,Sản xuất
DD22S,DD22S250-3B3HD,Sản xuất
DD22S,DD22S250-6B3DN,Sản xuất
DD22S,DD22S250-5B3DN,Sản xuất
DD22S,DD22S250-4B3DN,Sản xuất
DD22S,DD22S250-3B3DN,Sản xuất
DD22S,DD22S250-6B3DT,Sản xuất
DD22S,DD22S250-5B3DT,Sản xuất
DD22S,DD22S250-4B3DT,Sản xuất
DD22S,DD22S250-3B3DT,Sản xuất
DD22S,DD22S250-6B3PT,Sản xuất
DD22S,DD22S250-5B3PT,Sản xuất
DD22S,DD22S250-4B3PT,Sản xuất
DD22S,DD22S250-3B3PT,Sản xuất
DD22S,DD22S250-6B3PD,Sản xuất
DD22S,DD22S250-5B3PD,Sản xuất
DD22S,DD22S250-4B3PD,Sản xuất
DD22S,DD22S250-3B3PD,Sản xuất
DD22S,DD22S250-6B3MT,Sản xuất
DD22S,DD22S250-5B3MT,Sản xuất
DD22S,DD22S250-4B3MT,Sản xuất
DD22S,DD22S250-3B3MT,Sản xuất
DD22S,DD22S250-6B3ID,Sản xuất
DD22S,DD22S250-5B3ID,Sản xuất
DD22S,DD22S250-4B3ID,Sản xuất
DD22S,DD22S250-3B3ID,Sản xuất
DD22S,DD22S250-6B3SL,Sản xuất
DD22S,DD22S250-5B3SL,Sản xuất
DD22S,DD22S250-4B3SL,Sản xuất
DD22S,DD22S250-3B3SL,Sản xuất
DD22S,DD22S250-6P3HN,Sản xuất
DD22S,DD22S250-5P3HN,Sản xuất
DD22S,DD22S250-4P3HN,Sản xuất
DD22S,DD22S250-3P3HN,Sản xuất
DD22S,DD22S250-6P3HT,Sản xuất
DD22S,DD22S250-5P3HT,Sản xuất
DD22S,DD22S250-4P3HT,Sản xuất
DD22S,DD22S250-3P3HT,Sản xuất
DD22S,DD22S250-6P3HD,Sản xuất
DD22S,DD22S250-5P3HD,Sản xuất
DD22S,DD22S250-4P3HD,Sản xuất
DD22S,DD22S250-3P3HD,Sản xuất
DD22S,DD22S250-6P3DN,Sản xuất
DD22S,DD22S250-5P3DN,Sản xuất
DD22S,DD22S250-4P3DN,Sản xuất
DD22S,DD22S250-3P3DN,Sản xuất
DD22S,DD22S250-6P3DT,Sản xuất
DD22S,DD22S250-5P3DT,Sản xuất
DD22S,DD22S250-4P3DT,Sản xuất
DD22S,DD22S250-3P3DT,Sản xuất
DD22S,DD22S250-6P3PT,Sản xuất
DD22S,DD22S250-5P3PT,Sản xuất
DD22S,DD22S250-4P3PT,Sản xuất
DD22S,DD22S250-3P3PT,Sản xuất
DD22S,DD22S250-6P3PD,Sản xuất
DD22S,DD22S250-5P3PD,Sản xuất
DD22S,DD22S250-4P3PD,Sản xuất
DD22S,DD22S250-3P3PD,Sản xuất
DD22S,DD22S250-6P3MT,Sản xuất
DD22S,DD22S250-5P3MT,Sản xuất
DD22S,DD22S250-4P3MT,Sản xuất
DD22S,DD22S250-3P3MT,Sản xuất
DD22S,DD22S250-6P3ID,Sản xuất
DD22S,DD22S250-5P3ID,Sản xuất
DD22S,DD22S250-4P3ID,Sản xuất
DD22S,DD22S250-3P3ID,Sản xuất
DD22S,DD22S250-6P3SL,Sản xuất
DD22S,DD22S250-5P3SL,Sản xuất
DD22S,DD22S250-4P3SL,Sản xuất
DD22S,DD22S250-3P3SL,Sản xuất
DD23S,DD23S050-6B3HN,Sản xuất
DD23S,DD23S050-5B3HN,Sản xuất
DD23S,DD23S050-4B3HN,Sản xuất
DD23S,DD23S050-3B3HN,Sản xuất
DD23S,DD23S050-6B3HT,Sản xuất
DD23S,DD23S050-5B3HT,Sản xuất
DD23S,DD23S050-4B3HT,Sản xuất
DD23S,DD23S050-3B3HT,Sản xuất
DD23S,DD23S050-6B3HD,Sản xuất
DD23S,DD23S050-5B3HD,Sản xuất
DD23S,DD23S050-4B3HD,Sản xuất
DD23S,DD23S050-3B3HD,Sản xuất
DD23S,DD23S050-6B3DN,Sản xuất
DD23S,DD23S050-5B3DN,Sản xuất
DD23S,DD23S050-4B3DN,Sản xuất
DD23S,DD23S050-3B3DN,Sản xuất
DD23S,DD23S050-6B3DT,Sản xuất
DD23S,DD23S050-5B3DT,Sản xuất
DD23S,DD23S050-4B3DT,Sản xuất
DD23S,DD23S050-3B3DT,Sản xuất
DD23S,DD23S050-6B3PT,Sản xuất
DD23S,DD23S050-5B3PT,Sản xuất
DD23S,DD23S050-4B3PT,Sản xuất
DD23S,DD23S050-3B3PT,Sản xuất
DD23S,DD23S050-6B3PD,Sản xuất
DD23S,DD23S050-5B3PD,Sản xuất
DD23S,DD23S050-4B3PD,Sản xuất
DD23S,DD23S050-3B3PD,Sản xuất
DD23S,DD23S050-6B3MT,Sản xuất
DD23S,DD23S050-5B3MT,Sản xuất
DD23S,DD23S050-4B3MT,Sản xuất
DD23S,DD23S050-3B3MT,Sản xuất
DD23S,DD23S050-6B3ID,Sản xuất
DD23S,DD23S050-5B3ID,Sản xuất
DD23S,DD23S050-4B3ID,Sản xuất
DD23S,DD23S050-3B3ID,Sản xuất
DD23S,DD23S050-6B3SL,Sản xuất
DD23S,DD23S050-5B3SL,Sản xuất
DD23S,DD23S050-4B3SL,Sản xuất
DD23S,DD23S050-3B3SL,Sản xuất
DD23S,DD23S050-6P3HN,Sản xuất
DD23S,DD23S050-5P3HN,Sản xuất
DD23S,DD23S050-4P3HN,Sản xuất
DD23S,DD23S050-3P3HN,Sản xuất
DD23S,DD23S050-6P3HT,Sản xuất
DD23S,DD23S050-5P3HT,Sản xuất
DD23S,DD23S050-4P3HT,Sản xuất
DD23S,DD23S050-3P3HT,Sản xuất
DD23S,DD23S050-6P3HD,Sản xuất
DD23S,DD23S050-5P3HD,Sản xuất
DD23S,DD23S050-4P3HD,Sản xuất
DD23S,DD23S050-3P3HD,Sản xuất
DD23S,DD23S050-6P3DN,Sản xuất
DD23S,DD23S050-5P3DN,Sản xuất
DD23S,DD23S050-4P3DN,Sản xuất
DD23S,DD23S050-3P3DN,Sản xuất
DD23S,DD23S050-6P3DT,Sản xuất
DD23S,DD23S050-5P3DT,Sản xuất
DD23S,DD23S050-4P3DT,Sản xuất
DD23S,DD23S050-3P3DT,Sản xuất
DD23S,DD23S050-6P3PT,Sản xuất
DD23S,DD23S050-5P3PT,Sản xuất
DD23S,DD23S050-4P3PT,Sản xuất
DD23S,DD23S050-3P3PT,Sản xuất
DD23S,DD23S050-6P3PD,Sản xuất
DD23S,DD23S050-5P3PD,Sản xuất
DD23S,DD23S050-4P3PD,Sản xuất
DD23S,DD23S050-3P3PD,Sản xuất
DD23S,DD23S050-6P3MT,Sản xuất
DD23S,DD23S050-5P3MT,Sản xuất
DD23S,DD23S050-4P3MT,Sản xuất
DD23S,DD23S050-3P3MT,Sản xuất
DD23S,DD23S050-6P3ID,Sản xuất
DD23S,DD23S050-5P3ID,Sản xuất
DD23S,DD23S050-4P3ID,Sản xuất
DD23S,DD23S050-3P3ID,Sản xuất
DD23S,DD23S050-6P3SL,Sản xuất
DD23S,DD23S050-5P3SL,Sản xuất
DD23S,DD23S050-4P3SL,Sản xuất
DD23S,DD23S050-3P3SL,Sản xuất
DD23S,DD23S100-6B3HN,Sản xuất
DD23S,DD23S100-5B3HN,Sản xuất
DD23S,DD23S100-4B3HN,Sản xuất
DD23S,DD23S100-3B3HN,Sản xuất
DD23S,DD23S100-6B3HT,Sản xuất
DD23S,DD23S100-5B3HT,Sản xuất
DD23S,DD23S100-4B3HT,Sản xuất
DD23S,DD23S100-3B3HT,Sản xuất
DD23S,DD23S100-6B3HD,Sản xuất
DD23S,DD23S100-5B3HD,Sản xuất
DD23S,DD23S100-4B3HD,Sản xuất
DD23S,DD23S100-3B3HD,Sản xuất
DD23S,DD23S100-6B3DN,Sản xuất
DD23S,DD23S100-5B3DN,Sản xuất
DD23S,DD23S100-4B3DN,Sản xuất
DD23S,DD23S100-3B3DN,Sản xuất
DD23S,DD23S100-6B3DT,Sản xuất
DD23S,DD23S100-5B3DT,Sản xuất
DD23S,DD23S100-4B3DT,Sản xuất
DD23S,DD23S100-3B3DT,Sản xuất
DD23S,DD23S100-6B3PT,Sản xuất
DD23S,DD23S100-5B3PT,Sản xuất
DD23S,DD23S100-4B3PT,Sản xuất
DD23S,DD23S100-3B3PT,Sản xuất
DD23S,DD23S100-6B3PD,Sản xuất
DD23S,DD23S100-5B3PD,Sản xuất
DD23S,DD23S100-4B3PD,Sản xuất
DD23S,DD23S100-3B3PD,Sản xuất
DD23S,DD23S100-6B3MT,Sản xuất
DD23S,DD23S100-5B3MT,Sản xuất
DD23S,DD23S100-4B3MT,Sản xuất
DD23S,DD23S100-3B3MT,Sản xuất
DD23S,DD23S100-6B3ID,Sản xuất
DD23S,DD23S100-5B3ID,Sản xuất
DD23S,DD23S100-4B3ID,Sản xuất
DD23S,DD23S100-3B3ID,Sản xuất
DD23S,DD23S100-6B3SL,Sản xuất
DD23S,DD23S100-5B3SL,Sản xuất
DD23S,DD23S100-4B3SL,Sản xuất
DD23S,DD23S100-3B3SL,Sản xuất
DD23S,DD23S100-6P3HN,Sản xuất
DD23S,DD23S100-5P3HN,Sản xuất
DD23S,DD23S100-4P3HN,Sản xuất
DD23S,DD23S100-3P3HN,Sản xuất
DD23S,DD23S100-6P3HT,Sản xuất
DD23S,DD23S100-5P3HT,Sản xuất
DD23S,DD23S100-4P3HT,Sản xuất
DD23S,DD23S100-3P3HT,Sản xuất
DD23S,DD23S100-6P3HD,Sản xuất
DD23S,DD23S100-5P3HD,Sản xuất
DD23S,DD23S100-4P3HD,Sản xuất
DD23S,DD23S100-3P3HD,Sản xuất
DD23S,DD23S100-6P3DN,Sản xuất
DD23S,DD23S100-5P3DN,Sản xuất
DD23S,DD23S100-4P3DN,Sản xuất
DD23S,DD23S100-3P3DN,Sản xuất
DD23S,DD23S100-6P3DT,Sản xuất
DD23S,DD23S100-5P3DT,Sản xuất
DD23S,DD23S100-4P3DT,Sản xuất
DD23S,DD23S100-3P3DT,Sản xuất
DD23S,DD23S100-6P3PT,Sản xuất
DD23S,DD23S100-5P3PT,Sản xuất
DD23S,DD23S100-4P3PT,Sản xuất
DD23S,DD23S100-3P3PT,Sản xuất
DD23S,DD23S100-6P3PD,Sản xuất
DD23S,DD23S100-5P3PD,Sản xuất
DD23S,DD23S100-4P3PD,Sản xuất
DD23S,DD23S100-3P3PD,Sản xuất
DD23S,DD23S100-6P3MT,Sản xuất
DD23S,DD23S100-5P3MT,Sản xuất
DD23S,DD23S100-4P3MT,Sản xuất
DD23S,DD23S100-3P3MT,Sản xuất
DD23S,DD23S100-6P3ID,Sản xuất
DD23S,DD23S100-5P3ID,Sản xuất
DD23S,DD23S100-4P3ID,Sản xuất
DD23S,DD23S100-3P3ID,Sản xuất
DD23S,DD23S100-6P3SL,Sản xuất
DD23S,DD23S100-5P3SL,Sản xuất
DD23S,DD23S100-4P3SL,Sản xuất
DD23S,DD23S100-3P3SL,Sản xuất
DD23S,DD23S150-6B3HN,Sản xuất
DD23S,DD23S150-5B3HN,Sản xuất
DD23S,DD23S150-4B3HN,Sản xuất
DD23S,DD23S150-3B3HN,Sản xuất
DD23S,DD23S150-6B3HT,Sản xuất
DD23S,DD23S150-5B3HT,Sản xuất
DD23S,DD23S150-4B3HT,Sản xuất
DD23S,DD23S150-3B3HT,Sản xuất
DD23S,DD23S150-6B3HD,Sản xuất
DD23S,DD23S150-5B3HD,Sản xuất
DD23S,DD23S150-4B3HD,Sản xuất
DD23S,DD23S150-3B3HD,Sản xuất
DD23S,DD23S150-6B3DN,Sản xuất
DD23S,DD23S150-5B3DN,Sản xuất
DD23S,DD23S150-4B3DN,Sản xuất
DD23S,DD23S150-3B3DN,Sản xuất
DD23S,DD23S150-6B3DT,Sản xuất
DD23S,DD23S150-5B3DT,Sản xuất
DD23S,DD23S150-4B3DT,Sản xuất
DD23S,DD23S150-3B3DT,Sản xuất
DD23S,DD23S150-6B3PT,Sản xuất
DD23S,DD23S150-5B3PT,Sản xuất
DD23S,DD23S150-4B3PT,Sản xuất
DD23S,DD23S150-3B3PT,Sản xuất
DD23S,DD23S150-6B3PD,Sản xuất
DD23S,DD23S150-5B3PD,Sản xuất
DD23S,DD23S150-4B3PD,Sản xuất
DD23S,DD23S150-3B3PD,Sản xuất
DD23S,DD23S150-6B3MT,Sản xuất
DD23S,DD23S150-5B3MT,Sản xuất
DD23S,DD23S150-4B3MT,Sản xuất
DD23S,DD23S150-3B3MT,Sản xuất
DD23S,DD23S150-6B3ID,Sản xuất
DD23S,DD23S150-5B3ID,Sản xuất
DD23S,DD23S150-4B3ID,Sản xuất
DD23S,DD23S150-3B3ID,Sản xuất
DD23S,DD23S150-6B3SL,Sản xuất
DD23S,DD23S150-5B3SL,Sản xuất
DD23S,DD23S150-4B3SL,Sản xuất
DD23S,DD23S150-3B3SL,Sản xuất
DD23S,DD23S150-6P3HN,Sản xuất
DD23S,DD23S150-5P3HN,Sản xuất
DD23S,DD23S150-4P3HN,Sản xuất
DD23S,DD23S150-3P3HN,Sản xuất
DD23S,DD23S150-6P3HT,Sản xuất
DD23S,DD23S150-5P3HT,Sản xuất
DD23S,DD23S150-4P3HT,Sản xuất
DD23S,DD23S150-3P3HT,Sản xuất
DD23S,DD23S150-6P3HD,Sản xuất
DD23S,DD23S150-5P3HD,Sản xuất
DD23S,DD23S150-4P3HD,Sản xuất
DD23S,DD23S150-3P3HD,Sản xuất
DD23S,DD23S150-6P3DN,Sản xuất
DD23S,DD23S150-5P3DN,Sản xuất
DD23S,DD23S150-4P3DN,Sản xuất
DD23S,DD23S150-3P3DN,Sản xuất
DD23S,DD23S150-6P3DT,Sản xuất
DD23S,DD23S150-5P3DT,Sản xuất
DD23S,DD23S150-4P3DT,Sản xuất
DD23S,DD23S150-3P3DT,Sản xuất
DD23S,DD23S150-6P3PT,Sản xuất
DD23S,DD23S150-5P3PT,Sản xuất
DD23S,DD23S150-4P3PT,Sản xuất
DD23S,DD23S150-3P3PT,Sản xuất
DD23S,DD23S150-6P3PD,Sản xuất
DD23S,DD23S150-5P3PD,Sản xuất
DD23S,DD23S150-4P3PD,Sản xuất
DD23S,DD23S150-3P3PD,Sản xuất
DD23S,DD23S150-6P3MT,Sản xuất
DD23S,DD23S150-5P3MT,Sản xuất
DD23S,DD23S150-4P3MT,Sản xuất
DD23S,DD23S150-3P3MT,Sản xuất
DD23S,DD23S150-6P3ID,Sản xuất
DD23S,DD23S150-5P3ID,Sản xuất
DD23S,DD23S150-4P3ID,Sản xuất
DD23S,DD23S150-3P3ID,Sản xuất
DD23S,DD23S150-6P3SL,Sản xuất
DD23S,DD23S150-5P3SL,Sản xuất
DD23S,DD23S150-4P3SL,Sản xuất
DD23S,DD23S150-3P3SL,Sản xuất
DD23S,DD23S200-6B3HN,Sản xuất
DD23S,DD23S200-5B3HN,Sản xuất
DD23S,DD23S200-4B3HN,Sản xuất
DD23S,DD23S200-3B3HN,Sản xuất
DD23S,DD23S200-6B3HT,Sản xuất
DD23S,DD23S200-5B3HT,Sản xuất
DD23S,DD23S200-4B3HT,Sản xuất
DD23S,DD23S200-3B3HT,Sản xuất
DD23S,DD23S200-6B3HD,Sản xuất
DD23S,DD23S200-5B3HD,Sản xuất
DD23S,DD23S200-4B3HD,Sản xuất
DD23S,DD23S200-3B3HD,Sản xuất
DD23S,DD23S200-6B3DN,Sản xuất
DD23S,DD23S200-5B3DN,Sản xuất
DD23S,DD23S200-4B3DN,Sản xuất
DD23S,DD23S200-3B3DN,Sản xuất
DD23S,DD23S200-6B3DT,Sản xuất
DD23S,DD23S200-5B3DT,Sản xuất
DD23S,DD23S200-4B3DT,Sản xuất
DD23S,DD23S200-3B3DT,Sản xuất
DD23S,DD23S200-6B3PT,Sản xuất
DD23S,DD23S200-5B3PT,Sản xuất
DD23S,DD23S200-4B3PT,Sản xuất
DD23S,DD23S200-3B3PT,Sản xuất
DD23S,DD23S200-6B3PD,Sản xuất
DD23S,DD23S200-5B3PD,Sản xuất
DD23S,DD23S200-4B3PD,Sản xuất
DD23S,DD23S200-3B3PD,Sản xuất
DD23S,DD23S200-6B3MT,Sản xuất
DD23S,DD23S200-5B3MT,Sản xuất
DD23S,DD23S200-4B3MT,Sản xuất
DD23S,DD23S200-3B3MT,Sản xuất
DD23S,DD23S200-6B3ID,Sản xuất
DD23S,DD23S200-5B3ID,Sản xuất
DD23S,DD23S200-4B3ID,Sản xuất
DD23S,DD23S200-3B3ID,Sản xuất
DD23S,DD23S200-6B3SL,Sản xuất
DD23S,DD23S200-5B3SL,Sản xuất
DD23S,DD23S200-4B3SL,Sản xuất
DD23S,DD23S200-3B3SL,Sản xuất
DD23S,DD23S200-6P3HN,Sản xuất
DD23S,DD23S200-5P3HN,Sản xuất
DD23S,DD23S200-4P3HN,Sản xuất
DD23S,DD23S200-3P3HN,Sản xuất
DD23S,DD23S200-6P3HT,Sản xuất
DD23S,DD23S200-5P3HT,Sản xuất
DD23S,DD23S200-4P3HT,Sản xuất
DD23S,DD23S200-3P3HT,Sản xuất
DD23S,DD23S200-6P3HD,Sản xuất
DD23S,DD23S200-5P3HD,Sản xuất
DD23S,DD23S200-4P3HD,Sản xuất
DD23S,DD23S200-3P3HD,Sản xuất
DD23S,DD23S200-6P3DN,Sản xuất
DD23S,DD23S200-5P3DN,Sản xuất
DD23S,DD23S200-4P3DN,Sản xuất
DD23S,DD23S200-3P3DN,Sản xuất
DD23S,DD23S200-6P3DT,Sản xuất
DD23S,DD23S200-5P3DT,Sản xuất
DD23S,DD23S200-4P3DT,Sản xuất
DD23S,DD23S200-3P3DT,Sản xuất
DD23S,DD23S200-6P3PT,Sản xuất
DD23S,DD23S200-5P3PT,Sản xuất
DD23S,DD23S200-4P3PT,Sản xuất
DD23S,DD23S200-3P3PT,Sản xuất
DD23S,DD23S200-6P3PD,Sản xuất
DD23S,DD23S200-5P3PD,Sản xuất
DD23S,DD23S200-4P3PD,Sản xuất
DD23S,DD23S200-3P3PD,Sản xuất
DD23S,DD23S200-6P3MT,Sản xuất
DD23S,DD23S200-5P3MT,Sản xuất
DD23S,DD23S200-4P3MT,Sản xuất
DD23S,DD23S200-3P3MT,Sản xuất
DD23S,DD23S200-6P3ID,Sản xuất
DD23S,DD23S200-5P3ID,Sản xuất
DD23S,DD23S200-4P3ID,Sản xuất
DD23S,DD23S200-3P3ID,Sản xuất
DD23S,DD23S200-6P3SL,Sản xuất
DD23S,DD23S200-5P3SL,Sản xuất
DD23S,DD23S200-4P3SL,Sản xuất
DD23S,DD23S200-3P3SL,Sản xuất
DD23S,DD23S250-6B3HN,Sản xuất
DD23S,DD23S250-5B3HN,Sản xuất
DD23S,DD23S250-4B3HN,Sản xuất
DD23S,DD23S250-3B3HN,Sản xuất
DD23S,DD23S250-6B3HT,Sản xuất
DD23S,DD23S250-5B3HT,Sản xuất
DD23S,DD23S250-4B3HT,Sản xuất
DD23S,DD23S250-3B3HT,Sản xuất
DD23S,DD23S250-6B3HD,Sản xuất
DD23S,DD23S250-5B3HD,Sản xuất
DD23S,DD23S250-4B3HD,Sản xuất
DD23S,DD23S250-3B3HD,Sản xuất
DD23S,DD23S250-6B3DN,Sản xuất
DD23S,DD23S250-5B3DN,Sản xuất
DD23S,DD23S250-4B3DN,Sản xuất
DD23S,DD23S250-3B3DN,Sản xuất
DD23S,DD23S250-6B3DT,Sản xuất
DD23S,DD23S250-5B3DT,Sản xuất
DD23S,DD23S250-4B3DT,Sản xuất
DD23S,DD23S250-3B3DT,Sản xuất
DD23S,DD23S250-6B3PT,Sản xuất
DD23S,DD23S250-5B3PT,Sản xuất
DD23S,DD23S250-4B3PT,Sản xuất
DD23S,DD23S250-3B3PT,Sản xuất
DD23S,DD23S250-6B3PD,Sản xuất
DD23S,DD23S250-5B3PD,Sản xuất
DD23S,DD23S250-4B3PD,Sản xuất
DD23S,DD23S250-3B3PD,Sản xuất
DD23S,DD23S250-6B3MT,Sản xuất
DD23S,DD23S250-5B3MT,Sản xuất
DD23S,DD23S250-4B3MT,Sản xuất
DD23S,DD23S250-3B3MT,Sản xuất
DD23S,DD23S250-6B3ID,Sản xuất
DD23S,DD23S250-5B3ID,Sản xuất
DD23S,DD23S250-4B3ID,Sản xuất
DD23S,DD23S250-3B3ID,Sản xuất
DD23S,DD23S250-6B3SL,Sản xuất
DD23S,DD23S250-5B3SL,Sản xuất
DD23S,DD23S250-4B3SL,Sản xuất
DD23S,DD23S250-3B3SL,Sản xuất
DD23S,DD23S250-6P3HN,Sản xuất
DD23S,DD23S250-5P3HN,Sản xuất
DD23S,DD23S250-4P3HN,Sản xuất
DD23S,DD23S250-3P3HN,Sản xuất
DD23S,DD23S250-6P3HT,Sản xuất
DD23S,DD23S250-5P3HT,Sản xuất
DD23S,DD23S250-4P3HT,Sản xuất
DD23S,DD23S250-3P3HT,Sản xuất
DD23S,DD23S250-6P3HD,Sản xuất
DD23S,DD23S250-5P3HD,Sản xuất
DD23S,DD23S250-4P3HD,Sản xuất
DD23S,DD23S250-3P3HD,Sản xuất
DD23S,DD23S250-6P3DN,Sản xuất
DD23S,DD23S250-5P3DN,Sản xuất
DD23S,DD23S250-4P3DN,Sản xuất
DD23S,DD23S250-3P3DN,Sản xuất
DD23S,DD23S250-6P3DT,Sản xuất
DD23S,DD23S250-5P3DT,Sản xuất
DD23S,DD23S250-4P3DT,Sản xuất
DD23S,DD23S250-3P3DT,Sản xuất
DD23S,DD23S250-6P3PT,Sản xuất
DD23S,DD23S250-5P3PT,Sản xuất
DD23S,DD23S250-4P3PT,Sản xuất
DD23S,DD23S250-3P3PT,Sản xuất
DD23S,DD23S250-6P3PD,Sản xuất
DD23S,DD23S250-5P3PD,Sản xuất
DD23S,DD23S250-4P3PD,Sản xuất
DD23S,DD23S250-3P3PD,Sản xuất
DD23S,DD23S250-6P3MT,Sản xuất
DD23S,DD23S250-5P3MT,Sản xuất
DD23S,DD23S250-4P3MT,Sản xuất
DD23S,DD23S250-3P3MT,Sản xuất
DD23S,DD23S250-6P3ID,Sản xuất
DD23S,DD23S250-5P3ID,Sản xuất
DD23S,DD23S250-4P3ID,Sản xuất
DD23S,DD23S250-3P3ID,Sản xuất
DD23S,DD23S250-6P3SL,Sản xuất
DD23S,DD23S250-5P3SL,Sản xuất
DD23S,DD23S250-4P3SL,Sản xuất
DD23S,DD23S250-3P3SL,Sản xuất
DD24S,DD24S050-6B3HN,Sản xuất
DD24S,DD24S050-5B3HN,Sản xuất
DD24S,DD24S050-4B3HN,Sản xuất
DD24S,DD24S050-3B3HN,Sản xuất
DD24S,DD24S050-6B3HT,Sản xuất
DD24S,DD24S050-5B3HT,Sản xuất
DD24S,DD24S050-4B3HT,Sản xuất
DD24S,DD24S050-3B3HT,Sản xuất
DD24S,DD24S050-6B3HD,Sản xuất
DD24S,DD24S050-5B3HD,Sản xuất
DD24S,DD24S050-4B3HD,Sản xuất
DD24S,DD24S050-3B3HD,Sản xuất
DD24S,DD24S050-6B3DN,Sản xuất
DD24S,DD24S050-5B3DN,Sản xuất
DD24S,DD24S050-4B3DN,Sản xuất
DD24S,DD24S050-3B3DN,Sản xuất
DD24S,DD24S050-6B3DT,Sản xuất
DD24S,DD24S050-5B3DT,Sản xuất
DD24S,DD24S050-4B3DT,Sản xuất
DD24S,DD24S050-3B3DT,Sản xuất
DD24S,DD24S050-6B3PT,Sản xuất
DD24S,DD24S050-5B3PT,Sản xuất
DD24S,DD24S050-4B3PT,Sản xuất
DD24S,DD24S050-3B3PT,Sản xuất
DD24S,DD24S050-6B3PD,Sản xuất
DD24S,DD24S050-5B3PD,Sản xuất
DD24S,DD24S050-4B3PD,Sản xuất
DD24S,DD24S050-3B3PD,Sản xuất
DD24S,DD24S050-6B3MT,Sản xuất
DD24S,DD24S050-5B3MT,Sản xuất
DD24S,DD24S050-4B3MT,Sản xuất
DD24S,DD24S050-3B3MT,Sản xuất
DD24S,DD24S050-6B3ID,Sản xuất
DD24S,DD24S050-5B3ID,Sản xuất
DD24S,DD24S050-4B3ID,Sản xuất
DD24S,DD24S050-3B3ID,Sản xuất
DD24S,DD24S050-6B3SL,Sản xuất
DD24S,DD24S050-5B3SL,Sản xuất
DD24S,DD24S050-4B3SL,Sản xuất
DD24S,DD24S050-3B3SL,Sản xuất
DD24S,DD24S050-6P3HN,Sản xuất
DD24S,DD24S050-5P3HN,Sản xuất
DD24S,DD24S050-4P3HN,Sản xuất
DD24S,DD24S050-3P3HN,Sản xuất
DD24S,DD24S050-6P3HT,Sản xuất
DD24S,DD24S050-5P3HT,Sản xuất
DD24S,DD24S050-4P3HT,Sản xuất
DD24S,DD24S050-3P3HT,Sản xuất
DD24S,DD24S050-6P3HD,Sản xuất
DD24S,DD24S050-5P3HD,Sản xuất
DD24S,DD24S050-4P3HD,Sản xuất
DD24S,DD24S050-3P3HD,Sản xuất
DD24S,DD24S050-6P3DN,Sản xuất
DD24S,DD24S050-5P3DN,Sản xuất
DD24S,DD24S050-4P3DN,Sản xuất
DD24S,DD24S050-3P3DN,Sản xuất
DD24S,DD24S050-6P3DT,Sản xuất
DD24S,DD24S050-5P3DT,Sản xuất
DD24S,DD24S050-4P3DT,Sản xuất
DD24S,DD24S050-3P3DT,Sản xuất
DD24S,DD24S050-6P3PT,Sản xuất
DD24S,DD24S050-5P3PT,Sản xuất
DD24S,DD24S050-4P3PT,Sản xuất
DD24S,DD24S050-3P3PT,Sản xuất
DD24S,DD24S050-6P3PD,Sản xuất
DD24S,DD24S050-5P3PD,Sản xuất
DD24S,DD24S050-4P3PD,Sản xuất
DD24S,DD24S050-3P3PD,Sản xuất
DD24S,DD24S050-6P3MT,Sản xuất
DD24S,DD24S050-5P3MT,Sản xuất
DD24S,DD24S050-4P3MT,Sản xuất
DD24S,DD24S050-3P3MT,Sản xuất
DD24S,DD24S050-6P3ID,Sản xuất
DD24S,DD24S050-5P3ID,Sản xuất
DD24S,DD24S050-4P3ID,Sản xuất
DD24S,DD24S050-3P3ID,Sản xuất
DD24S,DD24S050-6P3SL,Sản xuất
DD24S,DD24S050-5P3SL,Sản xuất
DD24S,DD24S050-4P3SL,Sản xuất
DD24S,DD24S050-3P3SL,Sản xuất
DD24S,DD24S100-6B3HN,Sản xuất
DD24S,DD24S100-5B3HN,Sản xuất
DD24S,DD24S100-4B3HN,Sản xuất
DD24S,DD24S100-3B3HN,Sản xuất
DD24S,DD24S100-6B3HT,Sản xuất
DD24S,DD24S100-5B3HT,Sản xuất
DD24S,DD24S100-4B3HT,Sản xuất
DD24S,DD24S100-3B3HT,Sản xuất
DD24S,DD24S100-6B3HD,Sản xuất
DD24S,DD24S100-5B3HD,Sản xuất
DD24S,DD24S100-4B3HD,Sản xuất
DD24S,DD24S100-3B3HD,Sản xuất
DD24S,DD24S100-6B3DN,Sản xuất
DD24S,DD24S100-5B3DN,Sản xuất
DD24S,DD24S100-4B3DN,Sản xuất
DD24S,DD24S100-3B3DN,Sản xuất
DD24S,DD24S100-6B3DT,Sản xuất
DD24S,DD24S100-5B3DT,Sản xuất
DD24S,DD24S100-4B3DT,Sản xuất
DD24S,DD24S100-3B3DT,Sản xuất
DD24S,DD24S100-6B3PT,Sản xuất
DD24S,DD24S100-5B3PT,Sản xuất
DD24S,DD24S100-4B3PT,Sản xuất
DD24S,DD24S100-3B3PT,Sản xuất
DD24S,DD24S100-6B3PD,Sản xuất
DD24S,DD24S100-5B3PD,Sản xuất
DD24S,DD24S100-4B3PD,Sản xuất
DD24S,DD24S100-3B3PD,Sản xuất
DD24S,DD24S100-6B3MT,Sản xuất
DD24S,DD24S100-5B3MT,Sản xuất
DD24S,DD24S100-4B3MT,Sản xuất
DD24S,DD24S100-3B3MT,Sản xuất
DD24S,DD24S100-6B3ID,Sản xuất
DD24S,DD24S100-5B3ID,Sản xuất
DD24S,DD24S100-4B3ID,Sản xuất
DD24S,DD24S100-3B3ID,Sản xuất
DD24S,DD24S100-6B3SL,Sản xuất
DD24S,DD24S100-5B3SL,Sản xuất
DD24S,DD24S100-4B3SL,Sản xuất
DD24S,DD24S100-3B3SL,Sản xuất
DD24S,DD24S100-6P3HN,Sản xuất
DD24S,DD24S100-5P3HN,Sản xuất
DD24S,DD24S100-4P3HN,Sản xuất
DD24S,DD24S100-3P3HN,Sản xuất
DD24S,DD24S100-6P3HT,Sản xuất
DD24S,DD24S100-5P3HT,Sản xuất
DD24S,DD24S100-4P3HT,Sản xuất
DD24S,DD24S100-3P3HT,Sản xuất
DD24S,DD24S100-6P3HD,Sản xuất
DD24S,DD24S100-5P3HD,Sản xuất
DD24S,DD24S100-4P3HD,Sản xuất
DD24S,DD24S100-3P3HD,Sản xuất
DD24S,DD24S100-6P3DN,Sản xuất
DD24S,DD24S100-5P3DN,Sản xuất
DD24S,DD24S100-4P3DN,Sản xuất
DD24S,DD24S100-3P3DN,Sản xuất
DD24S,DD24S100-6P3DT,Sản xuất
DD24S,DD24S100-5P3DT,Sản xuất
DD24S,DD24S100-4P3DT,Sản xuất
DD24S,DD24S100-3P3DT,Sản xuất
DD24S,DD24S100-6P3PT,Sản xuất
DD24S,DD24S100-5P3PT,Sản xuất
DD24S,DD24S100-4P3PT,Sản xuất
DD24S,DD24S100-3P3PT,Sản xuất
DD24S,DD24S100-6P3PD,Sản xuất
DD24S,DD24S100-5P3PD,Sản xuất
DD24S,DD24S100-4P3PD,Sản xuất
DD24S,DD24S100-3P3PD,Sản xuất
DD24S,DD24S100-6P3MT,Sản xuất
DD24S,DD24S100-5P3MT,Sản xuất
DD24S,DD24S100-4P3MT,Sản xuất
DD24S,DD24S100-3P3MT,Sản xuất
DD24S,DD24S100-6P3ID,Sản xuất
DD24S,DD24S100-5P3ID,Sản xuất
DD24S,DD24S100-4P3ID,Sản xuất
DD24S,DD24S100-3P3ID,Sản xuất
DD24S,DD24S100-6P3SL,Sản xuất
DD24S,DD24S100-5P3SL,Sản xuất
DD24S,DD24S100-4P3SL,Sản xuất
DD24S,DD24S100-3P3SL,Sản xuất
DD24S,DD24S150-6B3HN,Sản xuất
DD24S,DD24S150-5B3HN,Sản xuất
DD24S,DD24S150-4B3HN,Sản xuất
DD24S,DD24S150-3B3HN,Sản xuất
DD24S,DD24S150-6B3HT,Sản xuất
DD24S,DD24S150-5B3HT,Sản xuất
DD24S,DD24S150-4B3HT,Sản xuất
DD24S,DD24S150-3B3HT,Sản xuất
DD24S,DD24S150-6B3HD,Sản xuất
DD24S,DD24S150-5B3HD,Sản xuất
DD24S,DD24S150-4B3HD,Sản xuất
DD24S,DD24S150-3B3HD,Sản xuất
DD24S,DD24S150-6B3DN,Sản xuất
DD24S,DD24S150-5B3DN,Sản xuất
DD24S,DD24S150-4B3DN,Sản xuất
DD24S,DD24S150-3B3DN,Sản xuất
DD24S,DD24S150-6B3DT,Sản xuất
DD24S,DD24S150-5B3DT,Sản xuất
DD24S,DD24S150-4B3DT,Sản xuất
DD24S,DD24S150-3B3DT,Sản xuất
DD24S,DD24S150-6B3PT,Sản xuất
DD24S,DD24S150-5B3PT,Sản xuất
DD24S,DD24S150-4B3PT,Sản xuất
DD24S,DD24S150-3B3PT,Sản xuất
DD24S,DD24S150-6B3PD,Sản xuất
DD24S,DD24S150-5B3PD,Sản xuất
DD24S,DD24S150-4B3PD,Sản xuất
DD24S,DD24S150-3B3PD,Sản xuất
DD24S,DD24S150-6B3MT,Sản xuất
DD24S,DD24S150-5B3MT,Sản xuất
DD24S,DD24S150-4B3MT,Sản xuất
DD24S,DD24S150-3B3MT,Sản xuất
DD24S,DD24S150-6B3ID,Sản xuất
DD24S,DD24S150-5B3ID,Sản xuất
DD24S,DD24S150-4B3ID,Sản xuất
DD24S,DD24S150-3B3ID,Sản xuất
DD24S,DD24S150-6B3SL,Sản xuất
DD24S,DD24S150-5B3SL,Sản xuất
DD24S,DD24S150-4B3SL,Sản xuất
DD24S,DD24S150-3B3SL,Sản xuất
DD24S,DD24S150-6P3HN,Sản xuất
DD24S,DD24S150-5P3HN,Sản xuất
DD24S,DD24S150-4P3HN,Sản xuất
DD24S,DD24S150-3P3HN,Sản xuất
DD24S,DD24S150-6P3HT,Sản xuất
DD24S,DD24S150-5P3HT,Sản xuất
DD24S,DD24S150-4P3HT,Sản xuất
DD24S,DD24S150-3P3HT,Sản xuất
DD24S,DD24S150-6P3HD,Sản xuất
DD24S,DD24S150-5P3HD,Sản xuất
DD24S,DD24S150-4P3HD,Sản xuất
DD24S,DD24S150-3P3HD,Sản xuất
DD24S,DD24S150-6P3DN,Sản xuất
DD24S,DD24S150-5P3DN,Sản xuất
DD24S,DD24S150-4P3DN,Sản xuất
DD24S,DD24S150-3P3DN,Sản xuất
DD24S,DD24S150-6P3DT,Sản xuất
DD24S,DD24S150-5P3DT,Sản xuất
DD24S,DD24S150-4P3DT,Sản xuất
DD24S,DD24S150-3P3DT,Sản xuất
DD24S,DD24S150-6P3PT,Sản xuất
DD24S,DD24S150-5P3PT,Sản xuất
DD24S,DD24S150-4P3PT,Sản xuất
DD24S,DD24S150-3P3PT,Sản xuất
DD24S,DD24S150-6P3PD,Sản xuất
DD24S,DD24S150-5P3PD,Sản xuất
DD24S,DD24S150-4P3PD,Sản xuất
DD24S,DD24S150-3P3PD,Sản xuất
DD24S,DD24S150-6P3MT,Sản xuất
DD24S,DD24S150-5P3MT,Sản xuất
DD24S,DD24S150-4P3MT,Sản xuất
DD24S,DD24S150-3P3MT,Sản xuất
DD24S,DD24S150-6P3ID,Sản xuất
DD24S,DD24S150-5P3ID,Sản xuất
DD24S,DD24S150-4P3ID,Sản xuất
DD24S,DD24S150-3P3ID,Sản xuất
DD24S,DD24S150-6P3SL,Sản xuất
DD24S,DD24S150-5P3SL,Sản xuất
DD24S,DD24S150-4P3SL,Sản xuất
DD24S,DD24S150-3P3SL,Sản xuất
DD24S,DD24S200-6B3HN,Sản xuất
DD24S,DD24S200-5B3HN,Sản xuất
DD24S,DD24S200-4B3HN,Sản xuất
DD24S,DD24S200-3B3HN,Sản xuất
DD24S,DD24S200-6B3HT,Sản xuất
DD24S,DD24S200-5B3HT,Sản xuất
DD24S,DD24S200-4B3HT,Sản xuất
DD24S,DD24S200-3B3HT,Sản xuất
DD24S,DD24S200-6B3HD,Sản xuất
DD24S,DD24S200-5B3HD,Sản xuất
DD24S,DD24S200-4B3HD,Sản xuất
DD24S,DD24S200-3B3HD,Sản xuất
DD24S,DD24S200-6B3DN,Sản xuất
DD24S,DD24S200-5B3DN,Sản xuất
DD24S,DD24S200-4B3DN,Sản xuất
DD24S,DD24S200-3B3DN,Sản xuất
DD24S,DD24S200-6B3DT,Sản xuất
DD24S,DD24S200-5B3DT,Sản xuất
DD24S,DD24S200-4B3DT,Sản xuất
DD24S,DD24S200-3B3DT,Sản xuất
DD24S,DD24S200-6B3PT,Sản xuất
DD24S,DD24S200-5B3PT,Sản xuất
DD24S,DD24S200-4B3PT,Sản xuất
DD24S,DD24S200-3B3PT,Sản xuất
DD24S,DD24S200-6B3PD,Sản xuất
DD24S,DD24S200-5B3PD,Sản xuất
DD24S,DD24S200-4B3PD,Sản xuất
DD24S,DD24S200-3B3PD,Sản xuất
DD24S,DD24S200-6B3MT,Sản xuất
DD24S,DD24S200-5B3MT,Sản xuất
DD24S,DD24S200-4B3MT,Sản xuất
DD24S,DD24S200-3B3MT,Sản xuất
DD24S,DD24S200-6B3ID,Sản xuất
DD24S,DD24S200-5B3ID,Sản xuất
DD24S,DD24S200-4B3ID,Sản xuất
DD24S,DD24S200-3B3ID,Sản xuất
DD24S,DD24S200-6B3SL,Sản xuất
DD24S,DD24S200-5B3SL,Sản xuất
DD24S,DD24S200-4B3SL,Sản xuất
DD24S,DD24S200-3B3SL,Sản xuất
DD24S,DD24S200-6P3HN,Sản xuất
DD24S,DD24S200-5P3HN,Sản xuất
DD24S,DD24S200-4P3HN,Sản xuất
DD24S,DD24S200-3P3HN,Sản xuất
DD24S,DD24S200-6P3HT,Sản xuất
DD24S,DD24S200-5P3HT,Sản xuất
DD24S,DD24S200-4P3HT,Sản xuất
DD24S,DD24S200-3P3HT,Sản xuất
DD24S,DD24S200-6P3HD,Sản xuất
DD24S,DD24S200-5P3HD,Sản xuất
DD24S,DD24S200-4P3HD,Sản xuất
DD24S,DD24S200-3P3HD,Sản xuất
DD24S,DD24S200-6P3DN,Sản xuất
DD24S,DD24S200-5P3DN,Sản xuất
DD24S,DD24S200-4P3DN,Sản xuất
DD24S,DD24S200-3P3DN,Sản xuất
DD24S,DD24S200-6P3DT,Sản xuất
DD24S,DD24S200-5P3DT,Sản xuất
DD24S,DD24S200-4P3DT,Sản xuất
DD24S,DD24S200-3P3DT,Sản xuất
DD24S,DD24S200-6P3PT,Sản xuất
DD24S,DD24S200-5P3PT,Sản xuất
DD24S,DD24S200-4P3PT,Sản xuất
DD24S,DD24S200-3P3PT,Sản xuất
DD24S,DD24S200-6P3PD,Sản xuất
DD24S,DD24S200-5P3PD,Sản xuất
DD24S,DD24S200-4P3PD,Sản xuất
DD24S,DD24S200-3P3PD,Sản xuất
DD24S,DD24S200-6P3MT,Sản xuất
DD24S,DD24S200-5P3MT,Sản xuất
DD24S,DD24S200-4P3MT,Sản xuất
DD24S,DD24S200-3P3MT,Sản xuất
DD24S,DD24S200-6P3ID,Sản xuất
DD24S,DD24S200-5P3ID,Sản xuất
DD24S,DD24S200-4P3ID,Sản xuất
DD24S,DD24S200-3P3ID,Sản xuất
DD24S,DD24S200-6P3SL,Sản xuất
DD24S,DD24S200-5P3SL,Sản xuất
DD24S,DD24S200-4P3SL,Sản xuất
DD24S,DD24S200-3P3SL,Sản xuất
DD25S,DD25S050-6B3HN,Sản xuất
DD25S,DD25S050-5B3HN,Sản xuất
DD25S,DD25S050-4B3HN,Sản xuất
DD25S,DD25S050-3B3HN,Sản xuất
DD25S,DD25S050-6B3HT,Sản xuất
DD25S,DD25S050-5B3HT,Sản xuất
DD25S,DD25S050-4B3HT,Sản xuất
DD25S,DD25S050-3B3HT,Sản xuất
DD25S,DD25S050-6B3HD,Sản xuất
DD25S,DD25S050-5B3HD,Sản xuất
DD25S,DD25S050-4B3HD,Sản xuất
DD25S,DD25S050-3B3HD,Sản xuất
DD25S,DD25S050-6B3DN,Sản xuất
DD25S,DD25S050-5B3DN,Sản xuất
DD25S,DD25S050-4B3DN,Sản xuất
DD25S,DD25S050-3B3DN,Sản xuất
DD25S,DD25S050-6B3DT,Sản xuất
DD25S,DD25S050-5B3DT,Sản xuất
DD25S,DD25S050-4B3DT,Sản xuất
DD25S,DD25S050-3B3DT,Sản xuất
DD25S,DD25S050-6B3PT,Sản xuất
DD25S,DD25S050-5B3PT,Sản xuất
DD25S,DD25S050-4B3PT,Sản xuất
DD25S,DD25S050-3B3PT,Sản xuất
DD25S,DD25S050-6B3PD,Sản xuất
DD25S,DD25S050-5B3PD,Sản xuất
DD25S,DD25S050-4B3PD,Sản xuất
DD25S,DD25S050-3B3PD,Sản xuất
DD25S,DD25S050-6B3MT,Sản xuất
DD25S,DD25S050-5B3MT,Sản xuất
DD25S,DD25S050-4B3MT,Sản xuất
DD25S,DD25S050-3B3MT,Sản xuất
DD25S,DD25S050-6B3ID,Sản xuất
DD25S,DD25S050-5B3ID,Sản xuất
DD25S,DD25S050-4B3ID,Sản xuất
DD25S,DD25S050-3B3ID,Sản xuất
DD25S,DD25S050-6B3SL,Sản xuất
DD25S,DD25S050-5B3SL,Sản xuất
DD25S,DD25S050-4B3SL,Sản xuất
DD25S,DD25S050-3B3SL,Sản xuất
DD25S,DD25S050-6P3HN,Sản xuất
DD25S,DD25S050-5P3HN,Sản xuất
DD25S,DD25S050-4P3HN,Sản xuất
DD25S,DD25S050-3P3HN,Sản xuất
DD25S,DD25S050-6P3HT,Sản xuất
DD25S,DD25S050-5P3HT,Sản xuất
DD25S,DD25S050-4P3HT,Sản xuất
DD25S,DD25S050-3P3HT,Sản xuất
DD25S,DD25S050-6P3HD,Sản xuất
DD25S,DD25S050-5P3HD,Sản xuất
DD25S,DD25S050-4P3HD,Sản xuất
DD25S,DD25S050-3P3HD,Sản xuất
DD25S,DD25S050-6P3DN,Sản xuất
DD25S,DD25S050-5P3DN,Sản xuất
DD25S,DD25S050-4P3DN,Sản xuất
DD25S,DD25S050-3P3DN,Sản xuất
DD25S,DD25S050-6P3DT,Sản xuất
DD25S,DD25S050-5P3DT,Sản xuất
DD25S,DD25S050-4P3DT,Sản xuất
DD25S,DD25S050-3P3DT,Sản xuất
DD25S,DD25S050-6P3PT,Sản xuất
DD25S,DD25S050-5P3PT,Sản xuất
DD25S,DD25S050-4P3PT,Sản xuất
DD25S,DD25S050-3P3PT,Sản xuất
DD25S,DD25S050-6P3PD,Sản xuất
DD25S,DD25S050-5P3PD,Sản xuất
DD25S,DD25S050-4P3PD,Sản xuất
DD25S,DD25S050-3P3PD,Sản xuất
DD25S,DD25S050-6P3MT,Sản xuất
DD25S,DD25S050-5P3MT,Sản xuất
DD25S,DD25S050-4P3MT,Sản xuất
DD25S,DD25S050-3P3MT,Sản xuất
DD25S,DD25S050-6P3ID,Sản xuất
DD25S,DD25S050-5P3ID,Sản xuất
DD25S,DD25S050-4P3ID,Sản xuất
DD25S,DD25S050-3P3ID,Sản xuất
DD25S,DD25S050-6P3SL,Sản xuất
DD25S,DD25S050-5P3SL,Sản xuất
DD25S,DD25S050-4P3SL,Sản xuất
DD25S,DD25S050-3P3SL,Sản xuất
DD25S,DD25S100-6B3HN,Sản xuất
DD25S,DD25S100-5B3HN,Sản xuất
DD25S,DD25S100-4B3HN,Sản xuất
DD25S,DD25S100-3B3HN,Sản xuất
DD25S,DD25S100-6B3HT,Sản xuất
DD25S,DD25S100-5B3HT,Sản xuất
DD25S,DD25S100-4B3HT,Sản xuất
DD25S,DD25S100-3B3HT,Sản xuất
DD25S,DD25S100-6B3HD,Sản xuất
DD25S,DD25S100-5B3HD,Sản xuất
DD25S,DD25S100-4B3HD,Sản xuất
DD25S,DD25S100-3B3HD,Sản xuất
DD25S,DD25S100-6B3DN,Sản xuất
DD25S,DD25S100-5B3DN,Sản xuất
DD25S,DD25S100-4B3DN,Sản xuất
DD25S,DD25S100-3B3DN,Sản xuất
DD25S,DD25S100-6B3DT,Sản xuất
DD25S,DD25S100-5B3DT,Sản xuất
DD25S,DD25S100-4B3DT,Sản xuất
DD25S,DD25S100-3B3DT,Sản xuất
DD25S,DD25S100-6B3PT,Sản xuất
DD25S,DD25S100-5B3PT,Sản xuất
DD25S,DD25S100-4B3PT,Sản xuất
DD25S,DD25S100-3B3PT,Sản xuất
DD25S,DD25S100-6B3PD,Sản xuất
DD25S,DD25S100-5B3PD,Sản xuất
DD25S,DD25S100-4B3PD,Sản xuất
DD25S,DD25S100-3B3PD,Sản xuất
DD25S,DD25S100-6B3MT,Sản xuất
DD25S,DD25S100-5B3MT,Sản xuất
DD25S,DD25S100-4B3MT,Sản xuất
DD25S,DD25S100-3B3MT,Sản xuất
DD25S,DD25S100-6B3ID,Sản xuất
DD25S,DD25S100-5B3ID,Sản xuất
DD25S,DD25S100-4B3ID,Sản xuất
DD25S,DD25S100-3B3ID,Sản xuất
DD25S,DD25S100-6B3SL,Sản xuất
DD25S,DD25S100-5B3SL,Sản xuất
DD25S,DD25S100-4B3SL,Sản xuất
DD25S,DD25S100-3B3SL,Sản xuất
DD25S,DD25S100-6P3HN,Sản xuất
DD25S,DD25S100-5P3HN,Sản xuất
DD25S,DD25S100-4P3HN,Sản xuất
DD25S,DD25S100-3P3HN,Sản xuất
DD25S,DD25S100-6P3HT,Sản xuất
DD25S,DD25S100-5P3HT,Sản xuất
DD25S,DD25S100-4P3HT,Sản xuất
DD25S,DD25S100-3P3HT,Sản xuất
DD25S,DD25S100-6P3HD,Sản xuất
DD25S,DD25S100-5P3HD,Sản xuất
DD25S,DD25S100-4P3HD,Sản xuất
DD25S,DD25S100-3P3HD,Sản xuất
DD25S,DD25S100-6P3DN,Sản xuất
DD25S,DD25S100-5P3DN,Sản xuất
DD25S,DD25S100-4P3DN,Sản xuất
DD25S,DD25S100-3P3DN,Sản xuất
DD25S,DD25S100-6P3DT,Sản xuất
DD25S,DD25S100-5P3DT,Sản xuất
DD25S,DD25S100-4P3DT,Sản xuất
DD25S,DD25S100-3P3DT,Sản xuất
DD25S,DD25S100-6P3PT,Sản xuất
DD25S,DD25S100-5P3PT,Sản xuất
DD25S,DD25S100-4P3PT,Sản xuất
DD25S,DD25S100-3P3PT,Sản xuất
DD25S,DD25S100-6P3PD,Sản xuất
DD25S,DD25S100-5P3PD,Sản xuất
DD25S,DD25S100-4P3PD,Sản xuất
DD25S,DD25S100-3P3PD,Sản xuất
DD25S,DD25S100-6P3MT,Sản xuất
DD25S,DD25S100-5P3MT,Sản xuất
DD25S,DD25S100-4P3MT,Sản xuất
DD25S,DD25S100-3P3MT,Sản xuất
DD25S,DD25S100-6P3ID,Sản xuất
DD25S,DD25S100-5P3ID,Sản xuất
DD25S,DD25S100-4P3ID,Sản xuất
DD25S,DD25S100-3P3ID,Sản xuất
DD25S,DD25S100-6P3SL,Sản xuất
DD25S,DD25S100-5P3SL,Sản xuất
DD25S,DD25S100-4P3SL,Sản xuất
DD25S,DD25S100-3P3SL,Sản xuất
DD25S,DD25S150-6B3HN,Sản xuất
DD25S,DD25S150-5B3HN,Sản xuất
DD25S,DD25S150-4B3HN,Sản xuất
DD25S,DD25S150-3B3HN,Sản xuất
DD25S,DD25S150-6B3HT,Sản xuất
DD25S,DD25S150-5B3HT,Sản xuất
DD25S,DD25S150-4B3HT,Sản xuất
DD25S,DD25S150-3B3HT,Sản xuất
DD25S,DD25S150-6B3HD,Sản xuất
DD25S,DD25S150-5B3HD,Sản xuất
DD25S,DD25S150-4B3HD,Sản xuất
DD25S,DD25S150-3B3HD,Sản xuất
DD25S,DD25S150-6B3DN,Sản xuất
DD25S,DD25S150-5B3DN,Sản xuất
DD25S,DD25S150-4B3DN,Sản xuất
DD25S,DD25S150-3B3DN,Sản xuất
DD25S,DD25S150-6B3DT,Sản xuất
DD25S,DD25S150-5B3DT,Sản xuất
DD25S,DD25S150-4B3DT,Sản xuất
DD25S,DD25S150-3B3DT,Sản xuất
DD25S,DD25S150-6B3PT,Sản xuất
DD25S,DD25S150-5B3PT,Sản xuất
DD25S,DD25S150-4B3PT,Sản xuất
DD25S,DD25S150-3B3PT,Sản xuất
DD25S,DD25S150-6B3PD,Sản xuất
DD25S,DD25S150-5B3PD,Sản xuất
DD25S,DD25S150-4B3PD,Sản xuất
DD25S,DD25S150-3B3PD,Sản xuất
DD25S,DD25S150-6B3MT,Sản xuất
DD25S,DD25S150-5B3MT,Sản xuất
DD25S,DD25S150-4B3MT,Sản xuất
DD25S,DD25S150-3B3MT,Sản xuất
DD25S,DD25S150-6B3ID,Sản xuất
DD25S,DD25S150-5B3ID,Sản xuất
DD25S,DD25S150-4B3ID,Sản xuất
DD25S,DD25S150-3B3ID,Sản xuất
DD25S,DD25S150-6B3SL,Sản xuất
DD25S,DD25S150-5B3SL,Sản xuất
DD25S,DD25S150-4B3SL,Sản xuất
DD25S,DD25S150-3B3SL,Sản xuất
DD25S,DD25S150-6P3HN,Sản xuất
DD25S,DD25S150-5P3HN,Sản xuất
DD25S,DD25S150-4P3HN,Sản xuất
DD25S,DD25S150-3P3HN,Sản xuất
DD25S,DD25S150-6P3HT,Sản xuất
DD25S,DD25S150-5P3HT,Sản xuất
DD25S,DD25S150-4P3HT,Sản xuất
DD25S,DD25S150-3P3HT,Sản xuất
DD25S,DD25S150-6P3HD,Sản xuất
DD25S,DD25S150-5P3HD,Sản xuất
DD25S,DD25S150-4P3HD,Sản xuất
DD25S,DD25S150-3P3HD,Sản xuất
DD25S,DD25S150-6P3DN,Sản xuất
DD25S,DD25S150-5P3DN,Sản xuất
DD25S,DD25S150-4P3DN,Sản xuất
DD25S,DD25S150-3P3DN,Sản xuất
DD25S,DD25S150-6P3DT,Sản xuất
DD25S,DD25S150-5P3DT,Sản xuất
DD25S,DD25S150-4P3DT,Sản xuất
DD25S,DD25S150-3P3DT,Sản xuất
DD25S,DD25S150-6P3PT,Sản xuất
DD25S,DD25S150-5P3PT,Sản xuất
DD25S,DD25S150-4P3PT,Sản xuất
DD25S,DD25S150-3P3PT,Sản xuất
DD25S,DD25S150-6P3PD,Sản xuất
DD25S,DD25S150-5P3PD,Sản xuất
DD25S,DD25S150-4P3PD,Sản xuất
DD25S,DD25S150-3P3PD,Sản xuất
DD25S,DD25S150-6P3MT,Sản xuất
DD25S,DD25S150-5P3MT,Sản xuất
DD25S,DD25S150-4P3MT,Sản xuất
DD25S,DD25S150-3P3MT,Sản xuất
DD25S,DD25S150-6P3ID,Sản xuất
DD25S,DD25S150-5P3ID,Sản xuất
DD25S,DD25S150-4P3ID,Sản xuất
DD25S,DD25S150-3P3ID,Sản xuất
DD25S,DD25S150-6P3SL,Sản xuất
DD25S,DD25S150-5P3SL,Sản xuất
DD25S,DD25S150-4P3SL,Sản xuất
DD25S,DD25S150-3P3SL,Sản xuất
DD25S,DD25S200-6B3HN,Sản xuất
DD25S,DD25S200-5B3HN,Sản xuất
DD25S,DD25S200-4B3HN,Sản xuất
DD25S,DD25S200-3B3HN,Sản xuất
DD25S,DD25S200-6B3HT,Sản xuất
DD25S,DD25S200-5B3HT,Sản xuất
DD25S,DD25S200-4B3HT,Sản xuất
DD25S,DD25S200-3B3HT,Sản xuất
DD25S,DD25S200-6B3HD,Sản xuất
DD25S,DD25S200-5B3HD,Sản xuất
DD25S,DD25S200-4B3HD,Sản xuất
DD25S,DD25S200-3B3HD,Sản xuất
DD25S,DD25S200-6B3DN,Sản xuất
DD25S,DD25S200-5B3DN,Sản xuất
DD25S,DD25S200-4B3DN,Sản xuất
DD25S,DD25S200-3B3DN,Sản xuất
DD25S,DD25S200-6B3DT,Sản xuất
DD25S,DD25S200-5B3DT,Sản xuất
DD25S,DD25S200-4B3DT,Sản xuất
DD25S,DD25S200-3B3DT,Sản xuất
DD25S,DD25S200-6B3PT,Sản xuất
DD25S,DD25S200-5B3PT,Sản xuất
DD25S,DD25S200-4B3PT,Sản xuất
DD25S,DD25S200-3B3PT,Sản xuất
DD25S,DD25S200-6B3PD,Sản xuất
DD25S,DD25S200-5B3PD,Sản xuất
DD25S,DD25S200-4B3PD,Sản xuất
DD25S,DD25S200-3B3PD,Sản xuất
DD25S,DD25S200-6B3MT,Sản xuất
DD25S,DD25S200-5B3MT,Sản xuất
DD25S,DD25S200-4B3MT,Sản xuất
DD25S,DD25S200-3B3MT,Sản xuất
DD25S,DD25S200-6B3ID,Sản xuất
DD25S,DD25S200-5B3ID,Sản xuất
DD25S,DD25S200-4B3ID,Sản xuất
DD25S,DD25S200-3B3ID,Sản xuất
DD25S,DD25S200-6B3SL,Sản xuất
DD25S,DD25S200-5B3SL,Sản xuất
DD25S,DD25S200-4B3SL,Sản xuất
DD25S,DD25S200-3B3SL,Sản xuất
DD25S,DD25S200-6P3HN,Sản xuất
DD25S,DD25S200-5P3HN,Sản xuất
DD25S,DD25S200-4P3HN,Sản xuất
DD25S,DD25S200-3P3HN,Sản xuất
DD25S,DD25S200-6P3HT,Sản xuất
DD25S,DD25S200-5P3HT,Sản xuất
DD25S,DD25S200-4P3HT,Sản xuất
DD25S,DD25S200-3P3HT,Sản xuất
DD25S,DD25S200-6P3HD,Sản xuất
DD25S,DD25S200-5P3HD,Sản xuất
DD25S,DD25S200-4P3HD,Sản xuất
DD25S,DD25S200-3P3HD,Sản xuất
DD25S,DD25S200-6P3DN,Sản xuất
DD25S,DD25S200-5P3DN,Sản xuất
DD25S,DD25S200-4P3DN,Sản xuất
DD25S,DD25S200-3P3DN,Sản xuất
DD25S,DD25S200-6P3DT,Sản xuất
DD25S,DD25S200-5P3DT,Sản xuất
DD25S,DD25S200-4P3DT,Sản xuất
DD25S,DD25S200-3P3DT,Sản xuất
DD25S,DD25S200-6P3PT,Sản xuất
DD25S,DD25S200-5P3PT,Sản xuất
DD25S,DD25S200-4P3PT,Sản xuất
DD25S,DD25S200-3P3PT,Sản xuất
DD25S,DD25S200-6P3PD,Sản xuất
DD25S,DD25S200-5P3PD,Sản xuất
DD25S,DD25S200-4P3PD,Sản xuất
DD25S,DD25S200-3P3PD,Sản xuất
DD25S,DD25S200-6P3MT,Sản xuất
DD25S,DD25S200-5P3MT,Sản xuất
DD25S,DD25S200-4P3MT,Sản xuất
DD25S,DD25S200-3P3MT,Sản xuất
DD25S,DD25S200-6P3ID,Sản xuất
DD25S,DD25S200-5P3ID,Sản xuất
DD25S,DD25S200-4P3ID,Sản xuất
DD25S,DD25S200-3P3ID,Sản xuất
DD25S,DD25S200-6P3SL,Sản xuất
DD25S,DD25S200-5P3SL,Sản xuất
DD25S,DD25S200-4P3SL,Sản xuất
DD25S,DD25S200-3P3SL,Sản xuất
DD25S,DD25S250-6B3HN,Sản xuất
DD25S,DD25S250-5B3HN,Sản xuất
DD25S,DD25S250-4B3HN,Sản xuất
DD25S,DD25S250-3B3HN,Sản xuất
DD25S,DD25S250-6B3HT,Sản xuất
DD25S,DD25S250-5B3HT,Sản xuất
DD25S,DD25S250-4B3HT,Sản xuất
DD25S,DD25S250-3B3HT,Sản xuất
DD25S,DD25S250-6B3HD,Sản xuất
DD25S,DD25S250-5B3HD,Sản xuất
DD25S,DD25S250-4B3HD,Sản xuất
DD25S,DD25S250-3B3HD,Sản xuất
DD25S,DD25S250-6B3DN,Sản xuất
DD25S,DD25S250-5B3DN,Sản xuất
DD25S,DD25S250-4B3DN,Sản xuất
DD25S,DD25S250-3B3DN,Sản xuất
DD25S,DD25S250-6B3DT,Sản xuất
DD25S,DD25S250-5B3DT,Sản xuất
DD25S,DD25S250-4B3DT,Sản xuất
DD25S,DD25S250-3B3DT,Sản xuất
DD25S,DD25S250-6B3PT,Sản xuất
DD25S,DD25S250-5B3PT,Sản xuất
DD25S,DD25S250-4B3PT,Sản xuất
DD25S,DD25S250-3B3PT,Sản xuất
DD25S,DD25S250-6B3PD,Sản xuất
DD25S,DD25S250-5B3PD,Sản xuất
DD25S,DD25S250-4B3PD,Sản xuất
DD25S,DD25S250-3B3PD,Sản xuất
DD25S,DD25S250-6B3MT,Sản xuất
DD25S,DD25S250-5B3MT,Sản xuất
DD25S,DD25S250-4B3MT,Sản xuất
DD25S,DD25S250-3B3MT,Sản xuất
DD25S,DD25S250-6B3ID,Sản xuất
DD25S,DD25S250-5B3ID,Sản xuất
DD25S,DD25S250-4B3ID,Sản xuất
DD25S,DD25S250-3B3ID,Sản xuất
DD25S,DD25S250-6B3SL,Sản xuất
DD25S,DD25S250-5B3SL,Sản xuất
DD25S,DD25S250-4B3SL,Sản xuất
DD25S,DD25S250-3B3SL,Sản xuất
DD25S,DD25S250-6P3HN,Sản xuất
DD25S,DD25S250-5P3HN,Sản xuất
DD25S,DD25S250-4P3HN,Sản xuất
DD25S,DD25S250-3P3HN,Sản xuất
DD25S,DD25S250-6P3HT,Sản xuất
DD25S,DD25S250-5P3HT,Sản xuất
DD25S,DD25S250-4P3HT,Sản xuất
DD25S,DD25S250-3P3HT,Sản xuất
DD25S,DD25S250-6P3HD,Sản xuất
DD25S,DD25S250-5P3HD,Sản xuất
DD25S,DD25S250-4P3HD,Sản xuất
DD25S,DD25S250-3P3HD,Sản xuất
DD25S,DD25S250-6P3DN,Sản xuất
DD25S,DD25S250-5P3DN,Sản xuất
DD25S,DD25S250-4P3DN,Sản xuất
DD25S,DD25S250-3P3DN,Sản xuất
DD25S,DD25S250-6P3DT,Sản xuất
DD25S,DD25S250-5P3DT,Sản xuất
DD25S,DD25S250-4P3DT,Sản xuất
DD25S,DD25S250-3P3DT,Sản xuất
DD25S,DD25S250-6P3PT,Sản xuất
DD25S,DD25S250-5P3PT,Sản xuất
DD25S,DD25S250-4P3PT,Sản xuất
DD25S,DD25S250-3P3PT,Sản xuất
DD25S,DD25S250-6P3PD,Sản xuất
DD25S,DD25S250-5P3PD,Sản xuất
DD25S,DD25S250-4P3PD,Sản xuất
DD25S,DD25S250-3P3PD,Sản xuất
DD25S,DD25S250-6P3MT,Sản xuất
DD25S,DD25S250-5P3MT,Sản xuất
DD25S,DD25S250-4P3MT,Sản xuất
DD25S,DD25S250-3P3MT,Sản xuất
DD25S,DD25S250-6P3ID,Sản xuất
DD25S,DD25S250-5P3ID,Sản xuất
DD25S,DD25S250-4P3ID,Sản xuất
DD25S,DD25S250-3P3ID,Sản xuất
DD25S,DD25S250-6P3SL,Sản xuất
DD25S,DD25S250-5P3SL,Sản xuất
DD25S,DD25S250-4P3SL,Sản xuất
DD25S,DD25S250-3P3SL,Sản xuất
DD26S,DD26S050-6B3HN,Sản xuất
DD26S,DD26S050-5B3HN,Sản xuất
DD26S,DD26S050-4B3HN,Sản xuất
DD26S,DD26S050-3B3HN,Sản xuất
DD26S,DD26S050-6B3HT,Sản xuất
DD26S,DD26S050-5B3HT,Sản xuất
DD26S,DD26S050-4B3HT,Sản xuất
DD26S,DD26S050-3B3HT,Sản xuất
DD26S,DD26S050-6B3HD,Sản xuất
DD26S,DD26S050-5B3HD,Sản xuất
DD26S,DD26S050-4B3HD,Sản xuất
DD26S,DD26S050-3B3HD,Sản xuất
DD26S,DD26S050-6B3DN,Sản xuất
DD26S,DD26S050-5B3DN,Sản xuất
DD26S,DD26S050-4B3DN,Sản xuất
DD26S,DD26S050-3B3DN,Sản xuất
DD26S,DD26S050-6B3DT,Sản xuất
DD26S,DD26S050-5B3DT,Sản xuất
DD26S,DD26S050-4B3DT,Sản xuất
DD26S,DD26S050-3B3DT,Sản xuất
DD26S,DD26S050-6B3PT,Sản xuất
DD26S,DD26S050-5B3PT,Sản xuất
DD26S,DD26S050-4B3PT,Sản xuất
DD26S,DD26S050-3B3PT,Sản xuất
DD26S,DD26S050-6B3PD,Sản xuất
DD26S,DD26S050-5B3PD,Sản xuất
DD26S,DD26S050-4B3PD,Sản xuất
DD26S,DD26S050-3B3PD,Sản xuất
DD26S,DD26S050-6B3MT,Sản xuất
DD26S,DD26S050-5B3MT,Sản xuất
DD26S,DD26S050-4B3MT,Sản xuất
DD26S,DD26S050-3B3MT,Sản xuất
DD26S,DD26S050-6B3ID,Sản xuất
DD26S,DD26S050-5B3ID,Sản xuất
DD26S,DD26S050-4B3ID,Sản xuất
DD26S,DD26S050-3B3ID,Sản xuất
DD26S,DD26S050-6B3SL,Sản xuất
DD26S,DD26S050-5B3SL,Sản xuất
DD26S,DD26S050-4B3SL,Sản xuất
DD26S,DD26S050-3B3SL,Sản xuất
DD26S,DD26S050-6P3HN,Sản xuất
DD26S,DD26S050-5P3HN,Sản xuất
DD26S,DD26S050-4P3HN,Sản xuất
DD26S,DD26S050-3P3HN,Sản xuất
DD26S,DD26S050-6P3HT,Sản xuất
DD26S,DD26S050-5P3HT,Sản xuất
DD26S,DD26S050-4P3HT,Sản xuất
DD26S,DD26S050-3P3HT,Sản xuất
DD26S,DD26S050-6P3HD,Sản xuất
DD26S,DD26S050-5P3HD,Sản xuất
DD26S,DD26S050-4P3HD,Sản xuất
DD26S,DD26S050-3P3HD,Sản xuất
DD26S,DD26S050-6P3DN,Sản xuất
DD26S,DD26S050-5P3DN,Sản xuất
DD26S,DD26S050-4P3DN,Sản xuất
DD26S,DD26S050-3P3DN,Sản xuất
DD26S,DD26S050-6P3DT,Sản xuất
DD26S,DD26S050-5P3DT,Sản xuất
DD26S,DD26S050-4P3DT,Sản xuất
DD26S,DD26S050-3P3DT,Sản xuất
DD26S,DD26S050-6P3PT,Sản xuất
DD26S,DD26S050-5P3PT,Sản xuất
DD26S,DD26S050-4P3PT,Sản xuất
DD26S,DD26S050-3P3PT,Sản xuất
DD26S,DD26S050-6P3PD,Sản xuất
DD26S,DD26S050-5P3PD,Sản xuất
DD26S,DD26S050-4P3PD,Sản xuất
DD26S,DD26S050-3P3PD,Sản xuất
DD26S,DD26S050-6P3MT,Sản xuất
DD26S,DD26S050-5P3MT,Sản xuất
DD26S,DD26S050-4P3MT,Sản xuất
DD26S,DD26S050-3P3MT,Sản xuất
DD26S,DD26S050-6P3ID,Sản xuất
DD26S,DD26S050-5P3ID,Sản xuất
DD26S,DD26S050-4P3ID,Sản xuất
DD26S,DD26S050-3P3ID,Sản xuất
DD26S,DD26S050-6P3SL,Sản xuất
DD26S,DD26S050-5P3SL,Sản xuất
DD26S,DD26S050-4P3SL,Sản xuất
DD26S,DD26S050-3P3SL,Sản xuất
DD26S,DD26S100-6B3HN,Sản xuất
DD26S,DD26S100-5B3HN,Sản xuất
DD26S,DD26S100-4B3HN,Sản xuất
DD26S,DD26S100-3B3HN,Sản xuất
DD26S,DD26S100-6B3HT,Sản xuất
DD26S,DD26S100-5B3HT,Sản xuất
DD26S,DD26S100-4B3HT,Sản xuất
DD26S,DD26S100-3B3HT,Sản xuất
DD26S,DD26S100-6B3HD,Sản xuất
DD26S,DD26S100-5B3HD,Sản xuất
DD26S,DD26S100-4B3HD,Sản xuất
DD26S,DD26S100-3B3HD,Sản xuất
DD26S,DD26S100-6B3DN,Sản xuất
DD26S,DD26S100-5B3DN,Sản xuất
DD26S,DD26S100-4B3DN,Sản xuất
DD26S,DD26S100-3B3DN,Sản xuất
DD26S,DD26S100-6B3DT,Sản xuất
DD26S,DD26S100-5B3DT,Sản xuất
DD26S,DD26S100-4B3DT,Sản xuất
DD26S,DD26S100-3B3DT,Sản xuất
DD26S,DD26S100-6B3PT,Sản xuất
DD26S,DD26S100-5B3PT,Sản xuất
DD26S,DD26S100-4B3PT,Sản xuất
DD26S,DD26S100-3B3PT,Sản xuất
DD26S,DD26S100-6B3PD,Sản xuất
DD26S,DD26S100-5B3PD,Sản xuất
DD26S,DD26S100-4B3PD,Sản xuất
DD26S,DD26S100-3B3PD,Sản xuất
DD26S,DD26S100-6B3MT,Sản xuất
DD26S,DD26S100-5B3MT,Sản xuất
DD26S,DD26S100-4B3MT,Sản xuất
DD26S,DD26S100-3B3MT,Sản xuất
DD26S,DD26S100-6B3ID,Sản xuất
DD26S,DD26S100-5B3ID,Sản xuất
DD26S,DD26S100-4B3ID,Sản xuất
DD26S,DD26S100-3B3ID,Sản xuất
DD26S,DD26S100-6B3SL,Sản xuất
DD26S,DD26S100-5B3SL,Sản xuất
DD26S,DD26S100-4B3SL,Sản xuất
DD26S,DD26S100-3B3SL,Sản xuất
DD26S,DD26S100-6P3HN,Sản xuất
DD26S,DD26S100-5P3HN,Sản xuất
DD26S,DD26S100-4P3HN,Sản xuất
DD26S,DD26S100-3P3HN,Sản xuất
DD26S,DD26S100-6P3HT,Sản xuất
DD26S,DD26S100-5P3HT,Sản xuất
DD26S,DD26S100-4P3HT,Sản xuất
DD26S,DD26S100-3P3HT,Sản xuất
DD26S,DD26S100-6P3HD,Sản xuất
DD26S,DD26S100-5P3HD,Sản xuất
DD26S,DD26S100-4P3HD,Sản xuất
DD26S,DD26S100-3P3HD,Sản xuất
DD26S,DD26S100-6P3DN,Sản xuất
DD26S,DD26S100-5P3DN,Sản xuất
DD26S,DD26S100-4P3DN,Sản xuất
DD26S,DD26S100-3P3DN,Sản xuất
DD26S,DD26S100-6P3DT,Sản xuất
DD26S,DD26S100-5P3DT,Sản xuất
DD26S,DD26S100-4P3DT,Sản xuất
DD26S,DD26S100-3P3DT,Sản xuất
DD26S,DD26S100-6P3PT,Sản xuất
DD26S,DD26S100-5P3PT,Sản xuất
DD26S,DD26S100-4P3PT,Sản xuất
DD26S,DD26S100-3P3PT,Sản xuất
DD26S,DD26S100-6P3PD,Sản xuất
DD26S,DD26S100-5P3PD,Sản xuất
DD26S,DD26S100-4P3PD,Sản xuất
DD26S,DD26S100-3P3PD,Sản xuất
DD26S,DD26S100-6P3MT,Sản xuất
DD26S,DD26S100-5P3MT,Sản xuất
DD26S,DD26S100-4P3MT,Sản xuất
DD26S,DD26S100-3P3MT,Sản xuất
DD26S,DD26S100-6P3ID,Sản xuất
DD26S,DD26S100-5P3ID,Sản xuất
DD26S,DD26S100-4P3ID,Sản xuất
DD26S,DD26S100-3P3ID,Sản xuất
DD26S,DD26S100-6P3SL,Sản xuất
DD26S,DD26S100-5P3SL,Sản xuất
DD26S,DD26S100-4P3SL,Sản xuất
DD26S,DD26S100-3P3SL,Sản xuất
DD26S,DD26S150-6B3HN,Sản xuất
DD26S,DD26S150-5B3HN,Sản xuất
DD26S,DD26S150-4B3HN,Sản xuất
DD26S,DD26S150-3B3HN,Sản xuất
DD26S,DD26S150-6B3HT,Sản xuất
DD26S,DD26S150-5B3HT,Sản xuất
DD26S,DD26S150-4B3HT,Sản xuất
DD26S,DD26S150-3B3HT,Sản xuất
DD26S,DD26S150-6B3HD,Sản xuất
DD26S,DD26S150-5B3HD,Sản xuất
DD26S,DD26S150-4B3HD,Sản xuất
DD26S,DD26S150-3B3HD,Sản xuất
DD26S,DD26S150-6B3DN,Sản xuất
DD26S,DD26S150-5B3DN,Sản xuất
DD26S,DD26S150-4B3DN,Sản xuất
DD26S,DD26S150-3B3DN,Sản xuất
DD26S,DD26S150-6B3DT,Sản xuất
DD26S,DD26S150-5B3DT,Sản xuất
DD26S,DD26S150-4B3DT,Sản xuất
DD26S,DD26S150-3B3DT,Sản xuất
DD26S,DD26S150-6B3PT,Sản xuất
DD26S,DD26S150-5B3PT,Sản xuất
DD26S,DD26S150-4B3PT,Sản xuất
DD26S,DD26S150-3B3PT,Sản xuất
DD26S,DD26S150-6B3PD,Sản xuất
DD26S,DD26S150-5B3PD,Sản xuất
DD26S,DD26S150-4B3PD,Sản xuất
DD26S,DD26S150-3B3PD,Sản xuất
DD26S,DD26S150-6B3MT,Sản xuất
DD26S,DD26S150-5B3MT,Sản xuất
DD26S,DD26S150-4B3MT,Sản xuất
DD26S,DD26S150-3B3MT,Sản xuất
DD26S,DD26S150-6B3ID,Sản xuất
DD26S,DD26S150-5B3ID,Sản xuất
DD26S,DD26S150-4B3ID,Sản xuất
DD26S,DD26S150-3B3ID,Sản xuất
DD26S,DD26S150-6B3SL,Sản xuất
DD26S,DD26S150-5B3SL,Sản xuất
DD26S,DD26S150-4B3SL,Sản xuất
DD26S,DD26S150-3B3SL,Sản xuất
DD26S,DD26S150-6P3HN,Sản xuất
DD26S,DD26S150-5P3HN,Sản xuất
DD26S,DD26S150-4P3HN,Sản xuất
DD26S,DD26S150-3P3HN,Sản xuất
DD26S,DD26S150-6P3HT,Sản xuất
DD26S,DD26S150-5P3HT,Sản xuất
DD26S,DD26S150-4P3HT,Sản xuất
DD26S,DD26S150-3P3HT,Sản xuất
DD26S,DD26S150-6P3HD,Sản xuất
DD26S,DD26S150-5P3HD,Sản xuất
DD26S,DD26S150-4P3HD,Sản xuất
DD26S,DD26S150-3P3HD,Sản xuất
DD26S,DD26S150-6P3DN,Sản xuất
DD26S,DD26S150-5P3DN,Sản xuất
DD26S,DD26S150-4P3DN,Sản xuất
DD26S,DD26S150-3P3DN,Sản xuất
DD26S,DD26S150-6P3DT,Sản xuất
DD26S,DD26S150-5P3DT,Sản xuất
DD26S,DD26S150-4P3DT,Sản xuất
DD26S,DD26S150-3P3DT,Sản xuất
DD26S,DD26S150-6P3PT,Sản xuất
DD26S,DD26S150-5P3PT,Sản xuất
DD26S,DD26S150-4P3PT,Sản xuất
DD26S,DD26S150-3P3PT,Sản xuất
DD26S,DD26S150-6P3PD,Sản xuất
DD26S,DD26S150-5P3PD,Sản xuất
DD26S,DD26S150-4P3PD,Sản xuất
DD26S,DD26S150-3P3PD,Sản xuất
DD26S,DD26S150-6P3MT,Sản xuất
DD26S,DD26S150-5P3MT,Sản xuất
DD26S,DD26S150-4P3MT,Sản xuất
DD26S,DD26S150-3P3MT,Sản xuất
DD26S,DD26S150-6P3ID,Sản xuất
DD26S,DD26S150-5P3ID,Sản xuất
DD26S,DD26S150-4P3ID,Sản xuất
DD26S,DD26S150-3P3ID,Sản xuất
DD26S,DD26S150-6P3SL,Sản xuất
DD26S,DD26S150-5P3SL,Sản xuất
DD26S,DD26S150-4P3SL,Sản xuất
DD26S,DD26S150-3P3SL,Sản xuất
DD26S,DD26S200-6B3HN,Sản xuất
DD26S,DD26S200-5B3HN,Sản xuất
DD26S,DD26S200-4B3HN,Sản xuất
DD26S,DD26S200-3B3HN,Sản xuất
DD26S,DD26S200-6B3HT,Sản xuất
DD26S,DD26S200-5B3HT,Sản xuất
DD26S,DD26S200-4B3HT,Sản xuất
DD26S,DD26S200-3B3HT,Sản xuất
DD26S,DD26S200-6B3HD,Sản xuất
DD26S,DD26S200-5B3HD,Sản xuất
DD26S,DD26S200-4B3HD,Sản xuất
DD26S,DD26S200-3B3HD,Sản xuất
DD26S,DD26S200-6B3DN,Sản xuất
DD26S,DD26S200-5B3DN,Sản xuất
DD26S,DD26S200-4B3DN,Sản xuất
DD26S,DD26S200-3B3DN,Sản xuất
DD26S,DD26S200-6B3DT,Sản xuất
DD26S,DD26S200-5B3DT,Sản xuất
DD26S,DD26S200-4B3DT,Sản xuất
DD26S,DD26S200-3B3DT,Sản xuất
DD26S,DD26S200-6B3PT,Sản xuất
DD26S,DD26S200-5B3PT,Sản xuất
DD26S,DD26S200-4B3PT,Sản xuất
DD26S,DD26S200-3B3PT,Sản xuất
DD26S,DD26S200-6B3PD,Sản xuất
DD26S,DD26S200-5B3PD,Sản xuất
DD26S,DD26S200-4B3PD,Sản xuất
DD26S,DD26S200-3B3PD,Sản xuất
DD26S,DD26S200-6B3MT,Sản xuất
DD26S,DD26S200-5B3MT,Sản xuất
DD26S,DD26S200-4B3MT,Sản xuất
DD26S,DD26S200-3B3MT,Sản xuất
DD26S,DD26S200-6B3ID,Sản xuất
DD26S,DD26S200-5B3ID,Sản xuất
DD26S,DD26S200-4B3ID,Sản xuất
DD26S,DD26S200-3B3ID,Sản xuất
DD26S,DD26S200-6B3SL,Sản xuất
DD26S,DD26S200-5B3SL,Sản xuất
DD26S,DD26S200-4B3SL,Sản xuất
DD26S,DD26S200-3B3SL,Sản xuất
DD26S,DD26S200-6P3HN,Sản xuất
DD26S,DD26S200-5P3HN,Sản xuất
DD26S,DD26S200-4P3HN,Sản xuất
DD26S,DD26S200-3P3HN,Sản xuất
DD26S,DD26S200-6P3HT,Sản xuất
DD26S,DD26S200-5P3HT,Sản xuất
DD26S,DD26S200-4P3HT,Sản xuất
DD26S,DD26S200-3P3HT,Sản xuất
DD26S,DD26S200-6P3HD,Sản xuất
DD26S,DD26S200-5P3HD,Sản xuất
DD26S,DD26S200-4P3HD,Sản xuất
DD26S,DD26S200-3P3HD,Sản xuất
DD26S,DD26S200-6P3DN,Sản xuất
DD26S,DD26S200-5P3DN,Sản xuất
DD26S,DD26S200-4P3DN,Sản xuất
DD26S,DD26S200-3P3DN,Sản xuất
DD26S,DD26S200-6P3DT,Sản xuất
DD26S,DD26S200-5P3DT,Sản xuất
DD26S,DD26S200-4P3DT,Sản xuất
DD26S,DD26S200-3P3DT,Sản xuất
DD26S,DD26S200-6P3PT,Sản xuất
DD26S,DD26S200-5P3PT,Sản xuất
DD26S,DD26S200-4P3PT,Sản xuất
DD26S,DD26S200-3P3PT,Sản xuất
DD26S,DD26S200-6P3PD,Sản xuất
DD26S,DD26S200-5P3PD,Sản xuất
DD26S,DD26S200-4P3PD,Sản xuất
DD26S,DD26S200-3P3PD,Sản xuất
DD26S,DD26S200-6P3MT,Sản xuất
DD26S,DD26S200-5P3MT,Sản xuất
DD26S,DD26S200-4P3MT,Sản xuất
DD26S,DD26S200-3P3MT,Sản xuất
DD26S,DD26S200-6P3ID,Sản xuất
DD26S,DD26S200-5P3ID,Sản xuất
DD26S,DD26S200-4P3ID,Sản xuất
DD26S,DD26S200-3P3ID,Sản xuất
DD26S,DD26S200-6P3SL,Sản xuất
DD26S,DD26S200-5P3SL,Sản xuất
DD26S,DD26S200-4P3SL,Sản xuất
DD26S,DD26S200-3P3SL,Sản xuất
DD26S,DD26S250-6B3HN,Sản xuất
DD26S,DD26S250-5B3HN,Sản xuất
DD26S,DD26S250-4B3HN,Sản xuất
DD26S,DD26S250-3B3HN,Sản xuất
DD26S,DD26S250-6B3HT,Sản xuất
DD26S,DD26S250-5B3HT,Sản xuất
DD26S,DD26S250-4B3HT,Sản xuất
DD26S,DD26S250-3B3HT,Sản xuất
DD26S,DD26S250-6B3HD,Sản xuất
DD26S,DD26S250-5B3HD,Sản xuất
DD26S,DD26S250-4B3HD,Sản xuất
DD26S,DD26S250-3B3HD,Sản xuất
DD26S,DD26S250-6B3DN,Sản xuất
DD26S,DD26S250-5B3DN,Sản xuất
DD26S,DD26S250-4B3DN,Sản xuất
DD26S,DD26S250-3B3DN,Sản xuất
DD26S,DD26S250-6B3DT,Sản xuất
DD26S,DD26S250-5B3DT,Sản xuất
DD26S,DD26S250-4B3DT,Sản xuất
DD26S,DD26S250-3B3DT,Sản xuất
DD26S,DD26S250-6B3PT,Sản xuất
DD26S,DD26S250-5B3PT,Sản xuất
DD26S,DD26S250-4B3PT,Sản xuất
DD26S,DD26S250-3B3PT,Sản xuất
DD26S,DD26S250-6B3PD,Sản xuất
DD26S,DD26S250-5B3PD,Sản xuất
DD26S,DD26S250-4B3PD,Sản xuất
DD26S,DD26S250-3B3PD,Sản xuất
DD26S,DD26S250-6B3MT,Sản xuất
DD26S,DD26S250-5B3MT,Sản xuất
DD26S,DD26S250-4B3MT,Sản xuất
DD26S,DD26S250-3B3MT,Sản xuất
DD26S,DD26S250-6B3ID,Sản xuất
DD26S,DD26S250-5B3ID,Sản xuất
DD26S,DD26S250-4B3ID,Sản xuất
DD26S,DD26S250-3B3ID,Sản xuất
DD26S,DD26S250-6B3SL,Sản xuất
DD26S,DD26S250-5B3SL,Sản xuất
DD26S,DD26S250-4B3SL,Sản xuất
DD26S,DD26S250-3B3SL,Sản xuất
DD26S,DD26S250-6P3HN,Sản xuất
DD26S,DD26S250-5P3HN,Sản xuất
DD26S,DD26S250-4P3HN,Sản xuất
DD26S,DD26S250-3P3HN,Sản xuất
DD26S,DD26S250-6P3HT,Sản xuất
DD26S,DD26S250-5P3HT,Sản xuất
DD26S,DD26S250-4P3HT,Sản xuất
DD26S,DD26S250-3P3HT,Sản xuất
DD26S,DD26S250-6P3HD,Sản xuất
DD26S,DD26S250-5P3HD,Sản xuất
DD26S,DD26S250-4P3HD,Sản xuất
DD26S,DD26S250-3P3HD,Sản xuất
DD26S,DD26S250-6P3DN,Sản xuất
DD26S,DD26S250-5P3DN,Sản xuất
DD26S,DD26S250-4P3DN,Sản xuất
DD26S,DD26S250-3P3DN,Sản xuất
DD26S,DD26S250-6P3DT,Sản xuất
DD26S,DD26S250-5P3DT,Sản xuất
DD26S,DD26S250-4P3DT,Sản xuất
DD26S,DD26S250-3P3DT,Sản xuất
DD26S,DD26S250-6P3PT,Sản xuất
DD26S,DD26S250-5P3PT,Sản xuất
DD26S,DD26S250-4P3PT,Sản xuất
DD26S,DD26S250-3P3PT,Sản xuất
DD26S,DD26S250-6P3PD,Sản xuất
DD26S,DD26S250-5P3PD,Sản xuất
DD26S,DD26S250-4P3PD,Sản xuất
DD26S,DD26S250-3P3PD,Sản xuất
DD26S,DD26S250-6P3MT,Sản xuất
DD26S,DD26S250-5P3MT,Sản xuất
DD26S,DD26S250-4P3MT,Sản xuất
DD26S,DD26S250-3P3MT,Sản xuất
DD26S,DD26S250-6P3ID,Sản xuất
DD26S,DD26S250-5P3ID,Sản xuất
DD26S,DD26S250-4P3ID,Sản xuất
DD26S,DD26S250-3P3ID,Sản xuất
DD26S,DD26S250-6P3SL,Sản xuất
DD26S,DD26S250-5P3SL,Sản xuất
DD26S,DD26S250-4P3SL,Sản xuất
DD26S,DD26S250-3P3SL,Sản xuất
