"Mã sản phẩm","Tên sản phẩm","Nhóm sản phẩm","Mã biến thể","Tên biến thể","Màu ánh sáng","Loại LED","Công suất","Mạch","Điện áp","Kích thước LED","Số lượng LED"
"CM30S030","Chip Module SMD 30W LED 3030 - Sử dụng: Module SMD 10W, 20W, 30W","Chip LED Module","CM30S030-6P3-5C-30LED","Chip Module SMD 30W LED 3030 - Sử dụng: Module SMD 10W, 20W, 30W | Trắng (6.000K - 6.500K), Lumileds 3030, 30W, 5C, 30VDC, 30LED","Trắng (6.000K - 6.500K)","Lumileds 3030","30","5C","30VDC","3030","30"
"CM30S030","Chip Module SMD 30W LED 3030 - Sử dụng: Module SMD 10W, 20W, 30W","Chip LED Module","CM30S030-5P3-5C-30LED","Chip Module SMD 30W LED 3030 - Sử dụng: Module SMD 10W, 20W, 30W | Trắng (5.000K), Lumileds 3030, 30W, 5C, 30VDC, 30LED","Trắng (5.000K)","Lumileds 3030","30","5C","30VDC","3030","30"
"CM30S030","Chip Module SMD 30W LED 3030 - Sử dụng: Module SMD 10W, 20W, 30W","Chip LED Module","CM30S030-4P3-5C-30LED","Chip Module SMD 30W LED 3030 - Sử dụng: Module SMD 10W, 20W, 30W | Trung tính (4.000K - 4.200K), Lumileds 3030, 30W, 5C, 30VDC, 30LED","Trung tính (4.000K - 4.200K)","Lumileds 3030","30","5C","30VDC","3030","30"
"CM30S030","Chip Module SMD 30W LED 3030 - Sử dụng: Module SMD 10W, 20W, 30W","Chip LED Module","CM30S030-3P3-5C-30LED","Chip Module SMD 30W LED 3030 - Sử dụng: Module SMD 10W, 20W, 30W | Vàng (3.000K - 3.200K), Lumileds 3030, 30W, 5C, 30VDC, 30LED","Vàng (3.000K - 3.200K)","Lumileds 3030","30","5C","30VDC","3030","30"
"CM30S030","Chip Module SMD 30W LED 3030 - Sử dụng: Module SMD 10W, 20W, 30W","Chip LED Module","CM30S030-6B3-5C-30LED","Chip Module SMD 30W LED 3030 - Sử dụng: Module SMD 10W, 20W, 30W | Trắng (6.000K - 6.500K), Bridgelux 3030, 30W, 5C, 30VDC, 30LED","Trắng (6.000K - 6.500K)","Bridgelux 3030","30","5C","30VDC","3030","30"
"CM30S030","Chip Module SMD 30W LED 3030 - Sử dụng: Module SMD 10W, 20W, 30W","Chip LED Module","CM30S030-5B3-5C-30LED","Chip Module SMD 30W LED 3030 - Sử dụng: Module SMD 10W, 20W, 30W | Trắng (5.000K), Bridgelux 3030, 30W, 5C, 30VDC, 30LED","Trắng (5.000K)","Bridgelux 3030","30","5C","30VDC","3030","30"
"CM30S030","Chip Module SMD 30W LED 3030 - Sử dụng: Module SMD 10W, 20W, 30W","Chip LED Module","CM30S030-4B3-5C-30LED","Chip Module SMD 30W LED 3030 - Sử dụng: Module SMD 10W, 20W, 30W | Trung tính (4.000K - 4.200K), Bridgelux 3030, 30W, 5C, 30VDC, 30LED","Trung tính (4.000K - 4.200K)","Bridgelux 3030","30","5C","30VDC","3030","30"
"CM30S030","Chip Module SMD 30W LED 3030 - Sử dụng: Module SMD 10W, 20W, 30W","Chip LED Module","CM30S030-3B3-5C-30LED","Chip Module SMD 30W LED 3030 - Sử dụng: Module SMD 10W, 20W, 30W | Vàng (3.000K - 3.200K), Bridgelux 3030, 30W, 5C, 30VDC, 30LED","Vàng (3.000K - 3.200K)","Bridgelux 3030","30","5C","30VDC","3030","30"
"CM30S050","Chip Module SMD 50W LED 3030 - Sử dụng: Module SMD 50W; D11-15","Chip LED Module","CM30S050-6P3-5C-64LED","Chip Module SMD 50W LED 3030 - Sử dụng: Module SMD 50W; D11-15 | Trắng (6.000K - 6.500K), Lumileds 3030, 50W, 5C, 30VDC, 64LED","Trắng (6.000K - 6.500K)","Lumileds 3030","50","5C","30VDC","3030","64"
"CM30S050","Chip Module SMD 50W LED 3030 - Sử dụng: Module SMD 50W; D11-15","Chip LED Module","CM30S050-5P3-5C-64LED","Chip Module SMD 50W LED 3030 - Sử dụng: Module SMD 50W; D11-15 | Trắng (5.000K), Lumileds 3030, 50W, 5C, 30VDC, 64LED","Trắng (5.000K)","Lumileds 3030","50","5C","30VDC","3030","64"
"CM30S050","Chip Module SMD 50W LED 3030 - Sử dụng: Module SMD 50W; D11-15","Chip LED Module","CM30S050-4P3-5C-64LED","Chip Module SMD 50W LED 3030 - Sử dụng: Module SMD 50W; D11-15 | Trung tính (4.000K - 4.200K), Lumileds 3030, 50W, 5C, 30VDC, 64LED","Trung tính (4.000K - 4.200K)","Lumileds 3030","50","5C","30VDC","3030","64"
"CM30S050","Chip Module SMD 50W LED 3030 - Sử dụng: Module SMD 50W; D11-15","Chip LED Module","CM30S050-3P3-5C-64LED","Chip Module SMD 50W LED 3030 - Sử dụng: Module SMD 50W; D11-15 | Vàng (3.000K - 3.200K), Lumileds 3030, 50W, 5C, 30VDC, 64LED","Vàng (3.000K - 3.200K)","Lumileds 3030","50","5C","30VDC","3030","64"
"CM30S050","Chip Module SMD 50W LED 3030 - Sử dụng: Module SMD 50W; D11-15","Chip LED Module","CM30S050-6P3-5C-50LED","Chip Module SMD 50W LED 3030 - Sử dụng: Module SMD 50W; D11-15 | Trắng (6.000K - 6.500K), Lumileds 3030, 50W, 5C, 30VDC, 50LED","Trắng (6.000K - 6.500K)","Lumileds 3030","50","5C","30VDC","3030","50"
"CM30S050","Chip Module SMD 50W LED 3030 - Sử dụng: Module SMD 50W; D11-15","Chip LED Module","CM30S050-5P3-5C-50LED","Chip Module SMD 50W LED 3030 - Sử dụng: Module SMD 50W; D11-15 | Trắng (5.000K), Lumileds 3030, 50W, 5C, 30VDC, 50LED","Trắng (5.000K)","Lumileds 3030","50","5C","30VDC","3030","50"
"CM30S050","Chip Module SMD 50W LED 3030 - Sử dụng: Module SMD 50W; D11-15","Chip LED Module","CM30S050-4P3-5C-50LED","Chip Module SMD 50W LED 3030 - Sử dụng: Module SMD 50W; D11-15 | Trung tính (4.000K - 4.200K), Lumileds 3030, 50W, 5C, 30VDC, 50LED","Trung tính (4.000K - 4.200K)","Lumileds 3030","50","5C","30VDC","3030","50"
"CM30S050","Chip Module SMD 50W LED 3030 - Sử dụng: Module SMD 50W; D11-15","Chip LED Module","CM30S050-3P3-5C-50LED","Chip Module SMD 50W LED 3030 - Sử dụng: Module SMD 50W; D11-15 | Vàng (3.000K - 3.200K), Lumileds 3030, 50W, 5C, 30VDC, 50LED","Vàng (3.000K - 3.200K)","Lumileds 3030","50","5C","30VDC","3030","50"
"CM30S050","Chip Module SMD 50W LED 3030 - Sử dụng: Module SMD 50W; D11-15","Chip LED Module","CM30S050-6P3-7C-49LED","Chip Module SMD 50W LED 3030 - Sử dụng: Module SMD 50W; D11-15 | Trắng (6.000K - 6.500K), Lumileds 3030, 50W, 7C, 42VDC, 49LED","Trắng (6.000K - 6.500K)","Lumileds 3030","50","7C","42VDC","3030","49"
"CM30S050","Chip Module SMD 50W LED 3030 - Sử dụng: Module SMD 50W; D11-15","Chip LED Module","CM30S050-5P3-7C-49LED","Chip Module SMD 50W LED 3030 - Sử dụng: Module SMD 50W; D11-15 | Trắng (5.000K), Lumileds 3030, 50W, 7C, 42VDC, 49LED","Trắng (5.000K)","Lumileds 3030","50","7C","42VDC","3030","49"
"CM30S050","Chip Module SMD 50W LED 3030 - Sử dụng: Module SMD 50W; D11-15","Chip LED Module","CM30S050-4P3-7C-49LED","Chip Module SMD 50W LED 3030 - Sử dụng: Module SMD 50W; D11-15 | Trung tính (4.000K - 4.200K), Lumileds 3030, 50W, 7C, 42VDC, 49LED","Trung tính (4.000K - 4.200K)","Lumileds 3030","50","7C","42VDC","3030","49"
"CM30S050","Chip Module SMD 50W LED 3030 - Sử dụng: Module SMD 50W; D11-15","Chip LED Module","CM30S050-3P3-7C-49LED","Chip Module SMD 50W LED 3030 - Sử dụng: Module SMD 50W; D11-15 | Vàng (3.000K - 3.200K), Lumileds 3030, 50W, 7C, 42VDC, 49LED","Vàng (3.000K - 3.200K)","Lumileds 3030","50","7C","42VDC","3030","49"
"CM30S050","Chip Module SMD 50W LED 3030 - Sử dụng: Module SMD 50W; D11-15","Chip LED Module","CM30S050-6P3-8C-64LED","Chip Module SMD 50W LED 3030 - Sử dụng: Module SMD 50W; D11-15 | Trắng (6.000K - 6.500K), Lumileds 3030, 50W, 8C, 48VDC, 64LED","Trắng (6.000K - 6.500K)","Lumileds 3030","50","8C","48VDC","3030","64"
"CM30S050","Chip Module SMD 50W LED 3030 - Sử dụng: Module SMD 50W; D11-15","Chip LED Module","CM30S050-5P3-8C-64LED","Chip Module SMD 50W LED 3030 - Sử dụng: Module SMD 50W; D11-15 | Trắng (5.000K), Lumileds 3030, 50W, 8C, 48VDC, 64LED","Trắng (5.000K)","Lumileds 3030","50","8C","48VDC","3030","64"
"CM30S050","Chip Module SMD 50W LED 3030 - Sử dụng: Module SMD 50W; D11-15","Chip LED Module","CM30S050-4P3-8C-64LED","Chip Module SMD 50W LED 3030 - Sử dụng: Module SMD 50W; D11-15 | Trung tính (4.000K - 4.200K), Lumileds 3030, 50W, 8C, 48VDC, 64LED","Trung tính (4.000K - 4.200K)","Lumileds 3030","50","8C","48VDC","3030","64"
"CM30S050","Chip Module SMD 50W LED 3030 - Sử dụng: Module SMD 50W; D11-15","Chip LED Module","CM30S050-3P3-8C-64LED","Chip Module SMD 50W LED 3030 - Sử dụng: Module SMD 50W; D11-15 | Vàng (3.000K - 3.200K), Lumileds 3030, 50W, 8C, 48VDC, 64LED","Vàng (3.000K - 3.200K)","Lumileds 3030","50","8C","48VDC","3030","64"
"CM30S050","Chip Module SMD 50W LED 3030 - Sử dụng: Module SMD 50W; D11-15","Chip LED Module","CM30S050-6B3-5C-64LED","Chip Module SMD 50W LED 3030 - Sử dụng: Module SMD 50W; D11-15 | Trắng (6.000K - 6.500K), Bridgelux 3030, 50W, 5C, 30VDC, 64LED","Trắng (6.000K - 6.500K)","Bridgelux 3030","50","5C","30VDC","3030","64"
"CM30S050","Chip Module SMD 50W LED 3030 - Sử dụng: Module SMD 50W; D11-15","Chip LED Module","CM30S050-5B3-5C-64LED","Chip Module SMD 50W LED 3030 - Sử dụng: Module SMD 50W; D11-15 | Trắng (5.000K), Bridgelux 3030, 50W, 5C, 30VDC, 64LED","Trắng (5.000K)","Bridgelux 3030","50","5C","30VDC","3030","64"
"CM30S050","Chip Module SMD 50W LED 3030 - Sử dụng: Module SMD 50W; D11-15","Chip LED Module","CM30S050-4B3-5C-64LED","Chip Module SMD 50W LED 3030 - Sử dụng: Module SMD 50W; D11-15 | Trung tính (4.000K - 4.200K), Bridgelux 3030, 50W, 5C, 30VDC, 64LED","Trung tính (4.000K - 4.200K)","Bridgelux 3030","50","5C","30VDC","3030","64"
"CM30S050","Chip Module SMD 50W LED 3030 - Sử dụng: Module SMD 50W; D11-15","Chip LED Module","CM30S050-3B3-5C-64LED","Chip Module SMD 50W LED 3030 - Sử dụng: Module SMD 50W; D11-15 | Vàng (3.000K - 3.200K), Bridgelux 3030, 50W, 5C, 30VDC, 64LED","Vàng (3.000K - 3.200K)","Bridgelux 3030","50","5C","30VDC","3030","64"
"CM30S050","Chip Module SMD 50W LED 3030 - Sử dụng: Module SMD 50W; D11-15","Chip LED Module","CM30S050-6B3-5C-50LED","Chip Module SMD 50W LED 3030 - Sử dụng: Module SMD 50W; D11-15 | Trắng (6.000K - 6.500K), Bridgelux 3030, 50W, 5C, 30VDC, 50LED","Trắng (6.000K - 6.500K)","Bridgelux 3030","50","5C","30VDC","3030","50"
"CM30S050","Chip Module SMD 50W LED 3030 - Sử dụng: Module SMD 50W; D11-15","Chip LED Module","CM30S050-5B3-5C-50LED","Chip Module SMD 50W LED 3030 - Sử dụng: Module SMD 50W; D11-15 | Trắng (5.000K), Bridgelux 3030, 50W, 5C, 30VDC, 50LED","Trắng (5.000K)","Bridgelux 3030","50","5C","30VDC","3030","50"
"CM30S050","Chip Module SMD 50W LED 3030 - Sử dụng: Module SMD 50W; D11-15","Chip LED Module","CM30S050-4B3-5C-50LED","Chip Module SMD 50W LED 3030 - Sử dụng: Module SMD 50W; D11-15 | Trung tính (4.000K - 4.200K), Bridgelux 3030, 50W, 5C, 30VDC, 50LED","Trung tính (4.000K - 4.200K)","Bridgelux 3030","50","5C","30VDC","3030","50"
"CM30S050","Chip Module SMD 50W LED 3030 - Sử dụng: Module SMD 50W; D11-15","Chip LED Module","CM30S050-3B3-5C-50LED","Chip Module SMD 50W LED 3030 - Sử dụng: Module SMD 50W; D11-15 | Vàng (3.000K - 3.200K), Bridgelux 3030, 50W, 5C, 30VDC, 50LED","Vàng (3.000K - 3.200K)","Bridgelux 3030","50","5C","30VDC","3030","50"
"CM30S050","Chip Module SMD 50W LED 3030 - Sử dụng: Module SMD 50W; D11-15","Chip LED Module","CM30S050-6B3-7C-49LED","Chip Module SMD 50W LED 3030 - Sử dụng: Module SMD 50W; D11-15 | Trắng (6.000K - 6.500K), Bridgelux 3030, 50W, 7C, 42VDC, 49LED","Trắng (6.000K - 6.500K)","Bridgelux 3030","50","7C","42VDC","3030","49"
"CM30S050","Chip Module SMD 50W LED 3030 - Sử dụng: Module SMD 50W; D11-15","Chip LED Module","CM30S050-5B3-7C-49LED","Chip Module SMD 50W LED 3030 - Sử dụng: Module SMD 50W; D11-15 | Trắng (5.000K), Bridgelux 3030, 50W, 7C, 42VDC, 49LED","Trắng (5.000K)","Bridgelux 3030","50","7C","42VDC","3030","49"
"CM30S050","Chip Module SMD 50W LED 3030 - Sử dụng: Module SMD 50W; D11-15","Chip LED Module","CM30S050-4B3-7C-49LED","Chip Module SMD 50W LED 3030 - Sử dụng: Module SMD 50W; D11-15 | Trung tính (4.000K - 4.200K), Bridgelux 3030, 50W, 7C, 42VDC, 49LED","Trung tính (4.000K - 4.200K)","Bridgelux 3030","50","7C","42VDC","3030","49"
"CM30S050","Chip Module SMD 50W LED 3030 - Sử dụng: Module SMD 50W; D11-15","Chip LED Module","CM30S050-3B3-7C-49LED","Chip Module SMD 50W LED 3030 - Sử dụng: Module SMD 50W; D11-15 | Vàng (3.000K - 3.200K), Bridgelux 3030, 50W, 7C, 42VDC, 49LED","Vàng (3.000K - 3.200K)","Bridgelux 3030","50","7C","42VDC","3030","49"
"CM30S050","Chip Module SMD 50W LED 3030 - Sử dụng: Module SMD 50W; D11-15","Chip LED Module","CM30S050-6B3-8C-64LED","Chip Module SMD 50W LED 3030 - Sử dụng: Module SMD 50W; D11-15 | Trắng (6.000K - 6.500K), Bridgelux 3030, 50W, 8C, 48VDC, 64LED","Trắng (6.000K - 6.500K)","Bridgelux 3030","50","8C","48VDC","3030","64"
"CM30S050","Chip Module SMD 50W LED 3030 - Sử dụng: Module SMD 50W; D11-15","Chip LED Module","CM30S050-5B3-8C-64LED","Chip Module SMD 50W LED 3030 - Sử dụng: Module SMD 50W; D11-15 | Trắng (5.000K), Bridgelux 3030, 50W, 8C, 48VDC, 64LED","Trắng (5.000K)","Bridgelux 3030","50","8C","48VDC","3030","64"
"CM30S050","Chip Module SMD 50W LED 3030 - Sử dụng: Module SMD 50W; D11-15","Chip LED Module","CM30S050-4B3-8C-64LED","Chip Module SMD 50W LED 3030 - Sử dụng: Module SMD 50W; D11-15 | Trung tính (4.000K - 4.200K), Bridgelux 3030, 50W, 8C, 48VDC, 64LED","Trung tính (4.000K - 4.200K)","Bridgelux 3030","50","8C","48VDC","3030","64"
"CM30S050","Chip Module SMD 50W LED 3030 - Sử dụng: Module SMD 50W; D11-15","Chip LED Module","CM30S050-3B3-8C-64LED","Chip Module SMD 50W LED 3030 - Sử dụng: Module SMD 50W; D11-15 | Vàng (3.000K - 3.200K), Bridgelux 3030, 50W, 8C, 48VDC, 64LED","Vàng (3.000K - 3.200K)","Bridgelux 3030","50","8C","48VDC","3030","64"
"CM50S050","Chip Module SMD 50W LED 5050 - Sử dụng: Module SMD 50W; D11-15","Chip LED Module","CM50S050-6P5-5C-16LED","Chip Module SMD 50W LED 5050 - Sử dụng: Module SMD 50W; D11-15 | Trắng (6.000K - 6.500K), Lumileds 5050, 50W, 5C, 30VDC, 16LED","Trắng (6.000K - 6.500K)","Lumileds 5050","50","5C","30VDC","5050","16"
"CM50S050","Chip Module SMD 50W LED 5050 - Sử dụng: Module SMD 50W; D11-15","Chip LED Module","CM50S050-5P5-5C-16LED","Chip Module SMD 50W LED 5050 - Sử dụng: Module SMD 50W; D11-15 | Trắng (5.000K), Lumileds 5050, 50W, 5C, 30VDC, 16LED","Trắng (5.000K)","Lumileds 5050","50","5C","30VDC","5050","16"
"CM50S050","Chip Module SMD 50W LED 5050 - Sử dụng: Module SMD 50W; D11-15","Chip LED Module","CM50S050-4P5-5C-16LED","Chip Module SMD 50W LED 5050 - Sử dụng: Module SMD 50W; D11-15 | Trung tính (4.000K - 4.200K), Lumileds 5050, 50W, 5C, 30VDC, 16LED","Trung tính (4.000K - 4.200K)","Lumileds 5050","50","5C","30VDC","5050","16"
"CM50S050","Chip Module SMD 50W LED 5050 - Sử dụng: Module SMD 50W; D11-15","Chip LED Module","CM50S050-3P5-5C-16LED","Chip Module SMD 50W LED 5050 - Sử dụng: Module SMD 50W; D11-15 | Vàng (3.000K - 3.200K), Lumileds 5050, 50W, 5C, 30VDC, 16LED","Vàng (3.000K - 3.200K)","Lumileds 5050","50","5C","30VDC","5050","16"
"CM50S050","Chip Module SMD 50W LED 5050 - Sử dụng: Module SMD 50W; D11-15","Chip LED Module","CM50S050-6B5-5C-16LED","Chip Module SMD 50W LED 5050 - Sử dụng: Module SMD 50W; D11-15 | Trắng (6.000K - 6.500K), Bridgelux 5050, 50W, 5C, 30VDC, 16LED","Trắng (6.000K - 6.500K)","Bridgelux 5050","50","5C","30VDC","5050","16"
"CM50S050","Chip Module SMD 50W LED 5050 - Sử dụng: Module SMD 50W; D11-15","Chip LED Module","CM50S050-5B5-5C-16LED","Chip Module SMD 50W LED 5050 - Sử dụng: Module SMD 50W; D11-15 | Trắng (5.000K), Bridgelux 5050, 50W, 5C, 30VDC, 16LED","Trắng (5.000K)","Bridgelux 5050","50","5C","30VDC","5050","16"
"CM50S050","Chip Module SMD 50W LED 5050 - Sử dụng: Module SMD 50W; D11-15","Chip LED Module","CM50S050-4B5-5C-16LED","Chip Module SMD 50W LED 5050 - Sử dụng: Module SMD 50W; D11-15 | Trung tính (4.000K - 4.200K), Bridgelux 5050, 50W, 5C, 30VDC, 16LED","Trung tính (4.000K - 4.200K)","Bridgelux 5050","50","5C","30VDC","5050","16"
"CM50S050","Chip Module SMD 50W LED 5050 - Sử dụng: Module SMD 50W; D11-15","Chip LED Module","CM50S050-3B5-5C-16LED","Chip Module SMD 50W LED 5050 - Sử dụng: Module SMD 50W; D11-15 | Vàng (3.000K - 3.200K), Bridgelux 5050, 50W, 5C, 30VDC, 16LED","Vàng (3.000K - 3.200K)","Bridgelux 5050","50","5C","30VDC","5050","16"
"CM30C050","Chip Module SMD 50W LED 3030 - Sử dụng: Module COB 50W","Chip LED Module","CM30C050-6P3-5C-49LED","Chip Module SMD 50W LED 3030 - Sử dụng: Module COB 50W | Trắng (6.000K - 6.500K), Lumileds 3030, 50W, 5C, 30VDC, 49LED","Trắng (6.000K - 6.500K)","Lumileds 3030","50","5C","30VDC","3030","49"
"CM30C050","Chip Module SMD 50W LED 3030 - Sử dụng: Module COB 50W","Chip LED Module","CM30C050-5P3-5C-49LED","Chip Module SMD 50W LED 3030 - Sử dụng: Module COB 50W | Trắng (5.000K), Lumileds 3030, 50W, 5C, 30VDC, 49LED","Trắng (5.000K)","Lumileds 3030","50","5C","30VDC","3030","49"
"CM30C050","Chip Module SMD 50W LED 3030 - Sử dụng: Module COB 50W","Chip LED Module","CM30C050-4P3-5C-49LED","Chip Module SMD 50W LED 3030 - Sử dụng: Module COB 50W | Trung tính (4.000K - 4.200K), Lumileds 3030, 50W, 5C, 30VDC, 49LED","Trung tính (4.000K - 4.200K)","Lumileds 3030","50","5C","30VDC","3030","49"
"CM30C050","Chip Module SMD 50W LED 3030 - Sử dụng: Module COB 50W","Chip LED Module","CM30C050-3P3-5C-49LED","Chip Module SMD 50W LED 3030 - Sử dụng: Module COB 50W | Vàng (3.000K - 3.200K), Lumileds 3030, 50W, 5C, 30VDC, 49LED","Vàng (3.000K - 3.200K)","Lumileds 3030","50","5C","30VDC","3030","49"
"CM30C050","Chip Module SMD 50W LED 3030 - Sử dụng: Module COB 50W","Chip LED Module","CM30C050-6B3-5C-49LED","Chip Module SMD 50W LED 3030 - Sử dụng: Module COB 50W | Trắng (6.000K - 6.500K), Bridgelux 3030, 50W, 5C, 30VDC, 49LED","Trắng (6.000K - 6.500K)","Bridgelux 3030","50","5C","30VDC","3030","49"
"CM30C050","Chip Module SMD 50W LED 3030 - Sử dụng: Module COB 50W","Chip LED Module","CM30C050-5B3-5C-49LED","Chip Module SMD 50W LED 3030 - Sử dụng: Module COB 50W | Trắng (5.000K), Bridgelux 3030, 50W, 5C, 30VDC, 49LED","Trắng (5.000K)","Bridgelux 3030","50","5C","30VDC","3030","49"
"CM30C050","Chip Module SMD 50W LED 3030 - Sử dụng: Module COB 50W","Chip LED Module","CM30C050-4B3-5C-49LED","Chip Module SMD 50W LED 3030 - Sử dụng: Module COB 50W | Trung tính (4.000K - 4.200K), Bridgelux 3030, 50W, 5C, 30VDC, 49LED","Trung tính (4.000K - 4.200K)","Bridgelux 3030","50","5C","30VDC","3030","49"
"CM30C050","Chip Module SMD 50W LED 3030 - Sử dụng: Module COB 50W","Chip LED Module","CM30C050-3B3-5C-49LED","Chip Module SMD 50W LED 3030 - Sử dụng: Module COB 50W | Vàng (3.000K - 3.200K), Bridgelux 3030, 50W, 5C, 30VDC, 49LED","Vàng (3.000K - 3.200K)","Bridgelux 3030","50","5C","30VDC","3030","49"
"CM30S200","Chip Module SMD 200W LED 3030 - Sử dụng: Module SMD 200W","Chip LED Module","CM30S200-6P3-5C-288LED","Chip Module SMD 200W LED 3030 - Sử dụng: Module SMD 200W | Trắng (6.000K - 6.500K), Lumileds 3030, 200W, 5C, 30VDC, 288LED","Trắng (6.000K - 6.500K)","Lumileds 3030","200","5C","30VDC","3030","288"
"CM30S200","Chip Module SMD 200W LED 3030 - Sử dụng: Module SMD 200W","Chip LED Module","CM30S200-5P3-5C-288LED","Chip Module SMD 200W LED 3030 - Sử dụng: Module SMD 200W | Trắng (5.000K), Lumileds 3030, 200W, 5C, 30VDC, 288LED","Trắng (5.000K)","Lumileds 3030","200","5C","30VDC","3030","288"
"CM30S200","Chip Module SMD 200W LED 3030 - Sử dụng: Module SMD 200W","Chip LED Module","CM30S200-4P3-5C-288LED","Chip Module SMD 200W LED 3030 - Sử dụng: Module SMD 200W | Trung tính (4.000K - 4.200K), Lumileds 3030, 200W, 5C, 30VDC, 288LED","Trung tính (4.000K - 4.200K)","Lumileds 3030","200","5C","30VDC","3030","288"
"CM30S200","Chip Module SMD 200W LED 3030 - Sử dụng: Module SMD 200W","Chip LED Module","CM30S200-3P3-5C-288LED","Chip Module SMD 200W LED 3030 - Sử dụng: Module SMD 200W | Vàng (3.000K - 3.200K), Lumileds 3030, 200W, 5C, 30VDC, 288LED","Vàng (3.000K - 3.200K)","Lumileds 3030","200","5C","30VDC","3030","288"
"CM30S200","Chip Module SMD 200W LED 3030 - Sử dụng: Module SMD 200W","Chip LED Module","CM30S200-6B3-5C-288LED","Chip Module SMD 200W LED 3030 - Sử dụng: Module SMD 200W | Trắng (6.000K - 6.500K), Bridgelux 3030, 200W, 5C, 30VDC, 288LED","Trắng (6.000K - 6.500K)","Bridgelux 3030","200","5C","30VDC","3030","288"
"CM30S200","Chip Module SMD 200W LED 3030 - Sử dụng: Module SMD 200W","Chip LED Module","CM30S200-5B3-5C-288LED","Chip Module SMD 200W LED 3030 - Sử dụng: Module SMD 200W | Trắng (5.000K), Bridgelux 3030, 200W, 5C, 30VDC, 288LED","Trắng (5.000K)","Bridgelux 3030","200","5C","30VDC","3030","288"
"CM30S200","Chip Module SMD 200W LED 3030 - Sử dụng: Module SMD 200W","Chip LED Module","CM30S200-4B3-5C-288LED","Chip Module SMD 200W LED 3030 - Sử dụng: Module SMD 200W | Trung tính (4.000K - 4.200K), Bridgelux 3030, 200W, 5C, 30VDC, 288LED","Trung tính (4.000K - 4.200K)","Bridgelux 3030","200","5C","30VDC","3030","288"
"CM30S200","Chip Module SMD 200W LED 3030 - Sử dụng: Module SMD 200W","Chip LED Module","CM30S200-3B3-5C-288LED","Chip Module SMD 200W LED 3030 - Sử dụng: Module SMD 200W | Vàng (3.000K - 3.200K), Bridgelux 3030, 200W, 5C, 30VDC, 288LED","Vàng (3.000K - 3.200K)","Bridgelux 3030","200","5C","30VDC","3030","288"
"CM50S200","Chip Module SMD 200W LED 5050 - Sử dụng: Module SMD 200W","Chip LED Module","CM50S200-6P5-5C-72LED","Chip Module SMD 200W LED 5050 - Sử dụng: Module SMD 200W | Trắng (6.000K - 6.500K), Lumileds 5050, 200W, 5C, 30VDC, 72LED","Trắng (6.000K - 6.500K)","Lumileds 5050","200","5C","30VDC","5050","72"
"CM50S200","Chip Module SMD 200W LED 5050 - Sử dụng: Module SMD 200W","Chip LED Module","CM50S200-5P5-5C-72LED","Chip Module SMD 200W LED 5050 - Sử dụng: Module SMD 200W | Trắng (5.000K), Lumileds 5050, 200W, 5C, 30VDC, 72LED","Trắng (5.000K)","Lumileds 5050","200","5C","30VDC","5050","72"
"CM50S200","Chip Module SMD 200W LED 5050 - Sử dụng: Module SMD 200W","Chip LED Module","CM50S200-4P5-5C-72LED","Chip Module SMD 200W LED 5050 - Sử dụng: Module SMD 200W | Trung tính (4.000K - 4.200K), Lumileds 5050, 200W, 5C, 30VDC, 72LED","Trung tính (4.000K - 4.200K)","Lumileds 5050","200","5C","30VDC","5050","72"
"CM50S200","Chip Module SMD 200W LED 5050 - Sử dụng: Module SMD 200W","Chip LED Module","CM50S200-3P5-5C-72LED","Chip Module SMD 200W LED 5050 - Sử dụng: Module SMD 200W | Vàng (3.000K - 3.200K), Lumileds 5050, 200W, 5C, 30VDC, 72LED","Vàng (3.000K - 3.200K)","Lumileds 5050","200","5C","30VDC","5050","72"
"CM50S200","Chip Module SMD 200W LED 5050 - Sử dụng: Module SMD 200W","Chip LED Module","CM50S200-6B5-5C-72LED","Chip Module SMD 200W LED 5050 - Sử dụng: Module SMD 200W | Trắng (6.000K - 6.500K), Bridgelux 5050, 200W, 5C, 30VDC, 72LED","Trắng (6.000K - 6.500K)","Bridgelux 5050","200","5C","30VDC","5050","72"
"CM50S200","Chip Module SMD 200W LED 5050 - Sử dụng: Module SMD 200W","Chip LED Module","CM50S200-5B5-5C-72LED","Chip Module SMD 200W LED 5050 - Sử dụng: Module SMD 200W | Trắng (5.000K), Bridgelux 5050, 200W, 5C, 30VDC, 72LED","Trắng (5.000K)","Bridgelux 5050","200","5C","30VDC","5050","72"
"CM50S200","Chip Module SMD 200W LED 5050 - Sử dụng: Module SMD 200W","Chip LED Module","CM50S200-4B5-5C-72LED","Chip Module SMD 200W LED 5050 - Sử dụng: Module SMD 200W | Trung tính (4.000K - 4.200K), Bridgelux 5050, 200W, 5C, 30VDC, 72LED","Trung tính (4.000K - 4.200K)","Bridgelux 5050","200","5C","30VDC","5050","72"
"CM50S200","Chip Module SMD 200W LED 5050 - Sử dụng: Module SMD 200W","Chip LED Module","CM50S200-3B5-5C-72LED","Chip Module SMD 200W LED 5050 - Sử dụng: Module SMD 200W | Vàng (3.000K - 3.200K), Bridgelux 5050, 200W, 5C, 30VDC, 72LED","Vàng (3.000K - 3.200K)","Bridgelux 5050","200","5C","30VDC","5050","72"
"C30C010","Chip COB 10W LED 3030 - Sử dụng: Các mẫu sử dụng chip COB 10W: PTR, PXH","Chip LED COB","C30C010-6P3-5C-9LED","Chip COB 10W LED 3030 - Sử dụng: Các mẫu sử dụng chip COB 10W: PTR, PXH | Trắng (6.000K - 6.500K), Lumileds 3030, 10W, 5C, 30VDC, 9LED","Trắng (6.000K - 6.500K)","Lumileds 3030","10","5C","30VDC","3030","9"
"C30C010","Chip COB 10W LED 3030 - Sử dụng: Các mẫu sử dụng chip COB 10W: PTR, PXH","Chip LED COB","C30C010-5P3-5C-9LED","Chip COB 10W LED 3030 - Sử dụng: Các mẫu sử dụng chip COB 10W: PTR, PXH | Trắng (5.000K), Lumileds 3030, 10W, 5C, 30VDC, 9LED","Trắng (5.000K)","Lumileds 3030","10","5C","30VDC","3030","9"
"C30C010","Chip COB 10W LED 3030 - Sử dụng: Các mẫu sử dụng chip COB 10W: PTR, PXH","Chip LED COB","C30C010-4P3-5C-9LED","Chip COB 10W LED 3030 - Sử dụng: Các mẫu sử dụng chip COB 10W: PTR, PXH | Trung tính (4.000K - 4.200K), Lumileds 3030, 10W, 5C, 30VDC, 9LED","Trung tính (4.000K - 4.200K)","Lumileds 3030","10","5C","30VDC","3030","9"
"C30C010","Chip COB 10W LED 3030 - Sử dụng: Các mẫu sử dụng chip COB 10W: PTR, PXH","Chip LED COB","C30C010-3P3-5C-9LED","Chip COB 10W LED 3030 - Sử dụng: Các mẫu sử dụng chip COB 10W: PTR, PXH | Vàng (3.000K - 3.200K), Lumileds 3030, 10W, 5C, 30VDC, 9LED","Vàng (3.000K - 3.200K)","Lumileds 3030","10","5C","30VDC","3030","9"
"C30C010","Chip COB 10W LED 3030 - Sử dụng: Các mẫu sử dụng chip COB 10W: PTR, PXH","Chip LED COB","C30C010-6B3-5C-9LED","Chip COB 10W LED 3030 - Sử dụng: Các mẫu sử dụng chip COB 10W: PTR, PXH | Trắng (6.000K - 6.500K), Bridgelux 3030, 10W, 5C, 30VDC, 9LED","Trắng (6.000K - 6.500K)","Bridgelux 3030","10","5C","30VDC","3030","9"
"C30C010","Chip COB 10W LED 3030 - Sử dụng: Các mẫu sử dụng chip COB 10W: PTR, PXH","Chip LED COB","C30C010-5B3-5C-9LED","Chip COB 10W LED 3030 - Sử dụng: Các mẫu sử dụng chip COB 10W: PTR, PXH | Trắng (5.000K), Bridgelux 3030, 10W, 5C, 30VDC, 9LED","Trắng (5.000K)","Bridgelux 3030","10","5C","30VDC","3030","9"
"C30C010","Chip COB 10W LED 3030 - Sử dụng: Các mẫu sử dụng chip COB 10W: PTR, PXH","Chip LED COB","C30C010-4B3-5C-9LED","Chip COB 10W LED 3030 - Sử dụng: Các mẫu sử dụng chip COB 10W: PTR, PXH | Trung tính (4.000K - 4.200K), Bridgelux 3030, 10W, 5C, 30VDC, 9LED","Trung tính (4.000K - 4.200K)","Bridgelux 3030","10","5C","30VDC","3030","9"
"C30C010","Chip COB 10W LED 3030 - Sử dụng: Các mẫu sử dụng chip COB 10W: PTR, PXH","Chip LED COB","C30C010-3B3-5C-9LED","Chip COB 10W LED 3030 - Sử dụng: Các mẫu sử dụng chip COB 10W: PTR, PXH | Vàng (3.000K - 3.200K), Bridgelux 3030, 10W, 5C, 30VDC, 9LED","Vàng (3.000K - 3.200K)","Bridgelux 3030","10","5C","30VDC","3030","9"
"C30C030","Chip COB 30W LED 3030 - Sử dụng: Các mẫu COB: PTC, PTR, DQL,...","Chip LED COB","C30C030-6P3-5C-30LED","Chip COB 30W LED 3030 - Sử dụng: Các mẫu COB: PTC, PTR, DQL,... | Trắng (6.000K - 6.500K), Lumileds 3030, 30W, 5C, 30VDC, 30LED","Trắng (6.000K - 6.500K)","Lumileds 3030","30","5C","30VDC","3030","30"
"C30C030","Chip COB 30W LED 3030 - Sử dụng: Các mẫu COB: PTC, PTR, DQL,...","Chip LED COB","C30C030-5P3-5C-30LED","Chip COB 30W LED 3030 - Sử dụng: Các mẫu COB: PTC, PTR, DQL,... | Trắng (5.000K), Lumileds 3030, 30W, 5C, 30VDC, 30LED","Trắng (5.000K)","Lumileds 3030","30","5C","30VDC","3030","30"
"C30C030","Chip COB 30W LED 3030 - Sử dụng: Các mẫu COB: PTC, PTR, DQL,...","Chip LED COB","C30C030-4P3-5C-30LED","Chip COB 30W LED 3030 - Sử dụng: Các mẫu COB: PTC, PTR, DQL,... | Trung tính (4.000K - 4.200K), Lumileds 3030, 30W, 5C, 30VDC, 30LED","Trung tính (4.000K - 4.200K)","Lumileds 3030","30","5C","30VDC","3030","30"
"C30C030","Chip COB 30W LED 3030 - Sử dụng: Các mẫu COB: PTC, PTR, DQL,...","Chip LED COB","C30C030-3P3-5C-30LED","Chip COB 30W LED 3030 - Sử dụng: Các mẫu COB: PTC, PTR, DQL,... | Vàng (3.000K - 3.200K), Lumileds 3030, 30W, 5C, 30VDC, 30LED","Vàng (3.000K - 3.200K)","Lumileds 3030","30","5C","30VDC","3030","30"
"C30C030","Chip COB 30W LED 3030 - Sử dụng: Các mẫu COB: PTC, PTR, DQL,...","Chip LED COB","C30C030-6B3-5C-30LED","Chip COB 30W LED 3030 - Sử dụng: Các mẫu COB: PTC, PTR, DQL,... | Trắng (6.000K - 6.500K), Bridgelux 3030, 30W, 5C, 30VDC, 30LED","Trắng (6.000K - 6.500K)","Bridgelux 3030","30","5C","30VDC","3030","30"
"C30C030","Chip COB 30W LED 3030 - Sử dụng: Các mẫu COB: PTC, PTR, DQL,...","Chip LED COB","C30C030-5B3-5C-30LED","Chip COB 30W LED 3030 - Sử dụng: Các mẫu COB: PTC, PTR, DQL,... | Trắng (5.000K), Bridgelux 3030, 30W, 5C, 30VDC, 30LED","Trắng (5.000K)","Bridgelux 3030","30","5C","30VDC","3030","30"
"C30C030","Chip COB 30W LED 3030 - Sử dụng: Các mẫu COB: PTC, PTR, DQL,...","Chip LED COB","C30C030-4B3-5C-30LED","Chip COB 30W LED 3030 - Sử dụng: Các mẫu COB: PTC, PTR, DQL,... | Trung tính (4.000K - 4.200K), Bridgelux 3030, 30W, 5C, 30VDC, 30LED","Trung tính (4.000K - 4.200K)","Bridgelux 3030","30","5C","30VDC","3030","30"
"C30C030","Chip COB 30W LED 3030 - Sử dụng: Các mẫu COB: PTC, PTR, DQL,...","Chip LED COB","C30C030-3B3-5C-30LED","Chip COB 30W LED 3030 - Sử dụng: Các mẫu COB: PTC, PTR, DQL,... | Vàng (3.000K - 3.200K), Bridgelux 3030, 30W, 5C, 30VDC, 30LED","Vàng (3.000K - 3.200K)","Bridgelux 3030","30","5C","30VDC","3030","30"
"C30C030","Chip COB 30W LED TF - Sử dụng: Các mẫu COB: PTC, PTR, DQL,...","Chip LED COB","C30C030-RTF","Chip COB 30W LED TF - Sử dụng: Các mẫu COB: PTC, PTR, DQL,... | Đỏ, TF, 30W, 30VDC","Đỏ","TF","30","","30VDC","",""
"C30C030","Chip COB 30W LED TF - Sử dụng: Các mẫu COB: PTC, PTR, DQL,...","Chip LED COB","C30C030-GTF","Chip COB 30W LED TF - Sử dụng: Các mẫu COB: PTC, PTR, DQL,... | Xanh lá, TF, 30W, 30VDC","Xanh lá","TF","30","","30VDC","",""
"C30C030","Chip COB 30W LED TF - Sử dụng: Các mẫu COB: PTC, PTR, DQL,...","Chip LED COB","C30C030-BTF","Chip COB 30W LED TF - Sử dụng: Các mẫu COB: PTC, PTR, DQL,... | Xanh dương, TF, 30W, 30VDC","Xanh dương","TF","30","","30VDC","",""
"C30C050","Chip COB 50W LED 3030 - Sử dụng: Các mẫu COB: PTC, PTR, DQL,...","Chip LED COB","C30C050-6P3-5C-49LED","Chip COB 50W LED 3030 - Sử dụng: Các mẫu COB: PTC, PTR, DQL,... | Trắng (6.000K - 6.500K), Lumileds 3030, 50W, 5C, 30VDC, 49LED","Trắng (6.000K - 6.500K)","Lumileds 3030","50","5C","30VDC","3030","49"
"C30C050","Chip COB 50W LED 3030 - Sử dụng: Các mẫu COB: PTC, PTR, DQL,...","Chip LED COB","C30C050-5P3-5C-49LED","Chip COB 50W LED 3030 - Sử dụng: Các mẫu COB: PTC, PTR, DQL,... | Trắng (5.000K), Lumileds 3030, 50W, 5C, 30VDC, 49LED","Trắng (5.000K)","Lumileds 3030","50","5C","30VDC","3030","49"
"C30C050","Chip COB 50W LED 3030 - Sử dụng: Các mẫu COB: PTC, PTR, DQL,...","Chip LED COB","C30C050-4P3-5C-49LED","Chip COB 50W LED 3030 - Sử dụng: Các mẫu COB: PTC, PTR, DQL,... | Trung tính (4.000K - 4.200K), Lumileds 3030, 50W, 5C, 30VDC, 49LED","Trung tính (4.000K - 4.200K)","Lumileds 3030","50","5C","30VDC","3030","49"
"C30C050","Chip COB 50W LED 3030 - Sử dụng: Các mẫu COB: PTC, PTR, DQL,...","Chip LED COB","C30C050-3P3-5C-49LED","Chip COB 50W LED 3030 - Sử dụng: Các mẫu COB: PTC, PTR, DQL,... | Vàng (3.000K - 3.200K), Lumileds 3030, 50W, 5C, 30VDC, 49LED","Vàng (3.000K - 3.200K)","Lumileds 3030","50","5C","30VDC","3030","49"
"C30C050","Chip COB 50W LED 3030 - Sử dụng: Các mẫu COB: PTC, PTR, DQL,...","Chip LED COB","C30C050-6P3-5C-50LED","Chip COB 50W LED 3030 - Sử dụng: Các mẫu COB: PTC, PTR, DQL,... | Trắng (6.000K - 6.500K), Lumileds 3030, 50W, 5C, 30VDC, 50LED","Trắng (6.000K - 6.500K)","Lumileds 3030","50","5C","30VDC","3030","50"
"C30C050","Chip COB 50W LED 3030 - Sử dụng: Các mẫu COB: PTC, PTR, DQL,...","Chip LED COB","C30C050-5P3-5C-50LED","Chip COB 50W LED 3030 - Sử dụng: Các mẫu COB: PTC, PTR, DQL,... | Trắng (5.000K), Lumileds 3030, 50W, 5C, 30VDC, 50LED","Trắng (5.000K)","Lumileds 3030","50","5C","30VDC","3030","50"
"C30C050","Chip COB 50W LED 3030 - Sử dụng: Các mẫu COB: PTC, PTR, DQL,...","Chip LED COB","C30C050-4P3-5C-50LED","Chip COB 50W LED 3030 - Sử dụng: Các mẫu COB: PTC, PTR, DQL,... | Trung tính (4.000K - 4.200K), Lumileds 3030, 50W, 5C, 30VDC, 50LED","Trung tính (4.000K - 4.200K)","Lumileds 3030","50","5C","30VDC","3030","50"
"C30C050","Chip COB 50W LED 3030 - Sử dụng: Các mẫu COB: PTC, PTR, DQL,...","Chip LED COB","C30C050-3P3-5C-50LED","Chip COB 50W LED 3030 - Sử dụng: Các mẫu COB: PTC, PTR, DQL,... | Vàng (3.000K - 3.200K), Lumileds 3030, 50W, 5C, 30VDC, 50LED","Vàng (3.000K - 3.200K)","Lumileds 3030","50","5C","30VDC","3030","50"
"C30C050","Chip COB 50W LED 3030 - Sử dụng: Các mẫu COB: PTC, PTR, DQL,...","Chip LED COB","C30C050-6P3-7C-49LED","Chip COB 50W LED 3030 - Sử dụng: Các mẫu COB: PTC, PTR, DQL,... | Trắng (6.000K - 6.500K), Lumileds 3030, 50W, 7C, 42VDC, 49LED","Trắng (6.000K - 6.500K)","Lumileds 3030","50","7C","42VDC","3030","49"
"C30C050","Chip COB 50W LED 3030 - Sử dụng: Các mẫu COB: PTC, PTR, DQL,...","Chip LED COB","C30C050-5P3-7C-49LED","Chip COB 50W LED 3030 - Sử dụng: Các mẫu COB: PTC, PTR, DQL,... | Trắng (5.000K), Lumileds 3030, 50W, 7C, 42VDC, 49LED","Trắng (5.000K)","Lumileds 3030","50","7C","42VDC","3030","49"
"C30C050","Chip COB 50W LED 3030 - Sử dụng: Các mẫu COB: PTC, PTR, DQL,...","Chip LED COB","C30C050-4P3-7C-49LED","Chip COB 50W LED 3030 - Sử dụng: Các mẫu COB: PTC, PTR, DQL,... | Trung tính (4.000K - 4.200K), Lumileds 3030, 50W, 7C, 42VDC, 49LED","Trung tính (4.000K - 4.200K)","Lumileds 3030","50","7C","42VDC","3030","49"
"C30C050","Chip COB 50W LED 3030 - Sử dụng: Các mẫu COB: PTC, PTR, DQL,...","Chip LED COB","C30C050-3B3-7C-49LED","Chip COB 50W LED 3030 - Sử dụng: Các mẫu COB: PTC, PTR, DQL,... | Vàng (3.000K - 3.200K), Bridgelux 3030, 50W, 7C, 42VDC, 49LED","Vàng (3.000K - 3.200K)","Bridgelux 3030","50","7C","42VDC","3030","49"
"C30C050","Chip COB 50W LED 3030 - Sử dụng: Các mẫu COB: PTC, PTR, DQL,...","Chip LED COB","C30C050-6B3-5C-49LED","Chip COB 50W LED 3030 - Sử dụng: Các mẫu COB: PTC, PTR, DQL,... | Trắng (6.000K - 6.500K), Bridgelux 3030, 50W, 5C, 30VDC, 49LED","Trắng (6.000K - 6.500K)","Bridgelux 3030","50","5C","30VDC","3030","49"
"C30C050","Chip COB 50W LED 3030 - Sử dụng: Các mẫu COB: PTC, PTR, DQL,...","Chip LED COB","C30C050-5B3-5C-49LED","Chip COB 50W LED 3030 - Sử dụng: Các mẫu COB: PTC, PTR, DQL,... | Trắng (5.000K), Bridgelux 3030, 50W, 5C, 30VDC, 49LED","Trắng (5.000K)","Bridgelux 3030","50","5C","30VDC","3030","49"
"C30C050","Chip COB 50W LED 3030 - Sử dụng: Các mẫu COB: PTC, PTR, DQL,...","Chip LED COB","C30C050-4B3-5C-49LED","Chip COB 50W LED 3030 - Sử dụng: Các mẫu COB: PTC, PTR, DQL,... | Trung tính (4.000K - 4.200K), Bridgelux 3030, 50W, 5C, 30VDC, 49LED","Trung tính (4.000K - 4.200K)","Bridgelux 3030","50","5C","30VDC","3030","49"
"C30C050","Chip COB 50W LED 3030 - Sử dụng: Các mẫu COB: PTC, PTR, DQL,...","Chip LED COB","C30C050-3B3-5C-49LED","Chip COB 50W LED 3030 - Sử dụng: Các mẫu COB: PTC, PTR, DQL,... | Vàng (3.000K - 3.200K), Bridgelux 3030, 50W, 5C, 30VDC, 49LED","Vàng (3.000K - 3.200K)","Bridgelux 3030","50","5C","30VDC","3030","49"
"C30C050","Chip COB 50W LED 3030 - Sử dụng: Các mẫu COB: PTC, PTR, DQL,...","Chip LED COB","C30C050-6B3-5C-50LED","Chip COB 50W LED 3030 - Sử dụng: Các mẫu COB: PTC, PTR, DQL,... | Trắng (6.000K - 6.500K), Bridgelux 3030, 50W, 5C, 30VDC, 50LED","Trắng (6.000K - 6.500K)","Bridgelux 3030","50","5C","30VDC","3030","50"
"C30C050","Chip COB 50W LED 3030 - Sử dụng: Các mẫu COB: PTC, PTR, DQL,...","Chip LED COB","C30C050-5B3-5C-50LED","Chip COB 50W LED 3030 - Sử dụng: Các mẫu COB: PTC, PTR, DQL,... | Trắng (5.000K), Bridgelux 3030, 50W, 5C, 30VDC, 50LED","Trắng (5.000K)","Bridgelux 3030","50","5C","30VDC","3030","50"
"C30C050","Chip COB 50W LED 3030 - Sử dụng: Các mẫu COB: PTC, PTR, DQL,...","Chip LED COB","C30C050-4B3-5C-50LED","Chip COB 50W LED 3030 - Sử dụng: Các mẫu COB: PTC, PTR, DQL,... | Trung tính (4.000K - 4.200K), Bridgelux 3030, 50W, 5C, 30VDC, 50LED","Trung tính (4.000K - 4.200K)","Bridgelux 3030","50","5C","30VDC","3030","50"
"C30C050","Chip COB 50W LED 3030 - Sử dụng: Các mẫu COB: PTC, PTR, DQL,...","Chip LED COB","C30C050-3B3-5C-50LED","Chip COB 50W LED 3030 - Sử dụng: Các mẫu COB: PTC, PTR, DQL,... | Vàng (3.000K - 3.200K), Bridgelux 3030, 50W, 5C, 30VDC, 50LED","Vàng (3.000K - 3.200K)","Bridgelux 3030","50","5C","30VDC","3030","50"
"C30C050","Chip COB 50W LED 3030 - Sử dụng: Các mẫu COB: PTC, PTR, DQL,...","Chip LED COB","C30C050-6B3-7C-49LED","Chip COB 50W LED 3030 - Sử dụng: Các mẫu COB: PTC, PTR, DQL,... | Trắng (6.000K - 6.500K), Bridgelux 3030, 50W, 7C, 42VDC, 49LED","Trắng (6.000K - 6.500K)","Bridgelux 3030","50","7C","42VDC","3030","49"
"C30C050","Chip COB 50W LED 3030 - Sử dụng: Các mẫu COB: PTC, PTR, DQL,...","Chip LED COB","C30C050-5B3-7C-49LED","Chip COB 50W LED 3030 - Sử dụng: Các mẫu COB: PTC, PTR, DQL,... | Trắng (5.000K), Bridgelux 3030, 50W, 7C, 42VDC, 49LED","Trắng (5.000K)","Bridgelux 3030","50","7C","42VDC","3030","49"
"C30C050","Chip COB 50W LED 3030 - Sử dụng: Các mẫu COB: PTC, PTR, DQL,...","Chip LED COB","C30C050-4B3-7C-49LED","Chip COB 50W LED 3030 - Sử dụng: Các mẫu COB: PTC, PTR, DQL,... | Trung tính (4.000K - 4.200K), Bridgelux 3030, 50W, 7C, 42VDC, 49LED","Trung tính (4.000K - 4.200K)","Bridgelux 3030","50","7C","42VDC","3030","49"
"C30C050","Chip COB 50W LED 3030 - Sử dụng: Các mẫu COB: PTC, PTR, DQL,...","Chip LED COB","C30C050-3B3-7C-49LED","Chip COB 50W LED 3030 - Sử dụng: Các mẫu COB: PTC, PTR, DQL,... | Vàng (3.000K - 3.200K), Bridgelux 3030, 50W, 7C, 42VDC, 49LED","Vàng (3.000K - 3.200K)","Bridgelux 3030","50","7C","42VDC","3030","49"
"C30C050","Chip COB 50W LED 3030 - Sử dụng: Các mẫu COB: PTC, PTR, DQL,...","Chip LED COB","C30C050-CB3","Chip COB 50W LED 3030 - Sử dụng: Các mẫu COB: PTC, PTR, DQL,... | Đổi màu, Bridgelux 3030, 50W","Đổi màu","Bridgelux 3030","50","","","3030",""
"COBC050","Chip COB 50W LED CREE - Sử dụng: Các mẫu COB: PTC, PTR, DQL,...","Chip LED COB","COBC050-6CR-30VDC","Chip COB 50W LED CREE - Sử dụng: Các mẫu COB: PTC, PTR, DQL,... | Trắng (6.000K - 6.500K), CREE, 50W, 30VDC","Trắng (6.000K - 6.500K)","CREE","50","","30VDC","",""
"COBC050","Chip COB 50W LED CREE - Sử dụng: Các mẫu COB: PTC, PTR, DQL,...","Chip LED COB","COBC050-4CR-30VDC","Chip COB 50W LED CREE - Sử dụng: Các mẫu COB: PTC, PTR, DQL,... | Trung tính (4.000K - 4.200K), CREE, 50W, 30VDC","Trung tính (4.000K - 4.200K)","CREE","50","","30VDC","",""
"COBC050","Chip COB 50W LED CREE - Sử dụng: Các mẫu COB: PTC, PTR, DQL,...","Chip LED COB","COBC050-3CR-30VDC","Chip COB 50W LED CREE - Sử dụng: Các mẫu COB: PTC, PTR, DQL,... | Vàng (3.000K - 3.200K), CREE, 50W, 30VDC","Vàng (3.000K - 3.200K)","CREE","50","","30VDC","",""
"COBC050","Chip COB 50W LED CREE - Sử dụng: Các mẫu COB: PTC, PTR, DQL,...","Chip LED COB","COBC050-6CR-42VDC","Chip COB 50W LED CREE - Sử dụng: Các mẫu COB: PTC, PTR, DQL,... | Trắng (6.000K - 6.500K), CREE, 50W, 42VDC","Trắng (6.000K - 6.500K)","CREE","50","","42VDC","",""
"COBC050","Chip COB 50W LED CREE - Sử dụng: Các mẫu COB: PTC, PTR, DQL,...","Chip LED COB","COBC050-4CR-42VDC","Chip COB 50W LED CREE - Sử dụng: Các mẫu COB: PTC, PTR, DQL,... | Trung tính (4.000K - 4.200K), CREE, 50W, 42VDC","Trung tính (4.000K - 4.200K)","CREE","50","","42VDC","",""
"COBC050","Chip COB 50W LED CREE - Sử dụng: Các mẫu COB: PTC, PTR, DQL,...","Chip LED COB","COBC050-3CR-42VDC","Chip COB 50W LED CREE - Sử dụng: Các mẫu COB: PTC, PTR, DQL,... | Vàng (3.000K - 3.200K), CREE, 50W, 42VDC","Vàng (3.000K - 3.200K)","CREE","50","","42VDC","",""
"COBC050","Chip COB 50W LED TF - Sử dụng: Các mẫu COB: PTC, PTR, DQL,...","Chip LED COB","COBC050-6TF-30VDC","Chip COB 50W LED TF - Sử dụng: Các mẫu COB: PTC, PTR, DQL,... | Trắng (6.000K - 6.500K), TF, 50W, 30VDC","Trắng (6.000K - 6.500K)","TF","50","","30VDC","",""
"COBC050","Chip COB 50W LED TF - Sử dụng: Các mẫu COB: PTC, PTR, DQL,...","Chip LED COB","COBC050-4TF-30VDC","Chip COB 50W LED TF - Sử dụng: Các mẫu COB: PTC, PTR, DQL,... | Trung tính (4.000K - 4.200K), TF, 50W, 30VDC","Trung tính (4.000K - 4.200K)","TF","50","","30VDC","",""
"COBC050","Chip COB 50W LED TF - Sử dụng: Các mẫu COB: PTC, PTR, DQL,...","Chip LED COB","COBC050-3TF-30VDC","Chip COB 50W LED TF - Sử dụng: Các mẫu COB: PTC, PTR, DQL,... | Vàng (3.000K - 3.200K), TF, 50W, 30VDC","Vàng (3.000K - 3.200K)","TF","50","","30VDC","",""
"COBC050","Chip COB 50W LED TF - Sử dụng: Các mẫu COB: PTC, PTR, DQL,...","Chip LED COB","COBC050-6TF-24VDC","Chip COB 50W LED TF - Sử dụng: Các mẫu COB: PTC, PTR, DQL,... | Trắng (6.000K - 6.500K), TF, 50W, 24VDC","Trắng (6.000K - 6.500K)","TF","50","","24VDC","",""
"COBC050","Chip COB 50W LED TF - Sử dụng: Các mẫu COB: PTC, PTR, DQL,...","Chip LED COB","COBC050-4TF-24VDC","Chip COB 50W LED TF - Sử dụng: Các mẫu COB: PTC, PTR, DQL,... | Trung tính (4.000K - 4.200K), TF, 50W, 24VDC","Trung tính (4.000K - 4.200K)","TF","50","","24VDC","",""
"COBC050","Chip COB 50W LED TF - Sử dụng: Các mẫu COB: PTC, PTR, DQL,...","Chip LED COB","COBC050-3TF-24VDC","Chip COB 50W LED TF - Sử dụng: Các mẫu COB: PTC, PTR, DQL,... | Vàng (3.000K - 3.200K), TF, 50W, 24VDC","Vàng (3.000K - 3.200K)","TF","50","","24VDC","",""
"COBC050","Chip COB 50W LED TF - Sử dụng: Các mẫu COB: PTC, PTR, DQL,...","Chip LED COB","COBC050-6TF-12VDC","Chip COB 50W LED TF - Sử dụng: Các mẫu COB: PTC, PTR, DQL,... | Trắng (6.000K - 6.500K), TF, 50W, 12VDC","Trắng (6.000K - 6.500K)","TF","50","","12VDC","",""
"COBC050","Chip COB 50W LED TF - Sử dụng: Các mẫu COB: PTC, PTR, DQL,...","Chip LED COB","COBC050-4TF-12VDC","Chip COB 50W LED TF - Sử dụng: Các mẫu COB: PTC, PTR, DQL,... | Trung tính (4.000K - 4.200K), TF, 50W, 12VDC","Trung tính (4.000K - 4.200K)","TF","50","","12VDC","",""
"COBC050","Chip COB 50W LED TF - Sử dụng: Các mẫu COB: PTC, PTR, DQL,...","Chip LED COB","COBC050-3TF-12VDC","Chip COB 50W LED TF - Sử dụng: Các mẫu COB: PTC, PTR, DQL,... | Vàng (3.000K - 3.200K), TF, 50W, 12VDC","Vàng (3.000K - 3.200K)","TF","50","","12VDC","",""
"COBC050","Chip COB 50W LED TF - Sử dụng: Các mẫu COB: PTC, PTR, DQL,...","Chip LED COB","COBC050-RTF-30VDC","Chip COB 50W LED TF - Sử dụng: Các mẫu COB: PTC, PTR, DQL,... | Đỏ, TF, 50W, 30VDC","Đỏ","TF","50","","30VDC","",""
"COBC050","Chip COB 50W LED TF - Sử dụng: Các mẫu COB: PTC, PTR, DQL,...","Chip LED COB","COBC050-GTF-30VDC","Chip COB 50W LED TF - Sử dụng: Các mẫu COB: PTC, PTR, DQL,... | Xanh lá, TF, 50W, 30VDC","Xanh lá","TF","50","","30VDC","",""
"COBC050","Chip COB 50W LED TF - Sử dụng: Các mẫu COB: PTC, PTR, DQL,...","Chip LED COB","COBC050-BTF-30VDC","Chip COB 50W LED TF - Sử dụng: Các mẫu COB: PTC, PTR, DQL,... | Xanh dương, TF, 50W, 30VDC","Xanh dương","TF","50","","30VDC","",""
"C50C100","Chip COB 100W LED 5050 - Sử dụng: Các mẫu COB: PTC, PTR, DQL,...","Chip LED COB","C50C100-6P5-5C-20LED","Chip COB 100W LED 5050 - Sử dụng: Các mẫu COB: PTC, PTR, DQL,... | Trắng (6.000K - 6.500K), Lumileds 5050, 100W, 5C, 30VDC, 20LED","Trắng (6.000K - 6.500K)","Lumileds 5050","100","5C","30VDC","5050","20"
"C50C100","Chip COB 100W LED 5050 - Sử dụng: Các mẫu COB: PTC, PTR, DQL,...","Chip LED COB","C50C100-5P5-5C-20LED","Chip COB 100W LED 5050 - Sử dụng: Các mẫu COB: PTC, PTR, DQL,... | Trắng (5.000K), Lumileds 5050, 100W, 5C, 30VDC, 20LED","Trắng (5.000K)","Lumileds 5050","100","5C","30VDC","5050","20"
"C50C100","Chip COB 100W LED 5050 - Sử dụng: Các mẫu COB: PTC, PTR, DQL,...","Chip LED COB","C50C100-4P5-5C-20LED","Chip COB 100W LED 5050 - Sử dụng: Các mẫu COB: PTC, PTR, DQL,... | Trung tính (4.000K - 4.200K), Lumileds 5050, 100W, 5C, 30VDC, 20LED","Trung tính (4.000K - 4.200K)","Lumileds 5050","100","5C","30VDC","5050","20"
"C50C100","Chip COB 100W LED 5050 - Sử dụng: Các mẫu COB: PTC, PTR, DQL,...","Chip LED COB","C50C100-3P5-5C-20LED","Chip COB 100W LED 5050 - Sử dụng: Các mẫu COB: PTC, PTR, DQL,... | Vàng (3.000K - 3.200K), Lumileds 5050, 100W, 5C, 30VDC, 20LED","Vàng (3.000K - 3.200K)","Lumileds 5050","100","5C","30VDC","5050","20"
"C50C100","Chip COB 100W LED 5050 - Sử dụng: Các mẫu COB: PTC, PTR, DQL,...","Chip LED COB","C50C100-6B5-5C-20LED","Chip COB 100W LED 5050 - Sử dụng: Các mẫu COB: PTC, PTR, DQL,... | Trắng (6.000K - 6.500K), Bridgelux 5050, 100W, 5C, 30VDC, 20LED","Trắng (6.000K - 6.500K)","Bridgelux 5050","100","5C","30VDC","5050","20"
"C50C100","Chip COB 100W LED 5050 - Sử dụng: Các mẫu COB: PTC, PTR, DQL,...","Chip LED COB","C50C100-5B5-5C-20LED","Chip COB 100W LED 5050 - Sử dụng: Các mẫu COB: PTC, PTR, DQL,... | Trắng (5.000K), Bridgelux 5050, 100W, 5C, 30VDC, 20LED","Trắng (5.000K)","Bridgelux 5050","100","5C","30VDC","5050","20"
"C50C100","Chip COB 100W LED 5050 - Sử dụng: Các mẫu COB: PTC, PTR, DQL,...","Chip LED COB","C50C100-4B5-5C-20LED","Chip COB 100W LED 5050 - Sử dụng: Các mẫu COB: PTC, PTR, DQL,... | Trung tính (4.000K - 4.200K), Bridgelux 5050, 100W, 5C, 30VDC, 20LED","Trung tính (4.000K - 4.200K)","Bridgelux 5050","100","5C","30VDC","5050","20"
"C50C100","Chip COB 100W LED 5050 - Sử dụng: Các mẫu COB: PTC, PTR, DQL,...","Chip LED COB","C50C100-3B5-5C-20LED","Chip COB 100W LED 5050 - Sử dụng: Các mẫu COB: PTC, PTR, DQL,... | Vàng (3.000K - 3.200K), Bridgelux 5050, 100W, 5C, 30VDC, 20LED","Vàng (3.000K - 3.200K)","Bridgelux 5050","100","5C","30VDC","5050","20"
"C30DD7XS050","Chip đèn đường 50W LED 3030 - Sử dụng: Đèn đường BRP37X","Chip LED đèn đường","C30DD7XS050-6P3-5C-48LED","Chip đèn đường 50W LED 3030 - Sử dụng: Đèn đường BRP37X | Trắng (6.000K - 6.500K), Lumileds 3030, 50W, 5C, 30VDC, 48LED","Trắng (6.000K - 6.500K)","Lumileds 3030","50","5C","30VDC","3030","48"
"C30DD7XS050","Chip đèn đường 50W LED 3030 - Sử dụng: Đèn đường BRP37X","Chip LED đèn đường","C30DD7XS050-5P3-5C-48LED","Chip đèn đường 50W LED 3030 - Sử dụng: Đèn đường BRP37X | Trắng (5.000K), Lumileds 3030, 50W, 5C, 30VDC, 48LED","Trắng (5.000K)","Lumileds 3030","50","5C","30VDC","3030","48"
"C30DD7XS050","Chip đèn đường 50W LED 3030 - Sử dụng: Đèn đường BRP37X","Chip LED đèn đường","C30DD7XS050-4P3-5C-48LED","Chip đèn đường 50W LED 3030 - Sử dụng: Đèn đường BRP37X | Trung tính (4.000K - 4.200K), Lumileds 3030, 50W, 5C, 30VDC, 48LED","Trung tính (4.000K - 4.200K)","Lumileds 3030","50","5C","30VDC","3030","48"
"C30DD7XS050","Chip đèn đường 50W LED 3030 - Sử dụng: Đèn đường BRP37X","Chip LED đèn đường","C30DD7XS050-3P3-5C-48LED","Chip đèn đường 50W LED 3030 - Sử dụng: Đèn đường BRP37X | Vàng (3.000K - 3.200K), Lumileds 3030, 50W, 5C, 30VDC, 48LED","Vàng (3.000K - 3.200K)","Lumileds 3030","50","5C","30VDC","3030","48"
"C30DD7XS050","Chip đèn đường 50W LED 3030 - Sử dụng: Đèn đường BRP37X","Chip LED đèn đường","C30DD7XS050-6B3-5C-48LED","Chip đèn đường 50W LED 3030 - Sử dụng: Đèn đường BRP37X | Trắng (6.000K - 6.500K), Bridgelux 3030, 50W, 5C, 30VDC, 48LED","Trắng (6.000K - 6.500K)","Bridgelux 3030","50","5C","30VDC","3030","48"
"C30DD7XS050","Chip đèn đường 50W LED 3030 - Sử dụng: Đèn đường BRP37X","Chip LED đèn đường","C30DD7XS050-5B3-5C-48LED","Chip đèn đường 50W LED 3030 - Sử dụng: Đèn đường BRP37X | Trắng (5.000K), Bridgelux 3030, 50W, 5C, 30VDC, 48LED","Trắng (5.000K)","Bridgelux 3030","50","5C","30VDC","3030","48"
"C30DD7XS050","Chip đèn đường 50W LED 3030 - Sử dụng: Đèn đường BRP37X","Chip LED đèn đường","C30DD7XS050-4B3-5C-48LED","Chip đèn đường 50W LED 3030 - Sử dụng: Đèn đường BRP37X | Trung tính (4.000K - 4.200K), Bridgelux 3030, 50W, 5C, 30VDC, 48LED","Trung tính (4.000K - 4.200K)","Bridgelux 3030","50","5C","30VDC","3030","48"
"C30DD7XS050","Chip đèn đường 50W LED 3030 - Sử dụng: Đèn đường BRP37X","Chip LED đèn đường","C30DD7XS050-3B3-5C-48LED","Chip đèn đường 50W LED 3030 - Sử dụng: Đèn đường BRP37X | Vàng (3.000K - 3.200K), Bridgelux 3030, 50W, 5C, 30VDC, 48LED","Vàng (3.000K - 3.200K)","Bridgelux 3030","50","5C","30VDC","3030","48"
"C50DD7XS050","Chip đèn đường 50W LED 5050 - Sử dụng: Đèn đường BRP37X","Chip LED đèn đường","C50DD7XS050-6P5-5C-16LED","Chip đèn đường 50W LED 5050 - Sử dụng: Đèn đường BRP37X | Trắng (6.000K - 6.500K), Lumileds 5050, 50W, 5C, 30VDC, 16LED","Trắng (6.000K - 6.500K)","Lumileds 5050","50","5C","30VDC","5050","16"
"C50DD7XS050","Chip đèn đường 50W LED 5050 - Sử dụng: Đèn đường BRP37X","Chip LED đèn đường","C50DD7XS050-5P5-5C-16LED","Chip đèn đường 50W LED 5050 - Sử dụng: Đèn đường BRP37X | Trắng (5.000K), Lumileds 5050, 50W, 5C, 30VDC, 16LED","Trắng (5.000K)","Lumileds 5050","50","5C","30VDC","5050","16"
"C50DD7XS050","Chip đèn đường 50W LED 5050 - Sử dụng: Đèn đường BRP37X","Chip LED đèn đường","C50DD7XS050-4P5-5C-16LED","Chip đèn đường 50W LED 5050 - Sử dụng: Đèn đường BRP37X | Trung tính (4.000K - 4.200K), Lumileds 5050, 50W, 5C, 30VDC, 16LED","Trung tính (4.000K - 4.200K)","Lumileds 5050","50","5C","30VDC","5050","16"
"C50DD7XS050","Chip đèn đường 50W LED 5050 - Sử dụng: Đèn đường BRP37X","Chip LED đèn đường","C50DD7XS050-3P5-5C-16LED","Chip đèn đường 50W LED 5050 - Sử dụng: Đèn đường BRP37X | Vàng (3.000K - 3.200K), Lumileds 5050, 50W, 5C, 30VDC, 16LED","Vàng (3.000K - 3.200K)","Lumileds 5050","50","5C","30VDC","5050","16"
"C50DD7XS050","Chip đèn đường 50W LED 5050 - Sử dụng: Đèn đường BRP37X","Chip LED đèn đường","C50DD7XS050-6B5-5C-16LED","Chip đèn đường 50W LED 5050 - Sử dụng: Đèn đường BRP37X | Trắng (6.000K - 6.500K), Bridgelux 5050, 50W, 5C, 30VDC, 16LED","Trắng (6.000K - 6.500K)","Bridgelux 5050","50","5C","30VDC","5050","16"
"C50DD7XS050","Chip đèn đường 50W LED 5050 - Sử dụng: Đèn đường BRP37X","Chip LED đèn đường","C50DD7XS050-5B5-5C-16LED","Chip đèn đường 50W LED 5050 - Sử dụng: Đèn đường BRP37X | Trắng (5.000K), Bridgelux 5050, 50W, 5C, 30VDC, 16LED","Trắng (5.000K)","Bridgelux 5050","50","5C","30VDC","5050","16"
"C50DD7XS050","Chip đèn đường 50W LED 5050 - Sử dụng: Đèn đường BRP37X","Chip LED đèn đường","C50DD7XS050-4B5-5C-16LED","Chip đèn đường 50W LED 5050 - Sử dụng: Đèn đường BRP37X | Trung tính (4.000K - 4.200K), Bridgelux 5050, 50W, 5C, 30VDC, 16LED","Trung tính (4.000K - 4.200K)","Bridgelux 5050","50","5C","30VDC","5050","16"
"C50DD7XS050","Chip đèn đường 50W LED 5050 - Sử dụng: Đèn đường BRP37X","Chip LED đèn đường","C50DD7XS050-3B5-5C-16LED","Chip đèn đường 50W LED 5050 - Sử dụng: Đèn đường BRP37X | Vàng (3.000K - 3.200K), Bridgelux 5050, 50W, 5C, 30VDC, 16LED","Vàng (3.000K - 3.200K)","Bridgelux 5050","50","5C","30VDC","5050","16"
"C30DD9XS100","Chip đèn đường 100W LED 3030 - Sử dụng: Đèn đường BRP39X","Chip LED đèn đường","C30DD9XS100-6P3-5Cx2-100LED","Chip đèn đường 100W LED 3030 - Sử dụng: Đèn đường BRP39X | Trắng (6.000K - 6.500K), Lumileds 3030, 100W, 5Cx2, 30VDC, 100LED","Trắng (6.000K - 6.500K)","Lumileds 3030","100","5Cx2","30VDC","3030","100"
"C30DD9XS100","Chip đèn đường 100W LED 3030 - Sử dụng: Đèn đường BRP39X","Chip LED đèn đường","C30DD9XS100-5P3-5Cx2-100LED","Chip đèn đường 100W LED 3030 - Sử dụng: Đèn đường BRP39X | Trắng (5.000K), Lumileds 3030, 100W, 5Cx2, 30VDC, 100LED","Trắng (5.000K)","Lumileds 3030","100","5Cx2","30VDC","3030","100"
"C30DD9XS100","Chip đèn đường 100W LED 3030 - Sử dụng: Đèn đường BRP39X","Chip LED đèn đường","C30DD9XS100-4P3-5Cx2-100LED","Chip đèn đường 100W LED 3030 - Sử dụng: Đèn đường BRP39X | Trung tính (4.000K - 4.200K), Lumileds 3030, 100W, 5Cx2, 30VDC, 100LED","Trung tính (4.000K - 4.200K)","Lumileds 3030","100","5Cx2","30VDC","3030","100"
"C30DD9XS100","Chip đèn đường 100W LED 3030 - Sử dụng: Đèn đường BRP39X","Chip LED đèn đường","C30DD9XS100-3P3-5Cx2-100LED","Chip đèn đường 100W LED 3030 - Sử dụng: Đèn đường BRP39X | Vàng (3.000K - 3.200K), Lumileds 3030, 100W, 5Cx2, 30VDC, 100LED","Vàng (3.000K - 3.200K)","Lumileds 3030","100","5Cx2","30VDC","3030","100"
"C30DD9XS100","Chip đèn đường 100W LED 3030 - Sử dụng: Đèn đường BRP39X","Chip LED đèn đường","C30DD9XS100-6B3-5Cx2-100LED","Chip đèn đường 100W LED 3030 - Sử dụng: Đèn đường BRP39X | Trắng (6.000K - 6.500K), Bridgelux 3030, 100W, 5Cx2, 30VDC, 100LED","Trắng (6.000K - 6.500K)","Bridgelux 3030","100","5Cx2","30VDC","3030","100"
"C30DD9XS100","Chip đèn đường 100W LED 3030 - Sử dụng: Đèn đường BRP39X","Chip LED đèn đường","C30DD9XS100-5B3-5Cx2-100LED","Chip đèn đường 100W LED 3030 - Sử dụng: Đèn đường BRP39X | Trắng (5.000K), Bridgelux 3030, 100W, 5Cx2, 30VDC, 100LED","Trắng (5.000K)","Bridgelux 3030","100","5Cx2","30VDC","3030","100"
"C30DD9XS100","Chip đèn đường 100W LED 3030 - Sử dụng: Đèn đường BRP39X","Chip LED đèn đường","C30DD9XS100-4B3-5Cx2-100LED","Chip đèn đường 100W LED 3030 - Sử dụng: Đèn đường BRP39X | Trung tính (4.000K - 4.200K), Bridgelux 3030, 100W, 5Cx2, 30VDC, 100LED","Trung tính (4.000K - 4.200K)","Bridgelux 3030","100","5Cx2","30VDC","3030","100"
"C30DD9XS100","Chip đèn đường 100W LED 3030 - Sử dụng: Đèn đường BRP39X","Chip LED đèn đường","C30DD9XS100-3B3-5Cx2-100LED","Chip đèn đường 100W LED 3030 - Sử dụng: Đèn đường BRP39X | Vàng (3.000K - 3.200K), Bridgelux 3030, 100W, 5Cx2, 30VDC, 100LED","Vàng (3.000K - 3.200K)","Bridgelux 3030","100","5Cx2","30VDC","3030","100"
"C30DD20S050","Chip đèn đường 50W LED 3030 - Sử dụng: Đèn đường D20","Chip LED đèn đường","C30DD20S050-6P3-5Cx2-96LED","Chip đèn đường 50W LED 3030 - Sử dụng: Đèn đường D20 | Trắng (6.000K - 6.500K), Lumileds 3030, 50W, 5Cx2, 30VDC, 96LED","Trắng (6.000K - 6.500K)","Lumileds 3030","50","5Cx2","30VDC","3030","96"
"C30DD20S050","Chip đèn đường 50W LED 3030 - Sử dụng: Đèn đường D20","Chip LED đèn đường","C30DD20S050-5P3-5Cx2-96LED","Chip đèn đường 50W LED 3030 - Sử dụng: Đèn đường D20 | Trắng (5.000K), Lumileds 3030, 50W, 5Cx2, 30VDC, 96LED","Trắng (5.000K)","Lumileds 3030","50","5Cx2","30VDC","3030","96"
"C30DD20S050","Chip đèn đường 50W LED 3030 - Sử dụng: Đèn đường D20","Chip LED đèn đường","C30DD20S050-4P3-5Cx2-96LED","Chip đèn đường 50W LED 3030 - Sử dụng: Đèn đường D20 | Trung tính (4.000K - 4.200K), Lumileds 3030, 50W, 5Cx2, 30VDC, 96LED","Trung tính (4.000K - 4.200K)","Lumileds 3030","50","5Cx2","30VDC","3030","96"
"C30DD20S050","Chip đèn đường 50W LED 3030 - Sử dụng: Đèn đường D20","Chip LED đèn đường","C30DD20S050-3P3-5Cx2-96LED","Chip đèn đường 50W LED 3030 - Sử dụng: Đèn đường D20 | Vàng (3.000K - 3.200K), Lumileds 3030, 50W, 5Cx2, 30VDC, 96LED","Vàng (3.000K - 3.200K)","Lumileds 3030","50","5Cx2","30VDC","3030","96"
"C30DD20S050","Chip đèn đường 50W LED 3030 - Sử dụng: Đèn đường D20","Chip LED đèn đường","C30DD20S050-6B3-5Cx2-96LED","Chip đèn đường 50W LED 3030 - Sử dụng: Đèn đường D20 | Trắng (6.000K - 6.500K), Bridgelux 3030, 50W, 5Cx2, 30VDC, 96LED","Trắng (6.000K - 6.500K)","Bridgelux 3030","50","5Cx2","30VDC","3030","96"
"C30DD20S050","Chip đèn đường 50W LED 3030 - Sử dụng: Đèn đường D20","Chip LED đèn đường","C30DD20S050-5B3-5Cx2-96LED","Chip đèn đường 50W LED 3030 - Sử dụng: Đèn đường D20 | Trắng (5.000K), Bridgelux 3030, 50W, 5Cx2, 30VDC, 96LED","Trắng (5.000K)","Bridgelux 3030","50","5Cx2","30VDC","3030","96"
"C30DD20S050","Chip đèn đường 50W LED 3030 - Sử dụng: Đèn đường D20","Chip LED đèn đường","C30DD20S050-4B3-5Cx2-96LED","Chip đèn đường 50W LED 3030 - Sử dụng: Đèn đường D20 | Trung tính (4.000K - 4.200K), Bridgelux 3030, 50W, 5Cx2, 30VDC, 96LED","Trung tính (4.000K - 4.200K)","Bridgelux 3030","50","5Cx2","30VDC","3030","96"
"C30DD20S050","Chip đèn đường 50W LED 3030 - Sử dụng: Đèn đường D20","Chip LED đèn đường","C30DD20S050-3B3-5Cx2-96LED","Chip đèn đường 50W LED 3030 - Sử dụng: Đèn đường D20 | Vàng (3.000K - 3.200K), Bridgelux 3030, 50W, 5Cx2, 30VDC, 96LED","Vàng (3.000K - 3.200K)","Bridgelux 3030","50","5Cx2","30VDC","3030","96"
"C50DD20S050","Chip đèn đường 50W LED 5050 - Sử dụng: Đèn đường D20","Chip LED đèn đường","C50DD20S050-6P5-5Cx2-24LED","Chip đèn đường 50W LED 5050 - Sử dụng: Đèn đường D20 | Trắng (6.000K - 6.500K), Lumileds 5050, 50W, 5Cx2, 30VDC, 24LED","Trắng (6.000K - 6.500K)","Lumileds 5050","50","5Cx2","30VDC","5050","24"
"C50DD20S050","Chip đèn đường 50W LED 5050 - Sử dụng: Đèn đường D20","Chip LED đèn đường","C50DD20S050-5P5-5Cx2-24LED","Chip đèn đường 50W LED 5050 - Sử dụng: Đèn đường D20 | Trắng (5.000K), Lumileds 5050, 50W, 5Cx2, 30VDC, 24LED","Trắng (5.000K)","Lumileds 5050","50","5Cx2","30VDC","5050","24"
"C50DD20S050","Chip đèn đường 50W LED 5050 - Sử dụng: Đèn đường D20","Chip LED đèn đường","C50DD20S050-4P5-5Cx2-24LED","Chip đèn đường 50W LED 5050 - Sử dụng: Đèn đường D20 | Trung tính (4.000K - 4.200K), Lumileds 5050, 50W, 5Cx2, 30VDC, 24LED","Trung tính (4.000K - 4.200K)","Lumileds 5050","50","5Cx2","30VDC","5050","24"
"C50DD20S050","Chip đèn đường 50W LED 5050 - Sử dụng: Đèn đường D20","Chip LED đèn đường","C50DD20S050-3P5-5Cx2-24LED","Chip đèn đường 50W LED 5050 - Sử dụng: Đèn đường D20 | Vàng (3.000K - 3.200K), Lumileds 5050, 50W, 5Cx2, 30VDC, 24LED","Vàng (3.000K - 3.200K)","Lumileds 5050","50","5Cx2","30VDC","5050","24"
"C50DD20S050","Chip đèn đường 50W LED 5050 - Sử dụng: Đèn đường D20","Chip LED đèn đường","C50DD20S050-6B5-5Cx2-24LED","Chip đèn đường 50W LED 5050 - Sử dụng: Đèn đường D20 | Trắng (6.000K - 6.500K), Bridgelux 5050, 50W, 5Cx2, 30VDC, 24LED","Trắng (6.000K - 6.500K)","Bridgelux 5050","50","5Cx2","30VDC","5050","24"
"C50DD20S050","Chip đèn đường 50W LED 5050 - Sử dụng: Đèn đường D20","Chip LED đèn đường","C50DD20S050-5B5-5Cx2-24LED","Chip đèn đường 50W LED 5050 - Sử dụng: Đèn đường D20 | Trắng (5.000K), Bridgelux 5050, 50W, 5Cx2, 30VDC, 24LED","Trắng (5.000K)","Bridgelux 5050","50","5Cx2","30VDC","5050","24"
"C50DD20S050","Chip đèn đường 50W LED 5050 - Sử dụng: Đèn đường D20","Chip LED đèn đường","C50DD20S050-4B5-5Cx2-24LED","Chip đèn đường 50W LED 5050 - Sử dụng: Đèn đường D20 | Trung tính (4.000K - 4.200K), Bridgelux 5050, 50W, 5Cx2, 30VDC, 24LED","Trung tính (4.000K - 4.200K)","Bridgelux 5050","50","5Cx2","30VDC","5050","24"
"C50DD20S050","Chip đèn đường 50W LED 5050 - Sử dụng: Đèn đường D20","Chip LED đèn đường","C50DD20S050-3B5-5Cx2-24LED","Chip đèn đường 50W LED 5050 - Sử dụng: Đèn đường D20 | Vàng (3.000K - 3.200K), Bridgelux 5050, 50W, 5Cx2, 30VDC, 24LED","Vàng (3.000K - 3.200K)","Bridgelux 5050","50","5Cx2","30VDC","5050","24"
"C30DD20S100","Chip đèn đường 100W LED 3030 - Sử dụng: Đèn đường D20","Chip LED đèn đường","C30DD20S100-6P3-5Cx3-128LED","Chip đèn đường 100W LED 3030 - Sử dụng: Đèn đường D20 | Trắng (6.000K - 6.500K), Lumileds 3030, 100W, 5Cx3, 30VDC, 128LED","Trắng (6.000K - 6.500K)","Lumileds 3030","100","5Cx3","30VDC","3030","128"
"C30DD20S100","Chip đèn đường 100W LED 3030 - Sử dụng: Đèn đường D20","Chip LED đèn đường","C30DD20S100-5P3-5Cx3-128LED","Chip đèn đường 100W LED 3030 - Sử dụng: Đèn đường D20 | Trắng (5.000K), Lumileds 3030, 100W, 5Cx3, 30VDC, 128LED","Trắng (5.000K)","Lumileds 3030","100","5Cx3","30VDC","3030","128"
"C30DD20S100","Chip đèn đường 100W LED 3030 - Sử dụng: Đèn đường D20","Chip LED đèn đường","C30DD20S100-4P3-5Cx3-128LED","Chip đèn đường 100W LED 3030 - Sử dụng: Đèn đường D20 | Trung tính (4.000K - 4.200K), Lumileds 3030, 100W, 5Cx3, 30VDC, 128LED","Trung tính (4.000K - 4.200K)","Lumileds 3030","100","5Cx3","30VDC","3030","128"
"C30DD20S100","Chip đèn đường 100W LED 3030 - Sử dụng: Đèn đường D20","Chip LED đèn đường","C30DD20S100-3P3-5Cx3-128LED","Chip đèn đường 100W LED 3030 - Sử dụng: Đèn đường D20 | Vàng (3.000K - 3.200K), Lumileds 3030, 100W, 5Cx3, 30VDC, 128LED","Vàng (3.000K - 3.200K)","Lumileds 3030","100","5Cx3","30VDC","3030","128"
"C30DD20S100","Chip đèn đường 100W LED 3030 - Sử dụng: Đèn đường D20","Chip LED đèn đường","C30DD20S100-6B3-5Cx3-128LED","Chip đèn đường 100W LED 3030 - Sử dụng: Đèn đường D20 | Trắng (6.000K - 6.500K), Bridgelux 3030, 100W, 5Cx3, 30VDC, 128LED","Trắng (6.000K - 6.500K)","Bridgelux 3030","100","5Cx3","30VDC","3030","128"
"C30DD20S100","Chip đèn đường 100W LED 3030 - Sử dụng: Đèn đường D20","Chip LED đèn đường","C30DD20S100-5B3-5Cx3-128LED","Chip đèn đường 100W LED 3030 - Sử dụng: Đèn đường D20 | Trắng (5.000K), Bridgelux 3030, 100W, 5Cx3, 30VDC, 128LED","Trắng (5.000K)","Bridgelux 3030","100","5Cx3","30VDC","3030","128"
"C30DD20S100","Chip đèn đường 100W LED 3030 - Sử dụng: Đèn đường D20","Chip LED đèn đường","C30DD20S100-4B3-5Cx3-128LED","Chip đèn đường 100W LED 3030 - Sử dụng: Đèn đường D20 | Trung tính (4.000K - 4.200K), Bridgelux 3030, 100W, 5Cx3, 30VDC, 128LED","Trung tính (4.000K - 4.200K)","Bridgelux 3030","100","5Cx3","30VDC","3030","128"
"C30DD20S100","Chip đèn đường 100W LED 3030 - Sử dụng: Đèn đường D20","Chip LED đèn đường","C30DD20S100-3B3-5Cx3-128LED","Chip đèn đường 100W LED 3030 - Sử dụng: Đèn đường D20 | Vàng (3.000K - 3.200K), Bridgelux 3030, 100W, 5Cx3, 30VDC, 128LED","Vàng (3.000K - 3.200K)","Bridgelux 3030","100","5Cx3","30VDC","3030","128"
"C50DD20S100","Chip đèn đường 100W LED 5050 - Sử dụng: Đèn đường D20","Chip LED đèn đường","C50DD20S100-6P5-5Cx3-32LED","Chip đèn đường 100W LED 5050 - Sử dụng: Đèn đường D20 | Trắng (6.000K - 6.500K), Lumileds 5050, 100W, 5Cx3, 30VDC, 32LED","Trắng (6.000K - 6.500K)","Lumileds 5050","100","5Cx3","30VDC","5050","32"
"C50DD20S100","Chip đèn đường 100W LED 5050 - Sử dụng: Đèn đường D20","Chip LED đèn đường","C50DD20S100-5P5-5Cx3-32LED","Chip đèn đường 100W LED 5050 - Sử dụng: Đèn đường D20 | Trắng (5.000K), Lumileds 5050, 100W, 5Cx3, 30VDC, 32LED","Trắng (5.000K)","Lumileds 5050","100","5Cx3","30VDC","5050","32"
"C50DD20S100","Chip đèn đường 100W LED 5050 - Sử dụng: Đèn đường D20","Chip LED đèn đường","C50DD20S100-4P5-5Cx3-32LED","Chip đèn đường 100W LED 5050 - Sử dụng: Đèn đường D20 | Trung tính (4.000K - 4.200K), Lumileds 5050, 100W, 5Cx3, 30VDC, 32LED","Trung tính (4.000K - 4.200K)","Lumileds 5050","100","5Cx3","30VDC","5050","32"
"C50DD20S100","Chip đèn đường 100W LED 5050 - Sử dụng: Đèn đường D20","Chip LED đèn đường","C50DD20S100-3P5-5Cx3-32LED","Chip đèn đường 100W LED 5050 - Sử dụng: Đèn đường D20 | Vàng (3.000K - 3.200K), Lumileds 5050, 100W, 5Cx3, 30VDC, 32LED","Vàng (3.000K - 3.200K)","Lumileds 5050","100","5Cx3","30VDC","5050","32"
"C50DD20S100","Chip đèn đường 100W LED 5050 - Sử dụng: Đèn đường D20","Chip LED đèn đường","C50DD20S100-6B5-5Cx3-32LED","Chip đèn đường 100W LED 5050 - Sử dụng: Đèn đường D20 | Trắng (6.000K - 6.500K), Bridgelux 5050, 100W, 5Cx3, 30VDC, 32LED","Trắng (6.000K - 6.500K)","Bridgelux 5050","100","5Cx3","30VDC","5050","32"
"C50DD20S100","Chip đèn đường 100W LED 5050 - Sử dụng: Đèn đường D20","Chip LED đèn đường","C50DD20S100-5B5-5Cx3-32LED","Chip đèn đường 100W LED 5050 - Sử dụng: Đèn đường D20 | Trắng (5.000K), Bridgelux 5050, 100W, 5Cx3, 30VDC, 32LED","Trắng (5.000K)","Bridgelux 5050","100","5Cx3","30VDC","5050","32"
"C50DD20S100","Chip đèn đường 100W LED 5050 - Sử dụng: Đèn đường D20","Chip LED đèn đường","C50DD20S100-4B5-5Cx3-32LED","Chip đèn đường 100W LED 5050 - Sử dụng: Đèn đường D20 | Trung tính (4.000K - 4.200K), Bridgelux 5050, 100W, 5Cx3, 30VDC, 32LED","Trung tính (4.000K - 4.200K)","Bridgelux 5050","100","5Cx3","30VDC","5050","32"
"C50DD20S100","Chip đèn đường 100W LED 5050 - Sử dụng: Đèn đường D20","Chip LED đèn đường","C50DD20S100-3B5-5Cx3-32LED","Chip đèn đường 100W LED 5050 - Sử dụng: Đèn đường D20 | Vàng (3.000K - 3.200K), Bridgelux 5050, 100W, 5Cx3, 30VDC, 32LED","Vàng (3.000K - 3.200K)","Bridgelux 5050","100","5Cx3","30VDC","5050","32"
"C30DD20S150","Chip đèn đường 150W LED 3030 - Sử dụng: Đèn đường D20","Chip LED đèn đường","C30DD20S150-6P3-5Cx4-240LED","Chip đèn đường 150W LED 3030 - Sử dụng: Đèn đường D20 | Trắng (6.000K - 6.500K), Lumileds 3030, 150W, 5Cx4, 30VDC, 240LED","Trắng (6.000K - 6.500K)","Lumileds 3030","150","5Cx4","30VDC","3030","240"
"C30DD20S150","Chip đèn đường 150W LED 3030 - Sử dụng: Đèn đường D20","Chip LED đèn đường","C30DD20S150-5P3-5Cx4-240LED","Chip đèn đường 150W LED 3030 - Sử dụng: Đèn đường D20 | Trắng (5.000K), Lumileds 3030, 150W, 5Cx4, 30VDC, 240LED","Trắng (5.000K)","Lumileds 3030","150","5Cx4","30VDC","3030","240"
"C30DD20S150","Chip đèn đường 150W LED 3030 - Sử dụng: Đèn đường D20","Chip LED đèn đường","C30DD20S150-4P3-5Cx4-240LED","Chip đèn đường 150W LED 3030 - Sử dụng: Đèn đường D20 | Trung tính (4.000K - 4.200K), Lumileds 3030, 150W, 5Cx4, 30VDC, 240LED","Trung tính (4.000K - 4.200K)","Lumileds 3030","150","5Cx4","30VDC","3030","240"
"C30DD20S150","Chip đèn đường 150W LED 3030 - Sử dụng: Đèn đường D20","Chip LED đèn đường","C30DD20S150-3P3-5Cx4-240LED","Chip đèn đường 150W LED 3030 - Sử dụng: Đèn đường D20 | Vàng (3.000K - 3.200K), Lumileds 3030, 150W, 5Cx4, 30VDC, 240LED","Vàng (3.000K - 3.200K)","Lumileds 3030","150","5Cx4","30VDC","3030","240"
"C30DD20S150","Chip đèn đường 150W LED 3030 - Sử dụng: Đèn đường D20","Chip LED đèn đường","C30DD20S150-6B3-5Cx4-240LED","Chip đèn đường 150W LED 3030 - Sử dụng: Đèn đường D20 | Trắng (6.000K - 6.500K), Bridgelux 3030, 150W, 5Cx4, 30VDC, 240LED","Trắng (6.000K - 6.500K)","Bridgelux 3030","150","5Cx4","30VDC","3030","240"
"C30DD20S150","Chip đèn đường 150W LED 3030 - Sử dụng: Đèn đường D20","Chip LED đèn đường","C30DD20S150-5B3-5Cx4-240LED","Chip đèn đường 150W LED 3030 - Sử dụng: Đèn đường D20 | Trắng (5.000K), Bridgelux 3030, 150W, 5Cx4, 30VDC, 240LED","Trắng (5.000K)","Bridgelux 3030","150","5Cx4","30VDC","3030","240"
"C30DD20S150","Chip đèn đường 150W LED 3030 - Sử dụng: Đèn đường D20","Chip LED đèn đường","C30DD20S150-4B3-5Cx4-240LED","Chip đèn đường 150W LED 3030 - Sử dụng: Đèn đường D20 | Trung tính (4.000K - 4.200K), Bridgelux 3030, 150W, 5Cx4, 30VDC, 240LED","Trung tính (4.000K - 4.200K)","Bridgelux 3030","150","5Cx4","30VDC","3030","240"
"C30DD20S150","Chip đèn đường 150W LED 3030 - Sử dụng: Đèn đường D20","Chip LED đèn đường","C30DD20S150-3B3-5Cx4-240LED","Chip đèn đường 150W LED 3030 - Sử dụng: Đèn đường D20 | Vàng (3.000K - 3.200K), Bridgelux 3030, 150W, 5Cx4, 30VDC, 240LED","Vàng (3.000K - 3.200K)","Bridgelux 3030","150","5Cx4","30VDC","3030","240"
"C50DD20S150","Chip đèn đường 150W LED 5050 - Sử dụng: Đèn đường D20","Chip LED đèn đường","C50DD20S150-6P5-5Cx4-60LED","Chip đèn đường 150W LED 5050 - Sử dụng: Đèn đường D20 | Trắng (6.000K - 6.500K), Lumileds 5050, 150W, 5Cx4, 30VDC, 60LED","Trắng (6.000K - 6.500K)","Lumileds 5050","150","5Cx4","30VDC","5050","60"
"C50DD20S150","Chip đèn đường 150W LED 5050 - Sử dụng: Đèn đường D20","Chip LED đèn đường","C50DD20S150-5P5-5Cx4-60LED","Chip đèn đường 150W LED 5050 - Sử dụng: Đèn đường D20 | Trắng (5.000K), Lumileds 5050, 150W, 5Cx4, 30VDC, 60LED","Trắng (5.000K)","Lumileds 5050","150","5Cx4","30VDC","5050","60"
"C50DD20S150","Chip đèn đường 150W LED 5050 - Sử dụng: Đèn đường D20","Chip LED đèn đường","C50DD20S150-4P5-5Cx4-60LED","Chip đèn đường 150W LED 5050 - Sử dụng: Đèn đường D20 | Trung tính (4.000K - 4.200K), Lumileds 5050, 150W, 5Cx4, 30VDC, 60LED","Trung tính (4.000K - 4.200K)","Lumileds 5050","150","5Cx4","30VDC","5050","60"
"C50DD20S150","Chip đèn đường 150W LED 5050 - Sử dụng: Đèn đường D20","Chip LED đèn đường","C50DD20S150-3P5-5Cx4-60LED","Chip đèn đường 150W LED 5050 - Sử dụng: Đèn đường D20 | Vàng (3.000K - 3.200K), Lumileds 5050, 150W, 5Cx4, 30VDC, 60LED","Vàng (3.000K - 3.200K)","Lumileds 5050","150","5Cx4","30VDC","5050","60"
"C50DD20S150","Chip đèn đường 150W LED 5050 - Sử dụng: Đèn đường D20","Chip LED đèn đường","C50DD20S150-6B5-5Cx4-60LED","Chip đèn đường 150W LED 5050 - Sử dụng: Đèn đường D20 | Trắng (6.000K - 6.500K), Bridgelux 5050, 150W, 5Cx4, 30VDC, 60LED","Trắng (6.000K - 6.500K)","Bridgelux 5050","150","5Cx4","30VDC","5050","60"
"C50DD20S150","Chip đèn đường 150W LED 5050 - Sử dụng: Đèn đường D20","Chip LED đèn đường","C50DD20S150-5B5-5Cx4-60LED","Chip đèn đường 150W LED 5050 - Sử dụng: Đèn đường D20 | Trắng (5.000K), Bridgelux 5050, 150W, 5Cx4, 30VDC, 60LED","Trắng (5.000K)","Bridgelux 5050","150","5Cx4","30VDC","5050","60"
"C50DD20S150","Chip đèn đường 150W LED 5050 - Sử dụng: Đèn đường D20","Chip LED đèn đường","C50DD20S150-4B5-5Cx4-60LED","Chip đèn đường 150W LED 5050 - Sử dụng: Đèn đường D20 | Trung tính (4.000K - 4.200K), Bridgelux 5050, 150W, 5Cx4, 30VDC, 60LED","Trung tính (4.000K - 4.200K)","Bridgelux 5050","150","5Cx4","30VDC","5050","60"
"C50DD20S150","Chip đèn đường 150W LED 5050 - Sử dụng: Đèn đường D20","Chip LED đèn đường","C50DD20S150-3B5-5Cx4-60LED","Chip đèn đường 150W LED 5050 - Sử dụng: Đèn đường D20 | Vàng (3.000K - 3.200K), Bridgelux 5050, 150W, 5Cx4, 30VDC, 60LED","Vàng (3.000K - 3.200K)","Bridgelux 5050","150","5Cx4","30VDC","5050","60"
"C30DD20S200","Chip đèn đường 200W LED 3030 - Sử dụng: Đèn đường D20","Chip LED đèn đường","C30DD20S200-6P3-5Cx5-320LED","Chip đèn đường 200W LED 3030 - Sử dụng: Đèn đường D20 | Trắng (6.000K - 6.500K), Lumileds 3030, 200W, 5Cx5, 30VDC, 320LED","Trắng (6.000K - 6.500K)","Lumileds 3030","200","5Cx5","30VDC","3030","320"
"C30DD20S200","Chip đèn đường 200W LED 3030 - Sử dụng: Đèn đường D20","Chip LED đèn đường","C30DD20S200-5P3-5Cx5-320LED","Chip đèn đường 200W LED 3030 - Sử dụng: Đèn đường D20 | Trắng (5.000K), Lumileds 3030, 200W, 5Cx5, 30VDC, 320LED","Trắng (5.000K)","Lumileds 3030","200","5Cx5","30VDC","3030","320"
"C30DD20S200","Chip đèn đường 200W LED 3030 - Sử dụng: Đèn đường D20","Chip LED đèn đường","C30DD20S200-4P3-5Cx5-320LED","Chip đèn đường 200W LED 3030 - Sử dụng: Đèn đường D20 | Trung tính (4.000K - 4.200K), Lumileds 3030, 200W, 5Cx5, 30VDC, 320LED","Trung tính (4.000K - 4.200K)","Lumileds 3030","200","5Cx5","30VDC","3030","320"
"C30DD20S200","Chip đèn đường 200W LED 3030 - Sử dụng: Đèn đường D20","Chip LED đèn đường","C30DD20S200-3P3-5Cx5-320LED","Chip đèn đường 200W LED 3030 - Sử dụng: Đèn đường D20 | Vàng (3.000K - 3.200K), Lumileds 3030, 200W, 5Cx5, 30VDC, 320LED","Vàng (3.000K - 3.200K)","Lumileds 3030","200","5Cx5","30VDC","3030","320"
"C30DD20S200","Chip đèn đường 200W LED 3030 - Sử dụng: Đèn đường D20","Chip LED đèn đường","C30DD20S200-6B3-5Cx5-320LED","Chip đèn đường 200W LED 3030 - Sử dụng: Đèn đường D20 | Trắng (6.000K - 6.500K), Bridgelux 3030, 200W, 5Cx5, 30VDC, 320LED","Trắng (6.000K - 6.500K)","Bridgelux 3030","200","5Cx5","30VDC","3030","320"
"C30DD20S200","Chip đèn đường 200W LED 3030 - Sử dụng: Đèn đường D20","Chip LED đèn đường","C30DD20S200-5B3-5Cx5-320LED","Chip đèn đường 200W LED 3030 - Sử dụng: Đèn đường D20 | Trắng (5.000K), Bridgelux 3030, 200W, 5Cx5, 30VDC, 320LED","Trắng (5.000K)","Bridgelux 3030","200","5Cx5","30VDC","3030","320"
"C30DD20S200","Chip đèn đường 200W LED 3030 - Sử dụng: Đèn đường D20","Chip LED đèn đường","C30DD20S200-4B3-5Cx5-320LED","Chip đèn đường 200W LED 3030 - Sử dụng: Đèn đường D20 | Trung tính (4.000K - 4.200K), Bridgelux 3030, 200W, 5Cx5, 30VDC, 320LED","Trung tính (4.000K - 4.200K)","Bridgelux 3030","200","5Cx5","30VDC","3030","320"
"C30DD20S200","Chip đèn đường 200W LED 3030 - Sử dụng: Đèn đường D20","Chip LED đèn đường","C30DD20S200-3B3-5Cx5-320LED","Chip đèn đường 200W LED 3030 - Sử dụng: Đèn đường D20 | Vàng (3.000K - 3.200K), Bridgelux 3030, 200W, 5Cx5, 30VDC, 320LED","Vàng (3.000K - 3.200K)","Bridgelux 3030","200","5Cx5","30VDC","3030","320"
"C50DD20S200","Chip đèn đường 200W LED 5050 - Sử dụng: Đèn đường D20","Chip LED đèn đường","C50DD20S200-6P5-5Cx5-80LED","Chip đèn đường 200W LED 5050 - Sử dụng: Đèn đường D20 | Trắng (6.000K - 6.500K), Lumileds 5050, 200W, 5Cx5, 30VDC, 80LED","Trắng (6.000K - 6.500K)","Lumileds 5050","200","5Cx5","30VDC","5050","80"
"C50DD20S200","Chip đèn đường 200W LED 5050 - Sử dụng: Đèn đường D20","Chip LED đèn đường","C50DD20S200-5P5-5Cx5-80LED","Chip đèn đường 200W LED 5050 - Sử dụng: Đèn đường D20 | Trắng (5.000K), Lumileds 5050, 200W, 5Cx5, 30VDC, 80LED","Trắng (5.000K)","Lumileds 5050","200","5Cx5","30VDC","5050","80"
"C50DD20S200","Chip đèn đường 200W LED 5050 - Sử dụng: Đèn đường D20","Chip LED đèn đường","C50DD20S200-4P5-5Cx5-80LED","Chip đèn đường 200W LED 5050 - Sử dụng: Đèn đường D20 | Trung tính (4.000K - 4.200K), Lumileds 5050, 200W, 5Cx5, 30VDC, 80LED","Trung tính (4.000K - 4.200K)","Lumileds 5050","200","5Cx5","30VDC","5050","80"
"C50DD20S200","Chip đèn đường 200W LED 5050 - Sử dụng: Đèn đường D20","Chip LED đèn đường","C50DD20S200-3P5-5Cx5-80LED","Chip đèn đường 200W LED 5050 - Sử dụng: Đèn đường D20 | Vàng (3.000K - 3.200K), Lumileds 5050, 200W, 5Cx5, 30VDC, 80LED","Vàng (3.000K - 3.200K)","Lumileds 5050","200","5Cx5","30VDC","5050","80"
"C50DD20S200","Chip đèn đường 200W LED 5050 - Sử dụng: Đèn đường D20","Chip LED đèn đường","C50DD20S200-6B5-5Cx5-80LED","Chip đèn đường 200W LED 5050 - Sử dụng: Đèn đường D20 | Trắng (6.000K - 6.500K), Bridgelux 5050, 200W, 5Cx5, 30VDC, 80LED","Trắng (6.000K - 6.500K)","Bridgelux 5050","200","5Cx5","30VDC","5050","80"
"C50DD20S200","Chip đèn đường 200W LED 5050 - Sử dụng: Đèn đường D20","Chip LED đèn đường","C50DD20S200-5B5-5Cx5-80LED","Chip đèn đường 200W LED 5050 - Sử dụng: Đèn đường D20 | Trắng (5.000K), Bridgelux 5050, 200W, 5Cx5, 30VDC, 80LED","Trắng (5.000K)","Bridgelux 5050","200","5Cx5","30VDC","5050","80"
"C50DD20S200","Chip đèn đường 200W LED 5050 - Sử dụng: Đèn đường D20","Chip LED đèn đường","C50DD20S200-4B5-5Cx5-80LED","Chip đèn đường 200W LED 5050 - Sử dụng: Đèn đường D20 | Trung tính (4.000K - 4.200K), Bridgelux 5050, 200W, 5Cx5, 30VDC, 80LED","Trung tính (4.000K - 4.200K)","Bridgelux 5050","200","5Cx5","30VDC","5050","80"
"C50DD20S200","Chip đèn đường 200W LED 5050 - Sử dụng: Đèn đường D20","Chip LED đèn đường","C50DD20S200-3B5-5Cx5-80LED","Chip đèn đường 200W LED 5050 - Sử dụng: Đèn đường D20 | Vàng (3.000K - 3.200K), Bridgelux 5050, 200W, 5Cx5, 30VDC, 80LED","Vàng (3.000K - 3.200K)","Bridgelux 5050","200","5Cx5","30VDC","5050","80"
"C30DD20S250","Chip đèn đường 250W LED 3030 - Sử dụng: Đèn đường D20","Chip LED đèn đường","C30DD20S250-6P3-5Cx5-320LED","Chip đèn đường 250W LED 3030 - Sử dụng: Đèn đường D20 | Trắng (6.000K - 6.500K), Lumileds 3030, 250W, 5Cx5, 30VDC, 320LED","Trắng (6.000K - 6.500K)","Lumileds 3030","250","5Cx5","30VDC","3030","320"
"C30DD20S250","Chip đèn đường 250W LED 3030 - Sử dụng: Đèn đường D20","Chip LED đèn đường","C30DD20S250-5P3-5Cx5-320LED","Chip đèn đường 250W LED 3030 - Sử dụng: Đèn đường D20 | Trắng (5.000K), Lumileds 3030, 250W, 5Cx5, 30VDC, 320LED","Trắng (5.000K)","Lumileds 3030","250","5Cx5","30VDC","3030","320"
"C30DD20S250","Chip đèn đường 250W LED 3030 - Sử dụng: Đèn đường D20","Chip LED đèn đường","C30DD20S250-4P3-5Cx5-320LED","Chip đèn đường 250W LED 3030 - Sử dụng: Đèn đường D20 | Trung tính (4.000K - 4.200K), Lumileds 3030, 250W, 5Cx5, 30VDC, 320LED","Trung tính (4.000K - 4.200K)","Lumileds 3030","250","5Cx5","30VDC","3030","320"
"C30DD20S250","Chip đèn đường 250W LED 3030 - Sử dụng: Đèn đường D20","Chip LED đèn đường","C30DD20S250-3P3-5Cx5-320LED","Chip đèn đường 250W LED 3030 - Sử dụng: Đèn đường D20 | Vàng (3.000K - 3.200K), Lumileds 3030, 250W, 5Cx5, 30VDC, 320LED","Vàng (3.000K - 3.200K)","Lumileds 3030","250","5Cx5","30VDC","3030","320"
"C30DD20S250","Chip đèn đường 250W LED 3030 - Sử dụng: Đèn đường D20","Chip LED đèn đường","C30DD20S250-6B3-5Cx5-320LED","Chip đèn đường 250W LED 3030 - Sử dụng: Đèn đường D20 | Trắng (6.000K - 6.500K), Bridgelux 3030, 250W, 5Cx5, 30VDC, 320LED","Trắng (6.000K - 6.500K)","Bridgelux 3030","250","5Cx5","30VDC","3030","320"
"C30DD20S250","Chip đèn đường 250W LED 3030 - Sử dụng: Đèn đường D20","Chip LED đèn đường","C30DD20S250-5B3-5Cx5-320LED","Chip đèn đường 250W LED 3030 - Sử dụng: Đèn đường D20 | Trắng (5.000K), Bridgelux 3030, 250W, 5Cx5, 30VDC, 320LED","Trắng (5.000K)","Bridgelux 3030","250","5Cx5","30VDC","3030","320"
"C30DD20S250","Chip đèn đường 250W LED 3030 - Sử dụng: Đèn đường D20","Chip LED đèn đường","C30DD20S250-4B3-5Cx5-320LED","Chip đèn đường 250W LED 3030 - Sử dụng: Đèn đường D20 | Trung tính (4.000K - 4.200K), Bridgelux 3030, 250W, 5Cx5, 30VDC, 320LED","Trung tính (4.000K - 4.200K)","Bridgelux 3030","250","5Cx5","30VDC","3030","320"
"C30DD20S250","Chip đèn đường 250W LED 3030 - Sử dụng: Đèn đường D20","Chip LED đèn đường","C30DD20S250-3B3-5Cx5-320LED","Chip đèn đường 250W LED 3030 - Sử dụng: Đèn đường D20 | Vàng (3.000K - 3.200K), Bridgelux 3030, 250W, 5Cx5, 30VDC, 320LED","Vàng (3.000K - 3.200K)","Bridgelux 3030","250","5Cx5","30VDC","3030","320"
"C50DD20S250","Chip đèn đường 250W LED 5050 - Sử dụng: Đèn đường D20","Chip LED đèn đường","C50DD20S250-6P5-5Cx5-80LED","Chip đèn đường 250W LED 5050 - Sử dụng: Đèn đường D20 | Trắng (6.000K - 6.500K), Lumileds 5050, 250W, 5Cx5, 30VDC, 80LED","Trắng (6.000K - 6.500K)","Lumileds 5050","250","5Cx5","30VDC","5050","80"
"C50DD20S250","Chip đèn đường 250W LED 5050 - Sử dụng: Đèn đường D20","Chip LED đèn đường","C50DD20S250-5P5-5Cx5-80LED","Chip đèn đường 250W LED 5050 - Sử dụng: Đèn đường D20 | Trắng (5.000K), Lumileds 5050, 250W, 5Cx5, 30VDC, 80LED","Trắng (5.000K)","Lumileds 5050","250","5Cx5","30VDC","5050","80"
"C50DD20S250","Chip đèn đường 250W LED 5050 - Sử dụng: Đèn đường D20","Chip LED đèn đường","C50DD20S250-4P5-5Cx5-80LED","Chip đèn đường 250W LED 5050 - Sử dụng: Đèn đường D20 | Trung tính (4.000K - 4.200K), Lumileds 5050, 250W, 5Cx5, 30VDC, 80LED","Trung tính (4.000K - 4.200K)","Lumileds 5050","250","5Cx5","30VDC","5050","80"
"C50DD20S250","Chip đèn đường 250W LED 5050 - Sử dụng: Đèn đường D20","Chip LED đèn đường","C50DD20S250-3P5-5Cx5-80LED","Chip đèn đường 250W LED 5050 - Sử dụng: Đèn đường D20 | Vàng (3.000K - 3.200K), Lumileds 5050, 250W, 5Cx5, 30VDC, 80LED","Vàng (3.000K - 3.200K)","Lumileds 5050","250","5Cx5","30VDC","5050","80"
"C50DD20S250","Chip đèn đường 250W LED 5050 - Sử dụng: Đèn đường D20","Chip LED đèn đường","C50DD20S250-6B5-5Cx5-80LED","Chip đèn đường 250W LED 5050 - Sử dụng: Đèn đường D20 | Trắng (6.000K - 6.500K), Bridgelux 5050, 250W, 5Cx5, 30VDC, 80LED","Trắng (6.000K - 6.500K)","Bridgelux 5050","250","5Cx5","30VDC","5050","80"
"C50DD20S250","Chip đèn đường 250W LED 5050 - Sử dụng: Đèn đường D20","Chip LED đèn đường","C50DD20S250-5B5-5Cx5-80LED","Chip đèn đường 250W LED 5050 - Sử dụng: Đèn đường D20 | Trắng (5.000K), Bridgelux 5050, 250W, 5Cx5, 30VDC, 80LED","Trắng (5.000K)","Bridgelux 5050","250","5Cx5","30VDC","5050","80"
"C50DD20S250","Chip đèn đường 250W LED 5050 - Sử dụng: Đèn đường D20","Chip LED đèn đường","C50DD20S250-4B5-5Cx5-80LED","Chip đèn đường 250W LED 5050 - Sử dụng: Đèn đường D20 | Trung tính (4.000K - 4.200K), Bridgelux 5050, 250W, 5Cx5, 30VDC, 80LED","Trung tính (4.000K - 4.200K)","Bridgelux 5050","250","5Cx5","30VDC","5050","80"
"C50DD20S250","Chip đèn đường 250W LED 5050 - Sử dụng: Đèn đường D20","Chip LED đèn đường","C50DD20S250-3B5-5Cx5-80LED","Chip đèn đường 250W LED 5050 - Sử dụng: Đèn đường D20 | Vàng (3.000K - 3.200K), Bridgelux 5050, 250W, 5Cx5, 30VDC, 80LED","Vàng (3.000K - 3.200K)","Bridgelux 5050","250","5Cx5","30VDC","5050","80"
"C30DD2XS050","Chip đèn đường 50W LED 3030 - Sử dụng: Đèn đường D22/D23/D25/D26","Chip LED đèn đường","C30DD2XS050-6P3-5Cx2-96LED","Chip đèn đường 50W LED 3030 - Sử dụng: Đèn đường D22/D23/D25/D26 | Trắng (6.000K - 6.500K), Lumileds 3030, 50W, 5Cx2, 30VDC, 96LED","Trắng (6.000K - 6.500K)","Lumileds 3030","50","5Cx2","30VDC","3030","96"
"C30DD2XS050","Chip đèn đường 50W LED 3030 - Sử dụng: Đèn đường D22/D23/D25/D26","Chip LED đèn đường","C30DD2XS050-5P3-5Cx2-96LED","Chip đèn đường 50W LED 3030 - Sử dụng: Đèn đường D22/D23/D25/D26 | Trắng (5.000K), Lumileds 3030, 50W, 5Cx2, 30VDC, 96LED","Trắng (5.000K)","Lumileds 3030","50","5Cx2","30VDC","3030","96"
"C30DD2XS050","Chip đèn đường 50W LED 3030 - Sử dụng: Đèn đường D22/D23/D25/D26","Chip LED đèn đường","C30DD2XS050-4P3-5Cx2-96LED","Chip đèn đường 50W LED 3030 - Sử dụng: Đèn đường D22/D23/D25/D26 | Trung tính (4.000K - 4.200K), Lumileds 3030, 50W, 5Cx2, 30VDC, 96LED","Trung tính (4.000K - 4.200K)","Lumileds 3030","50","5Cx2","30VDC","3030","96"
"C30DD2XS050","Chip đèn đường 50W LED 3030 - Sử dụng: Đèn đường D22/D23/D25/D26","Chip LED đèn đường","C30DD2XS050-3P3-5Cx2-96LED","Chip đèn đường 50W LED 3030 - Sử dụng: Đèn đường D22/D23/D25/D26 | Vàng (3.000K - 3.200K), Lumileds 3030, 50W, 5Cx2, 30VDC, 96LED","Vàng (3.000K - 3.200K)","Lumileds 3030","50","5Cx2","30VDC","3030","96"
"C30DD2XS050","Chip đèn đường 50W LED 3030 - Sử dụng: Đèn đường D22/D23/D25/D26","Chip LED đèn đường","C30DD2XS050-6B3-5Cx2-96LED","Chip đèn đường 50W LED 3030 - Sử dụng: Đèn đường D22/D23/D25/D26 | Trắng (6.000K - 6.500K), Bridgelux 3030, 50W, 5Cx2, 30VDC, 96LED","Trắng (6.000K - 6.500K)","Bridgelux 3030","50","5Cx2","30VDC","3030","96"
"C30DD2XS050","Chip đèn đường 50W LED 3030 - Sử dụng: Đèn đường D22/D23/D25/D26","Chip LED đèn đường","C30DD2XS050-5B3-5Cx2-96LED","Chip đèn đường 50W LED 3030 - Sử dụng: Đèn đường D22/D23/D25/D26 | Trắng (5.000K), Bridgelux 3030, 50W, 5Cx2, 30VDC, 96LED","Trắng (5.000K)","Bridgelux 3030","50","5Cx2","30VDC","3030","96"
"C30DD2XS050","Chip đèn đường 50W LED 3030 - Sử dụng: Đèn đường D22/D23/D25/D26","Chip LED đèn đường","C30DD2XS050-4B3-5Cx2-96LED","Chip đèn đường 50W LED 3030 - Sử dụng: Đèn đường D22/D23/D25/D26 | Trung tính (4.000K - 4.200K), Bridgelux 3030, 50W, 5Cx2, 30VDC, 96LED","Trung tính (4.000K - 4.200K)","Bridgelux 3030","50","5Cx2","30VDC","3030","96"
"C30DD2XS050","Chip đèn đường 50W LED 3030 - Sử dụng: Đèn đường D22/D23/D25/D26","Chip LED đèn đường","C30DD2XS050-3B3-5Cx2-96LED","Chip đèn đường 50W LED 3030 - Sử dụng: Đèn đường D22/D23/D25/D26 | Vàng (3.000K - 3.200K), Bridgelux 3030, 50W, 5Cx2, 30VDC, 96LED","Vàng (3.000K - 3.200K)","Bridgelux 3030","50","5Cx2","30VDC","3030","96"
"C50DD2XS050","Chip đèn đường 50W LED 5050 - Sử dụng: Đèn đường D22/D23/D25/D26","Chip LED đèn đường","C50DD2XS050-6P5-5Cx2-24LED","Chip đèn đường 50W LED 5050 - Sử dụng: Đèn đường D22/D23/D25/D26 | Trắng (6.000K - 6.500K), Lumileds 5050, 50W, 5Cx2, 30VDC, 24LED","Trắng (6.000K - 6.500K)","Lumileds 5050","50","5Cx2","30VDC","5050","24"
"C50DD2XS050","Chip đèn đường 50W LED 5050 - Sử dụng: Đèn đường D22/D23/D25/D26","Chip LED đèn đường","C50DD2XS050-5P5-5Cx2-24LED","Chip đèn đường 50W LED 5050 - Sử dụng: Đèn đường D22/D23/D25/D26 | Trắng (5.000K), Lumileds 5050, 50W, 5Cx2, 30VDC, 24LED","Trắng (5.000K)","Lumileds 5050","50","5Cx2","30VDC","5050","24"
"C50DD2XS050","Chip đèn đường 50W LED 5050 - Sử dụng: Đèn đường D22/D23/D25/D26","Chip LED đèn đường","C50DD2XS050-4P5-5Cx2-24LED","Chip đèn đường 50W LED 5050 - Sử dụng: Đèn đường D22/D23/D25/D26 | Trung tính (4.000K - 4.200K), Lumileds 5050, 50W, 5Cx2, 30VDC, 24LED","Trung tính (4.000K - 4.200K)","Lumileds 5050","50","5Cx2","30VDC","5050","24"
"C50DD2XS050","Chip đèn đường 50W LED 5050 - Sử dụng: Đèn đường D22/D23/D25/D26","Chip LED đèn đường","C50DD2XS050-3P5-5Cx2-24LED","Chip đèn đường 50W LED 5050 - Sử dụng: Đèn đường D22/D23/D25/D26 | Vàng (3.000K - 3.200K), Lumileds 5050, 50W, 5Cx2, 30VDC, 24LED","Vàng (3.000K - 3.200K)","Lumileds 5050","50","5Cx2","30VDC","5050","24"
"C50DD2XS050","Chip đèn đường 50W LED 5050 - Sử dụng: Đèn đường D22/D23/D25/D26","Chip LED đèn đường","C50DD2XS050-6B5-5Cx2-24LED","Chip đèn đường 50W LED 5050 - Sử dụng: Đèn đường D22/D23/D25/D26 | Trắng (6.000K - 6.500K), Bridgelux 5050, 50W, 5Cx2, 30VDC, 24LED","Trắng (6.000K - 6.500K)","Bridgelux 5050","50","5Cx2","30VDC","5050","24"
"C50DD2XS050","Chip đèn đường 50W LED 5050 - Sử dụng: Đèn đường D22/D23/D25/D26","Chip LED đèn đường","C50DD2XS050-5B5-5Cx2-24LED","Chip đèn đường 50W LED 5050 - Sử dụng: Đèn đường D22/D23/D25/D26 | Trắng (5.000K), Bridgelux 5050, 50W, 5Cx2, 30VDC, 24LED","Trắng (5.000K)","Bridgelux 5050","50","5Cx2","30VDC","5050","24"
"C50DD2XS050","Chip đèn đường 50W LED 5050 - Sử dụng: Đèn đường D22/D23/D25/D26","Chip LED đèn đường","C50DD2XS050-4B5-5Cx2-24LED","Chip đèn đường 50W LED 5050 - Sử dụng: Đèn đường D22/D23/D25/D26 | Trung tính (4.000K - 4.200K), Bridgelux 5050, 50W, 5Cx2, 30VDC, 24LED","Trung tính (4.000K - 4.200K)","Bridgelux 5050","50","5Cx2","30VDC","5050","24"
"C50DD2XS050","Chip đèn đường 50W LED 5050 - Sử dụng: Đèn đường D22/D23/D25/D26","Chip LED đèn đường","C50DD2XS050-3B5-5Cx2-24LED","Chip đèn đường 50W LED 5050 - Sử dụng: Đèn đường D22/D23/D25/D26 | Vàng (3.000K - 3.200K), Bridgelux 5050, 50W, 5Cx2, 30VDC, 24LED","Vàng (3.000K - 3.200K)","Bridgelux 5050","50","5Cx2","30VDC","5050","24"
"C30DD2XS100","Chip đèn đường 100W LED 3030 - Sử dụng: Đèn đường D22/D23/D25/D26","Chip LED đèn đường","C30DD2XS100-6P3-5Cx3-144LED","Chip đèn đường 100W LED 3030 - Sử dụng: Đèn đường D22/D23/D25/D26 | Trắng (6.000K - 6.500K), Lumileds 3030, 100W, 5Cx3, 30VDC, 144LED","Trắng (6.000K - 6.500K)","Lumileds 3030","100","5Cx3","30VDC","3030","144"
"C30DD2XS100","Chip đèn đường 100W LED 3030 - Sử dụng: Đèn đường D22/D23/D25/D26","Chip LED đèn đường","C30DD2XS100-5P3-5Cx3-144LED","Chip đèn đường 100W LED 3030 - Sử dụng: Đèn đường D22/D23/D25/D26 | Trắng (5.000K), Lumileds 3030, 100W, 5Cx3, 30VDC, 144LED","Trắng (5.000K)","Lumileds 3030","100","5Cx3","30VDC","3030","144"
"C30DD2XS100","Chip đèn đường 100W LED 3030 - Sử dụng: Đèn đường D22/D23/D25/D26","Chip LED đèn đường","C30DD2XS100-4P3-5Cx3-144LED","Chip đèn đường 100W LED 3030 - Sử dụng: Đèn đường D22/D23/D25/D26 | Trung tính (4.000K - 4.200K), Lumileds 3030, 100W, 5Cx3, 30VDC, 144LED","Trung tính (4.000K - 4.200K)","Lumileds 3030","100","5Cx3","30VDC","3030","144"
"C30DD2XS100","Chip đèn đường 100W LED 3030 - Sử dụng: Đèn đường D22/D23/D25/D26","Chip LED đèn đường","C30DD2XS100-3P3-5Cx3-144LED","Chip đèn đường 100W LED 3030 - Sử dụng: Đèn đường D22/D23/D25/D26 | Vàng (3.000K - 3.200K), Lumileds 3030, 100W, 5Cx3, 30VDC, 144LED","Vàng (3.000K - 3.200K)","Lumileds 3030","100","5Cx3","30VDC","3030","144"
"C30DD2XS100","Chip đèn đường 100W LED 3030 - Sử dụng: Đèn đường D22/D23/D25/D26","Chip LED đèn đường","C30DD2XS100-6B3-5Cx3-144LED","Chip đèn đường 100W LED 3030 - Sử dụng: Đèn đường D22/D23/D25/D26 | Trắng (6.000K - 6.500K), Bridgelux 3030, 100W, 5Cx3, 30VDC, 144LED","Trắng (6.000K - 6.500K)","Bridgelux 3030","100","5Cx3","30VDC","3030","144"
"C30DD2XS100","Chip đèn đường 100W LED 3030 - Sử dụng: Đèn đường D22/D23/D25/D26","Chip LED đèn đường","C30DD2XS100-5B3-5Cx3-144LED","Chip đèn đường 100W LED 3030 - Sử dụng: Đèn đường D22/D23/D25/D26 | Trắng (5.000K), Bridgelux 3030, 100W, 5Cx3, 30VDC, 144LED","Trắng (5.000K)","Bridgelux 3030","100","5Cx3","30VDC","3030","144"
"C30DD2XS100","Chip đèn đường 100W LED 3030 - Sử dụng: Đèn đường D22/D23/D25/D26","Chip LED đèn đường","C30DD2XS100-4B3-5Cx3-144LED","Chip đèn đường 100W LED 3030 - Sử dụng: Đèn đường D22/D23/D25/D26 | Trung tính (4.000K - 4.200K), Bridgelux 3030, 100W, 5Cx3, 30VDC, 144LED","Trung tính (4.000K - 4.200K)","Bridgelux 3030","100","5Cx3","30VDC","3030","144"
"C30DD2XS100","Chip đèn đường 100W LED 3030 - Sử dụng: Đèn đường D22/D23/D25/D26","Chip LED đèn đường","C30DD2XS100-3B3-5Cx3-144LED","Chip đèn đường 100W LED 3030 - Sử dụng: Đèn đường D22/D23/D25/D26 | Vàng (3.000K - 3.200K), Bridgelux 3030, 100W, 5Cx3, 30VDC, 144LED","Vàng (3.000K - 3.200K)","Bridgelux 3030","100","5Cx3","30VDC","3030","144"
"C50DD2XS100","Chip đèn đường 100W LED 5050 - Sử dụng: Đèn đường D22/D23/D25/D26","Chip LED đèn đường","C50DD2XS100-6P5-5Cx3-36LED","Chip đèn đường 100W LED 5050 - Sử dụng: Đèn đường D22/D23/D25/D26 | Trắng (6.000K - 6.500K), Lumileds 5050, 100W, 5Cx3, 30VDC, 36LED","Trắng (6.000K - 6.500K)","Lumileds 5050","100","5Cx3","30VDC","5050","36"
"C50DD2XS100","Chip đèn đường 100W LED 5050 - Sử dụng: Đèn đường D22/D23/D25/D26","Chip LED đèn đường","C50DD2XS100-5P5-5Cx3-36LED","Chip đèn đường 100W LED 5050 - Sử dụng: Đèn đường D22/D23/D25/D26 | Trắng (5.000K), Lumileds 5050, 100W, 5Cx3, 30VDC, 36LED","Trắng (5.000K)","Lumileds 5050","100","5Cx3","30VDC","5050","36"
"C50DD2XS100","Chip đèn đường 100W LED 5050 - Sử dụng: Đèn đường D22/D23/D25/D26","Chip LED đèn đường","C50DD2XS100-4P5-5Cx3-36LED","Chip đèn đường 100W LED 5050 - Sử dụng: Đèn đường D22/D23/D25/D26 | Trung tính (4.000K - 4.200K), Lumileds 5050, 100W, 5Cx3, 30VDC, 36LED","Trung tính (4.000K - 4.200K)","Lumileds 5050","100","5Cx3","30VDC","5050","36"
"C50DD2XS100","Chip đèn đường 100W LED 5050 - Sử dụng: Đèn đường D22/D23/D25/D26","Chip LED đèn đường","C50DD2XS100-3P5-5Cx3-36LED","Chip đèn đường 100W LED 5050 - Sử dụng: Đèn đường D22/D23/D25/D26 | Vàng (3.000K - 3.200K), Lumileds 5050, 100W, 5Cx3, 30VDC, 36LED","Vàng (3.000K - 3.200K)","Lumileds 5050","100","5Cx3","30VDC","5050","36"
"C50DD2XS100","Chip đèn đường 100W LED 5050 - Sử dụng: Đèn đường D22/D23/D25/D26","Chip LED đèn đường","C50DD2XS100-6B5-5Cx3-36LED","Chip đèn đường 100W LED 5050 - Sử dụng: Đèn đường D22/D23/D25/D26 | Trắng (6.000K - 6.500K), Bridgelux 5050, 100W, 5Cx3, 30VDC, 36LED","Trắng (6.000K - 6.500K)","Bridgelux 5050","100","5Cx3","30VDC","5050","36"
"C50DD2XS100","Chip đèn đường 100W LED 5050 - Sử dụng: Đèn đường D22/D23/D25/D26","Chip LED đèn đường","C50DD2XS100-5B5-5Cx3-36LED","Chip đèn đường 100W LED 5050 - Sử dụng: Đèn đường D22/D23/D25/D26 | Trắng (5.000K), Bridgelux 5050, 100W, 5Cx3, 30VDC, 36LED","Trắng (5.000K)","Bridgelux 5050","100","5Cx3","30VDC","5050","36"
"C50DD2XS100","Chip đèn đường 100W LED 5050 - Sử dụng: Đèn đường D22/D23/D25/D26","Chip LED đèn đường","C50DD2XS100-4B5-5Cx3-36LED","Chip đèn đường 100W LED 5050 - Sử dụng: Đèn đường D22/D23/D25/D26 | Trung tính (4.000K - 4.200K), Bridgelux 5050, 100W, 5Cx3, 30VDC, 36LED","Trung tính (4.000K - 4.200K)","Bridgelux 5050","100","5Cx3","30VDC","5050","36"
"C50DD2XS100","Chip đèn đường 100W LED 5050 - Sử dụng: Đèn đường D22/D23/D25/D26","Chip LED đèn đường","C50DD2XS100-3B5-5Cx3-36LED","Chip đèn đường 100W LED 5050 - Sử dụng: Đèn đường D22/D23/D25/D26 | Vàng (3.000K - 3.200K), Bridgelux 5050, 100W, 5Cx3, 30VDC, 36LED","Vàng (3.000K - 3.200K)","Bridgelux 5050","100","5Cx3","30VDC","5050","36"
"C30DD2XS150","Chip đèn đường 150W LED 3030 - Sử dụng: Đèn đường D22/D23/D25/D26","Chip LED đèn đường","C30DD2XS150-6P3-5Cx4-240LED","Chip đèn đường 150W LED 3030 - Sử dụng: Đèn đường D22/D23/D25/D26 | Trắng (6.000K - 6.500K), Lumileds 3030, 150W, 5Cx4, 30VDC, 240LED","Trắng (6.000K - 6.500K)","Lumileds 3030","150","5Cx4","30VDC","3030","240"
"C30DD2XS150","Chip đèn đường 150W LED 3030 - Sử dụng: Đèn đường D22/D23/D25/D26","Chip LED đèn đường","C30DD2XS150-5P3-5Cx4-240LED","Chip đèn đường 150W LED 3030 - Sử dụng: Đèn đường D22/D23/D25/D26 | Trắng (5.000K), Lumileds 3030, 150W, 5Cx4, 30VDC, 240LED","Trắng (5.000K)","Lumileds 3030","150","5Cx4","30VDC","3030","240"
"C30DD2XS150","Chip đèn đường 150W LED 3030 - Sử dụng: Đèn đường D22/D23/D25/D26","Chip LED đèn đường","C30DD2XS150-4P3-5Cx4-240LED","Chip đèn đường 150W LED 3030 - Sử dụng: Đèn đường D22/D23/D25/D26 | Trung tính (4.000K - 4.200K), Lumileds 3030, 150W, 5Cx4, 30VDC, 240LED","Trung tính (4.000K - 4.200K)","Lumileds 3030","150","5Cx4","30VDC","3030","240"
"C30DD2XS150","Chip đèn đường 150W LED 3030 - Sử dụng: Đèn đường D22/D23/D25/D26","Chip LED đèn đường","C30DD2XS150-3P3-5Cx4-240LED","Chip đèn đường 150W LED 3030 - Sử dụng: Đèn đường D22/D23/D25/D26 | Vàng (3.000K - 3.200K), Lumileds 3030, 150W, 5Cx4, 30VDC, 240LED","Vàng (3.000K - 3.200K)","Lumileds 3030","150","5Cx4","30VDC","3030","240"
"C30DD2XS150","Chip đèn đường 150W LED 3030 - Sử dụng: Đèn đường D22/D23/D25/D26","Chip LED đèn đường","C30DD2XS150-6B3-5Cx4-240LED","Chip đèn đường 150W LED 3030 - Sử dụng: Đèn đường D22/D23/D25/D26 | Trắng (6.000K - 6.500K), Bridgelux 3030, 150W, 5Cx4, 30VDC, 240LED","Trắng (6.000K - 6.500K)","Bridgelux 3030","150","5Cx4","30VDC","3030","240"
"C30DD2XS150","Chip đèn đường 150W LED 3030 - Sử dụng: Đèn đường D22/D23/D25/D26","Chip LED đèn đường","C30DD2XS150-5B3-5Cx4-240LED","Chip đèn đường 150W LED 3030 - Sử dụng: Đèn đường D22/D23/D25/D26 | Trắng (5.000K), Bridgelux 3030, 150W, 5Cx4, 30VDC, 240LED","Trắng (5.000K)","Bridgelux 3030","150","5Cx4","30VDC","3030","240"
"C30DD2XS150","Chip đèn đường 150W LED 3030 - Sử dụng: Đèn đường D22/D23/D25/D26","Chip LED đèn đường","C30DD2XS150-4B3-5Cx4-240LED","Chip đèn đường 150W LED 3030 - Sử dụng: Đèn đường D22/D23/D25/D26 | Trung tính (4.000K - 4.200K), Bridgelux 3030, 150W, 5Cx4, 30VDC, 240LED","Trung tính (4.000K - 4.200K)","Bridgelux 3030","150","5Cx4","30VDC","3030","240"
"C30DD2XS150","Chip đèn đường 150W LED 3030 - Sử dụng: Đèn đường D22/D23/D25/D26","Chip LED đèn đường","C30DD2XS150-3B3-5Cx4-240LED","Chip đèn đường 150W LED 3030 - Sử dụng: Đèn đường D22/D23/D25/D26 | Vàng (3.000K - 3.200K), Bridgelux 3030, 150W, 5Cx4, 30VDC, 240LED","Vàng (3.000K - 3.200K)","Bridgelux 3030","150","5Cx4","30VDC","3030","240"
"C50DD2XS150","Chip đèn đường 150W LED 5050 - Sử dụng: Đèn đường D22/D23/D25/D26","Chip LED đèn đường","C50DD2XS150-6P5-5Cx4-60LED","Chip đèn đường 150W LED 5050 - Sử dụng: Đèn đường D22/D23/D25/D26 | Trắng (6.000K - 6.500K), Lumileds 5050, 150W, 5Cx4, 30VDC, 60LED","Trắng (6.000K - 6.500K)","Lumileds 5050","150","5Cx4","30VDC","5050","60"
"C50DD2XS150","Chip đèn đường 150W LED 5050 - Sử dụng: Đèn đường D22/D23/D25/D26","Chip LED đèn đường","C50DD2XS150-5P5-5Cx4-60LED","Chip đèn đường 150W LED 5050 - Sử dụng: Đèn đường D22/D23/D25/D26 | Trắng (5.000K), Lumileds 5050, 150W, 5Cx4, 30VDC, 60LED","Trắng (5.000K)","Lumileds 5050","150","5Cx4","30VDC","5050","60"
"C50DD2XS150","Chip đèn đường 150W LED 5050 - Sử dụng: Đèn đường D22/D23/D25/D26","Chip LED đèn đường","C50DD2XS150-4P5-5Cx4-60LED","Chip đèn đường 150W LED 5050 - Sử dụng: Đèn đường D22/D23/D25/D26 | Trung tính (4.000K - 4.200K), Lumileds 5050, 150W, 5Cx4, 30VDC, 60LED","Trung tính (4.000K - 4.200K)","Lumileds 5050","150","5Cx4","30VDC","5050","60"
"C50DD2XS150","Chip đèn đường 150W LED 5050 - Sử dụng: Đèn đường D22/D23/D25/D26","Chip LED đèn đường","C50DD2XS150-3P5-5Cx4-60LED","Chip đèn đường 150W LED 5050 - Sử dụng: Đèn đường D22/D23/D25/D26 | Vàng (3.000K - 3.200K), Lumileds 5050, 150W, 5Cx4, 30VDC, 60LED","Vàng (3.000K - 3.200K)","Lumileds 5050","150","5Cx4","30VDC","5050","60"
"C50DD2XS150","Chip đèn đường 150W LED 5050 - Sử dụng: Đèn đường D22/D23/D25/D26","Chip LED đèn đường","C50DD2XS150-6B5-5Cx4-60LED","Chip đèn đường 150W LED 5050 - Sử dụng: Đèn đường D22/D23/D25/D26 | Trắng (6.000K - 6.500K), Bridgelux 5050, 150W, 5Cx4, 30VDC, 60LED","Trắng (6.000K - 6.500K)","Bridgelux 5050","150","5Cx4","30VDC","5050","60"
"C50DD2XS150","Chip đèn đường 150W LED 5050 - Sử dụng: Đèn đường D22/D23/D25/D26","Chip LED đèn đường","C50DD2XS150-5B5-5Cx4-60LED","Chip đèn đường 150W LED 5050 - Sử dụng: Đèn đường D22/D23/D25/D26 | Trắng (5.000K), Bridgelux 5050, 150W, 5Cx4, 30VDC, 60LED","Trắng (5.000K)","Bridgelux 5050","150","5Cx4","30VDC","5050","60"
"C50DD2XS150","Chip đèn đường 150W LED 5050 - Sử dụng: Đèn đường D22/D23/D25/D26","Chip LED đèn đường","C50DD2XS150-4B5-5Cx4-60LED","Chip đèn đường 150W LED 5050 - Sử dụng: Đèn đường D22/D23/D25/D26 | Trung tính (4.000K - 4.200K), Bridgelux 5050, 150W, 5Cx4, 30VDC, 60LED","Trung tính (4.000K - 4.200K)","Bridgelux 5050","150","5Cx4","30VDC","5050","60"
"C50DD2XS150","Chip đèn đường 150W LED 5050 - Sử dụng: Đèn đường D22/D23/D25/D26","Chip LED đèn đường","C50DD2XS150-3B5-5Cx4-60LED","Chip đèn đường 150W LED 5050 - Sử dụng: Đèn đường D22/D23/D25/D26 | Vàng (3.000K - 3.200K), Bridgelux 5050, 150W, 5Cx4, 30VDC, 60LED","Vàng (3.000K - 3.200K)","Bridgelux 5050","150","5Cx4","30VDC","5050","60"
"C30DD2XS200","Chip đèn đường 200W LED 3030 - Sử dụng: Đèn đường D22/D23/D25/D26","Chip LED đèn đường","C30DD2XS200-6P3-5Cx5-300LED","Chip đèn đường 200W LED 3030 - Sử dụng: Đèn đường D22/D23/D25/D26 | Trắng (6.000K - 6.500K), Lumileds 3030, 200W, 5Cx5, 30VDC, 300LED","Trắng (6.000K - 6.500K)","Lumileds 3030","200","5Cx5","30VDC","3030","300"
"C30DD2XS200","Chip đèn đường 200W LED 3030 - Sử dụng: Đèn đường D22/D23/D25/D26","Chip LED đèn đường","C30DD2XS200-5P3-5Cx5-300LED","Chip đèn đường 200W LED 3030 - Sử dụng: Đèn đường D22/D23/D25/D26 | Trắng (5.000K), Lumileds 3030, 200W, 5Cx5, 30VDC, 300LED","Trắng (5.000K)","Lumileds 3030","200","5Cx5","30VDC","3030","300"
"C30DD2XS200","Chip đèn đường 200W LED 3030 - Sử dụng: Đèn đường D22/D23/D25/D26","Chip LED đèn đường","C30DD2XS200-4P3-5Cx5-300LED","Chip đèn đường 200W LED 3030 - Sử dụng: Đèn đường D22/D23/D25/D26 | Trung tính (4.000K - 4.200K), Lumileds 3030, 200W, 5Cx5, 30VDC, 300LED","Trung tính (4.000K - 4.200K)","Lumileds 3030","200","5Cx5","30VDC","3030","300"
"C30DD2XS200","Chip đèn đường 200W LED 3030 - Sử dụng: Đèn đường D22/D23/D25/D26","Chip LED đèn đường","C30DD2XS200-3P3-5Cx5-300LED","Chip đèn đường 200W LED 3030 - Sử dụng: Đèn đường D22/D23/D25/D26 | Vàng (3.000K - 3.200K), Lumileds 3030, 200W, 5Cx5, 30VDC, 300LED","Vàng (3.000K - 3.200K)","Lumileds 3030","200","5Cx5","30VDC","3030","300"
"C30DD2XS200","Chip đèn đường 200W LED 3030 - Sử dụng: Đèn đường D22/D23/D25/D26","Chip LED đèn đường","C30DD2XS200-6B3-5Cx5-300LED","Chip đèn đường 200W LED 3030 - Sử dụng: Đèn đường D22/D23/D25/D26 | Trắng (6.000K - 6.500K), Bridgelux 3030, 200W, 5Cx5, 30VDC, 300LED","Trắng (6.000K - 6.500K)","Bridgelux 3030","200","5Cx5","30VDC","3030","300"
"C30DD2XS200","Chip đèn đường 200W LED 3030 - Sử dụng: Đèn đường D22/D23/D25/D26","Chip LED đèn đường","C30DD2XS200-5B3-5Cx5-300LED","Chip đèn đường 200W LED 3030 - Sử dụng: Đèn đường D22/D23/D25/D26 | Trắng (5.000K), Bridgelux 3030, 200W, 5Cx5, 30VDC, 300LED","Trắng (5.000K)","Bridgelux 3030","200","5Cx5","30VDC","3030","300"
"C30DD2XS200","Chip đèn đường 200W LED 3030 - Sử dụng: Đèn đường D22/D23/D25/D26","Chip LED đèn đường","C30DD2XS200-4B3-5Cx5-300LED","Chip đèn đường 200W LED 3030 - Sử dụng: Đèn đường D22/D23/D25/D26 | Trung tính (4.000K - 4.200K), Bridgelux 3030, 200W, 5Cx5, 30VDC, 300LED","Trung tính (4.000K - 4.200K)","Bridgelux 3030","200","5Cx5","30VDC","3030","300"
"C30DD2XS200","Chip đèn đường 200W LED 3030 - Sử dụng: Đèn đường D22/D23/D25/D26","Chip LED đèn đường","C30DD2XS200-3B3-5Cx5-300LED","Chip đèn đường 200W LED 3030 - Sử dụng: Đèn đường D22/D23/D25/D26 | Vàng (3.000K - 3.200K), Bridgelux 3030, 200W, 5Cx5, 30VDC, 300LED","Vàng (3.000K - 3.200K)","Bridgelux 3030","200","5Cx5","30VDC","3030","300"
"C50DD2XS200","Chip đèn đường 200W LED 5050 - Sử dụng: Đèn đường D22/D23/D25/D26","Chip LED đèn đường","C50DD2XS200-6P5-5Cx5-76LED","Chip đèn đường 200W LED 5050 - Sử dụng: Đèn đường D22/D23/D25/D26 | Trắng (6.000K - 6.500K), Lumileds 5050, 200W, 5Cx5, 30VDC, 76LED","Trắng (6.000K - 6.500K)","Lumileds 5050","200","5Cx5","30VDC","5050","76"
"C50DD2XS200","Chip đèn đường 200W LED 5050 - Sử dụng: Đèn đường D22/D23/D25/D26","Chip LED đèn đường","C50DD2XS200-5P5-5Cx5-76LED","Chip đèn đường 200W LED 5050 - Sử dụng: Đèn đường D22/D23/D25/D26 | Trắng (5.000K), Lumileds 5050, 200W, 5Cx5, 30VDC, 76LED","Trắng (5.000K)","Lumileds 5050","200","5Cx5","30VDC","5050","76"
"C50DD2XS200","Chip đèn đường 200W LED 5050 - Sử dụng: Đèn đường D22/D23/D25/D26","Chip LED đèn đường","C50DD2XS200-4P5-5Cx5-76LED","Chip đèn đường 200W LED 5050 - Sử dụng: Đèn đường D22/D23/D25/D26 | Trung tính (4.000K - 4.200K), Lumileds 5050, 200W, 5Cx5, 30VDC, 76LED","Trung tính (4.000K - 4.200K)","Lumileds 5050","200","5Cx5","30VDC","5050","76"
"C50DD2XS200","Chip đèn đường 200W LED 5050 - Sử dụng: Đèn đường D22/D23/D25/D26","Chip LED đèn đường","C50DD2XS200-3P5-5Cx5-76LED","Chip đèn đường 200W LED 5050 - Sử dụng: Đèn đường D22/D23/D25/D26 | Vàng (3.000K - 3.200K), Lumileds 5050, 200W, 5Cx5, 30VDC, 76LED","Vàng (3.000K - 3.200K)","Lumileds 5050","200","5Cx5","30VDC","5050","76"
"C50DD2XS200","Chip đèn đường 200W LED 5050 - Sử dụng: Đèn đường D22/D23/D25/D26","Chip LED đèn đường","C50DD2XS200-6B5-5Cx5-76LED","Chip đèn đường 200W LED 5050 - Sử dụng: Đèn đường D22/D23/D25/D26 | Trắng (6.000K - 6.500K), Bridgelux 5050, 200W, 5Cx5, 30VDC, 76LED","Trắng (6.000K - 6.500K)","Bridgelux 5050","200","5Cx5","30VDC","5050","76"
"C50DD2XS200","Chip đèn đường 200W LED 5050 - Sử dụng: Đèn đường D22/D23/D25/D26","Chip LED đèn đường","C50DD2XS200-5B5-5Cx5-76LED","Chip đèn đường 200W LED 5050 - Sử dụng: Đèn đường D22/D23/D25/D26 | Trắng (5.000K), Bridgelux 5050, 200W, 5Cx5, 30VDC, 76LED","Trắng (5.000K)","Bridgelux 5050","200","5Cx5","30VDC","5050","76"
"C50DD2XS200","Chip đèn đường 200W LED 5050 - Sử dụng: Đèn đường D22/D23/D25/D26","Chip LED đèn đường","C50DD2XS200-4B5-5Cx5-76LED","Chip đèn đường 200W LED 5050 - Sử dụng: Đèn đường D22/D23/D25/D26 | Trung tính (4.000K - 4.200K), Bridgelux 5050, 200W, 5Cx5, 30VDC, 76LED","Trung tính (4.000K - 4.200K)","Bridgelux 5050","200","5Cx5","30VDC","5050","76"
"C50DD2XS200","Chip đèn đường 200W LED 5050 - Sử dụng: Đèn đường D22/D23/D25/D26","Chip LED đèn đường","C50DD2XS200-3B5-5Cx5-76LED","Chip đèn đường 200W LED 5050 - Sử dụng: Đèn đường D22/D23/D25/D26 | Vàng (3.000K - 3.200K), Bridgelux 5050, 200W, 5Cx5, 30VDC, 76LED","Vàng (3.000K - 3.200K)","Bridgelux 5050","200","5Cx5","30VDC","5050","76"
"C30DD2XS250","Chip đèn đường 250W LED 3030 - Sử dụng: Đèn đường D22/D23/D25/D26","Chip LED đèn đường","C30DD2XS250-6P3-5Cx5-300LED","Chip đèn đường 250W LED 3030 - Sử dụng: Đèn đường D22/D23/D25/D26 | Trắng (6.000K - 6.500K), Lumileds 3030, 250W, 5Cx5, 30VDC, 300LED","Trắng (6.000K - 6.500K)","Lumileds 3030","250","5Cx5","30VDC","3030","300"
"C30DD2XS250","Chip đèn đường 250W LED 3030 - Sử dụng: Đèn đường D22/D23/D25/D26","Chip LED đèn đường","C30DD2XS250-5P3-5Cx5-300LED","Chip đèn đường 250W LED 3030 - Sử dụng: Đèn đường D22/D23/D25/D26 | Trắng (5.000K), Lumileds 3030, 250W, 5Cx5, 30VDC, 300LED","Trắng (5.000K)","Lumileds 3030","250","5Cx5","30VDC","3030","300"
"C30DD2XS250","Chip đèn đường 250W LED 3030 - Sử dụng: Đèn đường D22/D23/D25/D26","Chip LED đèn đường","C30DD2XS250-4P3-5Cx5-300LED","Chip đèn đường 250W LED 3030 - Sử dụng: Đèn đường D22/D23/D25/D26 | Trung tính (4.000K - 4.200K), Lumileds 3030, 250W, 5Cx5, 30VDC, 300LED","Trung tính (4.000K - 4.200K)","Lumileds 3030","250","5Cx5","30VDC","3030","300"
"C30DD2XS250","Chip đèn đường 250W LED 3030 - Sử dụng: Đèn đường D22/D23/D25/D26","Chip LED đèn đường","C30DD2XS250-3P3-5Cx5-300LED","Chip đèn đường 250W LED 3030 - Sử dụng: Đèn đường D22/D23/D25/D26 | Vàng (3.000K - 3.200K), Lumileds 3030, 250W, 5Cx5, 30VDC, 300LED","Vàng (3.000K - 3.200K)","Lumileds 3030","250","5Cx5","30VDC","3030","300"
"C30DD2XS250","Chip đèn đường 250W LED 3030 - Sử dụng: Đèn đường D22/D23/D25/D26","Chip LED đèn đường","C30DD2XS250-6B3-5Cx5-300LED","Chip đèn đường 250W LED 3030 - Sử dụng: Đèn đường D22/D23/D25/D26 | Trắng (6.000K - 6.500K), Bridgelux 3030, 250W, 5Cx5, 30VDC, 300LED","Trắng (6.000K - 6.500K)","Bridgelux 3030","250","5Cx5","30VDC","3030","300"
"C30DD2XS250","Chip đèn đường 250W LED 3030 - Sử dụng: Đèn đường D22/D23/D25/D26","Chip LED đèn đường","C30DD2XS250-5B3-5Cx5-300LED","Chip đèn đường 250W LED 3030 - Sử dụng: Đèn đường D22/D23/D25/D26 | Trắng (5.000K), Bridgelux 3030, 250W, 5Cx5, 30VDC, 300LED","Trắng (5.000K)","Bridgelux 3030","250","5Cx5","30VDC","3030","300"
"C30DD2XS250","Chip đèn đường 250W LED 3030 - Sử dụng: Đèn đường D22/D23/D25/D26","Chip LED đèn đường","C30DD2XS250-4B3-5Cx5-300LED","Chip đèn đường 250W LED 3030 - Sử dụng: Đèn đường D22/D23/D25/D26 | Trung tính (4.000K - 4.200K), Bridgelux 3030, 250W, 5Cx5, 30VDC, 300LED","Trung tính (4.000K - 4.200K)","Bridgelux 3030","250","5Cx5","30VDC","3030","300"
"C30DD2XS250","Chip đèn đường 250W LED 3030 - Sử dụng: Đèn đường D22/D23/D25/D26","Chip LED đèn đường","C30DD2XS250-3B3-5Cx5-300LED","Chip đèn đường 250W LED 3030 - Sử dụng: Đèn đường D22/D23/D25/D26 | Vàng (3.000K - 3.200K), Bridgelux 3030, 250W, 5Cx5, 30VDC, 300LED","Vàng (3.000K - 3.200K)","Bridgelux 3030","250","5Cx5","30VDC","3030","300"
"C50DD2XS250","Chip đèn đường 250W LED 5050 - Sử dụng: Đèn đường D22/D23/D25/D26","Chip LED đèn đường","C50DD2XS250-6P5-5Cx5-76LED","Chip đèn đường 250W LED 5050 - Sử dụng: Đèn đường D22/D23/D25/D26 | Trắng (6.000K - 6.500K), Lumileds 5050, 250W, 5Cx5, 30VDC, 76LED","Trắng (6.000K - 6.500K)","Lumileds 5050","250","5Cx5","30VDC","5050","76"
"C50DD2XS250","Chip đèn đường 250W LED 5050 - Sử dụng: Đèn đường D22/D23/D25/D26","Chip LED đèn đường","C50DD2XS250-5P5-5Cx5-76LED","Chip đèn đường 250W LED 5050 - Sử dụng: Đèn đường D22/D23/D25/D26 | Trắng (5.000K), Lumileds 5050, 250W, 5Cx5, 30VDC, 76LED","Trắng (5.000K)","Lumileds 5050","250","5Cx5","30VDC","5050","76"
"C50DD2XS250","Chip đèn đường 250W LED 5050 - Sử dụng: Đèn đường D22/D23/D25/D26","Chip LED đèn đường","C50DD2XS250-4P5-5Cx5-76LED","Chip đèn đường 250W LED 5050 - Sử dụng: Đèn đường D22/D23/D25/D26 | Trung tính (4.000K - 4.200K), Lumileds 5050, 250W, 5Cx5, 30VDC, 76LED","Trung tính (4.000K - 4.200K)","Lumileds 5050","250","5Cx5","30VDC","5050","76"
"C50DD2XS250","Chip đèn đường 250W LED 5050 - Sử dụng: Đèn đường D22/D23/D25/D26","Chip LED đèn đường","C50DD2XS250-3P5-5Cx5-76LED","Chip đèn đường 250W LED 5050 - Sử dụng: Đèn đường D22/D23/D25/D26 | Vàng (3.000K - 3.200K), Lumileds 5050, 250W, 5Cx5, 30VDC, 76LED","Vàng (3.000K - 3.200K)","Lumileds 5050","250","5Cx5","30VDC","5050","76"
"C50DD2XS250","Chip đèn đường 250W LED 5050 - Sử dụng: Đèn đường D22/D23/D25/D26","Chip LED đèn đường","C50DD2XS250-6B5-5Cx5-76LED","Chip đèn đường 250W LED 5050 - Sử dụng: Đèn đường D22/D23/D25/D26 | Trắng (6.000K - 6.500K), Bridgelux 5050, 250W, 5Cx5, 30VDC, 76LED","Trắng (6.000K - 6.500K)","Bridgelux 5050","250","5Cx5","30VDC","5050","76"
"C50DD2XS250","Chip đèn đường 250W LED 5050 - Sử dụng: Đèn đường D22/D23/D25/D26","Chip LED đèn đường","C50DD2XS250-5B5-5Cx5-76LED","Chip đèn đường 250W LED 5050 - Sử dụng: Đèn đường D22/D23/D25/D26 | Trắng (5.000K), Bridgelux 5050, 250W, 5Cx5, 30VDC, 76LED","Trắng (5.000K)","Bridgelux 5050","250","5Cx5","30VDC","5050","76"
"C50DD2XS250","Chip đèn đường 250W LED 5050 - Sử dụng: Đèn đường D22/D23/D25/D26","Chip LED đèn đường","C50DD2XS250-4B5-5Cx5-76LED","Chip đèn đường 250W LED 5050 - Sử dụng: Đèn đường D22/D23/D25/D26 | Trung tính (4.000K - 4.200K), Bridgelux 5050, 250W, 5Cx5, 30VDC, 76LED","Trung tính (4.000K - 4.200K)","Bridgelux 5050","250","5Cx5","30VDC","5050","76"
"C50DD2XS250","Chip đèn đường 250W LED 5050 - Sử dụng: Đèn đường D22/D23/D25/D26","Chip LED đèn đường","C50DD2XS250-3B5-5Cx5-76LED","Chip đèn đường 250W LED 5050 - Sử dụng: Đèn đường D22/D23/D25/D26 | Vàng (3.000K - 3.200K), Bridgelux 5050, 250W, 5Cx5, 30VDC, 76LED","Vàng (3.000K - 3.200K)","Bridgelux 5050","250","5Cx5","30VDC","5050","76"
"C30DD24S050","Chip đèn đường 50W LED 3030 - Sử dụng: Đèn đường D24","Chip LED đèn đường","C30DD24S050-6P3-5Cx2","Chip đèn đường 50W LED 3030 - Sử dụng: Đèn đường D24 | Trắng (6.000K - 6.500K), Lumileds 3030, 50W, 5Cx2, 30VDC","Trắng (6.000K - 6.500K)","Lumileds 3030","50","5Cx2","30VDC","3030",""
"C30DD24S050","Chip đèn đường 50W LED 3030 - Sử dụng: Đèn đường D24","Chip LED đèn đường","C30DD24S050-5P3-5Cx2","Chip đèn đường 50W LED 3030 - Sử dụng: Đèn đường D24 | Trắng (5.000K), Lumileds 3030, 50W, 5Cx2, 30VDC","Trắng (5.000K)","Lumileds 3030","50","5Cx2","30VDC","3030",""
"C30DD24S050","Chip đèn đường 50W LED 3030 - Sử dụng: Đèn đường D24","Chip LED đèn đường","C30DD24S050-4P3-5Cx2","Chip đèn đường 50W LED 3030 - Sử dụng: Đèn đường D24 | Trung tính (4.000K - 4.200K), Lumileds 3030, 50W, 5Cx2, 30VDC","Trung tính (4.000K - 4.200K)","Lumileds 3030","50","5Cx2","30VDC","3030",""
"C30DD24S050","Chip đèn đường 50W LED 3030 - Sử dụng: Đèn đường D24","Chip LED đèn đường","C30DD24S050-3P3-5Cx2","Chip đèn đường 50W LED 3030 - Sử dụng: Đèn đường D24 | Vàng (3.000K - 3.200K), Lumileds 3030, 50W, 5Cx2, 30VDC","Vàng (3.000K - 3.200K)","Lumileds 3030","50","5Cx2","30VDC","3030",""
"C30DD24S050","Chip đèn đường 50W LED 3030 - Sử dụng: Đèn đường D24","Chip LED đèn đường","C30DD24S050-6B3-5Cx2","Chip đèn đường 50W LED 3030 - Sử dụng: Đèn đường D24 | Trắng (6.000K - 6.500K), Bridgelux 3030, 50W, 5Cx2, 30VDC","Trắng (6.000K - 6.500K)","Bridgelux 3030","50","5Cx2","30VDC","3030",""
"C30DD24S050","Chip đèn đường 50W LED 3030 - Sử dụng: Đèn đường D24","Chip LED đèn đường","C30DD24S050-5B3-5Cx2","Chip đèn đường 50W LED 3030 - Sử dụng: Đèn đường D24 | Trắng (5.000K), Bridgelux 3030, 50W, 5Cx2, 30VDC","Trắng (5.000K)","Bridgelux 3030","50","5Cx2","30VDC","3030",""
"C30DD24S050","Chip đèn đường 50W LED 3030 - Sử dụng: Đèn đường D24","Chip LED đèn đường","C30DD24S050-4B3-5Cx2","Chip đèn đường 50W LED 3030 - Sử dụng: Đèn đường D24 | Trung tính (4.000K - 4.200K), Bridgelux 3030, 50W, 5Cx2, 30VDC","Trung tính (4.000K - 4.200K)","Bridgelux 3030","50","5Cx2","30VDC","3030",""
"C30DD24S050","Chip đèn đường 50W LED 3030 - Sử dụng: Đèn đường D24","Chip LED đèn đường","C30DD24S050-3B3-5Cx2","Chip đèn đường 50W LED 3030 - Sử dụng: Đèn đường D24 | Vàng (3.000K - 3.200K), Bridgelux 3030, 50W, 5Cx2, 30VDC","Vàng (3.000K - 3.200K)","Bridgelux 3030","50","5Cx2","30VDC","3030",""
"C30DD24S100","Chip đèn đường 100W LED 3030 - Sử dụng: Đèn đường D24","Chip LED đèn đường","C30DD24S100-6P3-5Cx3","Chip đèn đường 100W LED 3030 - Sử dụng: Đèn đường D24 | Trắng (6.000K - 6.500K), Lumileds 3030, 100W, 5Cx3, 30VDC","Trắng (6.000K - 6.500K)","Lumileds 3030","100","5Cx3","30VDC","3030",""
"C30DD24S100","Chip đèn đường 100W LED 3030 - Sử dụng: Đèn đường D24","Chip LED đèn đường","C30DD24S100-5P3-5Cx3","Chip đèn đường 100W LED 3030 - Sử dụng: Đèn đường D24 | Trắng (5.000K), Lumileds 3030, 100W, 5Cx3, 30VDC","Trắng (5.000K)","Lumileds 3030","100","5Cx3","30VDC","3030",""
"C30DD24S100","Chip đèn đường 100W LED 3030 - Sử dụng: Đèn đường D24","Chip LED đèn đường","C30DD24S100-4P3-5Cx3","Chip đèn đường 100W LED 3030 - Sử dụng: Đèn đường D24 | Trung tính (4.000K - 4.200K), Lumileds 3030, 100W, 5Cx3, 30VDC","Trung tính (4.000K - 4.200K)","Lumileds 3030","100","5Cx3","30VDC","3030",""
"C30DD24S100","Chip đèn đường 100W LED 3030 - Sử dụng: Đèn đường D24","Chip LED đèn đường","C30DD24S100-3P3-5Cx3","Chip đèn đường 100W LED 3030 - Sử dụng: Đèn đường D24 | Vàng (3.000K - 3.200K), Lumileds 3030, 100W, 5Cx3, 30VDC","Vàng (3.000K - 3.200K)","Lumileds 3030","100","5Cx3","30VDC","3030",""
"C30DD24S100","Chip đèn đường 100W LED 3030 - Sử dụng: Đèn đường D24","Chip LED đèn đường","C30DD24S100-6B3-5Cx3","Chip đèn đường 100W LED 3030 - Sử dụng: Đèn đường D24 | Trắng (6.000K - 6.500K), Bridgelux 3030, 100W, 5Cx3, 30VDC","Trắng (6.000K - 6.500K)","Bridgelux 3030","100","5Cx3","30VDC","3030",""
"C30DD24S100","Chip đèn đường 100W LED 3030 - Sử dụng: Đèn đường D24","Chip LED đèn đường","C30DD24S100-5B3-5Cx3","Chip đèn đường 100W LED 3030 - Sử dụng: Đèn đường D24 | Trắng (5.000K), Bridgelux 3030, 100W, 5Cx3, 30VDC","Trắng (5.000K)","Bridgelux 3030","100","5Cx3","30VDC","3030",""
"C30DD24S100","Chip đèn đường 100W LED 3030 - Sử dụng: Đèn đường D24","Chip LED đèn đường","C30DD24S100-4B3-5Cx3","Chip đèn đường 100W LED 3030 - Sử dụng: Đèn đường D24 | Trung tính (4.000K - 4.200K), Bridgelux 3030, 100W, 5Cx3, 30VDC","Trung tính (4.000K - 4.200K)","Bridgelux 3030","100","5Cx3","30VDC","3030",""
"C30DD24S100","Chip đèn đường 100W LED 3030 - Sử dụng: Đèn đường D24","Chip LED đèn đường","C30DD24S100-3B3-5Cx3","Chip đèn đường 100W LED 3030 - Sử dụng: Đèn đường D24 | Vàng (3.000K - 3.200K), Bridgelux 3030, 100W, 5Cx3, 30VDC","Vàng (3.000K - 3.200K)","Bridgelux 3030","100","5Cx3","30VDC","3030",""
"C30DD24S150","Chip đèn đường 150W LED 3030 - Sử dụng: Đèn đường D24","Chip LED đèn đường","C30DD24S150-6P3-5Cx4","Chip đèn đường 150W LED 3030 - Sử dụng: Đèn đường D24 | Trắng (6.000K - 6.500K), Lumileds 3030, 150W, 5Cx4, 30VDC","Trắng (6.000K - 6.500K)","Lumileds 3030","150","5Cx4","30VDC","3030",""
"C30DD24S150","Chip đèn đường 150W LED 3030 - Sử dụng: Đèn đường D24","Chip LED đèn đường","C30DD24S150-5P3-5Cx4","Chip đèn đường 150W LED 3030 - Sử dụng: Đèn đường D24 | Trắng (5.000K), Lumileds 3030, 150W, 5Cx4, 30VDC","Trắng (5.000K)","Lumileds 3030","150","5Cx4","30VDC","3030",""
"C30DD24S150","Chip đèn đường 150W LED 3030 - Sử dụng: Đèn đường D24","Chip LED đèn đường","C30DD24S150-4P3-5Cx4","Chip đèn đường 150W LED 3030 - Sử dụng: Đèn đường D24 | Trung tính (4.000K - 4.200K), Lumileds 3030, 150W, 5Cx4, 30VDC","Trung tính (4.000K - 4.200K)","Lumileds 3030","150","5Cx4","30VDC","3030",""
"C30DD24S150","Chip đèn đường 150W LED 3030 - Sử dụng: Đèn đường D24","Chip LED đèn đường","C30DD24S150-3P3-5Cx4","Chip đèn đường 150W LED 3030 - Sử dụng: Đèn đường D24 | Vàng (3.000K - 3.200K), Lumileds 3030, 150W, 5Cx4, 30VDC","Vàng (3.000K - 3.200K)","Lumileds 3030","150","5Cx4","30VDC","3030",""
"C30DD24S150","Chip đèn đường 150W LED 3030 - Sử dụng: Đèn đường D24","Chip LED đèn đường","C30DD24S150-6B3-5Cx4","Chip đèn đường 150W LED 3030 - Sử dụng: Đèn đường D24 | Trắng (6.000K - 6.500K), Bridgelux 3030, 150W, 5Cx4, 30VDC","Trắng (6.000K - 6.500K)","Bridgelux 3030","150","5Cx4","30VDC","3030",""
"C30DD24S150","Chip đèn đường 150W LED 3030 - Sử dụng: Đèn đường D24","Chip LED đèn đường","C30DD24S150-5B3-5Cx4","Chip đèn đường 150W LED 3030 - Sử dụng: Đèn đường D24 | Trắng (5.000K), Bridgelux 3030, 150W, 5Cx4, 30VDC","Trắng (5.000K)","Bridgelux 3030","150","5Cx4","30VDC","3030",""
"C30DD24S150","Chip đèn đường 150W LED 3030 - Sử dụng: Đèn đường D24","Chip LED đèn đường","C30DD24S150-4B3-5Cx4","Chip đèn đường 150W LED 3030 - Sử dụng: Đèn đường D24 | Trung tính (4.000K - 4.200K), Bridgelux 3030, 150W, 5Cx4, 30VDC","Trung tính (4.000K - 4.200K)","Bridgelux 3030","150","5Cx4","30VDC","3030",""
"C30DD24S150","Chip đèn đường 150W LED 3030 - Sử dụng: Đèn đường D24","Chip LED đèn đường","C30DD24S150-3B3-5Cx4","Chip đèn đường 150W LED 3030 - Sử dụng: Đèn đường D24 | Vàng (3.000K - 3.200K), Bridgelux 3030, 150W, 5Cx4, 30VDC","Vàng (3.000K - 3.200K)","Bridgelux 3030","150","5Cx4","30VDC","3030",""
"C30DD24S200","Chip đèn đường 200W LED 3030 - Sử dụng: Đèn đường D24","Chip LED đèn đường","C30DD24S200-6P3-5Cx5","Chip đèn đường 200W LED 3030 - Sử dụng: Đèn đường D24 | Trắng (6.000K - 6.500K), Lumileds 3030, 200W, 5Cx5, 30VDC","Trắng (6.000K - 6.500K)","Lumileds 3030","200","5Cx5","30VDC","3030",""
"C30DD24S200","Chip đèn đường 200W LED 3030 - Sử dụng: Đèn đường D24","Chip LED đèn đường","C30DD24S200-5P3-5Cx5","Chip đèn đường 200W LED 3030 - Sử dụng: Đèn đường D24 | Trắng (5.000K), Lumileds 3030, 200W, 5Cx5, 30VDC","Trắng (5.000K)","Lumileds 3030","200","5Cx5","30VDC","3030",""
"C30DD24S200","Chip đèn đường 200W LED 3030 - Sử dụng: Đèn đường D24","Chip LED đèn đường","C30DD24S200-4P3-5Cx5","Chip đèn đường 200W LED 3030 - Sử dụng: Đèn đường D24 | Trung tính (4.000K - 4.200K), Lumileds 3030, 200W, 5Cx5, 30VDC","Trung tính (4.000K - 4.200K)","Lumileds 3030","200","5Cx5","30VDC","3030",""
"C30DD24S200","Chip đèn đường 200W LED 3030 - Sử dụng: Đèn đường D24","Chip LED đèn đường","C30DD24S200-3P3-5Cx5","Chip đèn đường 200W LED 3030 - Sử dụng: Đèn đường D24 | Vàng (3.000K - 3.200K), Lumileds 3030, 200W, 5Cx5, 30VDC","Vàng (3.000K - 3.200K)","Lumileds 3030","200","5Cx5","30VDC","3030",""
"C30DD24S200","Chip đèn đường 200W LED 3030 - Sử dụng: Đèn đường D24","Chip LED đèn đường","C30DD24S200-6B3-5Cx5","Chip đèn đường 200W LED 3030 - Sử dụng: Đèn đường D24 | Trắng (6.000K - 6.500K), Bridgelux 3030, 200W, 5Cx5, 30VDC","Trắng (6.000K - 6.500K)","Bridgelux 3030","200","5Cx5","30VDC","3030",""
"C30DD24S200","Chip đèn đường 200W LED 3030 - Sử dụng: Đèn đường D24","Chip LED đèn đường","C30DD24S200-5B3-5Cx5","Chip đèn đường 200W LED 3030 - Sử dụng: Đèn đường D24 | Trắng (5.000K), Bridgelux 3030, 200W, 5Cx5, 30VDC","Trắng (5.000K)","Bridgelux 3030","200","5Cx5","30VDC","3030",""
"C30DD24S200","Chip đèn đường 200W LED 3030 - Sử dụng: Đèn đường D24","Chip LED đèn đường","C30DD24S200-4B3-5Cx5","Chip đèn đường 200W LED 3030 - Sử dụng: Đèn đường D24 | Trung tính (4.000K - 4.200K), Bridgelux 3030, 200W, 5Cx5, 30VDC","Trung tính (4.000K - 4.200K)","Bridgelux 3030","200","5Cx5","30VDC","3030",""
"C30DD24S200","Chip đèn đường 200W LED 3030 - Sử dụng: Đèn đường D24","Chip LED đèn đường","C30DD24S200-3B3-5Cx5","Chip đèn đường 200W LED 3030 - Sử dụng: Đèn đường D24 | Vàng (3.000K - 3.200K), Bridgelux 3030, 200W, 5Cx5, 30VDC","Vàng (3.000K - 3.200K)","Bridgelux 3030","200","5Cx5","30VDC","3030",""
"C30DD24S250","Chip đèn đường 250W LED 3030 - Sử dụng: Đèn đường D24","Chip LED đèn đường","C30DD24S250-6P3-5Cx5","Chip đèn đường 250W LED 3030 - Sử dụng: Đèn đường D24 | Trắng (6.000K - 6.500K), Lumileds 3030, 250W, 5Cx5, 30VDC","Trắng (6.000K - 6.500K)","Lumileds 3030","250","5Cx5","30VDC","3030",""
"C30DD24S250","Chip đèn đường 250W LED 3030 - Sử dụng: Đèn đường D24","Chip LED đèn đường","C30DD24S250-5P3-5Cx5","Chip đèn đường 250W LED 3030 - Sử dụng: Đèn đường D24 | Trắng (5.000K), Lumileds 3030, 250W, 5Cx5, 30VDC","Trắng (5.000K)","Lumileds 3030","250","5Cx5","30VDC","3030",""
"C30DD24S250","Chip đèn đường 250W LED 3030 - Sử dụng: Đèn đường D24","Chip LED đèn đường","C30DD24S250-4P3-5Cx5","Chip đèn đường 250W LED 3030 - Sử dụng: Đèn đường D24 | Trung tính (4.000K - 4.200K), Lumileds 3030, 250W, 5Cx5, 30VDC","Trung tính (4.000K - 4.200K)","Lumileds 3030","250","5Cx5","30VDC","3030",""
"C30DD24S250","Chip đèn đường 250W LED 3030 - Sử dụng: Đèn đường D24","Chip LED đèn đường","C30DD24S250-3P3-5Cx5","Chip đèn đường 250W LED 3030 - Sử dụng: Đèn đường D24 | Vàng (3.000K - 3.200K), Lumileds 3030, 250W, 5Cx5, 30VDC","Vàng (3.000K - 3.200K)","Lumileds 3030","250","5Cx5","30VDC","3030",""
"C30DD24S250","Chip đèn đường 250W LED 3030 - Sử dụng: Đèn đường D24","Chip LED đèn đường","C30DD24S250-6B3-5Cx5","Chip đèn đường 250W LED 3030 - Sử dụng: Đèn đường D24 | Trắng (6.000K - 6.500K), Bridgelux 3030, 250W, 5Cx5, 30VDC","Trắng (6.000K - 6.500K)","Bridgelux 3030","250","5Cx5","30VDC","3030",""
"C30DD24S250","Chip đèn đường 250W LED 3030 - Sử dụng: Đèn đường D24","Chip LED đèn đường","C30DD24S250-5B3-5Cx5","Chip đèn đường 250W LED 3030 - Sử dụng: Đèn đường D24 | Trắng (5.000K), Bridgelux 3030, 250W, 5Cx5, 30VDC","Trắng (5.000K)","Bridgelux 3030","250","5Cx5","30VDC","3030",""
"C30DD24S250","Chip đèn đường 250W LED 3030 - Sử dụng: Đèn đường D24","Chip LED đèn đường","C30DD24S250-4B3-5Cx5","Chip đèn đường 250W LED 3030 - Sử dụng: Đèn đường D24 | Trung tính (4.000K - 4.200K), Bridgelux 3030, 250W, 5Cx5, 30VDC","Trung tính (4.000K - 4.200K)","Bridgelux 3030","250","5Cx5","30VDC","3030",""
"C30DD24S250","Chip đèn đường 250W LED 3030 - Sử dụng: Đèn đường D24","Chip LED đèn đường","C30DD24S250-3B3-5Cx5","Chip đèn đường 250W LED 3030 - Sử dụng: Đèn đường D24 | Vàng (3.000K - 3.200K), Bridgelux 3030, 250W, 5Cx5, 30VDC","Vàng (3.000K - 3.200K)","Bridgelux 3030","250","5Cx5","30VDC","3030",""
"C30DD21S050","Chip đèn đường 50W LED 3030 - Sử dụng: Đèn đường D21","Chip LED đèn đường","C30DD21S050-6P3-5Cx2","Chip đèn đường 50W LED 3030 - Sử dụng: Đèn đường D21 | Trắng (6.000K - 6.500K), Lumileds 3030, 50W, 5Cx2, 30VDC","Trắng (6.000K - 6.500K)","Lumileds 3030","50","5Cx2","30VDC","3030",""
"C30DD21S050","Chip đèn đường 50W LED 3030 - Sử dụng: Đèn đường D21","Chip LED đèn đường","C30DD21S050-5P3-5Cx2","Chip đèn đường 50W LED 3030 - Sử dụng: Đèn đường D21 | Trắng (5.000K), Lumileds 3030, 50W, 5Cx2, 30VDC","Trắng (5.000K)","Lumileds 3030","50","5Cx2","30VDC","3030",""
"C30DD21S050","Chip đèn đường 50W LED 3030 - Sử dụng: Đèn đường D21","Chip LED đèn đường","C30DD21S050-4P3-5Cx2","Chip đèn đường 50W LED 3030 - Sử dụng: Đèn đường D21 | Trung tính (4.000K - 4.200K), Lumileds 3030, 50W, 5Cx2, 30VDC","Trung tính (4.000K - 4.200K)","Lumileds 3030","50","5Cx2","30VDC","3030",""
"C30DD21S050","Chip đèn đường 50W LED 3030 - Sử dụng: Đèn đường D21","Chip LED đèn đường","C30DD21S050-3P3-5Cx2","Chip đèn đường 50W LED 3030 - Sử dụng: Đèn đường D21 | Vàng (3.000K - 3.200K), Lumileds 3030, 50W, 5Cx2, 30VDC","Vàng (3.000K - 3.200K)","Lumileds 3030","50","5Cx2","30VDC","3030",""
"C30DD21S050","Chip đèn đường 50W LED 3030 - Sử dụng: Đèn đường D21","Chip LED đèn đường","C30DD21S050-6B3-5Cx2","Chip đèn đường 50W LED 3030 - Sử dụng: Đèn đường D21 | Trắng (6.000K - 6.500K), Bridgelux 3030, 50W, 5Cx2, 30VDC","Trắng (6.000K - 6.500K)","Bridgelux 3030","50","5Cx2","30VDC","3030",""
"C30DD21S050","Chip đèn đường 50W LED 3030 - Sử dụng: Đèn đường D21","Chip LED đèn đường","C30DD21S050-5B3-5Cx2","Chip đèn đường 50W LED 3030 - Sử dụng: Đèn đường D21 | Trắng (5.000K), Bridgelux 3030, 50W, 5Cx2, 30VDC","Trắng (5.000K)","Bridgelux 3030","50","5Cx2","30VDC","3030",""
"C30DD21S050","Chip đèn đường 50W LED 3030 - Sử dụng: Đèn đường D21","Chip LED đèn đường","C30DD21S050-4B3-5Cx2","Chip đèn đường 50W LED 3030 - Sử dụng: Đèn đường D21 | Trung tính (4.000K - 4.200K), Bridgelux 3030, 50W, 5Cx2, 30VDC","Trung tính (4.000K - 4.200K)","Bridgelux 3030","50","5Cx2","30VDC","3030",""
"C30DD21S050","Chip đèn đường 50W LED 3030 - Sử dụng: Đèn đường D21","Chip LED đèn đường","C30DD21S050-3B3-5Cx2","Chip đèn đường 50W LED 3030 - Sử dụng: Đèn đường D21 | Vàng (3.000K - 3.200K), Bridgelux 3030, 50W, 5Cx2, 30VDC","Vàng (3.000K - 3.200K)","Bridgelux 3030","50","5Cx2","30VDC","3030",""
"C30DD21S100","Chip đèn đường 100W LED 3030 - Sử dụng: Đèn đường D21","Chip LED đèn đường","C30DD21S100-6P3-5Cx3","Chip đèn đường 100W LED 3030 - Sử dụng: Đèn đường D21 | Trắng (6.000K - 6.500K), Lumileds 3030, 100W, 5Cx3, 30VDC","Trắng (6.000K - 6.500K)","Lumileds 3030","100","5Cx3","30VDC","3030",""
"C30DD21S100","Chip đèn đường 100W LED 3030 - Sử dụng: Đèn đường D21","Chip LED đèn đường","C30DD21S100-5P3-5Cx3","Chip đèn đường 100W LED 3030 - Sử dụng: Đèn đường D21 | Trắng (5.000K), Lumileds 3030, 100W, 5Cx3, 30VDC","Trắng (5.000K)","Lumileds 3030","100","5Cx3","30VDC","3030",""
"C30DD21S100","Chip đèn đường 100W LED 3030 - Sử dụng: Đèn đường D21","Chip LED đèn đường","C30DD21S100-4P3-5Cx3","Chip đèn đường 100W LED 3030 - Sử dụng: Đèn đường D21 | Trung tính (4.000K - 4.200K), Lumileds 3030, 100W, 5Cx3, 30VDC","Trung tính (4.000K - 4.200K)","Lumileds 3030","100","5Cx3","30VDC","3030",""
"C30DD21S100","Chip đèn đường 100W LED 3030 - Sử dụng: Đèn đường D21","Chip LED đèn đường","C30DD21S100-3P3-5Cx3","Chip đèn đường 100W LED 3030 - Sử dụng: Đèn đường D21 | Vàng (3.000K - 3.200K), Lumileds 3030, 100W, 5Cx3, 30VDC","Vàng (3.000K - 3.200K)","Lumileds 3030","100","5Cx3","30VDC","3030",""
"C30DD21S100","Chip đèn đường 100W LED 3030 - Sử dụng: Đèn đường D21","Chip LED đèn đường","C30DD21S100-6B3-5Cx3","Chip đèn đường 100W LED 3030 - Sử dụng: Đèn đường D21 | Trắng (6.000K - 6.500K), Bridgelux 3030, 100W, 5Cx3, 30VDC","Trắng (6.000K - 6.500K)","Bridgelux 3030","100","5Cx3","30VDC","3030",""
"C30DD21S100","Chip đèn đường 100W LED 3030 - Sử dụng: Đèn đường D21","Chip LED đèn đường","C30DD21S100-5B3-5Cx3","Chip đèn đường 100W LED 3030 - Sử dụng: Đèn đường D21 | Trắng (5.000K), Bridgelux 3030, 100W, 5Cx3, 30VDC","Trắng (5.000K)","Bridgelux 3030","100","5Cx3","30VDC","3030",""
"C30DD21S100","Chip đèn đường 100W LED 3030 - Sử dụng: Đèn đường D21","Chip LED đèn đường","C30DD21S100-4B3-5Cx3","Chip đèn đường 100W LED 3030 - Sử dụng: Đèn đường D21 | Trung tính (4.000K - 4.200K), Bridgelux 3030, 100W, 5Cx3, 30VDC","Trung tính (4.000K - 4.200K)","Bridgelux 3030","100","5Cx3","30VDC","3030",""
"C30DD21S100","Chip đèn đường 100W LED 3030 - Sử dụng: Đèn đường D21","Chip LED đèn đường","C30DD21S100-3B3-5Cx3","Chip đèn đường 100W LED 3030 - Sử dụng: Đèn đường D21 | Vàng (3.000K - 3.200K), Bridgelux 3030, 100W, 5Cx3, 30VDC","Vàng (3.000K - 3.200K)","Bridgelux 3030","100","5Cx3","30VDC","3030",""
"C30DD21S150","Chip đèn đường 150W LED 3030 - Sử dụng: Đèn đường D21","Chip LED đèn đường","C30DD21S150-6P3-5Cx4","Chip đèn đường 150W LED 3030 - Sử dụng: Đèn đường D21 | Trắng (6.000K - 6.500K), Lumileds 3030, 150W, 5Cx4, 30VDC","Trắng (6.000K - 6.500K)","Lumileds 3030","150","5Cx4","30VDC","3030",""
"C30DD21S150","Chip đèn đường 150W LED 3030 - Sử dụng: Đèn đường D21","Chip LED đèn đường","C30DD21S150-5P3-5Cx4","Chip đèn đường 150W LED 3030 - Sử dụng: Đèn đường D21 | Trắng (5.000K), Lumileds 3030, 150W, 5Cx4, 30VDC","Trắng (5.000K)","Lumileds 3030","150","5Cx4","30VDC","3030",""
"C30DD21S150","Chip đèn đường 150W LED 3030 - Sử dụng: Đèn đường D21","Chip LED đèn đường","C30DD21S150-4P3-5Cx4","Chip đèn đường 150W LED 3030 - Sử dụng: Đèn đường D21 | Trung tính (4.000K - 4.200K), Lumileds 3030, 150W, 5Cx4, 30VDC","Trung tính (4.000K - 4.200K)","Lumileds 3030","150","5Cx4","30VDC","3030",""
"C30DD21S150","Chip đèn đường 150W LED 3030 - Sử dụng: Đèn đường D21","Chip LED đèn đường","C30DD21S150-3P3-5Cx4","Chip đèn đường 150W LED 3030 - Sử dụng: Đèn đường D21 | Vàng (3.000K - 3.200K), Lumileds 3030, 150W, 5Cx4, 30VDC","Vàng (3.000K - 3.200K)","Lumileds 3030","150","5Cx4","30VDC","3030",""
"C30DD21S150","Chip đèn đường 150W LED 3030 - Sử dụng: Đèn đường D21","Chip LED đèn đường","C30DD21S150-6B3-5Cx4","Chip đèn đường 150W LED 3030 - Sử dụng: Đèn đường D21 | Trắng (6.000K - 6.500K), Bridgelux 3030, 150W, 5Cx4, 30VDC","Trắng (6.000K - 6.500K)","Bridgelux 3030","150","5Cx4","30VDC","3030",""
"C30DD21S150","Chip đèn đường 150W LED 3030 - Sử dụng: Đèn đường D21","Chip LED đèn đường","C30DD21S150-5B3-5Cx4","Chip đèn đường 150W LED 3030 - Sử dụng: Đèn đường D21 | Trắng (5.000K), Bridgelux 3030, 150W, 5Cx4, 30VDC","Trắng (5.000K)","Bridgelux 3030","150","5Cx4","30VDC","3030",""
"C30DD21S150","Chip đèn đường 150W LED 3030 - Sử dụng: Đèn đường D21","Chip LED đèn đường","C30DD21S150-4B3-5Cx4","Chip đèn đường 150W LED 3030 - Sử dụng: Đèn đường D21 | Trung tính (4.000K - 4.200K), Bridgelux 3030, 150W, 5Cx4, 30VDC","Trung tính (4.000K - 4.200K)","Bridgelux 3030","150","5Cx4","30VDC","3030",""
"C30DD21S150","Chip đèn đường 150W LED 3030 - Sử dụng: Đèn đường D21","Chip LED đèn đường","C30DD21S150-3B3-5Cx4","Chip đèn đường 150W LED 3030 - Sử dụng: Đèn đường D21 | Vàng (3.000K - 3.200K), Bridgelux 3030, 150W, 5Cx4, 30VDC","Vàng (3.000K - 3.200K)","Bridgelux 3030","150","5Cx4","30VDC","3030",""
"C30DD21S200","Chip đèn đường 200W LED 3030 - Sử dụng: Đèn đường D21","Chip LED đèn đường","C30DD21S200-6P3-5Cx5","Chip đèn đường 200W LED 3030 - Sử dụng: Đèn đường D21 | Trắng (6.000K - 6.500K), Lumileds 3030, 200W, 5Cx5, 30VDC","Trắng (6.000K - 6.500K)","Lumileds 3030","200","5Cx5","30VDC","3030",""
"C30DD21S200","Chip đèn đường 200W LED 3030 - Sử dụng: Đèn đường D21","Chip LED đèn đường","C30DD21S200-5P3-5Cx5","Chip đèn đường 200W LED 3030 - Sử dụng: Đèn đường D21 | Trắng (5.000K), Lumileds 3030, 200W, 5Cx5, 30VDC","Trắng (5.000K)","Lumileds 3030","200","5Cx5","30VDC","3030",""
"C30DD21S200","Chip đèn đường 200W LED 3030 - Sử dụng: Đèn đường D21","Chip LED đèn đường","C30DD21S200-4P3-5Cx5","Chip đèn đường 200W LED 3030 - Sử dụng: Đèn đường D21 | Trung tính (4.000K - 4.200K), Lumileds 3030, 200W, 5Cx5, 30VDC","Trung tính (4.000K - 4.200K)","Lumileds 3030","200","5Cx5","30VDC","3030",""
"C30DD21S200","Chip đèn đường 200W LED 3030 - Sử dụng: Đèn đường D21","Chip LED đèn đường","C30DD21S200-3P3-5Cx5","Chip đèn đường 200W LED 3030 - Sử dụng: Đèn đường D21 | Vàng (3.000K - 3.200K), Lumileds 3030, 200W, 5Cx5, 30VDC","Vàng (3.000K - 3.200K)","Lumileds 3030","200","5Cx5","30VDC","3030",""
"C30DD21S200","Chip đèn đường 200W LED 3030 - Sử dụng: Đèn đường D21","Chip LED đèn đường","C30DD21S200-6B3-5Cx5","Chip đèn đường 200W LED 3030 - Sử dụng: Đèn đường D21 | Trắng (6.000K - 6.500K), Bridgelux 3030, 200W, 5Cx5, 30VDC","Trắng (6.000K - 6.500K)","Bridgelux 3030","200","5Cx5","30VDC","3030",""
"C30DD21S200","Chip đèn đường 200W LED 3030 - Sử dụng: Đèn đường D21","Chip LED đèn đường","C30DD21S200-5B3-5Cx5","Chip đèn đường 200W LED 3030 - Sử dụng: Đèn đường D21 | Trắng (5.000K), Bridgelux 3030, 200W, 5Cx5, 30VDC","Trắng (5.000K)","Bridgelux 3030","200","5Cx5","30VDC","3030",""
"C30DD21S200","Chip đèn đường 200W LED 3030 - Sử dụng: Đèn đường D21","Chip LED đèn đường","C30DD21S200-4B3-5Cx5","Chip đèn đường 200W LED 3030 - Sử dụng: Đèn đường D21 | Trung tính (4.000K - 4.200K), Bridgelux 3030, 200W, 5Cx5, 30VDC","Trung tính (4.000K - 4.200K)","Bridgelux 3030","200","5Cx5","30VDC","3030",""
"C30DD21S200","Chip đèn đường 200W LED 3030 - Sử dụng: Đèn đường D21","Chip LED đèn đường","C30DD21S200-3B3-5Cx5","Chip đèn đường 200W LED 3030 - Sử dụng: Đèn đường D21 | Vàng (3.000K - 3.200K), Bridgelux 3030, 200W, 5Cx5, 30VDC","Vàng (3.000K - 3.200K)","Bridgelux 3030","200","5Cx5","30VDC","3030",""
"C30DD21S250","Chip đèn đường 250W LED 3030 - Sử dụng: Đèn đường D21","Chip LED đèn đường","C30DD21S250-6P3-5Cx5","Chip đèn đường 250W LED 3030 - Sử dụng: Đèn đường D21 | Trắng (6.000K - 6.500K), Lumileds 3030, 250W, 5Cx5, 30VDC","Trắng (6.000K - 6.500K)","Lumileds 3030","250","5Cx5","30VDC","3030",""
"C30DD21S250","Chip đèn đường 250W LED 3030 - Sử dụng: Đèn đường D21","Chip LED đèn đường","C30DD21S250-5P3-5Cx5","Chip đèn đường 250W LED 3030 - Sử dụng: Đèn đường D21 | Trắng (5.000K), Lumileds 3030, 250W, 5Cx5, 30VDC","Trắng (5.000K)","Lumileds 3030","250","5Cx5","30VDC","3030",""
"C30DD21S250","Chip đèn đường 250W LED 3030 - Sử dụng: Đèn đường D21","Chip LED đèn đường","C30DD21S250-4P3-5Cx5","Chip đèn đường 250W LED 3030 - Sử dụng: Đèn đường D21 | Trung tính (4.000K - 4.200K), Lumileds 3030, 250W, 5Cx5, 30VDC","Trung tính (4.000K - 4.200K)","Lumileds 3030","250","5Cx5","30VDC","3030",""
"C30DD21S250","Chip đèn đường 250W LED 3030 - Sử dụng: Đèn đường D21","Chip LED đèn đường","C30DD21S250-3P3-5Cx5","Chip đèn đường 250W LED 3030 - Sử dụng: Đèn đường D21 | Vàng (3.000K - 3.200K), Lumileds 3030, 250W, 5Cx5, 30VDC","Vàng (3.000K - 3.200K)","Lumileds 3030","250","5Cx5","30VDC","3030",""
"C30DD21S250","Chip đèn đường 250W LED 3030 - Sử dụng: Đèn đường D21","Chip LED đèn đường","C30DD21S250-6B3-5Cx5","Chip đèn đường 250W LED 3030 - Sử dụng: Đèn đường D21 | Trắng (6.000K - 6.500K), Bridgelux 3030, 250W, 5Cx5, 30VDC","Trắng (6.000K - 6.500K)","Bridgelux 3030","250","5Cx5","30VDC","3030",""
"C30DD21S250","Chip đèn đường 250W LED 3030 - Sử dụng: Đèn đường D21","Chip LED đèn đường","C30DD21S250-5B3-5Cx5","Chip đèn đường 250W LED 3030 - Sử dụng: Đèn đường D21 | Trắng (5.000K), Bridgelux 3030, 250W, 5Cx5, 30VDC","Trắng (5.000K)","Bridgelux 3030","250","5Cx5","30VDC","3030",""
"C30DD21S250","Chip đèn đường 250W LED 3030 - Sử dụng: Đèn đường D21","Chip LED đèn đường","C30DD21S250-4B3-5Cx5","Chip đèn đường 250W LED 3030 - Sử dụng: Đèn đường D21 | Trung tính (4.000K - 4.200K), Bridgelux 3030, 250W, 5Cx5, 30VDC","Trung tính (4.000K - 4.200K)","Bridgelux 3030","250","5Cx5","30VDC","3030",""
"C30DD21S250","Chip đèn đường 250W LED 3030 - Sử dụng: Đèn đường D21","Chip LED đèn đường","C30DD21S250-3B3-5Cx5","Chip đèn đường 250W LED 3030 - Sử dụng: Đèn đường D21 | Vàng (3.000K - 3.200K), Bridgelux 3030, 250W, 5Cx5, 30VDC","Vàng (3.000K - 3.200K)","Bridgelux 3030","250","5Cx5","30VDC","3030",""
"C30DX01S100","Chip đèn nhà xưởng 100W LED 3030 - Sử dụng: UFO X01","Chip LED đèn nhà xưởng","C30DX01S100-6P3-5C-110LED","Chip đèn nhà xưởng 100W LED 3030 - Sử dụng: UFO X01 | Trắng (6.000K - 6.500K), Lumileds 3030, 100W, 5C, 30VDC, 110LED","Trắng (6.000K - 6.500K)","Lumileds 3030","100","5C","30VDC","3030","110"
"C30DX01S100","Chip đèn nhà xưởng 100W LED 3030 - Sử dụng: UFO X01","Chip LED đèn nhà xưởng","C30DX01S100-5P3-5C-110LED","Chip đèn nhà xưởng 100W LED 3030 - Sử dụng: UFO X01 | Trắng (5.000K), Lumileds 3030, 100W, 5C, 30VDC, 110LED","Trắng (5.000K)","Lumileds 3030","100","5C","30VDC","3030","110"
"C30DX01S100","Chip đèn nhà xưởng 100W LED 3030 - Sử dụng: UFO X01","Chip LED đèn nhà xưởng","C30DX01S100-4P3-5C-110LED","Chip đèn nhà xưởng 100W LED 3030 - Sử dụng: UFO X01 | Trung tính (4.000K - 4.200K), Lumileds 3030, 100W, 5C, 30VDC, 110LED","Trung tính (4.000K - 4.200K)","Lumileds 3030","100","5C","30VDC","3030","110"
"C30DX01S100","Chip đèn nhà xưởng 100W LED 3030 - Sử dụng: UFO X01","Chip LED đèn nhà xưởng","C30DX01S100-3P3-5C-110LED","Chip đèn nhà xưởng 100W LED 3030 - Sử dụng: UFO X01 | Vàng (3.000K - 3.200K), Lumileds 3030, 100W, 5C, 30VDC, 110LED","Vàng (3.000K - 3.200K)","Lumileds 3030","100","5C","30VDC","3030","110"
"C30DX01S100","Chip đèn nhà xưởng 100W LED 3030 - Sử dụng: UFO X01","Chip LED đèn nhà xưởng","C30DX01S100-6B3-5C-110LED","Chip đèn nhà xưởng 100W LED 3030 - Sử dụng: UFO X01 | Trắng (6.000K - 6.500K), Bridgelux 3030, 100W, 5C, 30VDC, 110LED","Trắng (6.000K - 6.500K)","Bridgelux 3030","100","5C","30VDC","3030","110"
"C30DX01S100","Chip đèn nhà xưởng 100W LED 3030 - Sử dụng: UFO X01","Chip LED đèn nhà xưởng","C30DX01S100-5B3-5C-110LED","Chip đèn nhà xưởng 100W LED 3030 - Sử dụng: UFO X01 | Trắng (5.000K), Bridgelux 3030, 100W, 5C, 30VDC, 110LED","Trắng (5.000K)","Bridgelux 3030","100","5C","30VDC","3030","110"
"C30DX01S100","Chip đèn nhà xưởng 100W LED 3030 - Sử dụng: UFO X01","Chip LED đèn nhà xưởng","C30DX01S100-4B3-5C-110LED","Chip đèn nhà xưởng 100W LED 3030 - Sử dụng: UFO X01 | Trung tính (4.000K - 4.200K), Bridgelux 3030, 100W, 5C, 30VDC, 110LED","Trung tính (4.000K - 4.200K)","Bridgelux 3030","100","5C","30VDC","3030","110"
"C30DX01S100","Chip đèn nhà xưởng 100W LED 3030 - Sử dụng: UFO X01","Chip LED đèn nhà xưởng","C30DX01S100-3B3-5C-110LED","Chip đèn nhà xưởng 100W LED 3030 - Sử dụng: UFO X01 | Vàng (3.000K - 3.200K), Bridgelux 3030, 100W, 5C, 30VDC, 110LED","Vàng (3.000K - 3.200K)","Bridgelux 3030","100","5C","30VDC","3030","110"
"C30DX01S150","Chip đèn nhà xưởng 150W LED 3030 - Sử dụng: UFO X01","Chip LED đèn nhà xưởng","C30DX01S150-6P3-5C-170LED","Chip đèn nhà xưởng 150W LED 3030 - Sử dụng: UFO X01 | Trắng (6.000K - 6.500K), Lumileds 3030, 150W, 5C, 30VDC, 170LED","Trắng (6.000K - 6.500K)","Lumileds 3030","150","5C","30VDC","3030","170"
"C30DX01S150","Chip đèn nhà xưởng 150W LED 3030 - Sử dụng: UFO X01","Chip LED đèn nhà xưởng","C30DX01S150-5P3-5C-170LED","Chip đèn nhà xưởng 150W LED 3030 - Sử dụng: UFO X01 | Trắng (5.000K), Lumileds 3030, 150W, 5C, 30VDC, 170LED","Trắng (5.000K)","Lumileds 3030","150","5C","30VDC","3030","170"
"C30DX01S150","Chip đèn nhà xưởng 150W LED 3030 - Sử dụng: UFO X01","Chip LED đèn nhà xưởng","C30DX01S150-4P3-5C-170LED","Chip đèn nhà xưởng 150W LED 3030 - Sử dụng: UFO X01 | Trung tính (4.000K - 4.200K), Lumileds 3030, 150W, 5C, 30VDC, 170LED","Trung tính (4.000K - 4.200K)","Lumileds 3030","150","5C","30VDC","3030","170"
"C30DX01S150","Chip đèn nhà xưởng 150W LED 3030 - Sử dụng: UFO X01","Chip LED đèn nhà xưởng","C30DX01S150-3P3-5C-170LED","Chip đèn nhà xưởng 150W LED 3030 - Sử dụng: UFO X01 | Vàng (3.000K - 3.200K), Lumileds 3030, 150W, 5C, 30VDC, 170LED","Vàng (3.000K - 3.200K)","Lumileds 3030","150","5C","30VDC","3030","170"
"C30DX01S150","Chip đèn nhà xưởng 150W LED 3030 - Sử dụng: UFO X01","Chip LED đèn nhà xưởng","C30DX01S150-6B3-5C-170LED","Chip đèn nhà xưởng 150W LED 3030 - Sử dụng: UFO X01 | Trắng (6.000K - 6.500K), Bridgelux 3030, 150W, 5C, 30VDC, 170LED","Trắng (6.000K - 6.500K)","Bridgelux 3030","150","5C","30VDC","3030","170"
"C30DX01S150","Chip đèn nhà xưởng 150W LED 3030 - Sử dụng: UFO X01","Chip LED đèn nhà xưởng","C30DX01S150-5B3-5C-170LED","Chip đèn nhà xưởng 150W LED 3030 - Sử dụng: UFO X01 | Trắng (5.000K), Bridgelux 3030, 150W, 5C, 30VDC, 170LED","Trắng (5.000K)","Bridgelux 3030","150","5C","30VDC","3030","170"
"C30DX01S150","Chip đèn nhà xưởng 150W LED 3030 - Sử dụng: UFO X01","Chip LED đèn nhà xưởng","C30DX01S150-4B3-5C-170LED","Chip đèn nhà xưởng 150W LED 3030 - Sử dụng: UFO X01 | Trung tính (4.000K - 4.200K), Bridgelux 3030, 150W, 5C, 30VDC, 170LED","Trung tính (4.000K - 4.200K)","Bridgelux 3030","150","5C","30VDC","3030","170"
"C30DX01S150","Chip đèn nhà xưởng 150W LED 3030 - Sử dụng: UFO X01","Chip LED đèn nhà xưởng","C30DX01S150-3B3-5C-170LED","Chip đèn nhà xưởng 150W LED 3030 - Sử dụng: UFO X01 | Vàng (3.000K - 3.200K), Bridgelux 3030, 150W, 5C, 30VDC, 170LED","Vàng (3.000K - 3.200K)","Bridgelux 3030","150","5C","30VDC","3030","170"
"C30DX01S200","Chip đèn nhà xưởng 200W LED 3030 - Sử dụng: UFO X01","Chip LED đèn nhà xưởng","C30DX01S200-6P3-5C-220LED","Chip đèn nhà xưởng 200W LED 3030 - Sử dụng: UFO X01 | Trắng (6.000K - 6.500K), Lumileds 3030, 200W, 5C, 30VDC, 220LED","Trắng (6.000K - 6.500K)","Lumileds 3030","200","5C","30VDC","3030","220"
"C30DX01S200","Chip đèn nhà xưởng 200W LED 3030 - Sử dụng: UFO X01","Chip LED đèn nhà xưởng","C30DX01S200-5P3-5C-220LED","Chip đèn nhà xưởng 200W LED 3030 - Sử dụng: UFO X01 | Trắng (5.000K), Lumileds 3030, 200W, 5C, 30VDC, 220LED","Trắng (5.000K)","Lumileds 3030","200","5C","30VDC","3030","220"
"C30DX01S200","Chip đèn nhà xưởng 200W LED 3030 - Sử dụng: UFO X01","Chip LED đèn nhà xưởng","C30DX01S200-4P3-5C-220LED","Chip đèn nhà xưởng 200W LED 3030 - Sử dụng: UFO X01 | Trung tính (4.000K - 4.200K), Lumileds 3030, 200W, 5C, 30VDC, 220LED","Trung tính (4.000K - 4.200K)","Lumileds 3030","200","5C","30VDC","3030","220"
"C30DX01S200","Chip đèn nhà xưởng 200W LED 3030 - Sử dụng: UFO X01","Chip LED đèn nhà xưởng","C30DX01S200-3P3-5C-220LED","Chip đèn nhà xưởng 200W LED 3030 - Sử dụng: UFO X01 | Vàng (3.000K - 3.200K), Lumileds 3030, 200W, 5C, 30VDC, 220LED","Vàng (3.000K - 3.200K)","Lumileds 3030","200","5C","30VDC","3030","220"
"C30DX01S200","Chip đèn nhà xưởng 200W LED 3030 - Sử dụng: UFO X01","Chip LED đèn nhà xưởng","C30DX01S200-6B3-5C-220LED","Chip đèn nhà xưởng 200W LED 3030 - Sử dụng: UFO X01 | Trắng (6.000K - 6.500K), Bridgelux 3030, 200W, 5C, 30VDC, 220LED","Trắng (6.000K - 6.500K)","Bridgelux 3030","200","5C","30VDC","3030","220"
"C30DX01S200","Chip đèn nhà xưởng 200W LED 3030 - Sử dụng: UFO X01","Chip LED đèn nhà xưởng","C30DX01S200-5B3-5C-220LED","Chip đèn nhà xưởng 200W LED 3030 - Sử dụng: UFO X01 | Trắng (5.000K), Bridgelux 3030, 200W, 5C, 30VDC, 220LED","Trắng (5.000K)","Bridgelux 3030","200","5C","30VDC","3030","220"
"C30DX01S200","Chip đèn nhà xưởng 200W LED 3030 - Sử dụng: UFO X01","Chip LED đèn nhà xưởng","C30DX01S200-4B3-5C-220LED","Chip đèn nhà xưởng 200W LED 3030 - Sử dụng: UFO X01 | Trung tính (4.000K - 4.200K), Bridgelux 3030, 200W, 5C, 30VDC, 220LED","Trung tính (4.000K - 4.200K)","Bridgelux 3030","200","5C","30VDC","3030","220"
"C30DX01S200","Chip đèn nhà xưởng 200W LED 3030 - Sử dụng: UFO X01","Chip LED đèn nhà xưởng","C30DX01S200-3B3-5C-220LED","Chip đèn nhà xưởng 200W LED 3030 - Sử dụng: UFO X01 | Vàng (3.000K - 3.200K), Bridgelux 3030, 200W, 5C, 30VDC, 220LED","Vàng (3.000K - 3.200K)","Bridgelux 3030","200","5C","30VDC","3030","220"
"C28DX03S100","Chip đèn nhà xưởng 100W LED 2835 - Sử dụng: UFO X03","Chip LED đèn nhà xưởng","C28DX03S100-628-40C-280LED","Chip đèn nhà xưởng 100W LED 2835 - Sử dụng: UFO X03 | Trắng (6.000K - 6.500K), 2835, 100W, 40C, Điện áp cao, 280LED","Trắng (6.000K - 6.500K)","2835","100","40C","Điện áp cao","2835","280"
"C28DX03S100","Chip đèn nhà xưởng 100W LED 2835 - Sử dụng: UFO X03","Chip LED đèn nhà xưởng","C28DX03S100-528-40C-280LED","Chip đèn nhà xưởng 100W LED 2835 - Sử dụng: UFO X03 | Trắng (5.000K), 2835, 100W, 40C, Điện áp cao, 280LED","Trắng (5.000K)","2835","100","40C","Điện áp cao","2835","280"
"C28DX03S100","Chip đèn nhà xưởng 100W LED 2835 - Sử dụng: UFO X03","Chip LED đèn nhà xưởng","C28DX03S100-428-40C-280LED","Chip đèn nhà xưởng 100W LED 2835 - Sử dụng: UFO X03 | Trung tính (4.000K - 4.200K), 2835, 100W, 40C, Điện áp cao, 280LED","Trung tính (4.000K - 4.200K)","2835","100","40C","Điện áp cao","2835","280"
"C28DX03S100","Chip đèn nhà xưởng 100W LED 2835 - Sử dụng: UFO X03","Chip LED đèn nhà xưởng","C28DX03S100-328-40C-280LED","Chip đèn nhà xưởng 100W LED 2835 - Sử dụng: UFO X03 | Vàng (3.000K - 3.200K), 2835, 100W, 40C, Điện áp cao, 280LED","Vàng (3.000K - 3.200K)","2835","100","40C","Điện áp cao","2835","280"
"C28DX03S150","Chip đèn nhà xưởng 150W LED 2835 - Sử dụng: UFO X03","Chip LED đèn nhà xưởng","C28DX03S150-628-40C-280LED","Chip đèn nhà xưởng 150W LED 2835 - Sử dụng: UFO X03 | Trắng (6.000K - 6.500K), 2835, 150W, 40C, Điện áp cao, 280LED","Trắng (6.000K - 6.500K)","2835","150","40C","Điện áp cao","2835","280"
"C28DX03S150","Chip đèn nhà xưởng 150W LED 2835 - Sử dụng: UFO X03","Chip LED đèn nhà xưởng","C28DX03S150-528-40C-280LED","Chip đèn nhà xưởng 150W LED 2835 - Sử dụng: UFO X03 | Trắng (5.000K), 2835, 150W, 40C, Điện áp cao, 280LED","Trắng (5.000K)","2835","150","40C","Điện áp cao","2835","280"
"C28DX03S150","Chip đèn nhà xưởng 150W LED 2835 - Sử dụng: UFO X03","Chip LED đèn nhà xưởng","C28DX03S150-428-40C-280LED","Chip đèn nhà xưởng 150W LED 2835 - Sử dụng: UFO X03 | Trung tính (4.000K - 4.200K), 2835, 150W, 40C, Điện áp cao, 280LED","Trung tính (4.000K - 4.200K)","2835","150","40C","Điện áp cao","2835","280"
"C28DX03S150","Chip đèn nhà xưởng 150W LED 2835 - Sử dụng: UFO X03","Chip LED đèn nhà xưởng","C28DX03S150-328-40C-280LED","Chip đèn nhà xưởng 150W LED 2835 - Sử dụng: UFO X03 | Vàng (3.000K - 3.200K), 2835, 150W, 40C, Điện áp cao, 280LED","Vàng (3.000K - 3.200K)","2835","150","40C","Điện áp cao","2835","280"
"C28DX03S200","Chip đèn nhà xưởng 200W LED 2835 - Sử dụng: UFO X03","Chip LED đèn nhà xưởng","C28DX03S200-628-40C-640LED","Chip đèn nhà xưởng 200W LED 2835 - Sử dụng: UFO X03 | Trắng (6.000K - 6.500K), 2835, 200W, 40C, Điện áp cao, 640LED","Trắng (6.000K - 6.500K)","2835","200","40C","Điện áp cao","2835","640"
"C28DX03S200","Chip đèn nhà xưởng 200W LED 2835 - Sử dụng: UFO X03","Chip LED đèn nhà xưởng","C28DX03S200-528-40C-640LED","Chip đèn nhà xưởng 200W LED 2835 - Sử dụng: UFO X03 | Trắng (5.000K), 2835, 200W, 40C, Điện áp cao, 640LED","Trắng (5.000K)","2835","200","40C","Điện áp cao","2835","640"
"C28DX03S200","Chip đèn nhà xưởng 200W LED 2835 - Sử dụng: UFO X03","Chip LED đèn nhà xưởng","C28DX03S200-428-40C-640LED","Chip đèn nhà xưởng 200W LED 2835 - Sử dụng: UFO X03 | Trung tính (4.000K - 4.200K), 2835, 200W, 40C, Điện áp cao, 640LED","Trung tính (4.000K - 4.200K)","2835","200","40C","Điện áp cao","2835","640"
"C28DX03S200","Chip đèn nhà xưởng 200W LED 2835 - Sử dụng: UFO X03","Chip LED đèn nhà xưởng","C28DX03S200-328-40C-640LED","Chip đèn nhà xưởng 200W LED 2835 - Sử dụng: UFO X03 | Vàng (3.000K - 3.200K), 2835, 200W, 40C, Điện áp cao, 640LED","Vàng (3.000K - 3.200K)","2835","200","40C","Điện áp cao","2835","640"
"C28DX03S300","Chip đèn nhà xưởng 300W LED 2835 - Sử dụng: UFO X03","Chip LED đèn nhà xưởng","C28DX03S300-628-40C-920LED","Chip đèn nhà xưởng 300W LED 2835 - Sử dụng: UFO X03 | Trắng (6.000K - 6.500K), 2835, 300W, 40C, Điện áp cao, 920LED","Trắng (6.000K - 6.500K)","2835","300","40C","Điện áp cao","2835","920"
"C28DX03S300","Chip đèn nhà xưởng 300W LED 2835 - Sử dụng: UFO X03","Chip LED đèn nhà xưởng","C28DX03S300-528-40C-920LED","Chip đèn nhà xưởng 300W LED 2835 - Sử dụng: UFO X03 | Trắng (5.000K), 2835, 300W, 40C, Điện áp cao, 920LED","Trắng (5.000K)","2835","300","40C","Điện áp cao","2835","920"
"C28DX03S300","Chip đèn nhà xưởng 300W LED 2835 - Sử dụng: UFO X03","Chip LED đèn nhà xưởng","C28DX03S300-428-40C-920LED","Chip đèn nhà xưởng 300W LED 2835 - Sử dụng: UFO X03 | Trung tính (4.000K - 4.200K), 2835, 300W, 40C, Điện áp cao, 920LED","Trung tính (4.000K - 4.200K)","2835","300","40C","Điện áp cao","2835","920"
"C28DX03S300","Chip đèn nhà xưởng 300W LED 2835 - Sử dụng: UFO X03","Chip LED đèn nhà xưởng","C28DX03S300-328-40C-920LED","Chip đèn nhà xưởng 300W LED 2835 - Sử dụng: UFO X03 | Vàng (3.000K - 3.200K), 2835, 300W, 40C, Điện áp cao, 920LED","Vàng (3.000K - 3.200K)","2835","300","40C","Điện áp cao","2835","920"
"C30DX02S100","Chip đèn nhà xưởng 100W LED 3030 - Sử dụng: UFO X02","Chip LED đèn nhà xưởng","C30DX02S100-6P3-7C","Chip đèn nhà xưởng 100W LED 3030 - Sử dụng: UFO X02 | Trắng (6.000K - 6.500K), Lumileds 3030, 100W, 7C, 42VDC","Trắng (6.000K - 6.500K)","Lumileds 3030","100","7C","42VDC","3030",""
"C30DX02S100","Chip đèn nhà xưởng 100W LED 3030 - Sử dụng: UFO X02","Chip LED đèn nhà xưởng","C30DX02S100-5P3-7C","Chip đèn nhà xưởng 100W LED 3030 - Sử dụng: UFO X02 | Trắng (5.000K), Lumileds 3030, 100W, 7C, 42VDC","Trắng (5.000K)","Lumileds 3030","100","7C","42VDC","3030",""
"C30DX02S100","Chip đèn nhà xưởng 100W LED 3030 - Sử dụng: UFO X02","Chip LED đèn nhà xưởng","C30DX02S100-4P3-7C","Chip đèn nhà xưởng 100W LED 3030 - Sử dụng: UFO X02 | Trung tính (4.000K - 4.200K), Lumileds 3030, 100W, 7C, 42VDC","Trung tính (4.000K - 4.200K)","Lumileds 3030","100","7C","42VDC","3030",""
"C30DX02S100","Chip đèn nhà xưởng 100W LED 3030 - Sử dụng: UFO X02","Chip LED đèn nhà xưởng","C30DX02S100-3P3-7C","Chip đèn nhà xưởng 100W LED 3030 - Sử dụng: UFO X02 | Vàng (3.000K - 3.200K), Lumileds 3030, 100W, 7C, 42VDC","Vàng (3.000K - 3.200K)","Lumileds 3030","100","7C","42VDC","3030",""
"C30DX02S100","Chip đèn nhà xưởng 100W LED 3030 - Sử dụng: UFO X02","Chip LED đèn nhà xưởng","C30DX02S100-6B3-7C","Chip đèn nhà xưởng 100W LED 3030 - Sử dụng: UFO X02 | Trắng (6.000K - 6.500K), Bridgelux 3030, 100W, 7C, 42VDC","Trắng (6.000K - 6.500K)","Bridgelux 3030","100","7C","42VDC","3030",""
"C30DX02S100","Chip đèn nhà xưởng 100W LED 3030 - Sử dụng: UFO X02","Chip LED đèn nhà xưởng","C30DX02S100-5B3-7C","Chip đèn nhà xưởng 100W LED 3030 - Sử dụng: UFO X02 | Trắng (5.000K), Bridgelux 3030, 100W, 7C, 42VDC","Trắng (5.000K)","Bridgelux 3030","100","7C","42VDC","3030",""
"C30DX02S100","Chip đèn nhà xưởng 100W LED 3030 - Sử dụng: UFO X02","Chip LED đèn nhà xưởng","C30DX02S100-4B3-7C","Chip đèn nhà xưởng 100W LED 3030 - Sử dụng: UFO X02 | Trung tính (4.000K - 4.200K), Bridgelux 3030, 100W, 7C, 42VDC","Trung tính (4.000K - 4.200K)","Bridgelux 3030","100","7C","42VDC","3030",""
"C30DX02S100","Chip đèn nhà xưởng 100W LED 3030 - Sử dụng: UFO X02","Chip LED đèn nhà xưởng","C30DX02S100-3B3-7C","Chip đèn nhà xưởng 100W LED 3030 - Sử dụng: UFO X02 | Vàng (3.000K - 3.200K), Bridgelux 3030, 100W, 7C, 42VDC","Vàng (3.000K - 3.200K)","Bridgelux 3030","100","7C","42VDC","3030",""
"C30DX02S150","Chip đèn nhà xưởng 150W LED 3030 - Sử dụng: UFO X02","Chip LED đèn nhà xưởng","C30DX02S150-6P3-7C-196LED","Chip đèn nhà xưởng 150W LED 3030 - Sử dụng: UFO X02 | Trắng (6.000K - 6.500K), Lumileds 3030, 150W, 7C, 42VDC, 196LED","Trắng (6.000K - 6.500K)","Lumileds 3030","150","7C","42VDC","3030","196"
"C30DX02S150","Chip đèn nhà xưởng 150W LED 3030 - Sử dụng: UFO X02","Chip LED đèn nhà xưởng","C30DX02S150-5P3-7C-196LED","Chip đèn nhà xưởng 150W LED 3030 - Sử dụng: UFO X02 | Trắng (5.000K), Lumileds 3030, 150W, 7C, 42VDC, 196LED","Trắng (5.000K)","Lumileds 3030","150","7C","42VDC","3030","196"
"C30DX02S150","Chip đèn nhà xưởng 150W LED 3030 - Sử dụng: UFO X02","Chip LED đèn nhà xưởng","C30DX02S150-4P3-7C-196LED","Chip đèn nhà xưởng 150W LED 3030 - Sử dụng: UFO X02 | Trung tính (4.000K - 4.200K), Lumileds 3030, 150W, 7C, 42VDC, 196LED","Trung tính (4.000K - 4.200K)","Lumileds 3030","150","7C","42VDC","3030","196"
"C30DX02S150","Chip đèn nhà xưởng 150W LED 3030 - Sử dụng: UFO X02","Chip LED đèn nhà xưởng","C30DX02S150-3P3-7C-196LED","Chip đèn nhà xưởng 150W LED 3030 - Sử dụng: UFO X02 | Vàng (3.000K - 3.200K), Lumileds 3030, 150W, 7C, 42VDC, 196LED","Vàng (3.000K - 3.200K)","Lumileds 3030","150","7C","42VDC","3030","196"
"C30DX02S150","Chip đèn nhà xưởng 150W LED 3030 - Sử dụng: UFO X02","Chip LED đèn nhà xưởng","C30DX02S150-6B3-7C-196LED","Chip đèn nhà xưởng 150W LED 3030 - Sử dụng: UFO X02 | Trắng (6.000K - 6.500K), Bridgelux 3030, 150W, 7C, 42VDC, 196LED","Trắng (6.000K - 6.500K)","Bridgelux 3030","150","7C","42VDC","3030","196"
"C30DX02S150","Chip đèn nhà xưởng 150W LED 3030 - Sử dụng: UFO X02","Chip LED đèn nhà xưởng","C30DX02S150-5B3-7C-196LED","Chip đèn nhà xưởng 150W LED 3030 - Sử dụng: UFO X02 | Trắng (5.000K), Bridgelux 3030, 150W, 7C, 42VDC, 196LED","Trắng (5.000K)","Bridgelux 3030","150","7C","42VDC","3030","196"
"C30DX02S150","Chip đèn nhà xưởng 150W LED 3030 - Sử dụng: UFO X02","Chip LED đèn nhà xưởng","C30DX02S150-4B3-7C-196LED","Chip đèn nhà xưởng 150W LED 3030 - Sử dụng: UFO X02 | Trung tính (4.000K - 4.200K), Bridgelux 3030, 150W, 7C, 42VDC, 196LED","Trung tính (4.000K - 4.200K)","Bridgelux 3030","150","7C","42VDC","3030","196"
"C30DX02S150","Chip đèn nhà xưởng 150W LED 3030 - Sử dụng: UFO X02","Chip LED đèn nhà xưởng","C30DX02S150-3B3-7C-196LED","Chip đèn nhà xưởng 150W LED 3030 - Sử dụng: UFO X02 | Vàng (3.000K - 3.200K), Bridgelux 3030, 150W, 7C, 42VDC, 196LED","Vàng (3.000K - 3.200K)","Bridgelux 3030","150","7C","42VDC","3030","196"
"C30DX02S200","Chip đèn nhà xưởng 200W LED 3030 - Sử dụng: UFO X02","Chip LED đèn nhà xưởng","C30DX02S200-6P3-7C","Chip đèn nhà xưởng 200W LED 3030 - Sử dụng: UFO X02 | Trắng (6.000K - 6.500K), Lumileds 3030, 200W, 7C, 42VDC","Trắng (6.000K - 6.500K)","Lumileds 3030","200","7C","42VDC","3030",""
"C30DX02S200","Chip đèn nhà xưởng 200W LED 3030 - Sử dụng: UFO X02","Chip LED đèn nhà xưởng","C30DX02S200-5P3-7C","Chip đèn nhà xưởng 200W LED 3030 - Sử dụng: UFO X02 | Trắng (5.000K), Lumileds 3030, 200W, 7C, 42VDC","Trắng (5.000K)","Lumileds 3030","200","7C","42VDC","3030",""
"C30DX02S200","Chip đèn nhà xưởng 200W LED 3030 - Sử dụng: UFO X02","Chip LED đèn nhà xưởng","C30DX02S200-4P3-7C","Chip đèn nhà xưởng 200W LED 3030 - Sử dụng: UFO X02 | Trung tính (4.000K - 4.200K), Lumileds 3030, 200W, 7C, 42VDC","Trung tính (4.000K - 4.200K)","Lumileds 3030","200","7C","42VDC","3030",""
"C30DX02S200","Chip đèn nhà xưởng 200W LED 3030 - Sử dụng: UFO X02","Chip LED đèn nhà xưởng","C30DX02S200-3P3-7C","Chip đèn nhà xưởng 200W LED 3030 - Sử dụng: UFO X02 | Vàng (3.000K - 3.200K), Lumileds 3030, 200W, 7C, 42VDC","Vàng (3.000K - 3.200K)","Lumileds 3030","200","7C","42VDC","3030",""
"C30DX02S200","Chip đèn nhà xưởng 200W LED 3030 - Sử dụng: UFO X02","Chip LED đèn nhà xưởng","C30DX02S200-6B3-7C","Chip đèn nhà xưởng 200W LED 3030 - Sử dụng: UFO X02 | Trắng (6.000K - 6.500K), Bridgelux 3030, 200W, 7C, 42VDC","Trắng (6.000K - 6.500K)","Bridgelux 3030","200","7C","42VDC","3030",""
"C30DX02S200","Chip đèn nhà xưởng 200W LED 3030 - Sử dụng: UFO X02","Chip LED đèn nhà xưởng","C30DX02S200-5B3-7C","Chip đèn nhà xưởng 200W LED 3030 - Sử dụng: UFO X02 | Trắng (5.000K), Bridgelux 3030, 200W, 7C, 42VDC","Trắng (5.000K)","Bridgelux 3030","200","7C","42VDC","3030",""
"C30DX02S200","Chip đèn nhà xưởng 200W LED 3030 - Sử dụng: UFO X02","Chip LED đèn nhà xưởng","C30DX02S200-4B3-7C","Chip đèn nhà xưởng 200W LED 3030 - Sử dụng: UFO X02 | Trung tính (4.000K - 4.200K), Bridgelux 3030, 200W, 7C, 42VDC","Trung tính (4.000K - 4.200K)","Bridgelux 3030","200","7C","42VDC","3030",""
"C30DX02S200","Chip đèn nhà xưởng 200W LED 3030 - Sử dụng: UFO X02","Chip LED đèn nhà xưởng","C30DX02S200-3B3-7C","Chip đèn nhà xưởng 200W LED 3030 - Sử dụng: UFO X02 | Vàng (3.000K - 3.200K), Bridgelux 3030, 200W, 7C, 42VDC","Vàng (3.000K - 3.200K)","Bridgelux 3030","200","7C","42VDC","3030",""
"C30DXTTS050","Chip đèn nhà xưởng 50W LED 3030 - Sử dụng: Đèn nhà thi đấu XTT","Chip LED đèn nhà xưởng","C30DXTTS050-6P3-8C-63LED","Chip đèn nhà xưởng 50W LED 3030 - Sử dụng: Đèn nhà thi đấu XTT | Trắng (6.000K - 6.500K), Lumileds 3030, 50W, 8C, 48VDC, 63LED","Trắng (6.000K - 6.500K)","Lumileds 3030","50","8C","48VDC","3030","63"
"C30DXTTS050","Chip đèn nhà xưởng 50W LED 3030 - Sử dụng: Đèn nhà thi đấu XTT","Chip LED đèn nhà xưởng","C30DXTTS050-5P3-8C-63LED","Chip đèn nhà xưởng 50W LED 3030 - Sử dụng: Đèn nhà thi đấu XTT | Trắng (5.000K), Lumileds 3030, 50W, 8C, 48VDC, 63LED","Trắng (5.000K)","Lumileds 3030","50","8C","48VDC","3030","63"
"C30DXTTS050","Chip đèn nhà xưởng 50W LED 3030 - Sử dụng: Đèn nhà thi đấu XTT","Chip LED đèn nhà xưởng","C30DXTTS050-4P3-8C-63LED","Chip đèn nhà xưởng 50W LED 3030 - Sử dụng: Đèn nhà thi đấu XTT | Trung tính (4.000K - 4.200K), Lumileds 3030, 50W, 8C, 48VDC, 63LED","Trung tính (4.000K - 4.200K)","Lumileds 3030","50","8C","48VDC","3030","63"
"C30DXTTS050","Chip đèn nhà xưởng 50W LED 3030 - Sử dụng: Đèn nhà thi đấu XTT","Chip LED đèn nhà xưởng","C30DXTTS050-3P3-8C-63LED","Chip đèn nhà xưởng 50W LED 3030 - Sử dụng: Đèn nhà thi đấu XTT | Vàng (3.000K - 3.200K), Lumileds 3030, 50W, 8C, 48VDC, 63LED","Vàng (3.000K - 3.200K)","Lumileds 3030","50","8C","48VDC","3030","63"
"C30DXTTS050","Chip đèn nhà xưởng 50W LED 3030 - Sử dụng: Đèn nhà thi đấu XTT","Chip LED đèn nhà xưởng","C30DXTTS050-6B3-8C-63LED","Chip đèn nhà xưởng 50W LED 3030 - Sử dụng: Đèn nhà thi đấu XTT | Trắng (6.000K - 6.500K), Bridgelux 3030, 50W, 8C, 48VDC, 63LED","Trắng (6.000K - 6.500K)","Bridgelux 3030","50","8C","48VDC","3030","63"
"C30DXTTS050","Chip đèn nhà xưởng 50W LED 3030 - Sử dụng: Đèn nhà thi đấu XTT","Chip LED đèn nhà xưởng","C30DXTTS050-5B3-8C-63LED","Chip đèn nhà xưởng 50W LED 3030 - Sử dụng: Đèn nhà thi đấu XTT | Trắng (5.000K), Bridgelux 3030, 50W, 8C, 48VDC, 63LED","Trắng (5.000K)","Bridgelux 3030","50","8C","48VDC","3030","63"
"C30DXTTS050","Chip đèn nhà xưởng 50W LED 3030 - Sử dụng: Đèn nhà thi đấu XTT","Chip LED đèn nhà xưởng","C30DXTTS050-4B3-8C-63LED","Chip đèn nhà xưởng 50W LED 3030 - Sử dụng: Đèn nhà thi đấu XTT | Trung tính (4.000K - 4.200K), Bridgelux 3030, 50W, 8C, 48VDC, 63LED","Trung tính (4.000K - 4.200K)","Bridgelux 3030","50","8C","48VDC","3030","63"
"C30DXTTS050","Chip đèn nhà xưởng 50W LED 3030 - Sử dụng: Đèn nhà thi đấu XTT","Chip LED đèn nhà xưởng","C30DXTTS050-3B3-8C-63LED","Chip đèn nhà xưởng 50W LED 3030 - Sử dụng: Đèn nhà thi đấu XTT | Vàng (3.000K - 3.200K), Bridgelux 3030, 50W, 8C, 48VDC, 63LED","Vàng (3.000K - 3.200K)","Bridgelux 3030","50","8C","48VDC","3030","63"
"C30DXTTS100","Chip đèn nhà xưởng 100W LED 3030 - Sử dụng: Đèn nhà thi đấu XTT","Chip LED đèn nhà xưởng","C30DXTTS100-6P3-8C-105LED","Chip đèn nhà xưởng 100W LED 3030 - Sử dụng: Đèn nhà thi đấu XTT | Trắng (6.000K - 6.500K), Lumileds 3030, 100W, 8C, 48VDC, 105LED","Trắng (6.000K - 6.500K)","Lumileds 3030","100","8C","48VDC","3030","105"
"C30DXTTS100","Chip đèn nhà xưởng 100W LED 3030 - Sử dụng: Đèn nhà thi đấu XTT","Chip LED đèn nhà xưởng","C30DXTTS100-5P3-8C-105LED","Chip đèn nhà xưởng 100W LED 3030 - Sử dụng: Đèn nhà thi đấu XTT | Trắng (5.000K), Lumileds 3030, 100W, 8C, 48VDC, 105LED","Trắng (5.000K)","Lumileds 3030","100","8C","48VDC","3030","105"
"C30DXTTS100","Chip đèn nhà xưởng 100W LED 3030 - Sử dụng: Đèn nhà thi đấu XTT","Chip LED đèn nhà xưởng","C30DXTTS100-4P3-8C-105LED","Chip đèn nhà xưởng 100W LED 3030 - Sử dụng: Đèn nhà thi đấu XTT | Trung tính (4.000K - 4.200K), Lumileds 3030, 100W, 8C, 48VDC, 105LED","Trung tính (4.000K - 4.200K)","Lumileds 3030","100","8C","48VDC","3030","105"
"C30DXTTS100","Chip đèn nhà xưởng 100W LED 3030 - Sử dụng: Đèn nhà thi đấu XTT","Chip LED đèn nhà xưởng","C30DXTTS100-3P3-8C-105LED","Chip đèn nhà xưởng 100W LED 3030 - Sử dụng: Đèn nhà thi đấu XTT | Vàng (3.000K - 3.200K), Lumileds 3030, 100W, 8C, 48VDC, 105LED","Vàng (3.000K - 3.200K)","Lumileds 3030","100","8C","48VDC","3030","105"
"C30DXTTS100","Chip đèn nhà xưởng 100W LED 3030 - Sử dụng: Đèn nhà thi đấu XTT","Chip LED đèn nhà xưởng","C30DXTTS100-6B3-8C-105LED","Chip đèn nhà xưởng 100W LED 3030 - Sử dụng: Đèn nhà thi đấu XTT | Trắng (6.000K - 6.500K), Bridgelux 3030, 100W, 8C, 48VDC, 105LED","Trắng (6.000K - 6.500K)","Bridgelux 3030","100","8C","48VDC","3030","105"
"C30DXTTS100","Chip đèn nhà xưởng 100W LED 3030 - Sử dụng: Đèn nhà thi đấu XTT","Chip LED đèn nhà xưởng","C30DXTTS100-5B3-8C-105LED","Chip đèn nhà xưởng 100W LED 3030 - Sử dụng: Đèn nhà thi đấu XTT | Trắng (5.000K), Bridgelux 3030, 100W, 8C, 48VDC, 105LED","Trắng (5.000K)","Bridgelux 3030","100","8C","48VDC","3030","105"
"C30DXTTS100","Chip đèn nhà xưởng 100W LED 3030 - Sử dụng: Đèn nhà thi đấu XTT","Chip LED đèn nhà xưởng","C30DXTTS100-4B3-8C-105LED","Chip đèn nhà xưởng 100W LED 3030 - Sử dụng: Đèn nhà thi đấu XTT | Trung tính (4.000K - 4.200K), Bridgelux 3030, 100W, 8C, 48VDC, 105LED","Trung tính (4.000K - 4.200K)","Bridgelux 3030","100","8C","48VDC","3030","105"
"C30DXTTS100","Chip đèn nhà xưởng 100W LED 3030 - Sử dụng: Đèn nhà thi đấu XTT","Chip LED đèn nhà xưởng","C30DXTTS100-3B3-8C-105LED","Chip đèn nhà xưởng 100W LED 3030 - Sử dụng: Đèn nhà thi đấu XTT | Vàng (3.000K - 3.200K), Bridgelux 3030, 100W, 8C, 48VDC, 105LED","Vàng (3.000K - 3.200K)","Bridgelux 3030","100","8C","48VDC","3030","105"
"C30DXTTS150","Chip đèn nhà xưởng 150W LED 3030 - Sử dụng: Đèn nhà thi đấu XTT","Chip LED đèn nhà xưởng","C30DXTTS150-6P3-8C-154LED","Chip đèn nhà xưởng 150W LED 3030 - Sử dụng: Đèn nhà thi đấu XTT | Trắng (6.000K - 6.500K), Lumileds 3030, 150W, 8C, 48VDC, 154LED","Trắng (6.000K - 6.500K)","Lumileds 3030","150","8C","48VDC","3030","154"
"C30DXTTS150","Chip đèn nhà xưởng 150W LED 3030 - Sử dụng: Đèn nhà thi đấu XTT","Chip LED đèn nhà xưởng","C30DXTTS150-5P3-8C-154LED","Chip đèn nhà xưởng 150W LED 3030 - Sử dụng: Đèn nhà thi đấu XTT | Trắng (5.000K), Lumileds 3030, 150W, 8C, 48VDC, 154LED","Trắng (5.000K)","Lumileds 3030","150","8C","48VDC","3030","154"
"C30DXTTS150","Chip đèn nhà xưởng 150W LED 3030 - Sử dụng: Đèn nhà thi đấu XTT","Chip LED đèn nhà xưởng","C30DXTTS150-4P3-8C-154LED","Chip đèn nhà xưởng 150W LED 3030 - Sử dụng: Đèn nhà thi đấu XTT | Trung tính (4.000K - 4.200K), Lumileds 3030, 150W, 8C, 48VDC, 154LED","Trung tính (4.000K - 4.200K)","Lumileds 3030","150","8C","48VDC","3030","154"
"C30DXTTS150","Chip đèn nhà xưởng 150W LED 3030 - Sử dụng: Đèn nhà thi đấu XTT","Chip LED đèn nhà xưởng","C30DXTTS150-3P3-8C-154LED","Chip đèn nhà xưởng 150W LED 3030 - Sử dụng: Đèn nhà thi đấu XTT | Vàng (3.000K - 3.200K), Lumileds 3030, 150W, 8C, 48VDC, 154LED","Vàng (3.000K - 3.200K)","Lumileds 3030","150","8C","48VDC","3030","154"
"C30DXTTS150","Chip đèn nhà xưởng 150W LED 3030 - Sử dụng: Đèn nhà thi đấu XTT","Chip LED đèn nhà xưởng","C30DXTTS150-6B3-8C-154LED","Chip đèn nhà xưởng 150W LED 3030 - Sử dụng: Đèn nhà thi đấu XTT | Trắng (6.000K - 6.500K), Bridgelux 3030, 150W, 8C, 48VDC, 154LED","Trắng (6.000K - 6.500K)","Bridgelux 3030","150","8C","48VDC","3030","154"
"C30DXTTS150","Chip đèn nhà xưởng 150W LED 3030 - Sử dụng: Đèn nhà thi đấu XTT","Chip LED đèn nhà xưởng","C30DXTTS150-5B3-8C-154LED","Chip đèn nhà xưởng 150W LED 3030 - Sử dụng: Đèn nhà thi đấu XTT | Trắng (5.000K), Bridgelux 3030, 150W, 8C, 48VDC, 154LED","Trắng (5.000K)","Bridgelux 3030","150","8C","48VDC","3030","154"
"C30DXTTS150","Chip đèn nhà xưởng 150W LED 3030 - Sử dụng: Đèn nhà thi đấu XTT","Chip LED đèn nhà xưởng","C30DXTTS150-4B3-8C-154LED","Chip đèn nhà xưởng 150W LED 3030 - Sử dụng: Đèn nhà thi đấu XTT | Trung tính (4.000K - 4.200K), Bridgelux 3030, 150W, 8C, 48VDC, 154LED","Trung tính (4.000K - 4.200K)","Bridgelux 3030","150","8C","48VDC","3030","154"
"C30DXTTS150","Chip đèn nhà xưởng 150W LED 3030 - Sử dụng: Đèn nhà thi đấu XTT","Chip LED đèn nhà xưởng","C30DXTTS150-3B3-8C-154LED","Chip đèn nhà xưởng 150W LED 3030 - Sử dụng: Đèn nhà thi đấu XTT | Vàng (3.000K - 3.200K), Bridgelux 3030, 150W, 8C, 48VDC, 154LED","Vàng (3.000K - 3.200K)","Bridgelux 3030","150","8C","48VDC","3030","154"
"C30DXTTS200","Chip đèn nhà xưởng 200W LED 3030 - Sử dụng: Đèn nhà thi đấu XTT","Chip LED đèn nhà xưởng","C30DXTTS200-6P3-8C-203LED","Chip đèn nhà xưởng 200W LED 3030 - Sử dụng: Đèn nhà thi đấu XTT | Trắng (6.000K - 6.500K), Lumileds 3030, 200W, 8C, 48VDC, 203LED","Trắng (6.000K - 6.500K)","Lumileds 3030","200","8C","48VDC","3030","203"
"C30DXTTS200","Chip đèn nhà xưởng 200W LED 3030 - Sử dụng: Đèn nhà thi đấu XTT","Chip LED đèn nhà xưởng","C30DXTTS200-5P3-8C-203LED","Chip đèn nhà xưởng 200W LED 3030 - Sử dụng: Đèn nhà thi đấu XTT | Trắng (5.000K), Lumileds 3030, 200W, 8C, 48VDC, 203LED","Trắng (5.000K)","Lumileds 3030","200","8C","48VDC","3030","203"
"C30DXTTS200","Chip đèn nhà xưởng 200W LED 3030 - Sử dụng: Đèn nhà thi đấu XTT","Chip LED đèn nhà xưởng","C30DXTTS200-4P3-8C-203LED","Chip đèn nhà xưởng 200W LED 3030 - Sử dụng: Đèn nhà thi đấu XTT | Trung tính (4.000K - 4.200K), Lumileds 3030, 200W, 8C, 48VDC, 203LED","Trung tính (4.000K - 4.200K)","Lumileds 3030","200","8C","48VDC","3030","203"
"C30DXTTS200","Chip đèn nhà xưởng 200W LED 3030 - Sử dụng: Đèn nhà thi đấu XTT","Chip LED đèn nhà xưởng","C30DXTTS200-3P3-8C-203LED","Chip đèn nhà xưởng 200W LED 3030 - Sử dụng: Đèn nhà thi đấu XTT | Vàng (3.000K - 3.200K), Lumileds 3030, 200W, 8C, 48VDC, 203LED","Vàng (3.000K - 3.200K)","Lumileds 3030","200","8C","48VDC","3030","203"
"C30DXTTS200","Chip đèn nhà xưởng 200W LED 3030 - Sử dụng: Đèn nhà thi đấu XTT","Chip LED đèn nhà xưởng","C30DXTTS200-6B3-8C-203LED","Chip đèn nhà xưởng 200W LED 3030 - Sử dụng: Đèn nhà thi đấu XTT | Trắng (6.000K - 6.500K), Bridgelux 3030, 200W, 8C, 48VDC, 203LED","Trắng (6.000K - 6.500K)","Bridgelux 3030","200","8C","48VDC","3030","203"
"C30DXTTS200","Chip đèn nhà xưởng 200W LED 3030 - Sử dụng: Đèn nhà thi đấu XTT","Chip LED đèn nhà xưởng","C30DXTTS200-5B3-8C-203LED","Chip đèn nhà xưởng 200W LED 3030 - Sử dụng: Đèn nhà thi đấu XTT | Trắng (5.000K), Bridgelux 3030, 200W, 8C, 48VDC, 203LED","Trắng (5.000K)","Bridgelux 3030","200","8C","48VDC","3030","203"
"C30DXTTS200","Chip đèn nhà xưởng 200W LED 3030 - Sử dụng: Đèn nhà thi đấu XTT","Chip LED đèn nhà xưởng","C30DXTTS200-4B3-8C-203LED","Chip đèn nhà xưởng 200W LED 3030 - Sử dụng: Đèn nhà thi đấu XTT | Trung tính (4.000K - 4.200K), Bridgelux 3030, 200W, 8C, 48VDC, 203LED","Trung tính (4.000K - 4.200K)","Bridgelux 3030","200","8C","48VDC","3030","203"
"C30DXTTS200","Chip đèn nhà xưởng 200W LED 3030 - Sử dụng: Đèn nhà thi đấu XTT","Chip LED đèn nhà xưởng","C30DXTTS200-3B3-8C-203LED","Chip đèn nhà xưởng 200W LED 3030 - Sử dụng: Đèn nhà thi đấu XTT | Vàng (3.000K - 3.200K), Bridgelux 3030, 200W, 8C, 48VDC, 203LED","Vàng (3.000K - 3.200K)","Bridgelux 3030","200","8C","48VDC","3030","203"
"C30DXTTS250","Chip đèn nhà xưởng 250W LED 3030 - Sử dụng: Đèn nhà thi đấu XTT","Chip LED đèn nhà xưởng","C30DXTTS250-6P3-8C-252LED","Chip đèn nhà xưởng 250W LED 3030 - Sử dụng: Đèn nhà thi đấu XTT | Trắng (6.000K - 6.500K), Lumileds 3030, 250W, 8C, 48VDC, 252LED","Trắng (6.000K - 6.500K)","Lumileds 3030","250","8C","48VDC","3030","252"
"C30DXTTS250","Chip đèn nhà xưởng 250W LED 3030 - Sử dụng: Đèn nhà thi đấu XTT","Chip LED đèn nhà xưởng","C30DXTTS250-5P3-8C-252LED","Chip đèn nhà xưởng 250W LED 3030 - Sử dụng: Đèn nhà thi đấu XTT | Trắng (5.000K), Lumileds 3030, 250W, 8C, 48VDC, 252LED","Trắng (5.000K)","Lumileds 3030","250","8C","48VDC","3030","252"
"C30DXTTS250","Chip đèn nhà xưởng 250W LED 3030 - Sử dụng: Đèn nhà thi đấu XTT","Chip LED đèn nhà xưởng","C30DXTTS250-4P3-8C-252LED","Chip đèn nhà xưởng 250W LED 3030 - Sử dụng: Đèn nhà thi đấu XTT | Trung tính (4.000K - 4.200K), Lumileds 3030, 250W, 8C, 48VDC, 252LED","Trung tính (4.000K - 4.200K)","Lumileds 3030","250","8C","48VDC","3030","252"
"C30DXTTS250","Chip đèn nhà xưởng 250W LED 3030 - Sử dụng: Đèn nhà thi đấu XTT","Chip LED đèn nhà xưởng","C30DXTTS250-3P3-8C-252LED","Chip đèn nhà xưởng 250W LED 3030 - Sử dụng: Đèn nhà thi đấu XTT | Vàng (3.000K - 3.200K), Lumileds 3030, 250W, 8C, 48VDC, 252LED","Vàng (3.000K - 3.200K)","Lumileds 3030","250","8C","48VDC","3030","252"
"C30DXTTS250","Chip đèn nhà xưởng 250W LED 3030 - Sử dụng: Đèn nhà thi đấu XTT","Chip LED đèn nhà xưởng","C30DXTTS250-6B3-8C-252LED","Chip đèn nhà xưởng 250W LED 3030 - Sử dụng: Đèn nhà thi đấu XTT | Trắng (6.000K - 6.500K), Bridgelux 3030, 250W, 8C, 48VDC, 252LED","Trắng (6.000K - 6.500K)","Bridgelux 3030","250","8C","48VDC","3030","252"
"C30DXTTS250","Chip đèn nhà xưởng 250W LED 3030 - Sử dụng: Đèn nhà thi đấu XTT","Chip LED đèn nhà xưởng","C30DXTTS250-5B3-8C-252LED","Chip đèn nhà xưởng 250W LED 3030 - Sử dụng: Đèn nhà thi đấu XTT | Trắng (5.000K), Bridgelux 3030, 250W, 8C, 48VDC, 252LED","Trắng (5.000K)","Bridgelux 3030","250","8C","48VDC","3030","252"
"C30DXTTS250","Chip đèn nhà xưởng 250W LED 3030 - Sử dụng: Đèn nhà thi đấu XTT","Chip LED đèn nhà xưởng","C30DXTTS250-4B3-8C-252LED","Chip đèn nhà xưởng 250W LED 3030 - Sử dụng: Đèn nhà thi đấu XTT | Trung tính (4.000K - 4.200K), Bridgelux 3030, 250W, 8C, 48VDC, 252LED","Trung tính (4.000K - 4.200K)","Bridgelux 3030","250","8C","48VDC","3030","252"
"C30DXTTS250","Chip đèn nhà xưởng 250W LED 3030 - Sử dụng: Đèn nhà thi đấu XTT","Chip LED đèn nhà xưởng","C30DXTTS250-3B3-8C-252LED","Chip đèn nhà xưởng 250W LED 3030 - Sử dụng: Đèn nhà thi đấu XTT | Vàng (3.000K - 3.200K), Bridgelux 3030, 250W, 8C, 48VDC, 252LED","Vàng (3.000K - 3.200K)","Bridgelux 3030","250","8C","48VDC","3030","252"
"C30DPCCC400","Chip đèn pha 400W LED 3030 - Sử dụng: Pha cầu cảng (PCC)","Chip LED đèn pha","C30DPCCC400-6P3-5C-550LED","Chip đèn pha 400W LED 3030 - Sử dụng: Pha cầu cảng (PCC) | Trắng (6.000K - 6.500K), Lumileds 3030, 400W, 5C, 30VDC, 550LED","Trắng (6.000K - 6.500K)","Lumileds 3030","400","5C","30VDC","3030","550"
"C30DPCCC400","Chip đèn pha 400W LED 3030 - Sử dụng: Pha cầu cảng (PCC)","Chip LED đèn pha","C30DPCCC400-5P3-5C-550LED","Chip đèn pha 400W LED 3030 - Sử dụng: Pha cầu cảng (PCC) | Trắng (5.000K), Lumileds 3030, 400W, 5C, 30VDC, 550LED","Trắng (5.000K)","Lumileds 3030","400","5C","30VDC","3030","550"
"C30DPCCC400","Chip đèn pha 400W LED 3030 - Sử dụng: Pha cầu cảng (PCC)","Chip LED đèn pha","C30DPCCC400-4P3-5C-550LED","Chip đèn pha 400W LED 3030 - Sử dụng: Pha cầu cảng (PCC) | Trung tính (4.000K - 4.200K), Lumileds 3030, 400W, 5C, 30VDC, 550LED","Trung tính (4.000K - 4.200K)","Lumileds 3030","400","5C","30VDC","3030","550"
"C30DPCCC400","Chip đèn pha 400W LED 3030 - Sử dụng: Pha cầu cảng (PCC)","Chip LED đèn pha","C30DPCCC400-3P3-5C-550LED","Chip đèn pha 400W LED 3030 - Sử dụng: Pha cầu cảng (PCC) | Vàng (3.000K - 3.200K), Lumileds 3030, 400W, 5C, 30VDC, 550LED","Vàng (3.000K - 3.200K)","Lumileds 3030","400","5C","30VDC","3030","550"
"C30DPCCC400","Chip đèn pha 400W LED 3030 - Sử dụng: Pha cầu cảng (PCC)","Chip LED đèn pha","C30DPCCC400-6B3-5C-550LED","Chip đèn pha 400W LED 3030 - Sử dụng: Pha cầu cảng (PCC) | Trắng (6.000K - 6.500K), Bridgelux 3030, 400W, 5C, 30VDC, 550LED","Trắng (6.000K - 6.500K)","Bridgelux 3030","400","5C","30VDC","3030","550"
"C30DPCCC400","Chip đèn pha 400W LED 3030 - Sử dụng: Pha cầu cảng (PCC)","Chip LED đèn pha","C30DPCCC400-5B3-5C-550LED","Chip đèn pha 400W LED 3030 - Sử dụng: Pha cầu cảng (PCC) | Trắng (5.000K), Bridgelux 3030, 400W, 5C, 30VDC, 550LED","Trắng (5.000K)","Bridgelux 3030","400","5C","30VDC","3030","550"
"C30DPCCC400","Chip đèn pha 400W LED 3030 - Sử dụng: Pha cầu cảng (PCC)","Chip LED đèn pha","C30DPCCC400-4B3-5C-550LED","Chip đèn pha 400W LED 3030 - Sử dụng: Pha cầu cảng (PCC) | Trung tính (4.000K - 4.200K), Bridgelux 3030, 400W, 5C, 30VDC, 550LED","Trung tính (4.000K - 4.200K)","Bridgelux 3030","400","5C","30VDC","3030","550"
"C30DPCCC400","Chip đèn pha 400W LED 3030 - Sử dụng: Pha cầu cảng (PCC)","Chip LED đèn pha","C30DPCCC400-3B3-5C-550LED","Chip đèn pha 400W LED 3030 - Sử dụng: Pha cầu cảng (PCC) | Vàng (3.000K - 3.200K), Bridgelux 3030, 400W, 5C, 30VDC, 550LED","Vàng (3.000K - 3.200K)","Bridgelux 3030","400","5C","30VDC","3030","550"
"C30DPCCC600","Chip đèn pha 600W LED 3030 - Sử dụng: Pha cầu cảng (PCC)","Chip LED đèn pha","C30DPCCC600-6P3-5C-830LED","Chip đèn pha 600W LED 3030 - Sử dụng: Pha cầu cảng (PCC) | Trắng (6.000K - 6.500K), Lumileds 3030, 600W, 5C, 30VDC, 830LED","Trắng (6.000K - 6.500K)","Lumileds 3030","600","5C","30VDC","3030","830"
"C30DPCCC600","Chip đèn pha 600W LED 3030 - Sử dụng: Pha cầu cảng (PCC)","Chip LED đèn pha","C30DPCCC600-5P3-5C-830LED","Chip đèn pha 600W LED 3030 - Sử dụng: Pha cầu cảng (PCC) | Trắng (5.000K), Lumileds 3030, 600W, 5C, 30VDC, 830LED","Trắng (5.000K)","Lumileds 3030","600","5C","30VDC","3030","830"
"C30DPCCC600","Chip đèn pha 600W LED 3030 - Sử dụng: Pha cầu cảng (PCC)","Chip LED đèn pha","C30DPCCC600-4P3-5C-830LED","Chip đèn pha 600W LED 3030 - Sử dụng: Pha cầu cảng (PCC) | Trung tính (4.000K - 4.200K), Lumileds 3030, 600W, 5C, 30VDC, 830LED","Trung tính (4.000K - 4.200K)","Lumileds 3030","600","5C","30VDC","3030","830"
"C30DPCCC600","Chip đèn pha 600W LED 3030 - Sử dụng: Pha cầu cảng (PCC)","Chip LED đèn pha","C30DPCCC600-3P3-5C-830LED","Chip đèn pha 600W LED 3030 - Sử dụng: Pha cầu cảng (PCC) | Vàng (3.000K - 3.200K), Lumileds 3030, 600W, 5C, 30VDC, 830LED","Vàng (3.000K - 3.200K)","Lumileds 3030","600","5C","30VDC","3030","830"
"C30DPCCC600","Chip đèn pha 600W LED 3030 - Sử dụng: Pha cầu cảng (PCC)","Chip LED đèn pha","C30DPCCC600-6B3-5C-830LED","Chip đèn pha 600W LED 3030 - Sử dụng: Pha cầu cảng (PCC) | Trắng (6.000K - 6.500K), Bridgelux 3030, 600W, 5C, 30VDC, 830LED","Trắng (6.000K - 6.500K)","Bridgelux 3030","600","5C","30VDC","3030","830"
"C30DPCCC600","Chip đèn pha 600W LED 3030 - Sử dụng: Pha cầu cảng (PCC)","Chip LED đèn pha","C30DPCCC600-5B3-5C-830LED","Chip đèn pha 600W LED 3030 - Sử dụng: Pha cầu cảng (PCC) | Trắng (5.000K), Bridgelux 3030, 600W, 5C, 30VDC, 830LED","Trắng (5.000K)","Bridgelux 3030","600","5C","30VDC","3030","830"
"C30DPCCC600","Chip đèn pha 600W LED 3030 - Sử dụng: Pha cầu cảng (PCC)","Chip LED đèn pha","C30DPCCC600-4B3-5C-830LED","Chip đèn pha 600W LED 3030 - Sử dụng: Pha cầu cảng (PCC) | Trung tính (4.000K - 4.200K), Bridgelux 3030, 600W, 5C, 30VDC, 830LED","Trung tính (4.000K - 4.200K)","Bridgelux 3030","600","5C","30VDC","3030","830"
"C30DPCCC600","Chip đèn pha 600W LED 3030 - Sử dụng: Pha cầu cảng (PCC)","Chip LED đèn pha","C30DPCCC600-3B3-5C-830LED","Chip đèn pha 600W LED 3030 - Sử dụng: Pha cầu cảng (PCC) | Vàng (3.000K - 3.200K), Bridgelux 3030, 600W, 5C, 30VDC, 830LED","Vàng (3.000K - 3.200K)","Bridgelux 3030","600","5C","30VDC","3030","830"
"C30DPCCC1K0","Chip đèn pha 1000W LED 3030 - Sử dụng: Pha cầu cảng (PCC)","Chip LED đèn pha","C30DPCCC1K0-6P3-5C-1380LED","Chip đèn pha 1000W LED 3030 - Sử dụng: Pha cầu cảng (PCC) | Trắng (6.000K - 6.500K), Lumileds 3030, 1000W, 5C, 30VDC, 1380LED","Trắng (6.000K - 6.500K)","Lumileds 3030","1000","5C","30VDC","3030","1380"
"C30DPCCC1K0","Chip đèn pha 1000W LED 3030 - Sử dụng: Pha cầu cảng (PCC)","Chip LED đèn pha","C30DPCCC1K0-5P3-5C-1380LED","Chip đèn pha 1000W LED 3030 - Sử dụng: Pha cầu cảng (PCC) | Trắng (5.000K), Lumileds 3030, 1000W, 5C, 30VDC, 1380LED","Trắng (5.000K)","Lumileds 3030","1000","5C","30VDC","3030","1380"
"C30DPCCC1K0","Chip đèn pha 1000W LED 3030 - Sử dụng: Pha cầu cảng (PCC)","Chip LED đèn pha","C30DPCCC1K0-4P3-5C-1380LED","Chip đèn pha 1000W LED 3030 - Sử dụng: Pha cầu cảng (PCC) | Trung tính (4.000K - 4.200K), Lumileds 3030, 1000W, 5C, 30VDC, 1380LED","Trung tính (4.000K - 4.200K)","Lumileds 3030","1000","5C","30VDC","3030","1380"
"C30DPCCC1K0","Chip đèn pha 1000W LED 3030 - Sử dụng: Pha cầu cảng (PCC)","Chip LED đèn pha","C30DPCCC1K0-3P3-5C-1380LED","Chip đèn pha 1000W LED 3030 - Sử dụng: Pha cầu cảng (PCC) | Vàng (3.000K - 3.200K), Lumileds 3030, 1000W, 5C, 30VDC, 1380LED","Vàng (3.000K - 3.200K)","Lumileds 3030","1000","5C","30VDC","3030","1380"
"C30DPCCC1K0","Chip đèn pha 1000W LED 3030 - Sử dụng: Pha cầu cảng (PCC)","Chip LED đèn pha","C30DPCCC1K0-6B3-5C-1380LED","Chip đèn pha 1000W LED 3030 - Sử dụng: Pha cầu cảng (PCC) | Trắng (6.000K - 6.500K), Bridgelux 3030, 1000W, 5C, 30VDC, 1380LED","Trắng (6.000K - 6.500K)","Bridgelux 3030","1000","5C","30VDC","3030","1380"
"C30DPCCC1K0","Chip đèn pha 1000W LED 3030 - Sử dụng: Pha cầu cảng (PCC)","Chip LED đèn pha","C30DPCCC1K0-5B3-5C-1380LED","Chip đèn pha 1000W LED 3030 - Sử dụng: Pha cầu cảng (PCC) | Trắng (5.000K), Bridgelux 3030, 1000W, 5C, 30VDC, 1380LED","Trắng (5.000K)","Bridgelux 3030","1000","5C","30VDC","3030","1380"
"C30DPCCC1K0","Chip đèn pha 1000W LED 3030 - Sử dụng: Pha cầu cảng (PCC)","Chip LED đèn pha","C30DPCCC1K0-4B3-5C-1380LED","Chip đèn pha 1000W LED 3030 - Sử dụng: Pha cầu cảng (PCC) | Trung tính (4.000K - 4.200K), Bridgelux 3030, 1000W, 5C, 30VDC, 1380LED","Trung tính (4.000K - 4.200K)","Bridgelux 3030","1000","5C","30VDC","3030","1380"
"C30DPCCC1K0","Chip đèn pha 1000W LED 3030 - Sử dụng: Pha cầu cảng (PCC)","Chip LED đèn pha","C30DPCCC1K0-3B3-5C-1380LED","Chip đèn pha 1000W LED 3030 - Sử dụng: Pha cầu cảng (PCC) | Vàng (3.000K - 3.200K), Bridgelux 3030, 1000W, 5C, 30VDC, 1380LED","Vàng (3.000K - 3.200K)","Bridgelux 3030","1000","5C","30VDC","3030","1380"
"C30DPCTC500","Chip đèn pha 500W LED 3030 - Sử dụng: Pha cẩu tháp (PCT)","Chip LED đèn pha","C30DPCTC500-6P3","Chip đèn pha 500W LED 3030 - Sử dụng: Pha cẩu tháp (PCT) | Trắng (6.000K - 6.500K), Lumileds 3030, 500W","Trắng (6.000K - 6.500K)","Lumileds 3030","500","","","3030",""
"C30DPCTC500","Chip đèn pha 500W LED 3030 - Sử dụng: Pha cẩu tháp (PCT)","Chip LED đèn pha","C30DPCTC500-5P3","Chip đèn pha 500W LED 3030 - Sử dụng: Pha cẩu tháp (PCT) | Trắng (5.000K), Lumileds 3030, 500W","Trắng (5.000K)","Lumileds 3030","500","","","3030",""
"C30DPCTC500","Chip đèn pha 500W LED 3030 - Sử dụng: Pha cẩu tháp (PCT)","Chip LED đèn pha","C30DPCTC500-4P3","Chip đèn pha 500W LED 3030 - Sử dụng: Pha cẩu tháp (PCT) | Trung tính (4.000K - 4.200K), Lumileds 3030, 500W","Trung tính (4.000K - 4.200K)","Lumileds 3030","500","","","3030",""
"C30DPCTC500","Chip đèn pha 500W LED 3030 - Sử dụng: Pha cẩu tháp (PCT)","Chip LED đèn pha","C30DPCTC500-3P3","Chip đèn pha 500W LED 3030 - Sử dụng: Pha cẩu tháp (PCT) | Vàng (3.000K - 3.200K), Lumileds 3030, 500W","Vàng (3.000K - 3.200K)","Lumileds 3030","500","","","3030",""
"C30DPCTC500","Chip đèn pha 500W LED 3030 - Sử dụng: Pha cẩu tháp (PCT)","Chip LED đèn pha","C30DPCTC500-6B3","Chip đèn pha 500W LED 3030 - Sử dụng: Pha cẩu tháp (PCT) | Trắng (6.000K - 6.500K), Bridgelux 3030, 500W","Trắng (6.000K - 6.500K)","Bridgelux 3030","500","","","3030",""
"C30DPCTC500","Chip đèn pha 500W LED 3030 - Sử dụng: Pha cẩu tháp (PCT)","Chip LED đèn pha","C30DPCTC500-5B3","Chip đèn pha 500W LED 3030 - Sử dụng: Pha cẩu tháp (PCT) | Trắng (5.000K), Bridgelux 3030, 500W","Trắng (5.000K)","Bridgelux 3030","500","","","3030",""
"C30DPCTC500","Chip đèn pha 500W LED 3030 - Sử dụng: Pha cẩu tháp (PCT)","Chip LED đèn pha","C30DPCTC500-4B3","Chip đèn pha 500W LED 3030 - Sử dụng: Pha cẩu tháp (PCT) | Trung tính (4.000K - 4.200K), Bridgelux 3030, 500W","Trung tính (4.000K - 4.200K)","Bridgelux 3030","500","","","3030",""
"C30DPCTC500","Chip đèn pha 500W LED 3030 - Sử dụng: Pha cẩu tháp (PCT)","Chip LED đèn pha","C30DPCTC500-3B3","Chip đèn pha 500W LED 3030 - Sử dụng: Pha cẩu tháp (PCT) | Vàng (3.000K - 3.200K), Bridgelux 3030, 500W","Vàng (3.000K - 3.200K)","Bridgelux 3030","500","","","3030",""
"C30DPCTC1K0","Chip đèn pha 1000W LED 3030 - Sử dụng: Pha cẩu tháp (PCT)","Chip LED đèn pha","C30DPCTC1K0-6P3","Chip đèn pha 1000W LED 3030 - Sử dụng: Pha cẩu tháp (PCT) | Trắng (6.000K - 6.500K), Lumileds 3030, 1000W","Trắng (6.000K - 6.500K)","Lumileds 3030","1000","","","3030",""
"C30DPCTC1K0","Chip đèn pha 1000W LED 3030 - Sử dụng: Pha cẩu tháp (PCT)","Chip LED đèn pha","C30DPCTC1K0-5P3","Chip đèn pha 1000W LED 3030 - Sử dụng: Pha cẩu tháp (PCT) | Trắng (5.000K), Lumileds 3030, 1000W","Trắng (5.000K)","Lumileds 3030","1000","","","3030",""
"C30DPCTC1K0","Chip đèn pha 1000W LED 3030 - Sử dụng: Pha cẩu tháp (PCT)","Chip LED đèn pha","C30DPCTC1K0-4P3","Chip đèn pha 1000W LED 3030 - Sử dụng: Pha cẩu tháp (PCT) | Trung tính (4.000K - 4.200K), Lumileds 3030, 1000W","Trung tính (4.000K - 4.200K)","Lumileds 3030","1000","","","3030",""
"C30DPCTC1K0","Chip đèn pha 1000W LED 3030 - Sử dụng: Pha cẩu tháp (PCT)","Chip LED đèn pha","C30DPCTC1K0-3P3","Chip đèn pha 1000W LED 3030 - Sử dụng: Pha cẩu tháp (PCT) | Vàng (3.000K - 3.200K), Lumileds 3030, 1000W","Vàng (3.000K - 3.200K)","Lumileds 3030","1000","","","3030",""
"C30DPCTC1K0","Chip đèn pha 1000W LED 3030 - Sử dụng: Pha cẩu tháp (PCT)","Chip LED đèn pha","C30DPCTC1K0-6B3","Chip đèn pha 1000W LED 3030 - Sử dụng: Pha cẩu tháp (PCT) | Trắng (6.000K - 6.500K), Bridgelux 3030, 1000W","Trắng (6.000K - 6.500K)","Bridgelux 3030","1000","","","3030",""
"C30DPCTC1K0","Chip đèn pha 1000W LED 3030 - Sử dụng: Pha cẩu tháp (PCT)","Chip LED đèn pha","C30DPCTC1K0-5B3","Chip đèn pha 1000W LED 3030 - Sử dụng: Pha cẩu tháp (PCT) | Trắng (5.000K), Bridgelux 3030, 1000W","Trắng (5.000K)","Bridgelux 3030","1000","","","3030",""
"C30DPCTC1K0","Chip đèn pha 1000W LED 3030 - Sử dụng: Pha cẩu tháp (PCT)","Chip LED đèn pha","C30DPCTC1K0-4B3","Chip đèn pha 1000W LED 3030 - Sử dụng: Pha cẩu tháp (PCT) | Trung tính (4.000K - 4.200K), Bridgelux 3030, 1000W","Trung tính (4.000K - 4.200K)","Bridgelux 3030","1000","","","3030",""
"C30DPCTC1K0","Chip đèn pha 1000W LED 3030 - Sử dụng: Pha cẩu tháp (PCT)","Chip LED đèn pha","C30DPCTC1K0-3B3","Chip đèn pha 1000W LED 3030 - Sử dụng: Pha cẩu tháp (PCT) | Vàng (3.000K - 3.200K), Bridgelux 3030, 1000W","Vàng (3.000K - 3.200K)","Bridgelux 3030","1000","","","3030",""
"C30DPCTC1K5","Chip đèn pha 1500W LED 3030 - Sử dụng: Pha cẩu tháp (PCT)","Chip LED đèn pha","C30DPCTC1K5-6P3","Chip đèn pha 1500W LED 3030 - Sử dụng: Pha cẩu tháp (PCT) | Trắng (6.000K - 6.500K), Lumileds 3030, 1500W","Trắng (6.000K - 6.500K)","Lumileds 3030","1500","","","3030",""
"C30DPCTC1K5","Chip đèn pha 1500W LED 3030 - Sử dụng: Pha cẩu tháp (PCT)","Chip LED đèn pha","C30DPCTC1K5-5P3","Chip đèn pha 1500W LED 3030 - Sử dụng: Pha cẩu tháp (PCT) | Trắng (5.000K), Lumileds 3030, 1500W","Trắng (5.000K)","Lumileds 3030","1500","","","3030",""
"C30DPCTC1K5","Chip đèn pha 1500W LED 3030 - Sử dụng: Pha cẩu tháp (PCT)","Chip LED đèn pha","C30DPCTC1K5-4P3","Chip đèn pha 1500W LED 3030 - Sử dụng: Pha cẩu tháp (PCT) | Trung tính (4.000K - 4.200K), Lumileds 3030, 1500W","Trung tính (4.000K - 4.200K)","Lumileds 3030","1500","","","3030",""
"C30DPCTC1K5","Chip đèn pha 1500W LED 3030 - Sử dụng: Pha cẩu tháp (PCT)","Chip LED đèn pha","C30DPCTC1K5-3P3","Chip đèn pha 1500W LED 3030 - Sử dụng: Pha cẩu tháp (PCT) | Vàng (3.000K - 3.200K), Lumileds 3030, 1500W","Vàng (3.000K - 3.200K)","Lumileds 3030","1500","","","3030",""
"C30DPCTC1K5","Chip đèn pha 1500W LED 3030 - Sử dụng: Pha cẩu tháp (PCT)","Chip LED đèn pha","C30DPCTC1K5-6B3","Chip đèn pha 1500W LED 3030 - Sử dụng: Pha cẩu tháp (PCT) | Trắng (6.000K - 6.500K), Bridgelux 3030, 1500W","Trắng (6.000K - 6.500K)","Bridgelux 3030","1500","","","3030",""
"C30DPCTC1K5","Chip đèn pha 1500W LED 3030 - Sử dụng: Pha cẩu tháp (PCT)","Chip LED đèn pha","C30DPCTC1K5-5B3","Chip đèn pha 1500W LED 3030 - Sử dụng: Pha cẩu tháp (PCT) | Trắng (5.000K), Bridgelux 3030, 1500W","Trắng (5.000K)","Bridgelux 3030","1500","","","3030",""
"C30DPCTC1K5","Chip đèn pha 1500W LED 3030 - Sử dụng: Pha cẩu tháp (PCT)","Chip LED đèn pha","C30DPCTC1K5-4B3","Chip đèn pha 1500W LED 3030 - Sử dụng: Pha cẩu tháp (PCT) | Trung tính (4.000K - 4.200K), Bridgelux 3030, 1500W","Trung tính (4.000K - 4.200K)","Bridgelux 3030","1500","","","3030",""
"C30DPCTC1K5","Chip đèn pha 1500W LED 3030 - Sử dụng: Pha cẩu tháp (PCT)","Chip LED đèn pha","C30DPCTC1K5-3B3","Chip đèn pha 1500W LED 3030 - Sử dụng: Pha cẩu tháp (PCT) | Vàng (3.000K - 3.200K), Bridgelux 3030, 1500W","Vàng (3.000K - 3.200K)","Bridgelux 3030","1500","","","3030",""
"C30DPVDS200","Chip đèn pha 200W LED CREE - Sử dụng: Pha sân vận động (PVD)","Chip LED đèn pha","C30DPVDS200-6CR","Chip đèn pha 200W LED CREE - Sử dụng: Pha sân vận động (PVD) | Trắng (6.000K - 6.500K), CREE, 200W","Trắng (6.000K - 6.500K)","CREE","200","","","3030",""
"C30DPVDS200","Chip đèn pha 200W LED CREE - Sử dụng: Pha sân vận động (PVD)","Chip LED đèn pha","C30DPVDS200-5CR","Chip đèn pha 200W LED CREE - Sử dụng: Pha sân vận động (PVD) | Trắng (5.000K), CREE, 200W","Trắng (5.000K)","CREE","200","","","3030",""
"C30DPVDS200","Chip đèn pha 200W LED CREE - Sử dụng: Pha sân vận động (PVD)","Chip LED đèn pha","C30DPVDS200-4CR","Chip đèn pha 200W LED CREE - Sử dụng: Pha sân vận động (PVD) | Trung tính (4.000K - 4.200K), CREE, 200W","Trung tính (4.000K - 4.200K)","CREE","200","","","3030",""
"C30DPVDS200","Chip đèn pha 200W LED CREE - Sử dụng: Pha sân vận động (PVD)","Chip LED đèn pha","C30DPVDS200-3CR","Chip đèn pha 200W LED CREE - Sử dụng: Pha sân vận động (PVD) | Vàng (3.000K - 3.200K), CREE, 200W","Vàng (3.000K - 3.200K)","CREE","200","","","3030",""
"C30DPVDS600","Chip đèn pha 600W LED CREE - Sử dụng: Pha sân vận động (PVD)","Chip LED đèn pha","C30DPVDS600-6CR","Chip đèn pha 600W LED CREE - Sử dụng: Pha sân vận động (PVD) | Trắng (6.000K - 6.500K), CREE, 600W","Trắng (6.000K - 6.500K)","CREE","600","","","3030",""
"C30DPVDS600","Chip đèn pha 600W LED CREE - Sử dụng: Pha sân vận động (PVD)","Chip LED đèn pha","C30DPVDS600-5CR","Chip đèn pha 600W LED CREE - Sử dụng: Pha sân vận động (PVD) | Trắng (5.000K), CREE, 600W","Trắng (5.000K)","CREE","600","","","3030",""
"C30DPVDS600","Chip đèn pha 600W LED CREE - Sử dụng: Pha sân vận động (PVD)","Chip LED đèn pha","C30DPVDS600-4CR","Chip đèn pha 600W LED CREE - Sử dụng: Pha sân vận động (PVD) | Trung tính (4.000K - 4.200K), CREE, 600W","Trung tính (4.000K - 4.200K)","CREE","600","","","3030",""
"C30DPVDS600","Chip đèn pha 600W LED CREE - Sử dụng: Pha sân vận động (PVD)","Chip LED đèn pha","C30DPVDS600-3CR","Chip đèn pha 600W LED CREE - Sử dụng: Pha sân vận động (PVD) | Vàng (3.000K - 3.200K), CREE, 600W","Vàng (3.000K - 3.200K)","CREE","600","","","3030",""
"C30DPVDS1K0","Chip đèn pha 1000W LED CREE - Sử dụng: Pha sân vận động (PVD)","Chip LED đèn pha","C30DPVDS1K0-6CR","Chip đèn pha 1000W LED CREE - Sử dụng: Pha sân vận động (PVD) | Trắng (6.000K - 6.500K), CREE, 1000W","Trắng (6.000K - 6.500K)","CREE","1000","","","3030",""
"C30DPVDS1K0","Chip đèn pha 1000W LED CREE - Sử dụng: Pha sân vận động (PVD)","Chip LED đèn pha","C30DPVDS1K0-5CR","Chip đèn pha 1000W LED CREE - Sử dụng: Pha sân vận động (PVD) | Trắng (5.000K), CREE, 1000W","Trắng (5.000K)","CREE","1000","","","3030",""
"C30DPVDS1K0","Chip đèn pha 1000W LED CREE - Sử dụng: Pha sân vận động (PVD)","Chip LED đèn pha","C30DPVDS1K0-4CR","Chip đèn pha 1000W LED CREE - Sử dụng: Pha sân vận động (PVD) | Trung tính (4.000K - 4.200K), CREE, 1000W","Trung tính (4.000K - 4.200K)","CREE","1000","","","3030",""
"C30DPVDS1K0","Chip đèn pha 1000W LED CREE - Sử dụng: Pha sân vận động (PVD)","Chip LED đèn pha","C30DPVDS1K0-3CR","Chip đèn pha 1000W LED CREE - Sử dụng: Pha sân vận động (PVD) | Vàng (3.000K - 3.200K), CREE, 1000W","Vàng (3.000K - 3.200K)","CREE","1000","","","3030",""
"C30DNU2S100","Chip đèn phòng nổ 100W LED 3030 - Sử dụng: UFO phòng nổ SMD NU2","Chip LED đèn phòng nổ","C30DNU2S100-6P3","Chip đèn phòng nổ 100W LED 3030 - Sử dụng: UFO phòng nổ SMD NU2 | Trắng (6.000K - 6.500K), Lumileds 3030, 100W","Trắng (6.000K - 6.500K)","Lumileds 3030","100","","","3030",""
"C30DNU2S100","Chip đèn phòng nổ 100W LED 3030 - Sử dụng: UFO phòng nổ SMD NU2","Chip LED đèn phòng nổ","C30DNU2S100-5P3","Chip đèn phòng nổ 100W LED 3030 - Sử dụng: UFO phòng nổ SMD NU2 | Trắng (5.000K), Lumileds 3030, 100W","Trắng (5.000K)","Lumileds 3030","100","","","3030",""
"C30DNU2S100","Chip đèn phòng nổ 100W LED 3030 - Sử dụng: UFO phòng nổ SMD NU2","Chip LED đèn phòng nổ","C30DNU2S100-4P3","Chip đèn phòng nổ 100W LED 3030 - Sử dụng: UFO phòng nổ SMD NU2 | Trung tính (4.000K - 4.200K), Lumileds 3030, 100W","Trung tính (4.000K - 4.200K)","Lumileds 3030","100","","","3030",""
"C30DNU2S100","Chip đèn phòng nổ 100W LED 3030 - Sử dụng: UFO phòng nổ SMD NU2","Chip LED đèn phòng nổ","C30DNU2S100-3P3","Chip đèn phòng nổ 100W LED 3030 - Sử dụng: UFO phòng nổ SMD NU2 | Vàng (3.000K - 3.200K), Lumileds 3030, 100W","Vàng (3.000K - 3.200K)","Lumileds 3030","100","","","3030",""
"C30DNU2S100","Chip đèn phòng nổ 100W LED 3030 - Sử dụng: UFO phòng nổ SMD NU2","Chip LED đèn phòng nổ","C30DNU2S100-6B3","Chip đèn phòng nổ 100W LED 3030 - Sử dụng: UFO phòng nổ SMD NU2 | Trắng (6.000K - 6.500K), Bridgelux 3030, 100W","Trắng (6.000K - 6.500K)","Bridgelux 3030","100","","","3030",""
"C30DNU2S100","Chip đèn phòng nổ 100W LED 3030 - Sử dụng: UFO phòng nổ SMD NU2","Chip LED đèn phòng nổ","C30DNU2S100-5B3","Chip đèn phòng nổ 100W LED 3030 - Sử dụng: UFO phòng nổ SMD NU2 | Trắng (5.000K), Bridgelux 3030, 100W","Trắng (5.000K)","Bridgelux 3030","100","","","3030",""
"C30DNU2S100","Chip đèn phòng nổ 100W LED 3030 - Sử dụng: UFO phòng nổ SMD NU2","Chip LED đèn phòng nổ","C30DNU2S100-4B3","Chip đèn phòng nổ 100W LED 3030 - Sử dụng: UFO phòng nổ SMD NU2 | Trung tính (4.000K - 4.200K), Bridgelux 3030, 100W","Trung tính (4.000K - 4.200K)","Bridgelux 3030","100","","","3030",""
"C30DNU2S100","Chip đèn phòng nổ 100W LED 3030 - Sử dụng: UFO phòng nổ SMD NU2","Chip LED đèn phòng nổ","C30DNU2S100-3B3","Chip đèn phòng nổ 100W LED 3030 - Sử dụng: UFO phòng nổ SMD NU2 | Vàng (3.000K - 3.200K), Bridgelux 3030, 100W","Vàng (3.000K - 3.200K)","Bridgelux 3030","100","","","3030",""
"C30DNU2S150","Chip đèn phòng nổ 150W LED 3030 - Sử dụng: UFO phòng nổ SMD NU2","Chip LED đèn phòng nổ","C30DNU2S150-6P3","Chip đèn phòng nổ 150W LED 3030 - Sử dụng: UFO phòng nổ SMD NU2 | Trắng (6.000K - 6.500K), Lumileds 3030, 150W","Trắng (6.000K - 6.500K)","Lumileds 3030","150","","","3030",""
"C30DNU2S150","Chip đèn phòng nổ 150W LED 3030 - Sử dụng: UFO phòng nổ SMD NU2","Chip LED đèn phòng nổ","C30DNU2S150-5P3","Chip đèn phòng nổ 150W LED 3030 - Sử dụng: UFO phòng nổ SMD NU2 | Trắng (5.000K), Lumileds 3030, 150W","Trắng (5.000K)","Lumileds 3030","150","","","3030",""
"C30DNU2S150","Chip đèn phòng nổ 150W LED 3030 - Sử dụng: UFO phòng nổ SMD NU2","Chip LED đèn phòng nổ","C30DNU2S150-4P3","Chip đèn phòng nổ 150W LED 3030 - Sử dụng: UFO phòng nổ SMD NU2 | Trung tính (4.000K - 4.200K), Lumileds 3030, 150W","Trung tính (4.000K - 4.200K)","Lumileds 3030","150","","","3030",""
"C30DNU2S150","Chip đèn phòng nổ 150W LED 3030 - Sử dụng: UFO phòng nổ SMD NU2","Chip LED đèn phòng nổ","C30DNU2S150-3P3","Chip đèn phòng nổ 150W LED 3030 - Sử dụng: UFO phòng nổ SMD NU2 | Vàng (3.000K - 3.200K), Lumileds 3030, 150W","Vàng (3.000K - 3.200K)","Lumileds 3030","150","","","3030",""
"C30DNU2S150","Chip đèn phòng nổ 150W LED 3030 - Sử dụng: UFO phòng nổ SMD NU2","Chip LED đèn phòng nổ","C30DNU2S150-6B3","Chip đèn phòng nổ 150W LED 3030 - Sử dụng: UFO phòng nổ SMD NU2 | Trắng (6.000K - 6.500K), Bridgelux 3030, 150W","Trắng (6.000K - 6.500K)","Bridgelux 3030","150","","","3030",""
"C30DNU2S150","Chip đèn phòng nổ 150W LED 3030 - Sử dụng: UFO phòng nổ SMD NU2","Chip LED đèn phòng nổ","C30DNU2S150-5B3","Chip đèn phòng nổ 150W LED 3030 - Sử dụng: UFO phòng nổ SMD NU2 | Trắng (5.000K), Bridgelux 3030, 150W","Trắng (5.000K)","Bridgelux 3030","150","","","3030",""
"C30DNU2S150","Chip đèn phòng nổ 150W LED 3030 - Sử dụng: UFO phòng nổ SMD NU2","Chip LED đèn phòng nổ","C30DNU2S150-4B3","Chip đèn phòng nổ 150W LED 3030 - Sử dụng: UFO phòng nổ SMD NU2 | Trung tính (4.000K - 4.200K), Bridgelux 3030, 150W","Trung tính (4.000K - 4.200K)","Bridgelux 3030","150","","","3030",""
"C30DNU2S150","Chip đèn phòng nổ 150W LED 3030 - Sử dụng: UFO phòng nổ SMD NU2","Chip LED đèn phòng nổ","C30DNU2S150-3B3","Chip đèn phòng nổ 150W LED 3030 - Sử dụng: UFO phòng nổ SMD NU2 | Vàng (3.000K - 3.200K), Bridgelux 3030, 150W","Vàng (3.000K - 3.200K)","Bridgelux 3030","150","","","3030",""
"C30DNU2S200","Chip đèn phòng nổ 200W LED 3030 - Sử dụng: UFO phòng nổ SMD NU2","Chip LED đèn phòng nổ","C30DNU2S200-6P3","Chip đèn phòng nổ 200W LED 3030 - Sử dụng: UFO phòng nổ SMD NU2 | Trắng (6.000K - 6.500K), Lumileds 3030, 200W","Trắng (6.000K - 6.500K)","Lumileds 3030","200","","","3030",""
"C30DNU2S200","Chip đèn phòng nổ 200W LED 3030 - Sử dụng: UFO phòng nổ SMD NU2","Chip LED đèn phòng nổ","C30DNU2S200-5P3","Chip đèn phòng nổ 200W LED 3030 - Sử dụng: UFO phòng nổ SMD NU2 | Trắng (5.000K), Lumileds 3030, 200W","Trắng (5.000K)","Lumileds 3030","200","","","3030",""
"C30DNU2S200","Chip đèn phòng nổ 200W LED 3030 - Sử dụng: UFO phòng nổ SMD NU2","Chip LED đèn phòng nổ","C30DNU2S200-4P3","Chip đèn phòng nổ 200W LED 3030 - Sử dụng: UFO phòng nổ SMD NU2 | Trung tính (4.000K - 4.200K), Lumileds 3030, 200W","Trung tính (4.000K - 4.200K)","Lumileds 3030","200","","","3030",""
"C30DNU2S200","Chip đèn phòng nổ 200W LED 3030 - Sử dụng: UFO phòng nổ SMD NU2","Chip LED đèn phòng nổ","C30DNU2S200-3P3","Chip đèn phòng nổ 200W LED 3030 - Sử dụng: UFO phòng nổ SMD NU2 | Vàng (3.000K - 3.200K), Lumileds 3030, 200W","Vàng (3.000K - 3.200K)","Lumileds 3030","200","","","3030",""
"C30DNU2S200","Chip đèn phòng nổ 200W LED 3030 - Sử dụng: UFO phòng nổ SMD NU2","Chip LED đèn phòng nổ","C30DNU2S200-6B3","Chip đèn phòng nổ 200W LED 3030 - Sử dụng: UFO phòng nổ SMD NU2 | Trắng (6.000K - 6.500K), Bridgelux 3030, 200W","Trắng (6.000K - 6.500K)","Bridgelux 3030","200","","","3030",""
"C30DNU2S200","Chip đèn phòng nổ 200W LED 3030 - Sử dụng: UFO phòng nổ SMD NU2","Chip LED đèn phòng nổ","C30DNU2S200-5B3","Chip đèn phòng nổ 200W LED 3030 - Sử dụng: UFO phòng nổ SMD NU2 | Trắng (5.000K), Bridgelux 3030, 200W","Trắng (5.000K)","Bridgelux 3030","200","","","3030",""
"C30DNU2S200","Chip đèn phòng nổ 200W LED 3030 - Sử dụng: UFO phòng nổ SMD NU2","Chip LED đèn phòng nổ","C30DNU2S200-4B3","Chip đèn phòng nổ 200W LED 3030 - Sử dụng: UFO phòng nổ SMD NU2 | Trung tính (4.000K - 4.200K), Bridgelux 3030, 200W","Trung tính (4.000K - 4.200K)","Bridgelux 3030","200","","","3030",""
"C30DNU2S200","Chip đèn phòng nổ 200W LED 3030 - Sử dụng: UFO phòng nổ SMD NU2","Chip LED đèn phòng nổ","C30DNU2S200-3B3","Chip đèn phòng nổ 200W LED 3030 - Sử dụng: UFO phòng nổ SMD NU2 | Vàng (3.000K - 3.200K), Bridgelux 3030, 200W","Vàng (3.000K - 3.200K)","Bridgelux 3030","200","","","3030",""
"C30DNU2S250","Chip đèn phòng nổ 250W LED 3030 - Sử dụng: UFO phòng nổ SMD NU2","Chip LED đèn phòng nổ","C30DNU2S250-6P3","Chip đèn phòng nổ 250W LED 3030 - Sử dụng: UFO phòng nổ SMD NU2 | Trắng (6.000K - 6.500K), Lumileds 3030, 250W","Trắng (6.000K - 6.500K)","Lumileds 3030","250","","","3030",""
"C30DNU2S250","Chip đèn phòng nổ 250W LED 3030 - Sử dụng: UFO phòng nổ SMD NU2","Chip LED đèn phòng nổ","C30DNU2S250-5P3","Chip đèn phòng nổ 250W LED 3030 - Sử dụng: UFO phòng nổ SMD NU2 | Trắng (5.000K), Lumileds 3030, 250W","Trắng (5.000K)","Lumileds 3030","250","","","3030",""
"C30DNU2S250","Chip đèn phòng nổ 250W LED 3030 - Sử dụng: UFO phòng nổ SMD NU2","Chip LED đèn phòng nổ","C30DNU2S250-4P3","Chip đèn phòng nổ 250W LED 3030 - Sử dụng: UFO phòng nổ SMD NU2 | Trung tính (4.000K - 4.200K), Lumileds 3030, 250W","Trung tính (4.000K - 4.200K)","Lumileds 3030","250","","","3030",""
"C30DNU2S250","Chip đèn phòng nổ 250W LED 3030 - Sử dụng: UFO phòng nổ SMD NU2","Chip LED đèn phòng nổ","C30DNU2S250-3P3","Chip đèn phòng nổ 250W LED 3030 - Sử dụng: UFO phòng nổ SMD NU2 | Vàng (3.000K - 3.200K), Lumileds 3030, 250W","Vàng (3.000K - 3.200K)","Lumileds 3030","250","","","3030",""
"C30DNU2S250","Chip đèn phòng nổ 250W LED 3030 - Sử dụng: UFO phòng nổ SMD NU2","Chip LED đèn phòng nổ","C30DNU2S250-6B3","Chip đèn phòng nổ 250W LED 3030 - Sử dụng: UFO phòng nổ SMD NU2 | Trắng (6.000K - 6.500K), Bridgelux 3030, 250W","Trắng (6.000K - 6.500K)","Bridgelux 3030","250","","","3030",""
"C30DNU2S250","Chip đèn phòng nổ 250W LED 3030 - Sử dụng: UFO phòng nổ SMD NU2","Chip LED đèn phòng nổ","C30DNU2S250-5B3","Chip đèn phòng nổ 250W LED 3030 - Sử dụng: UFO phòng nổ SMD NU2 | Trắng (5.000K), Bridgelux 3030, 250W","Trắng (5.000K)","Bridgelux 3030","250","","","3030",""
"C30DNU2S250","Chip đèn phòng nổ 250W LED 3030 - Sử dụng: UFO phòng nổ SMD NU2","Chip LED đèn phòng nổ","C30DNU2S250-4B3","Chip đèn phòng nổ 250W LED 3030 - Sử dụng: UFO phòng nổ SMD NU2 | Trung tính (4.000K - 4.200K), Bridgelux 3030, 250W","Trung tính (4.000K - 4.200K)","Bridgelux 3030","250","","","3030",""
"C30DNU2S250","Chip đèn phòng nổ 250W LED 3030 - Sử dụng: UFO phòng nổ SMD NU2","Chip LED đèn phòng nổ","C30DNU2S250-3B3","Chip đèn phòng nổ 250W LED 3030 - Sử dụng: UFO phòng nổ SMD NU2 | Vàng (3.000K - 3.200K), Bridgelux 3030, 250W","Vàng (3.000K - 3.200K)","Bridgelux 3030","250","","","3030",""
"C30DNP1S200","Chip đèn phòng nổ 200W LED 3030 - Sử dụng: Pha phòng nổ SMD NP1","Chip LED đèn phòng nổ","C30DNP1S200-6P3","Chip đèn phòng nổ 200W LED 3030 - Sử dụng: Pha phòng nổ SMD NP1 | Trắng (6.000K - 6.500K), Lumileds 3030, 200W","Trắng (6.000K - 6.500K)","Lumileds 3030","200","","","3030",""
"C30DNP1S200","Chip đèn phòng nổ 200W LED 3030 - Sử dụng: Pha phòng nổ SMD NP1","Chip LED đèn phòng nổ","C30DNP1S200-5P3","Chip đèn phòng nổ 200W LED 3030 - Sử dụng: Pha phòng nổ SMD NP1 | Trắng (5.000K), Lumileds 3030, 200W","Trắng (5.000K)","Lumileds 3030","200","","","3030",""
"C30DNP1S200","Chip đèn phòng nổ 200W LED 3030 - Sử dụng: Pha phòng nổ SMD NP1","Chip LED đèn phòng nổ","C30DNP1S200-4P3","Chip đèn phòng nổ 200W LED 3030 - Sử dụng: Pha phòng nổ SMD NP1 | Trung tính (4.000K - 4.200K), Lumileds 3030, 200W","Trung tính (4.000K - 4.200K)","Lumileds 3030","200","","","3030",""
"C30DNP1S200","Chip đèn phòng nổ 200W LED 3030 - Sử dụng: Pha phòng nổ SMD NP1","Chip LED đèn phòng nổ","C30DNP1S200-3P3","Chip đèn phòng nổ 200W LED 3030 - Sử dụng: Pha phòng nổ SMD NP1 | Vàng (3.000K - 3.200K), Lumileds 3030, 200W","Vàng (3.000K - 3.200K)","Lumileds 3030","200","","","3030",""
"C30DNP1S200","Chip đèn phòng nổ 200W LED 3030 - Sử dụng: Pha phòng nổ SMD NP1","Chip LED đèn phòng nổ","C30DNP1S200-6B3","Chip đèn phòng nổ 200W LED 3030 - Sử dụng: Pha phòng nổ SMD NP1 | Trắng (6.000K - 6.500K), Bridgelux 3030, 200W","Trắng (6.000K - 6.500K)","Bridgelux 3030","200","","","3030",""
"C30DNP1S200","Chip đèn phòng nổ 200W LED 3030 - Sử dụng: Pha phòng nổ SMD NP1","Chip LED đèn phòng nổ","C30DNP1S200-5B3","Chip đèn phòng nổ 200W LED 3030 - Sử dụng: Pha phòng nổ SMD NP1 | Trắng (5.000K), Bridgelux 3030, 200W","Trắng (5.000K)","Bridgelux 3030","200","","","3030",""
"C30DNP1S200","Chip đèn phòng nổ 200W LED 3030 - Sử dụng: Pha phòng nổ SMD NP1","Chip LED đèn phòng nổ","C30DNP1S200-4B3","Chip đèn phòng nổ 200W LED 3030 - Sử dụng: Pha phòng nổ SMD NP1 | Trung tính (4.000K - 4.200K), Bridgelux 3030, 200W","Trung tính (4.000K - 4.200K)","Bridgelux 3030","200","","","3030",""
"C30DNP1S200","Chip đèn phòng nổ 200W LED 3030 - Sử dụng: Pha phòng nổ SMD NP1","Chip LED đèn phòng nổ","C30DNP1S200-3B3","Chip đèn phòng nổ 200W LED 3030 - Sử dụng: Pha phòng nổ SMD NP1 | Vàng (3.000K - 3.200K), Bridgelux 3030, 200W","Vàng (3.000K - 3.200K)","Bridgelux 3030","200","","","3030",""
"C30DNP1S400","Chip đèn phòng nổ 400W LED 3030 - Sử dụng: Pha phòng nổ SMD NP1","Chip LED đèn phòng nổ","C30DNP1S400-6P3","Chip đèn phòng nổ 400W LED 3030 - Sử dụng: Pha phòng nổ SMD NP1 | Trắng (6.000K - 6.500K), Lumileds 3030, 400W","Trắng (6.000K - 6.500K)","Lumileds 3030","400","","","3030",""
"C30DNP1S400","Chip đèn phòng nổ 400W LED 3030 - Sử dụng: Pha phòng nổ SMD NP1","Chip LED đèn phòng nổ","C30DNP1S400-5P3","Chip đèn phòng nổ 400W LED 3030 - Sử dụng: Pha phòng nổ SMD NP1 | Trắng (5.000K), Lumileds 3030, 400W","Trắng (5.000K)","Lumileds 3030","400","","","3030",""
"C30DNP1S400","Chip đèn phòng nổ 400W LED 3030 - Sử dụng: Pha phòng nổ SMD NP1","Chip LED đèn phòng nổ","C30DNP1S400-4P3","Chip đèn phòng nổ 400W LED 3030 - Sử dụng: Pha phòng nổ SMD NP1 | Trung tính (4.000K - 4.200K), Lumileds 3030, 400W","Trung tính (4.000K - 4.200K)","Lumileds 3030","400","","","3030",""
"C30DNP1S400","Chip đèn phòng nổ 400W LED 3030 - Sử dụng: Pha phòng nổ SMD NP1","Chip LED đèn phòng nổ","C30DNP1S400-3P3","Chip đèn phòng nổ 400W LED 3030 - Sử dụng: Pha phòng nổ SMD NP1 | Vàng (3.000K - 3.200K), Lumileds 3030, 400W","Vàng (3.000K - 3.200K)","Lumileds 3030","400","","","3030",""
"C30DNP1S400","Chip đèn phòng nổ 400W LED 3030 - Sử dụng: Pha phòng nổ SMD NP1","Chip LED đèn phòng nổ","C30DNP1S400-6B3","Chip đèn phòng nổ 400W LED 3030 - Sử dụng: Pha phòng nổ SMD NP1 | Trắng (6.000K - 6.500K), Bridgelux 3030, 400W","Trắng (6.000K - 6.500K)","Bridgelux 3030","400","","","3030",""
"C30DNP1S400","Chip đèn phòng nổ 400W LED 3030 - Sử dụng: Pha phòng nổ SMD NP1","Chip LED đèn phòng nổ","C30DNP1S400-5B3","Chip đèn phòng nổ 400W LED 3030 - Sử dụng: Pha phòng nổ SMD NP1 | Trắng (5.000K), Bridgelux 3030, 400W","Trắng (5.000K)","Bridgelux 3030","400","","","3030",""
"C30DNP1S400","Chip đèn phòng nổ 400W LED 3030 - Sử dụng: Pha phòng nổ SMD NP1","Chip LED đèn phòng nổ","C30DNP1S400-4B3","Chip đèn phòng nổ 400W LED 3030 - Sử dụng: Pha phòng nổ SMD NP1 | Trung tính (4.000K - 4.200K), Bridgelux 3030, 400W","Trung tính (4.000K - 4.200K)","Bridgelux 3030","400","","","3030",""
"C30DNP1S400","Chip đèn phòng nổ 400W LED 3030 - Sử dụng: Pha phòng nổ SMD NP1","Chip LED đèn phòng nổ","C30DNP1S400-3B3","Chip đèn phòng nổ 400W LED 3030 - Sử dụng: Pha phòng nổ SMD NP1 | Vàng (3.000K - 3.200K), Bridgelux 3030, 400W","Vàng (3.000K - 3.200K)","Bridgelux 3030","400","","","3030",""
"C28DIPNS008","Chip đèn indoor 8W LED 2835 - Sử dụng: Panel 600x600 / 300x1200 / 600x1200","Chip LED đèn indoor","C28DIPNS008-6O2-8C-8LED","Chip đèn indoor 8W LED 2835 - Sử dụng: Panel 600x600 / 300x1200 / 600x1200 | Trắng (6.000K - 6.500K), Osram 2835, 8W, 8C, 48VDC, 8LED","Trắng (6.000K - 6.500K)","Osram 2835","8","8C","48VDC","2835","8"
"C28DIPNS008","Chip đèn indoor 8W LED 2835 - Sử dụng: Panel 600x600 / 300x1200 / 600x1200","Chip LED đèn indoor","C28DIPNS008-5O2-8C-8LED","Chip đèn indoor 8W LED 2835 - Sử dụng: Panel 600x600 / 300x1200 / 600x1200 | Trắng (5.000K), Osram 2835, 8W, 8C, 48VDC, 8LED","Trắng (5.000K)","Osram 2835","8","8C","48VDC","2835","8"
"C28DIPNS008","Chip đèn indoor 8W LED 2835 - Sử dụng: Panel 600x600 / 300x1200 / 600x1200","Chip LED đèn indoor","C28DIPNS008-4O2-8C-8LED","Chip đèn indoor 8W LED 2835 - Sử dụng: Panel 600x600 / 300x1200 / 600x1200 | Trung tính (4.000K - 4.200K), Osram 2835, 8W, 8C, 48VDC, 8LED","Trung tính (4.000K - 4.200K)","Osram 2835","8","8C","48VDC","2835","8"
"C28DIPNS008","Chip đèn indoor 8W LED 2835 - Sử dụng: Panel 600x600 / 300x1200 / 600x1200","Chip LED đèn indoor","C28DIPNS008-3O2-8C-8LED","Chip đèn indoor 8W LED 2835 - Sử dụng: Panel 600x600 / 300x1200 / 600x1200 | Vàng (3.000K - 3.200K), Osram 2835, 8W, 8C, 48VDC, 8LED","Vàng (3.000K - 3.200K)","Osram 2835","8","8C","48VDC","2835","8"
"C28DIPNS008","Chip đèn indoor 8W LED 2835 - Sử dụng: Panel 600x600 / 300x1200 / 600x1200","Chip LED đèn indoor","C28DIPNS008-6O2-8C-8LED","Chip đèn indoor 8W LED 2835 - Sử dụng: Panel 600x600 / 300x1200 / 600x1200 | Trắng (6.000K - 6.500K), Osram 2835, 8W, 8C, 48VDC, 8LED","Trắng (6.000K - 6.500K)","Osram 2835","8","8C","48VDC","2835","8"
"C28DIPNS008","Chip đèn indoor 8W LED 2835 - Sử dụng: Panel 600x600 / 300x1200 / 600x1200","Chip LED đèn indoor","C28DIPNS008-5O2-8C-8LED","Chip đèn indoor 8W LED 2835 - Sử dụng: Panel 600x600 / 300x1200 / 600x1200 | Trắng (5.000K), Osram 2835, 8W, 8C, 48VDC, 8LED","Trắng (5.000K)","Osram 2835","8","8C","48VDC","2835","8"
"C28DIPNS008","Chip đèn indoor 8W LED 2835 - Sử dụng: Panel 600x600 / 300x1200 / 600x1200","Chip LED đèn indoor","C28DIPNS008-4O2-8C-8LED","Chip đèn indoor 8W LED 2835 - Sử dụng: Panel 600x600 / 300x1200 / 600x1200 | Trung tính (4.000K - 4.200K), Osram 2835, 8W, 8C, 48VDC, 8LED","Trung tính (4.000K - 4.200K)","Osram 2835","8","8C","48VDC","2835","8"
"C28DIPNS008","Chip đèn indoor 8W LED 2835 - Sử dụng: Panel 600x600 / 300x1200 / 600x1200","Chip LED đèn indoor","C28DIPNS008-3O2-8C-8LED","Chip đèn indoor 8W LED 2835 - Sử dụng: Panel 600x600 / 300x1200 / 600x1200 | Vàng (3.000K - 3.200K), Osram 2835, 8W, 8C, 48VDC, 8LED","Vàng (3.000K - 3.200K)","Osram 2835","8","8C","48VDC","2835","8"